customerID,gender,SeniorCitizen,Partner,Dependents,tenure,PhoneService,MultipleLines,InternetService,OnlineSecurity,OnlineBackup,DeviceProtection,TechSupport,StreamingTV,StreamingMovies,Contract,PaperlessBilling,PaymentMethod,MonthlyCharges,TotalCharges,numAdminTickets,numTechTickets,Churn,Churn_Target,Tenure_Cohort,Total_Tickets,ChurnProbability,RiskTier
7590-VHVEG,Female,No,Yes,No,1,No,No phone service,DSL,No,Yes,No,No,No,No,Month-to-month,Yes,Electronic check,29.85,29.85,0,0,No,0,New (0-12m),0,0.7973993392429166,Critical
5575-GNVDE,Male,No,No,No,34,Yes,No,DSL,Yes,No,Yes,No,No,No,One year,No,Mailed check,56.95,1889.5,0,0,No,0,Mid (13-36m),0,0.0613744338453531,Low
7795-CFOCW,Male,No,No,No,45,No,No phone service,DSL,Yes,No,Yes,Yes,No,No,One year,No,Bank transfer (automatic),42.3,1840.75,0,3,No,0,Established (37-60m),3,0.6934699978728883,High
1452-KIOVK,Male,No,No,Yes,22,Yes,Yes,Fiber optic,No,Yes,No,No,Yes,No,Month-to-month,Yes,Credit card (automatic),89.1,1949.4,0,0,No,0,Mid (13-36m),0,0.47258043787576,High
6713-OKOMC,Female,No,No,No,10,No,No phone service,DSL,Yes,No,No,No,No,No,Month-to-month,No,Mailed check,29.75,301.9,0,0,No,0,New (0-12m),0,0.6056817474808085,High
6388-TABGU,Male,No,No,Yes,62,Yes,No,DSL,Yes,Yes,No,No,No,No,One year,No,Bank transfer (automatic),56.15,3487.95,0,0,No,0,Loyal (60m+),0,0.009531607146258472,Low
9763-GRSKD,Male,No,Yes,Yes,13,Yes,No,DSL,Yes,No,No,No,No,No,Month-to-month,Yes,Mailed check,49.95,587.45,1,0,No,0,Mid (13-36m),1,0.40546652033845976,High
7469-LKBCI,Male,No,No,No,16,Yes,No,No,No internet service,No internet service,No internet service,No internet service,No internet service,No internet service,Two year,No,Credit card (automatic),18.95,326.8,0,0,No,0,Mid (13-36m),0,0.034220292948005215,Low
8091-TTVAX,Male,No,Yes,No,58,Yes,Yes,Fiber optic,No,No,Yes,No,Yes,Yes,One year,No,Credit card (automatic),100.35,5681.1,0,0,No,0,Established (37-60m),0,0.015454411089806361,Low
5129-JLPIS,Male,No,No,No,25,Yes,No,Fiber optic,Yes,No,Yes,Yes,Yes,Yes,Month-to-month,Yes,Electronic check,105.5,2686.05,0,0,No,0,Mid (13-36m),0,0.4138345932896332,High
3655-SNQYZ,Female,No,Yes,Yes,69,Yes,Yes,Fiber optic,Yes,Yes,Yes,Yes,Yes,Yes,Two year,No,Credit card (automatic),113.25,7895.15,0,0,No,0,Loyal (60m+),0,0.0008260284974482264,Low
8191-XWSZG,Female,No,No,No,52,Yes,No,No,No internet service,No internet service,No internet service,No internet service,No internet service,No internet service,One year,No,Mailed check,20.65,1022.95,0,0,No,0,Established (37-60m),0,0.017019300136438056,Low
9959-WOFKT,Male,No,No,Yes,71,Yes,Yes,Fiber optic,Yes,No,Yes,No,Yes,Yes,Two year,No,Bank transfer (automatic),106.7,7382.25,0,4,No,0,Loyal (60m+),4,0.1917191445125896,Low
4183-MYFRB,Female,No,No,No,21,Yes,No,Fiber optic,No,Yes,Yes,No,No,Yes,Month-to-month,Yes,Electronic check,90.05,1862.9,0,0,No,0,Mid (13-36m),0,0.6497477247695969,High
1680-VDCWW,Male,No,Yes,No,12,Yes,No,No,No internet service,No internet service,No internet service,No internet service,No internet service,No internet service,One year,No,Bank transfer (automatic),19.8,202.25,2,0,No,0,New (0-12m),2,0.13496400992735164,Low
3638-WEABW,Female,No,Yes,No,58,Yes,Yes,DSL,No,Yes,No,Yes,No,No,Two year,Yes,Credit card (automatic),59.9,3505.1,1,0,No,0,Established (37-60m),1,0.0029230442191393526,Low
6322-HRPFA,Male,No,Yes,Yes,49,Yes,No,DSL,Yes,Yes,No,Yes,No,No,Month-to-month,No,Credit card (automatic),59.6,2970.3,0,3,No,0,Established (37-60m),3,0.6810946478153064,High
6865-JZNKO,Female,No,No,No,30,Yes,No,DSL,Yes,Yes,No,No,No,No,Month-to-month,Yes,Bank transfer (automatic),55.3,1530.6,0,0,No,0,Mid (13-36m),0,0.236111131464291,Low
5248-YGIJN,Male,No,Yes,No,72,Yes,Yes,DSL,Yes,Yes,Yes,Yes,Yes,Yes,Two year,Yes,Credit card (automatic),90.25,6369.45,1,0,No,0,Loyal (60m+),1,0.0003521528957648316,Low
3841-NFECX,Female,Yes,Yes,No,71,Yes,Yes,Fiber optic,Yes,Yes,Yes,Yes,No,No,Two year,Yes,Credit card (automatic),96.35,6766.95,0,0,No,0,Loyal (60m+),0,0.0019499284773875469,Low
4929-XIHVW,Male,Yes,Yes,No,2,Yes,No,Fiber optic,No,No,Yes,No,Yes,Yes,Month-to-month,Yes,Credit card (automatic),95.5,181.65,0,0,No,0,New (0-12m),0,0.841243878346133,Critical
6827-IEAUQ,Female,No,Yes,Yes,27,Yes,No,DSL,Yes,Yes,Yes,Yes,No,No,One year,No,Mailed check,66.15,1874.45,0,0,No,0,Mid (13-36m),0,0.05635906344732924,Low
7310-EGVHZ,Male,No,No,No,1,Yes,No,No,No internet service,No internet service,No internet service,No internet service,No internet service,No internet service,Month-to-month,No,Bank transfer (automatic),20.2,20.2,0,0,No,0,New (0-12m),0,0.4502004565089661,High
3413-BMNZE,Male,Yes,No,No,1,Yes,No,DSL,No,No,No,No,No,No,Month-to-month,No,Bank transfer (automatic),45.25,45.25,0,0,No,0,New (0-12m),0,0.727437169429622,Critical
6234-RAAPL,Female,No,Yes,Yes,72,Yes,Yes,Fiber optic,Yes,Yes,No,Yes,Yes,No,Two year,No,Bank transfer (automatic),99.9,7251.7,0,0,No,0,Loyal (60m+),0,0.0011182770181163092,Low
6572-ADKRS,Female,No,No,No,46,Yes,No,Fiber optic,No,No,Yes,No,No,No,Month-to-month,Yes,Credit card (automatic),74.8,3548.3,3,0,No,0,Established (37-60m),3,0.202582648931844,Low
8865-TNMNX,Male,No,Yes,Yes,10,Yes,No,DSL,No,Yes,No,No,No,No,One year,No,Mailed check,49.55,475.7,5,0,No,0,New (0-12m),5,0.2310710469924418,Low
9489-DEDVP,Female,No,Yes,Yes,70,Yes,Yes,DSL,Yes,Yes,No,No,Yes,No,Two year,Yes,Credit card (automatic),69.2,4872.35,0,0,No,0,Loyal (60m+),0,0.0009682723070053156,Low
9867-JCZSP,Female,No,Yes,Yes,17,Yes,No,No,No internet service,No internet service,No internet service,No internet service,No internet service,No internet service,One year,No,Mailed check,20.75,418.25,0,0,No,0,Mid (13-36m),0,0.08647536956297604,Low
4671-VJLCL,Female,No,No,No,63,Yes,Yes,DSL,Yes,Yes,Yes,Yes,Yes,No,Two year,Yes,Credit card (automatic),79.85,4861.45,0,0,No,0,Loyal (60m+),0,0.0011962710503069956,Low
4080-IIARD,Female,No,Yes,No,13,Yes,Yes,DSL,Yes,Yes,No,Yes,Yes,No,Month-to-month,Yes,Electronic check,76.2,981.45,4,0,No,0,Mid (13-36m),4,0.4145975729445787,High
3714-NTNFO,Female,No,No,No,49,Yes,Yes,Fiber optic,No,No,No,No,No,Yes,Month-to-month,Yes,Electronic check,84.5,3906.7,0,3,No,0,Established (37-60m),3,0.9315812912723057,Critical
5948-UJZLF,Male,No,No,No,2,Yes,No,DSL,No,Yes,No,No,No,No,Month-to-month,No,Mailed check,49.25,97.0,0,0,No,0,New (0-12m),0,0.6302993792906719,High
7639-LIAYI,Male,No,No,No,52,Yes,Yes,DSL,Yes,No,No,Yes,Yes,Yes,Two year,Yes,Credit card (automatic),79.75,4217.8,1,0,No,0,Established (37-60m),1,0.0023001422162277373,Low
2954-PIBKO,Female,No,Yes,Yes,69,Yes,Yes,DSL,Yes,No,Yes,Yes,No,No,Two year,Yes,Credit card (automatic),64.15,4254.1,0,0,No,0,Loyal (60m+),0,0.0010880168297506165,Low
8012-SOUDQ,Female,Yes,No,No,43,Yes,Yes,Fiber optic,No,Yes,No,No,Yes,No,Month-to-month,Yes,Electronic check,90.25,3838.75,0,0,No,0,Established (37-60m),0,0.2905273779104101,Low
6575-SUVOI,Female,Yes,Yes,No,25,Yes,Yes,DSL,Yes,No,No,Yes,Yes,No,Month-to-month,Yes,Credit card (automatic),69.5,1752.65,4,0,No,0,Mid (13-36m),4,0.2143613337650756,Low
4667-QONEA,Female,Yes,Yes,Yes,60,Yes,No,DSL,Yes,Yes,Yes,Yes,No,Yes,One year,Yes,Credit card (automatic),74.85,4456.35,0,0,No,0,Established (37-60m),0,0.005916635861874036,Low
8769-KKTPH,Female,No,Yes,Yes,63,Yes,Yes,Fiber optic,Yes,No,No,No,Yes,Yes,One year,Yes,Credit card (automatic),99.65,6311.2,0,0,No,0,Loyal (60m+),0,0.009455117362896826,Low
5067-XJQFU,Male,Yes,Yes,Yes,66,Yes,Yes,Fiber optic,No,Yes,Yes,Yes,Yes,Yes,One year,Yes,Electronic check,108.45,7076.35,3,0,No,0,Loyal (60m+),3,0.007918867910762802,Low
3957-SQXML,Female,No,Yes,Yes,34,Yes,Yes,No,No internet service,No internet service,No internet service,No internet service,No internet service,No internet service,Two year,No,Credit card (automatic),24.95,894.3,0,0,No,0,Mid (13-36m),0,0.009956492394792469,Low
5954-BDFSG,Female,No,No,No,72,Yes,Yes,Fiber optic,No,No,Yes,Yes,Yes,Yes,Two year,Yes,Credit card (automatic),107.5,7853.7,0,0,No,0,Loyal (60m+),0,0.0009615678234833728,Low
0434-CSFON,Female,No,Yes,No,47,Yes,Yes,Fiber optic,No,No,Yes,No,Yes,Yes,Month-to-month,Yes,Electronic check,100.5,4707.1,0,0,No,0,Established (37-60m),0,0.14433084514135697,Low
1215-FIGMP,Male,No,No,No,60,Yes,Yes,Fiber optic,No,Yes,No,No,Yes,No,Month-to-month,Yes,Bank transfer (automatic),89.9,5450.7,0,0,No,0,Established (37-60m),0,0.0516680060114286,Low
0526-SXDJP,Male,No,Yes,No,72,No,No phone service,DSL,Yes,Yes,Yes,No,No,No,Two year,No,Bank transfer (automatic),42.1,2962.0,0,0,No,0,Loyal (60m+),0,0.0026414611562408786,Low
0557-ASKVU,Female,No,Yes,Yes,18,Yes,No,DSL,No,No,Yes,Yes,No,No,One year,Yes,Credit card (automatic),54.4,957.1,0,0,No,0,Mid (13-36m),0,0.13373362219201476,Low
5122-CYFXA,Female,No,No,No,3,Yes,No,DSL,No,Yes,No,Yes,Yes,Yes,Month-to-month,Yes,Electronic check,75.3,244.1,0,0,No,0,New (0-12m),0,0.6117732337004792,High
8627-ZYGSZ,Male,No,Yes,No,47,Yes,Yes,Fiber optic,No,Yes,No,No,No,No,One year,Yes,Electronic check,78.9,3650.35,0,3,No,0,Established (37-60m),3,0.8464021996699227,Critical
3410-YOQBQ,Female,No,No,No,31,Yes,No,DSL,No,Yes,Yes,Yes,Yes,Yes,Two year,No,Mailed check,79.2,2497.2,3,0,No,0,Mid (13-36m),3,0.011717942623170887,Low
3170-NMYVV,Female,No,Yes,Yes,50,Yes,No,No,No internet service,No internet service,No internet service,No internet service,No internet service,No internet service,Two year,No,Bank transfer (automatic),20.15,930.9,0,0,No,0,Established (37-60m),0,0.005128254259456575,Low
7410-OIEDU,Male,No,No,No,10,Yes,No,Fiber optic,Yes,No,Yes,No,No,No,Month-to-month,Yes,Mailed check,79.85,887.35,0,0,No,0,New (0-12m),0,0.7396978405519796,Critical
2273-QCKXA,Male,No,No,No,1,Yes,No,DSL,No,No,No,Yes,No,No,Month-to-month,No,Mailed check,49.05,49.05,0,0,No,0,New (0-12m),0,0.5985267212537063,High
0731-EBJQB,Female,No,Yes,Yes,52,Yes,No,No,No internet service,No internet service,No internet service,No internet service,No internet service,No internet service,One year,Yes,Electronic check,20.4,1090.65,0,0,No,0,Established (37-60m),0,0.021610568261225895,Low
1891-QRQSA,Male,Yes,Yes,Yes,64,Yes,Yes,Fiber optic,Yes,No,Yes,Yes,Yes,Yes,Two year,Yes,Bank transfer (automatic),111.6,7099.0,0,0,No,0,Loyal (60m+),0,0.0016746250578153537,Low
8028-PNXHQ,Male,No,Yes,Yes,62,Yes,Yes,No,No internet service,No internet service,No internet service,No internet service,No internet service,No internet service,Two year,Yes,Bank transfer (automatic),24.25,1424.6,0,0,No,0,Loyal (60m+),0,0.0020970407384206043,Low
5630-AHZIL,Female,No,No,Yes,3,Yes,No,DSL,Yes,No,No,Yes,No,Yes,Month-to-month,Yes,Bank transfer (automatic),64.5,177.4,0,0,No,0,New (0-12m),0,0.5284050908172273,High
2673-CXQEU,Female,Yes,No,No,56,Yes,Yes,Fiber optic,Yes,Yes,Yes,No,Yes,Yes,One year,No,Electronic check,110.5,6139.5,0,0,No,0,Established (37-60m),0,0.02771367380746738,Low
6416-JNVRK,Female,No,No,No,46,Yes,No,DSL,No,No,No,No,No,Yes,One year,No,Credit card (automatic),55.65,2688.85,1,0,No,0,Established (37-60m),1,0.03198797885457285,Low
5590-ZSKRV,Female,No,Yes,Yes,8,Yes,No,DSL,Yes,Yes,No,No,No,No,Month-to-month,No,Mailed check,54.65,482.25,0,0,No,0,New (0-12m),0,0.4820957832295978,High
0191-ZHSKZ,Male,Yes,No,No,30,Yes,No,DSL,Yes,Yes,No,No,Yes,Yes,Month-to-month,Yes,Electronic check,74.75,2111.3,0,0,No,0,Mid (13-36m),0,0.24080801697205312,Low
3887-PBQAO,Female,No,Yes,Yes,45,Yes,Yes,No,No internet service,No internet service,No internet service,No internet service,No internet service,No internet service,One year,Yes,Credit card (automatic),25.9,1216.6,0,0,No,0,Established (37-60m),0,0.017946307404922045,Low
8108-UXRQN,Female,No,Yes,Yes,11,No,No phone service,DSL,Yes,No,No,No,Yes,Yes,Month-to-month,No,Electronic check,50.55,565.35,0,0,No,0,New (0-12m),0,0.5695724713065209,High
9919-YLNNG,Female,No,No,No,42,Yes,No,Fiber optic,No,Yes,Yes,Yes,Yes,Yes,Month-to-month,Yes,Bank transfer (automatic),103.8,4327.5,0,0,No,0,Established (37-60m),0,0.12411513104476915,Low
0318-ZOPWS,Female,No,Yes,No,49,Yes,No,No,No internet service,No internet service,No internet service,No internet service,No internet service,No internet service,Two year,Yes,Bank transfer (automatic),20.15,973.35,0,0,No,0,Established (37-60m),0,0.0061699488257841795,Low
4445-ZJNMU,Male,No,No,No,9,Yes,Yes,Fiber optic,No,Yes,No,No,Yes,Yes,Month-to-month,Yes,Credit card (automatic),99.3,918.75,0,0,No,0,New (0-12m),0,0.7064415042298584,Critical
4808-YNLEU,Female,No,Yes,No,35,Yes,No,DSL,Yes,No,No,No,Yes,No,One year,Yes,Bank transfer (automatic),62.15,2215.45,0,0,No,0,Mid (13-36m),0,0.05735745856447792,Low
1862-QRWPE,Female,No,Yes,Yes,48,Yes,No,No,No internet service,No internet service,No internet service,No internet service,No internet service,No internet service,Two year,No,Bank transfer (automatic),20.65,1057.0,0,0,No,0,Established (37-60m),0,0.0053893158553891055,Low
2796-NNUFI,Female,No,Yes,Yes,46,Yes,No,No,No internet service,No internet service,No internet service,No internet service,No internet service,No internet service,Two year,Yes,Mailed check,19.95,927.1,0,0,No,0,Established (37-60m),0,0.005573706346189868,Low
3016-KSVCP,Male,No,Yes,No,29,No,No phone service,DSL,No,No,No,No,Yes,No,Month-to-month,No,Mailed check,33.75,1009.25,0,0,No,0,Mid (13-36m),0,0.28157227666382334,Low
4767-HZZHQ,Male,No,Yes,Yes,30,Yes,No,Fiber optic,No,Yes,Yes,No,No,No,Month-to-month,No,Bank transfer (automatic),82.05,2570.2,0,0,No,0,Mid (13-36m),0,0.35299647037059795,Low
2424-WVHPL,Male,Yes,No,No,1,Yes,No,Fiber optic,No,No,No,Yes,No,No,Month-to-month,No,Electronic check,74.7,74.7,0,0,No,0,New (0-12m),0,0.909019298178122,Critical
7233-PAHHL,Male,No,Yes,Yes,66,Yes,Yes,DSL,Yes,No,Yes,Yes,Yes,Yes,Two year,Yes,Mailed check,84.0,5714.25,0,0,No,0,Loyal (60m+),0,0.0005179848231191594,Low
6067-NGCEU,Female,No,No,No,65,Yes,Yes,Fiber optic,Yes,Yes,Yes,No,Yes,Yes,Month-to-month,Yes,Credit card (automatic),111.05,7107.0,0,0,No,0,Loyal (60m+),0,0.0189972118106299,Low
9848-JQJTX,Male,No,No,No,72,Yes,Yes,Fiber optic,No,Yes,Yes,No,Yes,Yes,Two year,Yes,Bank transfer (automatic),100.9,7459.05,0,0,No,0,Loyal (60m+),0,0.001413275709376768,Low
9803-FTJCG,Male,No,Yes,Yes,71,Yes,Yes,DSL,Yes,Yes,No,Yes,No,No,One year,Yes,Credit card (automatic),66.85,4748.7,0,0,No,0,Loyal (60m+),0,0.002575080339292957,Low
3212-KXOCR,Male,No,No,No,52,Yes,No,No,No internet service,No internet service,No internet service,No internet service,No internet service,No internet service,Two year,No,Bank transfer (automatic),21.0,1107.2,0,0,No,0,Established (37-60m),0,0.004866660836847989,Low
6380-ARCEH,Male,No,No,No,1,Yes,No,No,No internet service,No internet service,No internet service,No internet service,No internet service,No internet service,Month-to-month,No,Mailed check,20.2,20.2,0,0,No,0,New (0-12m),0,0.42175181757207836,High
3679-XASPY,Female,No,Yes,Yes,1,Yes,No,No,No internet service,No internet service,No internet service,No internet service,No internet service,No internet service,Month-to-month,No,Electronic check,19.45,19.45,0,0,No,0,New (0-12m),0,0.5129086624290927,High
7123-WQUHX,Male,No,No,No,38,Yes,Yes,Fiber optic,No,No,Yes,Yes,Yes,No,One year,No,Bank transfer (automatic),95.0,3605.6,0,0,No,0,Established (37-60m),0,0.07528036708856288,Low
5386-THSLQ,Female,Yes,Yes,No,66,No,No phone service,DSL,No,Yes,Yes,No,Yes,No,One year,No,Bank transfer (automatic),45.55,3027.25,0,0,No,0,Loyal (60m+),0,0.015575244371555965,Low
6180-YBIQI,Male,No,No,No,5,No,No phone service,DSL,No,No,No,No,No,No,Month-to-month,No,Mailed check,24.3,100.2,0,0,No,0,New (0-12m),0,0.6720172159408239,High
6728-DKUCO,Female,No,Yes,Yes,72,Yes,Yes,Fiber optic,Yes,Yes,No,No,Yes,Yes,One year,Yes,Electronic check,104.15,7303.05,0,0,No,0,Loyal (60m+),0,0.006316466724521872,Low
9750-BOOHV,Female,No,No,No,32,No,No phone service,DSL,Yes,No,No,No,No,No,One year,No,Mailed check,30.15,927.65,0,0,No,0,Mid (13-36m),0,0.13419429503851782,Low
8597-CWYHH,Male,No,No,No,43,Yes,Yes,Fiber optic,No,No,No,No,Yes,Yes,One year,No,Mailed check,94.35,3921.3,0,0,No,0,Established (37-60m),0,0.05943314360562697,Low
2848-YXSMW,Male,No,Yes,Yes,72,Yes,No,No,No internet service,No internet service,No internet service,No internet service,No internet service,No internet service,Two year,No,Credit card (automatic),19.4,1363.25,0,0,No,0,Loyal (60m+),0,0.001316220418577343,Low
4549-ZDQYY,Female,No,No,No,52,Yes,No,DSL,Yes,No,Yes,Yes,No,No,One year,No,Credit card (automatic),57.95,3042.25,5,0,No,0,Established (37-60m),5,0.017111767092841172,Low
5712-AHQNN,Female,No,No,No,43,Yes,No,Fiber optic,No,Yes,Yes,No,Yes,No,Month-to-month,Yes,Electronic check,91.65,3954.1,0,0,No,0,Established (37-60m),0,0.23819405585404,Low
5256-SKJGO,Female,No,Yes,Yes,64,No,No phone service,DSL,No,Yes,No,Yes,Yes,Yes,Two year,Yes,Electronic check,54.6,3423.5,0,0,No,0,Loyal (60m+),0,0.003135303870841509,Low
3071-VBYPO,Male,No,Yes,Yes,3,Yes,No,Fiber optic,Yes,Yes,No,No,Yes,No,Month-to-month,No,Electronic check,89.85,248.4,0,0,No,0,New (0-12m),0,0.8487679250065504,Critical
9560-BBZXK,Female,No,No,No,36,No,No phone service,DSL,Yes,No,No,No,No,No,Two year,No,Bank transfer (automatic),31.05,1126.35,0,0,No,0,Mid (13-36m),0,0.03646706653779411,Low
8402-OOOHJ,Female,No,No,No,41,Yes,No,No,No internet service,No internet service,No internet service,No internet service,No internet service,No internet service,Two year,No,Mailed check,20.65,835.15,0,0,No,0,Established (37-60m),0,0.00892354602339106,Low
9445-ZUEQE,Male,No,Yes,Yes,27,Yes,Yes,Fiber optic,No,Yes,No,Yes,No,No,Month-to-month,Yes,Credit card (automatic),85.2,2151.6,0,2,No,0,Mid (13-36m),2,0.8818469889295285,Critical
1091-SOZGA,Female,No,Yes,Yes,56,Yes,Yes,Fiber optic,No,No,Yes,No,Yes,Yes,One year,Yes,Credit card (automatic),99.8,5515.45,0,0,No,0,Established (37-60m),0,0.01710211292865271,Low
2928-HLDBA,Female,No,No,No,6,Yes,No,No,No internet service,No internet service,No internet service,No internet service,No internet service,No internet service,Month-to-month,No,Mailed check,20.7,112.75,0,0,No,0,New (0-12m),0,0.3770115087613346,Low
6497-TILVL,Female,No,Yes,Yes,7,Yes,No,DSL,Yes,No,No,No,No,No,Month-to-month,No,Mailed check,50.7,350.35,0,0,No,0,New (0-12m),0,0.518205418438296,High
7219-TLZHO,Female,No,Yes,Yes,4,Yes,No,No,No internet service,No internet service,No internet service,No internet service,No internet service,No internet service,Month-to-month,No,Mailed check,20.85,62.9,0,0,No,0,New (0-12m),0,0.3545831199782666,Low
4622-YNKIJ,Male,No,No,No,33,Yes,No,Fiber optic,Yes,No,No,Yes,Yes,No,Two year,Yes,Electronic check,88.95,3027.65,0,0,No,0,Mid (13-36m),0,0.05254304185870619,Low
6734-PSBAW,Male,No,Yes,No,72,Yes,Yes,No,No internet service,No internet service,No internet service,No internet service,No internet service,No internet service,Two year,Yes,Bank transfer (automatic),23.55,1723.95,0,0,No,0,Loyal (60m+),0,0.0013698930207777025,Low
3930-ZGWVE,Male,No,No,No,1,Yes,No,No,No internet service,No internet service,No internet service,No internet service,No internet service,No internet service,Month-to-month,No,Mailed check,19.75,19.75,0,0,No,0,New (0-12m),0,0.4232467310966666,High
2639-UGMAZ,Male,Yes,No,No,71,No,No phone service,DSL,Yes,Yes,No,No,Yes,Yes,One year,Yes,Electronic check,56.45,3985.35,0,0,No,0,Loyal (60m+),0,0.010661774782903453,Low
2876-GZYZC,Female,No,No,No,13,Yes,Yes,Fiber optic,No,No,No,No,No,Yes,Month-to-month,Yes,Electronic check,85.95,1215.65,0,0,No,0,Mid (13-36m),0,0.7816224666913768,Critical
8587-XYZSF,Male,No,No,No,67,Yes,No,DSL,No,No,No,Yes,No,No,Two year,No,Bank transfer (automatic),50.55,3260.1,0,0,No,0,Loyal (60m+),0,0.0023696879742817383,Low
7799-LGRDP,Female,No,No,No,43,Yes,Yes,No,No internet service,No internet service,No internet service,No internet service,No internet service,No internet service,Two year,Yes,Credit card (automatic),25.7,1188.2,0,0,No,0,Established (37-60m),0,0.007126303568573251,Low
7850-VWJUU,Female,No,No,No,23,Yes,No,Fiber optic,Yes,No,No,No,No,No,Month-to-month,Yes,Bank transfer (automatic),75.0,1778.5,4,0,No,0,Mid (13-36m),4,0.5968452738075138,High
3774-VBNXY,Female,No,Yes,Yes,64,Yes,No,No,No internet service,No internet service,No internet service,No internet service,No internet service,No internet service,Two year,No,Mailed check,20.2,1277.75,0,0,No,0,Loyal (60m+),0,0.002061787026964793,Low
6217-KDYWC,Male,No,No,Yes,57,Yes,No,No,No internet service,No internet service,No internet service,No internet service,No internet service,No internet service,Two year,Yes,Mailed check,19.6,1170.55,0,0,No,0,Established (37-60m),0,0.0029186264264398705,Low
3146-MSEGF,Female,Yes,Yes,Yes,72,Yes,Yes,DSL,Yes,Yes,Yes,Yes,Yes,Yes,Two year,Yes,Credit card (automatic),88.05,6425.65,0,0,No,0,Loyal (60m+),0,0.00041657516213321736,Low
1095-WGNGG,Female,No,Yes,No,61,Yes,Yes,Fiber optic,No,Yes,No,No,Yes,Yes,Two year,Yes,Bank transfer (automatic),101.05,5971.25,0,0,No,0,Loyal (60m+),0,0.004064630724856185,Low
2636-SJDOU,Male,No,No,No,64,Yes,Yes,Fiber optic,Yes,Yes,No,No,No,No,One year,Yes,Credit card (automatic),84.3,5289.05,0,0,No,0,Loyal (60m+),0,0.017151628761328003,Low
1131-QQZEB,Male,Yes,Yes,No,71,Yes,Yes,No,No internet service,No internet service,No internet service,No internet service,No internet service,No internet service,Two year,No,Bank transfer (automatic),23.95,1756.2,0,0,No,0,Loyal (60m+),0,0.0017521644207635957,Low
5716-EZXZN,Female,No,Yes,Yes,65,Yes,Yes,Fiber optic,Yes,Yes,No,Yes,Yes,No,Two year,Yes,Credit card (automatic),99.05,6416.7,0,0,No,0,Loyal (60m+),0,0.0019646767189531403,Low
6837-BJYDQ,Male,No,No,No,3,Yes,No,No,No internet service,No internet service,No internet service,No internet service,No internet service,No internet service,One year,No,Mailed check,19.6,61.35,0,0,No,0,New (0-12m),0,0.19358075185961784,Low
6440-DKQGE,Male,No,No,Yes,30,Yes,No,DSL,No,Yes,Yes,No,Yes,No,One year,No,Credit card (automatic),64.5,1929.95,0,0,No,0,Mid (13-36m),0,0.06049636822904681,Low
3466-BYAVD,Male,No,Yes,Yes,15,Yes,No,DSL,No,Yes,Yes,Yes,No,Yes,Month-to-month,Yes,Mailed check,69.5,1071.4,0,0,No,0,Mid (13-36m),0,0.2497552562027957,Low
3780-YVMFA,Female,No,Yes,Yes,8,Yes,No,DSL,No,No,No,Yes,Yes,Yes,Month-to-month,Yes,Electronic check,68.55,564.35,4,0,No,0,New (0-12m),4,0.49663096316485317,High
1679-JRFBR,Female,No,Yes,Yes,70,Yes,Yes,Fiber optic,Yes,Yes,Yes,No,Yes,Yes,One year,Yes,Credit card (automatic),108.15,7930.55,0,0,No,0,Loyal (60m+),0,0.0035534080060738407,Low
9073-ZZIAY,Male,No,Yes,Yes,62,Yes,No,DSL,Yes,Yes,Yes,Yes,Yes,Yes,Two year,No,Electronic check,86.1,5215.25,1,0,No,0,Loyal (60m+),1,0.0011542651503175909,Low
3077-RSNTJ,Female,No,Yes,Yes,6,Yes,No,No,No internet service,No internet service,No internet service,No internet service,No internet service,No internet service,Month-to-month,No,Mailed check,19.7,113.5,0,0,No,0,New (0-12m),0,0.33225620423793323,Low
6551-GNYDG,Female,No,Yes,Yes,14,Yes,No,Fiber optic,No,No,No,No,No,Yes,Month-to-month,Yes,Bank transfer (automatic),80.9,1152.8,0,0,No,0,Mid (13-36m),0,0.6791194670327705,High
9167-APMXZ,Female,No,No,No,22,Yes,Yes,Fiber optic,No,No,No,No,Yes,No,Month-to-month,Yes,Bank transfer (automatic),84.15,1821.95,0,0,No,0,Mid (13-36m),0,0.5757710381046106,High
2749-CTKAJ,Male,No,Yes,Yes,22,Yes,No,No,No internet service,No internet service,No internet service,No internet service,No internet service,No internet service,One year,No,Mailed check,20.15,419.9,0,0,No,0,Mid (13-36m),0,0.06361533894294807,Low
6371-NZYEG,Male,No,Yes,Yes,16,Yes,No,DSL,Yes,No,Yes,No,Yes,No,Two year,No,Mailed check,64.25,1024.0,0,0,No,0,Mid (13-36m),0,0.04215723190662265,Low
7554-NEWDD,Male,No,No,No,10,Yes,Yes,No,No internet service,No internet service,No internet service,No internet service,No internet service,No internet service,Two year,No,Bank transfer (automatic),25.7,251.6,0,0,No,0,New (0-12m),0,0.045228385750922945,Low
8992-VONJD,Female,No,No,Yes,13,Yes,No,DSL,Yes,Yes,No,No,No,No,Month-to-month,Yes,Electronic check,56.0,764.55,0,0,No,0,Mid (13-36m),0,0.5256300429850351,High
4482-EWFMI,Female,No,No,No,2,Yes,No,Fiber optic,No,No,No,No,No,No,Month-to-month,Yes,Electronic check,69.7,135.2,0,0,No,0,New (0-12m),0,0.9154530840778384,Critical
4648-YPBTM,Male,No,No,No,53,Yes,Yes,DSL,No,Yes,Yes,Yes,No,Yes,Two year,Yes,Bank transfer (automatic),73.9,3958.25,0,1,No,0,Established (37-60m),1,0.010173333358513644,Low
2907-ILJBN,Female,No,Yes,Yes,11,Yes,No,No,No internet service,No internet service,No internet service,No internet service,No internet service,No internet service,One year,No,Mailed check,20.6,233.9,2,0,No,0,New (0-12m),2,0.11901008660826062,Low
6345-FZOQH,Male,No,Yes,No,69,Yes,No,No,No internet service,No internet service,No internet service,No internet service,No internet service,No internet service,Two year,No,Mailed check,19.9,1363.45,0,0,No,0,Loyal (60m+),0,0.0016681928883504516,Low
5997-OPVFA,Male,No,Yes,No,72,Yes,Yes,DSL,Yes,Yes,Yes,Yes,Yes,Yes,Two year,Yes,Bank transfer (automatic),89.05,6254.45,4,0,No,0,Loyal (60m+),4,0.00039531906397464447,Low
1159-WFSGR,Female,No,Yes,Yes,16,Yes,No,No,No internet service,No internet service,No internet service,No internet service,No internet service,No internet service,Month-to-month,No,Electronic check,20.4,321.4,0,0,No,0,Mid (13-36m),0,0.3115096006534637,Low
7654-YWJUF,Male,No,Yes,No,43,Yes,No,Fiber optic,Yes,No,Yes,Yes,No,No,One year,Yes,Bank transfer (automatic),84.25,3539.25,0,0,No,0,Established (37-60m),0,0.06623464909556533,Low
6727-IOTLZ,Male,No,Yes,No,14,Yes,No,DSL,No,Yes,Yes,Yes,Yes,Yes,Two year,No,Mailed check,81.95,1181.75,0,0,No,0,Mid (13-36m),0,0.0334815427518915,Low
5918-VUKWP,Female,No,No,No,32,Yes,No,No,No internet service,No internet service,No internet service,No internet service,No internet service,No internet service,One year,No,Bank transfer (automatic),20.55,654.55,0,0,No,0,Mid (13-36m),0,0.05515309708097744,Low
1744-JHKYS,Female,No,Yes,No,34,Yes,Yes,No,No internet service,No internet service,No internet service,No internet service,No internet service,No internet service,Month-to-month,No,Electronic check,24.7,780.2,0,0,No,0,Mid (13-36m),0,0.1506772482296013,Low
5947-SGKCL,Female,No,Yes,Yes,15,Yes,Yes,Fiber optic,No,Yes,Yes,No,Yes,Yes,Month-to-month,Yes,Bank transfer (automatic),105.35,1559.25,0,0,No,0,Mid (13-36m),0,0.5604678068570235,High
3712-PKXZA,Male,No,Yes,No,61,Yes,No,No,No internet service,No internet service,No internet service,No internet service,No internet service,No internet service,One year,Yes,Credit card (automatic),20.55,1252.0,0,0,No,0,Loyal (60m+),0,0.00929674663098252,Low
6582-OIVSP,Female,No,No,No,1,Yes,No,DSL,No,No,No,No,No,No,Month-to-month,No,Mailed check,45.3,45.3,0,0,No,0,New (0-12m),0,0.6784108645968384,High
5524-KHNJP,Male,No,Yes,Yes,33,Yes,No,DSL,Yes,No,Yes,No,Yes,Yes,One year,No,Credit card (automatic),74.75,2453.3,0,0,No,0,Mid (13-36m),0,0.03716291929838828,Low
4827-USJHP,Male,No,No,No,20,Yes,No,DSL,No,Yes,No,No,No,No,Month-to-month,Yes,Mailed check,51.8,1023.85,0,0,No,0,Mid (13-36m),0,0.3354929982313191,Low
8167-GJLRN,Male,No,No,No,3,No,No phone service,DSL,No,No,No,Yes,No,No,Month-to-month,No,Electronic check,30.4,82.15,0,0,No,0,New (0-12m),0,0.7329551374863704,Critical
0956-SYCWG,Female,No,No,No,13,Yes,No,No,No internet service,No internet service,No internet service,No internet service,No internet service,No internet service,One year,No,Electronic check,19.65,244.8,0,0,No,0,Mid (13-36m),0,0.19613043658023652,Low
8017-UVSZU,Female,No,Yes,No,40,Yes,Yes,DSL,No,Yes,No,No,No,No,Month-to-month,No,Credit card (automatic),56.6,2379.1,0,0,No,0,Established (37-60m),0,0.11128673236955004,Low
7100-FQPRV,Male,No,Yes,Yes,43,Yes,Yes,DSL,Yes,No,No,Yes,No,Yes,One year,Yes,Credit card (automatic),71.9,3173.35,0,0,No,0,Established (37-60m),0,0.01563607158809173,Low
2984-RGEYA,Female,No,Yes,Yes,69,Yes,No,No,No internet service,No internet service,No internet service,No internet service,No internet service,No internet service,Two year,No,Bank transfer (automatic),19.75,1375.4,0,0,No,0,Loyal (60m+),0,0.001766835263672009,Low
9680-NIAUV,Female,No,Yes,Yes,72,Yes,Yes,Fiber optic,Yes,Yes,Yes,No,Yes,Yes,Two year,No,Credit card (automatic),109.7,8129.3,0,0,No,0,Loyal (60m+),0,0.0008472148276254325,Low
2146-EGVDT,Male,No,Yes,Yes,59,Yes,No,No,No internet service,No internet service,No internet service,No internet service,No internet service,No internet service,Two year,No,Credit card (automatic),19.3,1192.7,0,0,No,0,Established (37-60m),0,0.0026277589401589026,Low
2604-IJPDU,Female,No,Yes,No,20,Yes,No,Fiber optic,Yes,Yes,No,Yes,Yes,No,Month-to-month,Yes,Electronic check,96.55,1901.65,0,0,No,0,Mid (13-36m),0,0.5765320844015185,High
9178-JHUVJ,Male,No,Yes,Yes,24,Yes,Yes,No,No internet service,No internet service,No internet service,No internet service,No internet service,No internet service,Two year,Yes,Bank transfer (automatic),24.1,587.4,0,0,No,0,Mid (13-36m),0,0.017437472447835615,Low
6168-YBYNP,Male,No,No,No,59,Yes,Yes,Fiber optic,No,Yes,Yes,Yes,Yes,Yes,Month-to-month,Yes,Electronic check,111.35,6519.75,0,0,No,0,Established (37-60m),0,0.034174402625702614,Low
7255-SSFBC,Male,No,Yes,Yes,72,Yes,Yes,Fiber optic,No,Yes,Yes,Yes,Yes,Yes,Two year,Yes,Bank transfer (automatic),112.25,8041.65,0,0,No,0,Loyal (60m+),0,0.0006671014067014311,Low
3645-DEYGF,Male,No,No,Yes,1,Yes,No,No,No internet service,No internet service,No internet service,No internet service,No internet service,No internet service,Month-to-month,No,Mailed check,20.75,20.75,0,0,No,0,New (0-12m),0,0.38366213552512174,Low
9323-HGFWY,Female,No,Yes,No,27,Yes,No,Fiber optic,Yes,No,No,Yes,Yes,Yes,One year,Yes,Credit card (automatic),101.9,2681.15,0,0,No,0,Mid (13-36m),0,0.14366288880039305,Low
8544-GOQSH,Female,No,No,No,14,Yes,No,Fiber optic,No,Yes,No,Yes,No,No,Month-to-month,Yes,Credit card (automatic),80.05,1112.3,0,0,No,0,Mid (13-36m),0,0.6725027255548154,High
3363-DTIVD,Male,No,Yes,Yes,71,Yes,Yes,Fiber optic,Yes,No,Yes,No,Yes,Yes,Two year,No,Electronic check,105.55,7405.5,0,0,No,0,Loyal (60m+),0,0.0016435990795631008,Low
7018-WBJNK,Male,No,No,Yes,13,Yes,No,Fiber optic,No,No,No,No,Yes,No,Month-to-month,Yes,Credit card (automatic),78.3,1033.95,0,0,No,0,Mid (13-36m),0,0.6841761430468596,High
9142-KZXOP,Male,No,No,No,44,Yes,No,Fiber optic,No,No,No,No,No,No,Month-to-month,No,Credit card (automatic),68.85,2958.95,0,0,No,0,Established (37-60m),0,0.2506016522460389,Low
7674-YTAFD,Female,No,No,No,33,Yes,No,Fiber optic,No,Yes,No,Yes,No,No,One year,Yes,Bank transfer (automatic),79.95,2684.85,5,0,No,0,Mid (13-36m),5,0.1586752891246503,Low
6348-SNFUS,Male,No,Yes,Yes,72,No,No phone service,DSL,Yes,Yes,Yes,Yes,No,Yes,Two year,Yes,Credit card (automatic),55.45,4179.2,0,0,No,0,Loyal (60m+),0,0.00098332604274751,Low
1347-KTTTA,Male,No,Yes,No,64,Yes,No,Fiber optic,No,Yes,Yes,Yes,Yes,Yes,One year,Yes,Credit card (automatic),102.45,6654.1,0,0,No,0,Loyal (60m+),0,0.0067259660092170645,Low
4195-NZGTA,Female,No,No,No,1,No,No phone service,DSL,No,No,No,No,No,No,Month-to-month,No,Electronic check,25.25,25.25,5,0,No,0,New (0-12m),5,0.816165220934747,Critical
7157-SMCFK,Male,No,No,Yes,61,Yes,No,No,No internet service,No internet service,No internet service,No internet service,No internet service,No internet service,Two year,No,Mailed check,19.75,1124.2,0,0,No,0,Loyal (60m+),0,0.0024331606657151017,Low
4709-LKHYG,Female,No,Yes,Yes,29,Yes,No,No,No internet service,No internet service,No internet service,No internet service,No internet service,No internet service,One year,No,Electronic check,20.0,540.05,0,0,No,0,Mid (13-36m),0,0.07565567984692809,Low
2504-DSHIH,Male,Yes,Yes,No,23,Yes,Yes,Fiber optic,No,No,No,No,No,Yes,Month-to-month,No,Electronic check,86.8,1975.85,4,0,No,0,Mid (13-36m),4,0.6427572549237287,High
0699-NDKJM,Female,No,Yes,No,57,No,No phone service,DSL,Yes,Yes,Yes,No,Yes,Yes,Month-to-month,Yes,Bank transfer (automatic),58.75,3437.45,0,1,No,0,Established (37-60m),1,0.12984079133203555,Low
9286-BHDQG,Male,No,Yes,Yes,72,No,No phone service,DSL,Yes,Yes,Yes,Yes,No,No,Two year,No,Credit card (automatic),45.25,3139.8,0,0,No,0,Loyal (60m+),0,0.001580792778964834,Low
0230-WEQUW,Male,No,Yes,No,66,No,No phone service,DSL,Yes,Yes,Yes,Yes,Yes,No,Two year,Yes,Bank transfer (automatic),56.6,3789.2,0,0,No,0,Loyal (60m+),0,0.001823942088319589,Low
2040-LDIWQ,Male,No,Yes,Yes,65,Yes,Yes,DSL,No,Yes,Yes,Yes,Yes,Yes,Two year,Yes,Bank transfer (automatic),84.2,5324.5,0,0,No,0,Loyal (60m+),0,0.0006916970168456141,Low
6496-JDSSB,Female,No,No,No,8,Yes,No,Fiber optic,No,No,No,No,Yes,No,Month-to-month,Yes,Bank transfer (automatic),80.0,624.6,0,0,No,0,New (0-12m),0,0.8079131376582086,Critical
4443-EMBNA,Female,No,Yes,No,71,Yes,Yes,No,No internet service,No internet service,No internet service,No internet service,No internet service,No internet service,Two year,No,Bank transfer (automatic),24.75,1836.9,0,0,No,0,Loyal (60m+),0,0.0014997788560311936,Low
6469-MRVET,Male,No,Yes,Yes,1,Yes,No,No,No internet service,No internet service,No internet service,No internet service,No internet service,No internet service,One year,Yes,Electronic check,20.2,20.2,0,0,No,0,New (0-12m),0,0.2570575018194885,Low
5961-VUSRV,Female,No,No,No,12,Yes,No,No,No internet service,No internet service,No internet service,No internet service,No internet service,No internet service,One year,Yes,Bank transfer (automatic),19.35,219.35,0,0,No,0,New (0-12m),0,0.15383307230050977,Low
6778-JFCMK,Male,No,No,No,24,No,No phone service,DSL,Yes,No,No,No,Yes,Yes,One year,Yes,Mailed check,50.6,1288.75,0,0,No,0,Mid (13-36m),0,0.12371334044356916,Low
6341-JVQGF,Female,No,Yes,Yes,31,Yes,No,DSL,Yes,No,Yes,Yes,Yes,Yes,One year,Yes,Mailed check,81.15,2545.75,0,0,No,0,Mid (13-36m),0,0.03129943186389251,Low
4811-JBUVU,Male,No,No,No,30,Yes,Yes,Fiber optic,No,No,No,Yes,No,Yes,Month-to-month,Yes,Credit card (automatic),89.9,2723.15,0,0,No,0,Mid (13-36m),0,0.30683751182375474,Low
0945-TSONX,Female,No,Yes,Yes,47,Yes,Yes,DSL,Yes,Yes,No,Yes,Yes,Yes,Two year,Yes,Credit card (automatic),85.3,4107.25,0,0,No,0,Established (37-60m),0,0.0025231385393526175,Low
2651-ZCBXV,Male,No,No,No,54,Yes,Yes,Fiber optic,Yes,Yes,No,Yes,Yes,Yes,Two year,Yes,Credit card (automatic),108.0,5760.65,0,0,No,0,Established (37-60m),0,0.004139591299041832,Low
3316-UWXUY,Male,No,No,No,50,Yes,No,Fiber optic,Yes,Yes,No,Yes,No,Yes,Month-to-month,Yes,Credit card (automatic),93.5,4747.5,0,0,No,0,Established (37-60m),0,0.07568864183312989,Low
7083-MIOPC,Female,No,No,No,72,Yes,No,No,No internet service,No internet service,No internet service,No internet service,No internet service,No internet service,Two year,No,Credit card (automatic),20.25,1566.9,0,0,No,0,Loyal (60m+),0,0.0016487917782512425,Low
1984-GPTEH,Female,No,No,No,29,Yes,Yes,No,No internet service,No internet service,No internet service,No internet service,No internet service,No internet service,Month-to-month,No,Electronic check,25.15,702.0,0,0,No,0,Mid (13-36m),0,0.1966408036024655,Low
0621-JFHOL,Female,No,No,No,10,No,No phone service,DSL,No,No,No,Yes,No,No,Two year,Yes,Mailed check,29.6,299.05,0,0,No,0,New (0-12m),0,0.1160480054404049,Low
9903-LYSAB,Male,No,Yes,No,18,Yes,Yes,Fiber optic,No,No,No,No,No,No,Month-to-month,Yes,Electronic check,73.15,1305.95,0,0,No,0,Mid (13-36m),0,0.7347253876694472,Critical
9227-UAQFT,Male,No,No,No,16,Yes,No,No,No internet service,No internet service,No internet service,No internet service,No internet service,No internet service,Two year,No,Mailed check,19.75,284.35,0,0,No,0,Mid (13-36m),0,0.0325947625069221,Low
7301-ABVAD,Female,No,No,No,72,Yes,Yes,DSL,No,Yes,Yes,Yes,Yes,Yes,Two year,No,Bank transfer (automatic),86.6,6350.5,0,1,No,0,Loyal (60m+),1,0.001721484941700162,Low
6614-FHDBO,Male,No,No,No,72,Yes,Yes,Fiber optic,No,Yes,Yes,Yes,Yes,Yes,Two year,No,Bank transfer (automatic),109.2,7878.3,4,0,No,0,Loyal (60m+),4,0.0009027328465150236,Low
7576-ASEJU,Female,No,Yes,Yes,41,Yes,No,DSL,Yes,No,No,Yes,Yes,Yes,One year,Yes,Credit card (automatic),74.7,3187.65,0,2,No,0,Established (37-60m),2,0.20521281515850567,Low
9058-HRZSV,Female,Yes,Yes,No,65,Yes,No,Fiber optic,Yes,Yes,Yes,No,No,Yes,Month-to-month,No,Electronic check,94.4,6126.15,0,0,No,0,Loyal (60m+),0,0.05576557327762077,Low
4522-AKYLR,Female,Yes,No,No,13,Yes,No,DSL,No,Yes,Yes,No,No,No,Month-to-month,Yes,Electronic check,54.8,731.3,0,0,No,0,Mid (13-36m),0,0.6210136868175098,High
0221-WMXNQ,Male,Yes,No,No,4,Yes,No,Fiber optic,Yes,No,No,No,No,No,Month-to-month,No,Electronic check,75.35,273.4,1,0,No,0,New (0-12m),1,0.907446134209561,Critical
0303-UNCIP,Male,No,No,No,41,Yes,Yes,DSL,No,No,Yes,No,No,Yes,One year,No,Mailed check,65.0,2531.8,0,0,No,0,Established (37-60m),0,0.03271631710663389,Low
0959-WHOKV,Male,No,No,No,42,Yes,Yes,Fiber optic,Yes,Yes,Yes,No,No,Yes,One year,Yes,Electronic check,99.0,4298.45,0,0,No,0,Established (37-60m),0,0.08115839726862216,Low
4075-JFPGR,Female,No,Yes,No,51,Yes,No,Fiber optic,Yes,Yes,Yes,No,Yes,No,One year,Yes,Electronic check,93.5,4619.55,5,0,No,0,Established (37-60m),5,0.05407644969880002,Low
3282-ZISZV,Male,No,No,Yes,32,Yes,Yes,DSL,No,Yes,Yes,Yes,Yes,Yes,One year,No,Credit card (automatic),83.7,2633.3,0,0,No,0,Mid (13-36m),0,0.028553061536981367,Low
3675-YDUPJ,Male,No,No,No,10,Yes,No,No,No internet service,No internet service,No internet service,No internet service,No internet service,No internet service,Month-to-month,Yes,Mailed check,19.85,193.05,0,0,No,0,New (0-12m),0,0.3084296044859544,Low
4111-BNXIF,Female,No,Yes,Yes,67,No,No phone service,DSL,No,Yes,Yes,Yes,Yes,Yes,Two year,Yes,Electronic check,59.55,4103.9,0,0,No,0,Loyal (60m+),0,0.00203184497266455,Low
7017-VFHAY,Female,No,Yes,Yes,61,Yes,Yes,Fiber optic,Yes,Yes,Yes,Yes,Yes,Yes,Two year,No,Credit card (automatic),115.1,7008.15,0,0,No,0,Loyal (60m+),0,0.0015914358194924953,Low
6655-LHBYW,Male,No,No,No,50,Yes,Yes,Fiber optic,Yes,Yes,Yes,Yes,Yes,Yes,One year,No,Credit card (automatic),114.35,5791.1,0,0,No,0,Established (37-60m),0,0.01584837526796467,Low
5046-NUHWD,Female,Yes,Yes,No,29,No,No phone service,DSL,Yes,No,Yes,No,No,Yes,Month-to-month,Yes,Electronic check,45.0,1228.65,4,0,No,0,Mid (13-36m),4,0.4064604785959065,High
7529-ZDFXI,Male,Yes,Yes,No,57,Yes,Yes,Fiber optic,No,Yes,No,No,No,Yes,Month-to-month,Yes,Electronic check,89.85,4925.35,5,0,No,0,Established (37-60m),5,0.11108054119573142,Low
7605-BDWDC,Female,No,No,No,31,No,No phone service,DSL,Yes,Yes,No,Yes,No,Yes,Two year,Yes,Bank transfer (automatic),49.85,1520.1,0,0,No,0,Mid (13-36m),0,0.026347581836692443,Low
1950-KSVVJ,Female,No,Yes,No,45,Yes,Yes,Fiber optic,Yes,Yes,Yes,Yes,Yes,Yes,One year,No,Mailed check,113.3,5032.25,0,0,No,0,Established (37-60m),0,0.025606960585236132,Low
0123-CRBRT,Female,No,Yes,Yes,61,Yes,Yes,DSL,Yes,Yes,Yes,Yes,Yes,Yes,Two year,No,Mailed check,88.1,5526.75,2,0,No,0,Loyal (60m+),2,0.0007319420925810212,Low
6292-TOSSS,Male,No,No,No,50,Yes,Yes,No,No internet service,No internet service,No internet service,No internet service,No internet service,No internet service,Two year,No,Bank transfer (automatic),24.9,1195.25,0,0,No,0,Established (37-60m),0,0.004950547829372768,Low
3197-ARFOY,Female,Yes,No,No,19,Yes,No,Fiber optic,Yes,Yes,No,Yes,Yes,Yes,Month-to-month,Yes,Mailed check,105.0,2007.25,0,0,No,0,Mid (13-36m),0,0.5027049640697895,High
7014-ZZXAW,Female,No,Yes,No,71,Yes,Yes,No,No internet service,No internet service,No internet service,No internet service,No internet service,No internet service,Two year,Yes,Credit card (automatic),24.25,1732.95,0,0,No,0,Loyal (60m+),0,0.0014679214739668901,Low
7633-MVPUY,Male,No,Yes,No,57,Yes,No,DSL,Yes,Yes,No,Yes,No,No,Two year,Yes,Electronic check,59.75,3450.15,0,0,No,0,Established (37-60m),0,0.004318463351801946,Low
4716-HHKQH,Male,Yes,Yes,No,20,Yes,Yes,Fiber optic,No,Yes,No,Yes,Yes,Yes,Month-to-month,No,Electronic check,107.05,2172.05,0,0,No,0,Mid (13-36m),0,0.5496858036469356,High
3179-GBRWV,Male,Yes,Yes,No,21,Yes,No,DSL,Yes,Yes,No,No,No,Yes,Month-to-month,Yes,Bank transfer (automatic),64.95,1339.8,0,0,No,0,Mid (13-36m),0,0.3232219189045299,Low
8645-KWHJO,Male,No,No,No,14,No,No phone service,DSL,No,No,Yes,Yes,Yes,Yes,Month-to-month,Yes,Electronic check,55.0,771.95,0,0,No,0,Mid (13-36m),0,0.47987455089352404,High
4130-MZLCC,Female,No,No,No,5,Yes,No,DSL,No,Yes,No,No,No,No,Month-to-month,No,Bank transfer (automatic),50.55,244.75,0,0,No,0,New (0-12m),0,0.6298720733480591,High
0314-TKOSI,Female,No,No,No,6,Yes,No,DSL,Yes,Yes,No,No,No,No,Month-to-month,No,Mailed check,55.15,322.9,0,0,No,0,New (0-12m),0,0.5696383440199566,High
8229-MYEJZ,Female,No,No,No,10,Yes,No,DSL,No,Yes,No,No,No,No,Month-to-month,No,Electronic check,51.2,498.25,0,0,No,0,New (0-12m),0,0.6343877160566788,High
2080-SRCDE,Female,No,No,Yes,1,Yes,Yes,No,No internet service,No internet service,No internet service,No internet service,No internet service,No internet service,Month-to-month,No,Mailed check,25.4,25.4,0,0,No,0,New (0-12m),0,0.3911098359804933,Low
9577-WJVCQ,Female,No,No,No,68,Yes,Yes,DSL,Yes,No,No,No,No,No,Month-to-month,No,Mailed check,54.45,3687.75,0,0,No,0,Loyal (60m+),0,0.02100721793095766,Low
6202-DYYFX,Female,No,No,No,22,Yes,Yes,Fiber optic,No,No,No,No,No,No,One year,Yes,Credit card (automatic),76.0,1783.6,0,0,No,0,Mid (13-36m),0,0.34436217051871865,Low
3808-HFKDE,Female,No,No,No,20,Yes,No,DSL,No,No,No,No,No,No,Month-to-month,Yes,Electronic check,44.35,927.15,0,0,No,0,Mid (13-36m),0,0.5032440705148592,High
3727-OWVYD,Male,No,No,No,35,Yes,No,DSL,Yes,Yes,Yes,No,No,No,One year,No,Mailed check,61.2,2021.2,0,0,No,0,Mid (13-36m),0,0.053360590798893326,Low
2294-SALNE,Male,No,Yes,Yes,23,Yes,No,Fiber optic,No,Yes,Yes,Yes,No,No,One year,No,Mailed check,86.8,1940.8,0,0,No,0,Mid (13-36m),0,0.19058893542824168,Low
4847-TAJYI,Female,Yes,No,No,6,Yes,No,Fiber optic,No,No,No,No,Yes,Yes,Month-to-month,Yes,Electronic check,89.35,567.8,0,0,No,0,New (0-12m),0,0.8805314583305858,Critical
1563-IWQEX,Female,No,No,No,12,Yes,No,No,No internet service,No internet service,No internet service,No internet service,No internet service,No internet service,Month-to-month,No,Mailed check,19.7,220.35,2,0,No,0,New (0-12m),2,0.3062961699511274,Low
8203-XJZRC,Male,No,No,No,1,Yes,No,No,No internet service,No internet service,No internet service,No internet service,No internet service,No internet service,Month-to-month,No,Mailed check,20.25,20.25,0,0,No,0,New (0-12m),0,0.4215858040310927,High
6556-DBKZF,Female,No,Yes,Yes,71,Yes,No,Fiber optic,No,No,Yes,No,No,No,Two year,No,Electronic check,76.05,5436.45,0,0,No,0,Loyal (60m+),0,0.005072659400453135,Low
6851-WEFYX,Male,Yes,Yes,No,35,Yes,Yes,Fiber optic,No,No,Yes,No,Yes,Yes,Month-to-month,Yes,Electronic check,100.8,3437.5,3,0,No,0,Mid (13-36m),3,0.3400146851186596,Low
2985-JUUBZ,Male,No,Yes,Yes,40,Yes,Yes,DSL,No,No,Yes,No,Yes,Yes,Month-to-month,Yes,Electronic check,74.55,3015.75,0,0,No,0,Established (37-60m),0,0.08687078343245083,Low
0895-LMRSF,Male,No,No,No,23,Yes,No,DSL,No,No,No,No,Yes,Yes,One year,Yes,Bank transfer (automatic),64.9,1509.8,0,0,No,0,Mid (13-36m),0,0.113508177005335,Low
8266-VBFQL,Male,No,No,No,4,Yes,No,Fiber optic,No,No,Yes,Yes,No,Yes,Month-to-month,Yes,Electronic check,90.4,356.65,0,0,No,0,New (0-12m),0,0.8376401143307507,Critical
8181-YHCMF,Female,No,Yes,Yes,68,No,No phone service,DSL,No,Yes,Yes,Yes,Yes,Yes,Two year,No,Credit card (automatic),60.3,4109.0,0,1,No,0,Loyal (60m+),1,0.004697921311147136,Low
2240-HSJQD,Male,No,No,Yes,38,Yes,Yes,Fiber optic,No,Yes,No,No,No,No,Month-to-month,Yes,Mailed check,81.85,3141.7,0,0,No,0,Established (37-60m),0,0.22459256830312474,Low
1248-DYXUB,Male,No,Yes,Yes,52,Yes,Yes,No,No internet service,No internet service,No internet service,No internet service,No internet service,No internet service,Two year,No,Mailed check,24.8,1229.1,0,0,No,0,Established (37-60m),0,0.003219418450693404,Low
4115-BNPJY,Male,No,Yes,Yes,29,Yes,No,DSL,No,No,Yes,Yes,Yes,Yes,Two year,No,Mailed check,75.55,2054.4,4,0,No,0,Mid (13-36m),4,0.01157477701564292,Low
3167-SNQPL,Male,Yes,Yes,Yes,38,Yes,Yes,Fiber optic,No,Yes,No,No,Yes,Yes,Month-to-month,No,Electronic check,101.15,3741.85,0,2,No,0,Established (37-60m),2,0.8281796108297171,Critical
4091-TVOCN,Male,No,No,Yes,48,Yes,Yes,DSL,Yes,No,Yes,No,Yes,Yes,One year,Yes,Credit card (automatic),78.75,3682.45,0,0,No,0,Established (37-60m),0,0.012308174342042046,Low
1098-TDVUQ,Female,No,No,No,1,Yes,No,No,No internet service,No internet service,No internet service,No internet service,No internet service,No internet service,Month-to-month,Yes,Bank transfer (automatic),19.25,19.25,0,0,No,0,New (0-12m),0,0.4769583519276771,High
7277-OZCGZ,Female,No,No,No,22,Yes,No,Fiber optic,Yes,No,No,Yes,No,Yes,Month-to-month,Yes,Electronic check,89.05,1886.25,0,0,No,0,Mid (13-36m),0,0.5922553268109358,High
1557-EMYVT,Female,No,No,No,43,Yes,Yes,Fiber optic,Yes,Yes,Yes,Yes,Yes,Yes,Two year,No,Credit card (automatic),115.05,4895.1,0,0,No,0,Established (37-60m),0,0.009366341645406269,Low
2799-ARNLO,Female,Yes,Yes,No,5,Yes,No,Fiber optic,No,No,No,No,No,No,Month-to-month,Yes,Electronic check,69.35,341.6,0,0,No,0,New (0-12m),0,0.9111897751888569,Critical
5027-YOCXN,Male,No,Yes,Yes,51,Yes,Yes,Fiber optic,Yes,Yes,No,Yes,Yes,Yes,One year,No,Credit card (automatic),110.05,5686.4,0,0,No,0,Established (37-60m),0,0.013452773117819769,Low
3973-SKMLN,Male,No,No,No,71,Yes,No,No,No internet service,No internet service,No internet service,No internet service,No internet service,No internet service,Two year,Yes,Credit card (automatic),19.9,1355.1,0,0,No,0,Loyal (60m+),0,0.0016956828640633116,Low
6745-JEFZB,Male,No,Yes,No,35,Yes,Yes,Fiber optic,No,No,No,Yes,Yes,No,Month-to-month,Yes,Credit card (automatic),91.5,3236.35,0,0,No,0,Mid (13-36m),0,0.2131112823037401,Low
9880-TDQAC,Female,No,Yes,Yes,72,No,No phone service,DSL,No,Yes,Yes,Yes,Yes,Yes,Two year,Yes,Electronic check,60.0,4264.0,0,0,No,0,Loyal (60m+),0,0.0015018470014426658,Low
8705-WZCYL,Male,No,No,No,1,Yes,No,DSL,No,No,No,No,No,No,Month-to-month,Yes,Electronic check,44.8,44.8,0,0,No,0,New (0-12m),0,0.7557848192520509,Critical
7102-JJVTX,Female,No,Yes,Yes,9,Yes,No,DSL,Yes,No,No,No,No,No,One year,No,Mailed check,48.6,422.3,1,0,No,0,New (0-12m),1,0.26335452904580103,Low
8626-PTQGE,Male,No,No,No,69,No,No phone service,DSL,Yes,Yes,No,Yes,Yes,Yes,Two year,Yes,Bank transfer (automatic),60.05,4176.7,0,0,No,0,Loyal (60m+),0,0.0014050161358121153,Low
4983-CLMLV,Female,No,Yes,No,52,Yes,Yes,Fiber optic,No,Yes,No,Yes,Yes,Yes,Month-to-month,Yes,Credit card (automatic),102.7,5138.1,4,0,No,0,Established (37-60m),4,0.05661034012219399,Low
5701-YVSVF,Female,Yes,Yes,No,11,Yes,No,Fiber optic,No,No,No,Yes,Yes,No,Month-to-month,Yes,Electronic check,82.9,880.05,0,0,No,0,New (0-12m),0,0.8141817969329028,Critical
5697-GOMBF,Female,Yes,Yes,Yes,28,No,No phone service,DSL,No,No,No,No,Yes,No,Month-to-month,Yes,Electronic check,35.9,973.65,0,0,No,0,Mid (13-36m),0,0.4313376292738728,High
2739-CACDQ,Female,Yes,No,No,17,Yes,Yes,Fiber optic,No,No,Yes,No,No,No,Month-to-month,Yes,Credit card (automatic),82.65,1470.05,3,0,No,0,Mid (13-36m),3,0.697666579789028,High
9385-EHGDO,Female,No,Yes,Yes,35,Yes,No,No,No internet service,No internet service,No internet service,No internet service,No internet service,No internet service,Two year,Yes,Mailed check,19.85,739.35,0,0,No,0,Mid (13-36m),0,0.01011483639404708,Low
9498-FIMXL,Female,No,No,No,8,Yes,No,No,No internet service,No internet service,No internet service,No internet service,No internet service,No internet service,One year,Yes,Mailed check,19.2,161.95,0,0,No,0,New (0-12m),0,0.16738881654273766,Low
2379-GYFLQ,Male,No,No,No,46,Yes,Yes,Fiber optic,No,Yes,Yes,No,Yes,No,One year,Yes,Credit card (automatic),94.9,4422.95,0,0,No,0,Established (37-60m),0,0.04626422154978285,Low
2088-IEBAU,Female,No,No,No,68,Yes,Yes,DSL,Yes,Yes,Yes,Yes,Yes,Yes,Two year,Yes,Electronic check,88.15,6148.45,0,0,No,0,Loyal (60m+),0,0.000836601286373427,Low
7982-VCELR,Female,No,No,No,36,Yes,No,Fiber optic,No,Yes,No,No,Yes,Yes,Month-to-month,Yes,Credit card (automatic),94.8,3565.65,0,0,No,0,Mid (13-36m),0,0.23998743812539267,Low
6035-BXTTY,Female,Yes,No,No,32,Yes,No,DSL,No,Yes,No,Yes,No,No,Month-to-month,No,Bank transfer (automatic),54.65,1830.1,0,0,No,0,Mid (13-36m),0,0.2060165009017739,Low
6885-PKOAM,Female,No,Yes,No,71,Yes,Yes,DSL,Yes,Yes,Yes,Yes,Yes,Yes,Two year,No,Credit card (automatic),85.75,6223.8,0,0,No,0,Loyal (60m+),0,0.00045257996172038333,Low
7520-HQWJU,Female,No,Yes,Yes,66,Yes,Yes,DSL,Yes,Yes,Yes,No,No,No,Month-to-month,Yes,Bank transfer (automatic),67.45,4508.65,0,0,No,0,Loyal (60m+),0,0.013679907370019607,Low
9639-BUJXT,Male,No,No,No,63,Yes,No,No,No internet service,No internet service,No internet service,No internet service,No internet service,No internet service,One year,No,Mailed check,20.5,1328.15,0,0,No,0,Loyal (60m+),0,0.008272345954875315,Low
5924-SNGKP,Female,No,No,Yes,41,Yes,No,No,No internet service,No internet service,No internet service,No internet service,No internet service,No internet service,One year,Yes,Credit card (automatic),20.25,865.0,4,0,No,0,Established (37-60m),4,0.027683640193870564,Low
0021-IKXGC,Female,Yes,No,No,1,Yes,Yes,Fiber optic,No,No,No,No,No,No,Month-to-month,Yes,Electronic check,72.1,72.1,0,0,No,0,New (0-12m),0,0.932968546889323,Critical
8966-SNIZF,Female,No,Yes,No,70,Yes,No,No,No internet service,No internet service,No internet service,No internet service,No internet service,No internet service,Two year,No,Bank transfer (automatic),19.45,1303.5,0,1,No,0,Loyal (60m+),1,0.007477563869074413,Low
6243-OZGFH,Female,No,No,No,23,No,No phone service,DSL,No,No,No,No,Yes,Yes,Month-to-month,Yes,Electronic check,44.95,996.85,0,0,No,0,Mid (13-36m),0,0.4589777126055226,High
4654-DLAMQ,Female,Yes,Yes,No,64,Yes,No,Fiber optic,Yes,Yes,Yes,No,No,Yes,One year,No,Bank transfer (automatic),97.0,6430.9,0,0,No,0,Loyal (60m+),0,0.013681256951818163,Low
0513-RBGPE,Male,No,Yes,Yes,37,Yes,Yes,DSL,Yes,No,Yes,Yes,No,No,Two year,Yes,Credit card (automatic),62.8,2278.75,5,0,No,0,Established (37-60m),5,0.009114405450922392,Low
5160-UXJED,Male,No,No,Yes,17,Yes,No,DSL,No,No,No,No,No,No,One year,No,Mailed check,44.6,681.4,2,0,No,0,Mid (13-36m),2,0.18419853014325135,Low
4115-NZRKS,Female,Yes,No,No,7,Yes,No,Fiber optic,No,No,No,No,Yes,Yes,Month-to-month,Yes,Electronic check,89.15,574.35,0,0,No,0,New (0-12m),0,0.8753481324784512,Critical
3351-NGXYI,Female,Yes,No,No,16,Yes,Yes,DSL,Yes,No,No,No,No,No,Month-to-month,Yes,Electronic check,54.1,889.0,0,0,No,0,Mid (13-36m),0,0.5756457383028738,High
8984-EYLLL,Male,No,Yes,No,64,Yes,Yes,Fiber optic,No,Yes,No,Yes,Yes,Yes,Two year,Yes,Electronic check,105.25,6823.4,0,0,No,0,Loyal (60m+),0,0.002669661322584628,Low
9833-TGFHX,Male,No,Yes,Yes,42,Yes,Yes,Fiber optic,Yes,No,No,No,Yes,Yes,One year,No,Electronic check,97.1,4016.75,0,0,No,0,Established (37-60m),0,0.07459490149478336,Low
9294-TDIPC,Male,No,No,Yes,5,Yes,No,No,No internet service,No internet service,No internet service,No internet service,No internet service,No internet service,Month-to-month,No,Mailed check,20.2,83.75,0,0,No,0,New (0-12m),0,0.3356169495107851,Low
5229-DTFYB,Female,No,No,No,41,Yes,No,Fiber optic,No,Yes,No,Yes,Yes,Yes,Two year,Yes,Bank transfer (automatic),98.8,3959.15,0,0,No,0,Established (37-60m),0,0.01835379222517902,Low
0104-PPXDV,Male,No,Yes,No,58,Yes,No,DSL,No,No,Yes,No,No,No,One year,No,Credit card (automatic),50.3,2878.55,0,0,No,0,Established (37-60m),0,0.015672709454705218,Low
5176-LMJXE,Female,No,No,No,47,Yes,No,No,No internet service,No internet service,No internet service,No internet service,No internet service,No internet service,Two year,Yes,Mailed check,20.55,945.7,4,0,No,0,Established (37-60m),4,0.006443222236458099,Low
3583-KRKMD,Male,No,No,No,18,Yes,No,Fiber optic,No,No,No,Yes,No,No,Month-to-month,Yes,Bank transfer (automatic),75.9,1373.05,2,0,No,0,Mid (13-36m),2,0.6133215812012088,High
9069-LGEUL,Male,No,Yes,No,23,Yes,No,DSL,Yes,No,No,No,No,Yes,Month-to-month,Yes,Bank transfer (automatic),59.95,1406.0,0,0,No,0,Mid (13-36m),0,0.26786983852232243,Low
7302-ZHMHP,Female,No,No,No,1,Yes,No,No,No internet service,No internet service,No internet service,No internet service,No internet service,No internet service,Month-to-month,No,Mailed check,19.15,19.15,0,0,No,0,New (0-12m),0,0.44853399528590326,High
9571-EDEBV,Male,No,Yes,No,71,Yes,Yes,Fiber optic,No,No,Yes,No,Yes,Yes,One year,Yes,Credit card (automatic),98.65,6962.85,0,0,No,0,Loyal (60m+),0,0.005561452700376735,Low
3520-FJGCV,Male,No,Yes,Yes,72,Yes,Yes,Fiber optic,Yes,Yes,Yes,Yes,Yes,Yes,Two year,Yes,Credit card (automatic),112.6,8126.65,0,0,No,0,Loyal (60m+),0,0.0006069424292563703,Low
6563-VRERX,Male,No,Yes,Yes,33,Yes,No,No,No internet service,No internet service,No internet service,No internet service,No internet service,No internet service,One year,No,Mailed check,20.6,690.25,0,0,No,0,Mid (13-36m),0,0.03484610668843816,Low
6122-EFVKN,Male,No,No,Yes,24,No,No phone service,DSL,Yes,No,No,Yes,No,No,Two year,No,Mailed check,35.75,830.8,1,0,No,0,Mid (13-36m),1,0.03856425276873409,Low
2805-EDJPQ,Female,No,Yes,Yes,56,Yes,Yes,Fiber optic,No,Yes,Yes,Yes,No,Yes,One year,Yes,Credit card (automatic),99.75,5608.4,0,0,No,0,Established (37-60m),0,0.013621074564856148,Low
6862-CQUMB,Male,No,No,No,37,Yes,No,Fiber optic,No,Yes,No,No,Yes,Yes,Month-to-month,Yes,Credit card (automatic),96.1,3646.8,0,0,No,0,Established (37-60m),0,0.20748719701697976,Low
7156-MXBJE,Female,No,No,No,43,Yes,Yes,DSL,No,Yes,Yes,Yes,Yes,Yes,One year,No,Credit card (automatic),85.1,3662.25,0,0,No,0,Established (37-60m),0,0.015154791219055493,Low
6158-HDPXZ,Male,No,No,No,1,No,No phone service,DSL,No,No,No,No,No,No,Month-to-month,No,Mailed check,25.35,25.35,0,0,No,0,New (0-12m),0,0.715736011320352,Critical
2863-IMQDR,Female,No,No,No,61,Yes,Yes,DSL,Yes,Yes,Yes,Yes,Yes,Yes,Two year,No,Electronic check,89.65,5308.7,0,0,No,0,Loyal (60m+),0,0.00151854184365148,Low
5686-CMAWK,Male,No,No,No,17,Yes,Yes,Fiber optic,No,No,Yes,Yes,No,No,One year,No,Electronic check,86.75,1410.25,0,0,No,0,Mid (13-36m),0,0.42584580476197426,High
5651-CRHKQ,Female,No,Yes,No,41,Yes,No,Fiber optic,No,Yes,Yes,Yes,No,No,One year,Yes,Bank transfer (automatic),86.2,3339.05,0,0,No,0,Established (37-60m),0,0.08211086523307297,Low
8204-YJCLA,Male,Yes,Yes,Yes,72,No,No phone service,DSL,Yes,Yes,Yes,Yes,Yes,Yes,Two year,Yes,Bank transfer (automatic),64.8,4732.35,0,0,No,0,Loyal (60m+),0,0.0009547855395140472,Low
6583-SZVGP,Male,No,No,No,48,Yes,Yes,Fiber optic,No,Yes,Yes,No,Yes,Yes,Two year,Yes,Bank transfer (automatic),108.1,5067.45,0,0,No,0,Established (37-60m),0,0.009005787738587146,Low
1708-PBBOA,Female,No,No,No,42,No,No phone service,DSL,Yes,Yes,Yes,Yes,No,Yes,One year,Yes,Electronic check,54.75,2348.45,2,0,No,0,Established (37-60m),2,0.05340580856178984,Low
8782-LKFPK,Male,No,No,No,44,Yes,Yes,Fiber optic,No,No,Yes,No,No,Yes,Month-to-month,Yes,Mailed check,90.4,4063.0,0,0,No,0,Established (37-60m),0,0.14230218885635165,Low
5522-JBWMO,Male,No,No,Yes,1,Yes,No,DSL,No,No,No,No,No,No,Month-to-month,No,Electronic check,44.0,44.0,0,0,No,0,New (0-12m),0,0.729016948302943,Critical
3597-MVHJT,Female,No,No,No,27,Yes,Yes,Fiber optic,No,No,No,No,Yes,Yes,Month-to-month,Yes,Bank transfer (automatic),95.6,2595.25,0,0,No,0,Mid (13-36m),0,0.41484294523205795,High
9774-NRNAU,Male,Yes,Yes,No,27,Yes,Yes,DSL,No,Yes,Yes,Yes,Yes,Yes,Month-to-month,Yes,Bank transfer (automatic),84.8,2309.55,0,0,No,0,Mid (13-36m),0,0.14008852781745026,Low
0224-RLWWD,Female,Yes,No,No,2,Yes,No,DSL,No,No,No,No,No,No,Month-to-month,Yes,Electronic check,44.3,89.3,0,0,No,0,New (0-12m),0,0.7991634509680262,Critical
9967-ATRFS,Female,No,No,No,19,Yes,No,No,No internet service,No internet service,No internet service,No internet service,No internet service,No internet service,Month-to-month,No,Mailed check,19.9,367.55,0,0,No,0,Mid (13-36m),0,0.2296096133885208,Low
3951-NJCVI,Female,Yes,Yes,No,42,Yes,Yes,Fiber optic,No,No,No,No,Yes,Yes,Month-to-month,Yes,Electronic check,95.05,3944.5,0,0,No,0,Established (37-60m),0,0.2689182037474352,Low
2977-CEBSX,Female,No,No,No,66,Yes,Yes,DSL,Yes,Yes,Yes,Yes,Yes,Yes,Two year,Yes,Credit card (automatic),90.05,5965.95,0,0,No,0,Loyal (60m+),0,0.0006290649738554614,Low
0177-PXBAT,Male,Yes,Yes,No,33,Yes,Yes,Fiber optic,Yes,No,Yes,Yes,Yes,Yes,Month-to-month,Yes,Bank transfer (automatic),109.9,3694.7,0,0,No,0,Mid (13-36m),0,0.20961653546075762,Low
2519-ERQOJ,Male,Yes,No,No,33,No,No phone service,DSL,No,No,Yes,Yes,Yes,Yes,Month-to-month,Yes,Electronic check,54.6,1803.7,0,0,No,0,Mid (13-36m),0,0.24452895667700003,Low
5876-QMYLD,Female,No,Yes,Yes,23,Yes,No,No,No internet service,No internet service,No internet service,No internet service,No internet service,No internet service,One year,No,Mailed check,20.05,415.1,4,0,No,0,Mid (13-36m),4,0.06657873792967821,Low
2277-AXSDC,Female,No,No,No,32,Yes,No,No,No internet service,No internet service,No internet service,No internet service,No internet service,No internet service,One year,No,Bank transfer (automatic),19.75,624.15,0,0,No,0,Mid (13-36m),0,0.05623483075129183,Low
9442-JTWDL,Female,No,No,No,11,Yes,No,No,No internet service,No internet service,No internet service,No internet service,No internet service,No internet service,One year,No,Credit card (automatic),20.05,237.7,0,0,No,0,New (0-12m),0,0.15015489434051424,Low
3067-SVMTC,Female,No,Yes,No,68,Yes,No,DSL,Yes,No,No,Yes,No,No,One year,No,Bank transfer (automatic),55.9,3848.8,0,0,No,0,Loyal (60m+),0,0.006273439670608013,Low
5495-GPSRW,Male,No,No,No,20,Yes,No,No,No internet service,No internet service,No internet service,No internet service,No internet service,No internet service,Two year,Yes,Mailed check,19.7,419.4,3,0,No,0,Mid (13-36m),3,0.025843323780734565,Low
7606-BPHHN,Male,No,No,No,72,Yes,No,No,No internet service,No internet service,No internet service,No internet service,No internet service,No internet service,Two year,Yes,Credit card (automatic),19.8,1468.75,0,0,No,0,Loyal (60m+),0,0.0015581603522714135,Low
4742-DRORA,Male,No,Yes,Yes,60,Yes,Yes,Fiber optic,Yes,No,Yes,No,Yes,No,One year,Yes,Bank transfer (automatic),95.4,5812.0,0,0,No,0,Established (37-60m),0,0.013152350134228543,Low
0111-KLBQG,Male,Yes,Yes,Yes,32,Yes,No,Fiber optic,No,Yes,No,No,Yes,Yes,Month-to-month,Yes,Mailed check,93.95,2861.45,0,0,No,0,Mid (13-36m),0,0.29748968494640154,Low
4163-NCJAK,Female,No,Yes,No,46,Yes,Yes,No,No internet service,No internet service,No internet service,No internet service,No internet service,No internet service,One year,Yes,Bank transfer (automatic),24.45,1066.15,0,0,No,0,Established (37-60m),0,0.02254116637659802,Low
5233-AOZUF,Female,No,Yes,No,29,Yes,Yes,Fiber optic,No,No,No,No,No,No,Month-to-month,Yes,Electronic check,74.95,2149.05,0,0,No,0,Mid (13-36m),0,0.5685824318990801,High
5973-EJGDP,Male,No,No,No,51,Yes,Yes,Fiber optic,No,Yes,Yes,Yes,No,No,Month-to-month,Yes,Electronic check,87.35,4473.0,0,0,No,0,Established (37-60m),0,0.12321496934571188,Low
1996-DBMUS,Female,Yes,Yes,No,48,Yes,No,Fiber optic,No,No,No,No,No,No,Month-to-month,Yes,Bank transfer (automatic),70.65,3545.05,0,0,No,0,Established (37-60m),0,0.23253752518415285,Low
7916-VCCPB,Female,No,Yes,Yes,16,Yes,No,Fiber optic,No,Yes,No,No,No,No,Month-to-month,No,Bank transfer (automatic),73.25,1195.75,5,0,No,0,Mid (13-36m),5,0.6768993417739918,High
4686-GEFRM,Male,No,Yes,No,70,Yes,Yes,Fiber optic,No,Yes,Yes,Yes,No,Yes,Two year,Yes,Bank transfer (automatic),98.7,6858.9,0,0,No,0,Loyal (60m+),0,0.001506528208799636,Low
5249-QYHEX,Female,No,Yes,Yes,40,Yes,Yes,No,No internet service,No internet service,No internet service,No internet service,No internet service,No internet service,Two year,Yes,Mailed check,24.8,1024.7,0,0,No,0,Established (37-60m),0,0.006779097987997528,Low
2233-FAGXV,Female,No,Yes,Yes,5,Yes,Yes,No,No internet service,No internet service,No internet service,No internet service,No internet service,No internet service,Month-to-month,Yes,Mailed check,24.3,132.25,0,0,No,0,New (0-12m),0,0.3281945633453332,Low
5605-IYGFG,Female,No,No,No,7,Yes,No,Fiber optic,No,No,No,No,No,No,Month-to-month,Yes,Bank transfer (automatic),69.85,515.45,0,0,No,0,New (0-12m),0,0.8396947328206044,Critical
7663-ZTEGJ,Male,No,No,Yes,29,Yes,Yes,Fiber optic,No,Yes,Yes,Yes,No,Yes,One year,No,Credit card (automatic),100.55,2830.45,5,0,No,0,Mid (13-36m),5,0.10893455063370423,Low
3935-TBRZZ,Male,No,Yes,Yes,44,Yes,Yes,No,No internet service,No internet service,No internet service,No internet service,No internet service,No internet service,One year,No,Mailed check,25.7,1110.5,2,0,No,0,Established (37-60m),2,0.01688473768242719,Low
8111-BKVDS,Female,No,No,No,10,No,No phone service,DSL,Yes,Yes,Yes,No,No,No,Month-to-month,No,Bank transfer (automatic),40.7,449.3,0,0,No,0,New (0-12m),0,0.5869150491012901,High
2055-SIFSS,Female,Yes,Yes,No,55,Yes,Yes,DSL,No,No,No,No,No,No,Month-to-month,No,Bank transfer (automatic),51.65,2838.55,0,0,No,0,Established (37-60m),0,0.06787035748172116,Low
2806-MLNTI,Male,Yes,Yes,No,52,Yes,Yes,Fiber optic,No,Yes,Yes,No,Yes,Yes,One year,Yes,Bank transfer (automatic),105.1,5376.4,0,0,No,0,Established (37-60m),0,0.027953985712855407,Low
8734-DKSTZ,Female,No,Yes,Yes,10,Yes,Yes,Fiber optic,No,No,No,No,No,Yes,Month-to-month,No,Electronic check,85.95,858.6,0,0,No,0,New (0-12m),0,0.7908008652203565,Critical
4360-PNRQB,Male,No,No,No,18,Yes,Yes,Fiber optic,No,No,No,No,No,No,Month-to-month,Yes,Bank transfer (automatic),75.6,1395.05,0,0,No,0,Mid (13-36m),0,0.6591451194682618,High
6152-ONASV,Female,No,Yes,No,68,Yes,Yes,DSL,Yes,No,No,Yes,No,No,One year,No,Bank transfer (automatic),58.25,3975.7,0,0,No,0,Loyal (60m+),0,0.005836033882266479,Low
7781-HVGMK,Female,No,Yes,Yes,72,No,No phone service,DSL,Yes,Yes,Yes,Yes,Yes,Yes,Two year,Yes,Credit card (automatic),65.2,4784.45,0,0,No,0,Loyal (60m+),0,0.0007793117741931127,Low
2181-UAESM,Male,No,No,No,2,Yes,No,DSL,Yes,No,Yes,No,No,No,Month-to-month,No,Electronic check,53.45,119.5,0,0,No,0,New (0-12m),0,0.7193924904611989,Critical
6048-NJXHX,Male,No,Yes,No,41,Yes,No,No,No internet service,No internet service,No internet service,No internet service,No internet service,No internet service,Two year,Yes,Electronic check,19.75,899.45,0,0,No,0,Established (37-60m),0,0.01212161824535136,Low
2320-SLKMB,Female,No,No,No,26,No,No phone service,DSL,No,No,Yes,Yes,Yes,No,Month-to-month,Yes,Credit card (automatic),44.45,1183.8,0,0,No,0,Mid (13-36m),0,0.271995019409179,Low
4980-URKXC,Male,No,Yes,No,36,Yes,No,No,No internet service,No internet service,No internet service,No internet service,No internet service,No internet service,One year,No,Bank transfer (automatic),20.85,720.05,0,0,No,0,Mid (13-36m),0,0.038627306453771194,Low
4376-KFVRS,Male,No,Yes,Yes,72,Yes,Yes,Fiber optic,Yes,Yes,Yes,Yes,Yes,Yes,Two year,Yes,Credit card (automatic),114.05,8468.2,0,0,No,0,Loyal (60m+),0,0.0005324993054451741,Low
5886-VLQVU,Male,No,Yes,No,35,Yes,Yes,Fiber optic,No,No,No,Yes,No,Yes,Month-to-month,Yes,Bank transfer (automatic),89.85,3161.2,0,0,No,0,Mid (13-36m),0,0.2318936482225912,Low
3577-AMVUX,Male,No,No,No,1,Yes,No,DSL,No,No,Yes,Yes,No,No,Month-to-month,No,Mailed check,55.05,55.05,0,0,No,0,New (0-12m),0,0.578748685292287,High
0771-WLCLA,Female,No,Yes,Yes,16,Yes,Yes,Fiber optic,Yes,No,Yes,Yes,Yes,Yes,Month-to-month,Yes,Electronic check,112.95,1882.55,0,0,No,0,Mid (13-36m),0,0.5353107494216975,High
5628-RKIFK,Female,Yes,No,No,49,Yes,Yes,Fiber optic,Yes,No,No,No,Yes,Yes,Month-to-month,No,Credit card (automatic),101.55,5070.4,0,0,No,0,Established (37-60m),0,0.10372518093039991,Low
0206-TBWLC,Female,No,Yes,No,54,Yes,Yes,Fiber optic,Yes,Yes,Yes,Yes,Yes,Yes,One year,Yes,Mailed check,114.65,6049.5,0,0,No,0,Established (37-60m),0,0.011780313435414979,Low
2937-FTHUR,Female,No,No,Yes,18,Yes,Yes,DSL,Yes,No,No,No,No,Yes,Month-to-month,No,Electronic check,64.8,1166.7,0,1,No,0,Mid (13-36m),1,0.7167990247450888,Critical
1910-FMXJM,Female,No,Yes,No,36,Yes,No,Fiber optic,No,No,No,No,No,Yes,Month-to-month,No,Electronic check,80.4,2937.65,0,0,No,0,Mid (13-36m),0,0.40217682412664013,High
0732-OCQOC,Female,No,Yes,Yes,52,Yes,Yes,No,No internet service,No internet service,No internet service,No internet service,No internet service,No internet service,Two year,Yes,Bank transfer (automatic),25.05,1270.25,0,0,No,0,Established (37-60m),0,0.0039046106578864864,Low
5168-MSWXT,Male,No,Yes,Yes,8,Yes,No,Fiber optic,No,No,Yes,No,Yes,Yes,Month-to-month,Yes,Electronic check,94.75,759.55,2,0,No,0,New (0-12m),2,0.7770042669234298,Critical
1090-ESELR,Male,No,Yes,Yes,72,Yes,No,Fiber optic,Yes,Yes,No,Yes,Yes,Yes,Two year,No,Bank transfer (automatic),105.5,7611.55,2,0,No,0,Loyal (60m+),2,0.0008397236465502342,Low
8592-PLTMQ,Female,No,No,No,64,Yes,Yes,No,No internet service,No internet service,No internet service,No internet service,No internet service,No internet service,One year,No,Mailed check,24.7,1642.75,5,0,No,0,Loyal (60m+),5,0.007396037849603622,Low
5760-WRAHC,Female,Yes,No,No,22,Yes,No,DSL,Yes,No,Yes,Yes,No,Yes,Month-to-month,Yes,Mailed check,69.75,1545.4,1,0,No,0,Mid (13-36m),1,0.2528458398550255,Low
8847-GEOOQ,Male,No,Yes,No,60,No,No phone service,DSL,No,Yes,Yes,Yes,Yes,Yes,Month-to-month,Yes,Bank transfer (automatic),60.2,3582.4,3,0,No,0,Established (37-60m),3,0.02341499592769624,Low
4785-FCIFB,Female,No,Yes,No,61,Yes,Yes,No,No internet service,No internet service,No internet service,No internet service,No internet service,No internet service,Two year,No,Mailed check,24.4,1417.9,0,0,No,0,Loyal (60m+),0,0.0025071154035846387,Low
8313-NDOIA,Female,No,No,No,24,Yes,Yes,Fiber optic,No,Yes,Yes,No,Yes,Yes,Month-to-month,Yes,Electronic check,104.15,2494.65,0,0,No,0,Mid (13-36m),0,0.5193300301088065,High
5149-CUZUJ,Male,No,Yes,Yes,28,Yes,No,Fiber optic,No,Yes,Yes,Yes,Yes,No,One year,No,Bank transfer (automatic),92.9,2768.35,0,0,No,0,Mid (13-36m),0,0.127135994731863,Low
0942-KOWSM,Female,No,Yes,Yes,30,Yes,No,DSL,No,Yes,Yes,Yes,Yes,Yes,Two year,No,Bank transfer (automatic),80.8,2369.3,0,0,No,0,Mid (13-36m),0,0.011447537341337823,Low
4237-CLSMM,Male,No,Yes,No,2,Yes,No,No,No internet service,No internet service,No internet service,No internet service,No internet service,No internet service,Month-to-month,No,Mailed check,20.0,38.0,0,0,No,0,New (0-12m),0,0.3952085323847499,Low
1452-VOQCH,Male,No,No,No,1,Yes,Yes,Fiber optic,No,No,No,No,No,No,Month-to-month,Yes,Electronic check,75.1,75.1,0,0,No,0,New (0-12m),0,0.9075600889490062,Critical
4719-UMSIY,Male,No,No,Yes,6,Yes,No,No,No internet service,No internet service,No internet service,No internet service,No internet service,No internet service,Month-to-month,No,Mailed check,19.65,100.9,0,0,No,0,New (0-12m),0,0.32517750372633597,Low
6614-VBEGU,Female,No,Yes,No,24,Yes,No,DSL,No,Yes,No,No,Yes,Yes,Month-to-month,Yes,Bank transfer (automatic),69.45,1614.05,0,0,No,0,Mid (13-36m),0,0.23977579360595908,Low
1480-BKXGA,Male,Yes,Yes,No,72,Yes,Yes,Fiber optic,Yes,Yes,Yes,Yes,Yes,Yes,Two year,Yes,Bank transfer (automatic),116.05,8404.9,0,6,No,0,Loyal (60m+),6,0.6892581706847581,High
2996-XAUVF,Male,No,No,No,70,No,No phone service,DSL,No,No,No,Yes,No,Yes,Two year,Yes,Mailed check,40.05,2799.75,0,0,No,0,Loyal (60m+),0,0.0024358955965702385,Low
9076-AXYIK,Male,Yes,Yes,No,64,Yes,Yes,Fiber optic,No,No,Yes,Yes,Yes,Yes,Two year,No,Electronic check,102.1,6538.45,0,0,No,0,Loyal (60m+),0,0.0037784773138011462,Low
5968-XQIVE,Male,No,Yes,Yes,72,Yes,Yes,Fiber optic,No,Yes,No,No,Yes,No,One year,Yes,Electronic check,89.7,6588.95,2,0,No,0,Loyal (60m+),2,0.008771085674388715,Low
8896-RAZCR,Female,No,No,Yes,44,Yes,No,No,No internet service,No internet service,No internet service,No internet service,No internet service,No internet service,Two year,No,Mailed check,19.9,868.1,0,0,No,0,Established (37-60m),0,0.006636324480566356,Low
4933-IKULF,Female,Yes,No,No,17,Yes,No,No,No internet service,No internet service,No internet service,No internet service,No internet service,No internet service,One year,No,Mailed check,20.65,330.6,0,0,No,0,Mid (13-36m),0,0.12951992979884952,Low
1304-BCCFO,Male,No,Yes,No,9,Yes,No,DSL,No,No,Yes,No,Yes,Yes,Month-to-month,Yes,Mailed check,70.05,564.4,0,0,No,0,New (0-12m),0,0.4265913807505604,High
4104-PVRPS,Male,No,Yes,No,24,Yes,No,DSL,Yes,No,No,Yes,No,No,Month-to-month,No,Mailed check,53.6,1315.35,0,0,No,0,Mid (13-36m),0,0.2214122910385041,Low
3780-DDGSE,Male,Yes,Yes,Yes,35,Yes,No,DSL,No,Yes,No,Yes,Yes,Yes,Month-to-month,Yes,Electronic check,76.05,2747.2,0,0,No,0,Mid (13-36m),0,0.11628790216146691,Low
4431-EDMIQ,Female,No,Yes,Yes,7,Yes,No,DSL,Yes,Yes,Yes,Yes,Yes,No,Month-to-month,Yes,Electronic check,75.7,554.05,2,0,No,0,New (0-12m),2,0.4859465554847342,High
0486-LGCCH,Male,No,Yes,Yes,11,Yes,No,No,No internet service,No internet service,No internet service,No internet service,No internet service,No internet service,Two year,No,Mailed check,19.65,225.75,0,0,No,0,New (0-12m),0,0.034412779702203876,Low
4612-SSVHJ,Female,Yes,No,No,20,Yes,No,Fiber optic,No,No,No,No,No,Yes,Month-to-month,Yes,Electronic check,81.45,1671.6,0,0,No,0,Mid (13-36m),0,0.7421378647210489,Critical
5168-MQQCA,Female,No,Yes,No,72,Yes,Yes,Fiber optic,No,Yes,Yes,Yes,Yes,Yes,One year,Yes,Bank transfer (automatic),108.5,8003.8,3,0,No,0,Loyal (60m+),3,0.003169588675534793,Low
7971-HLVXI,Male,No,Yes,Yes,72,Yes,Yes,Fiber optic,No,No,No,No,No,Yes,Two year,Yes,Credit card (automatic),84.5,6130.85,0,0,No,0,Loyal (60m+),0,0.002067782713688528,Low
9094-AZPHK,Female,No,No,No,15,Yes,Yes,Fiber optic,No,Yes,No,No,Yes,Yes,Month-to-month,Yes,Electronic check,100.15,1415.0,0,0,No,0,Mid (13-36m),0,0.7157541296793837,Critical
3649-JPUGY,Male,No,No,No,72,Yes,Yes,DSL,No,Yes,Yes,Yes,Yes,Yes,Two year,Yes,Bank transfer (automatic),88.6,6201.95,0,2,No,0,Loyal (60m+),2,0.005960299374858946,Low
4472-LVYGI,Female,No,Yes,Yes,0,No,No phone service,DSL,Yes,No,Yes,Yes,Yes,No,Two year,Yes,Bank transfer (automatic),52.55,0.0,0,0,No,0,New (0-12m),0,0.13684511630343638,Low
3552-CTCYF,Male,No,Yes,Yes,63,Yes,Yes,Fiber optic,No,Yes,Yes,No,Yes,Yes,Two year,Yes,Bank transfer (automatic),104.8,6597.25,0,0,No,0,Loyal (60m+),0,0.002239460837097189,Low
6778-YSNIH,Female,No,No,No,2,Yes,No,DSL,No,Yes,No,No,Yes,No,Month-to-month,Yes,Electronic check,59.0,114.15,0,0,No,0,New (0-12m),0,0.7239506086051654,Critical
5756-OZRIO,Male,Yes,Yes,No,61,Yes,Yes,DSL,No,Yes,No,No,No,Yes,One year,No,Bank transfer (automatic),64.05,3902.6,0,0,No,0,Loyal (60m+),0,0.010680365619694758,Low
6579-JPICP,Male,No,No,No,1,Yes,No,No,No internet service,No internet service,No internet service,No internet service,No internet service,No internet service,Month-to-month,No,Mailed check,20.4,20.4,0,0,No,0,New (0-12m),0,0.4210878698893815,High
4134-BSXLX,Male,No,Yes,No,28,Yes,No,DSL,Yes,Yes,No,Yes,No,No,Month-to-month,No,Mailed check,60.9,1785.65,0,0,No,0,Mid (13-36m),0,0.15397254797431884,Low
0505-SPOOW,Female,No,Yes,No,70,Yes,No,No,No internet service,No internet service,No internet service,No internet service,No internet service,No internet service,Two year,No,Bank transfer (automatic),19.8,1397.65,0,0,No,0,Loyal (60m+),0,0.0019408842798397808,Low
4374-YMUSQ,Male,No,No,No,34,Yes,Yes,Fiber optic,Yes,Yes,Yes,Yes,Yes,Yes,One year,No,Credit card (automatic),116.25,3899.05,0,0,No,0,Mid (13-36m),0,0.059909368015606625,Low
4513-CXYIX,Female,Yes,Yes,No,71,Yes,Yes,Fiber optic,Yes,No,No,No,No,No,Two year,Yes,Credit card (automatic),80.7,5676.0,2,0,No,0,Loyal (60m+),2,0.00418522446540074,Low
3957-HHLMR,Female,No,Yes,Yes,70,Yes,Yes,DSL,Yes,No,No,No,No,Yes,One year,No,Bank transfer (automatic),65.2,4543.15,0,0,No,0,Loyal (60m+),0,0.004222653213559247,Low
7803-XOCCZ,Female,No,Yes,Yes,52,Yes,No,Fiber optic,Yes,No,Yes,Yes,No,No,Month-to-month,Yes,Bank transfer (automatic),84.05,4326.8,0,0,No,0,Established (37-60m),0,0.0840106494488132,Low
5736-YEJAX,Male,No,No,Yes,69,Yes,Yes,DSL,Yes,Yes,Yes,Yes,Yes,No,Two year,Yes,Credit card (automatic),79.45,5502.55,5,0,No,0,Loyal (60m+),5,0.000569247520475841,Low
8981-FJGLA,Male,No,No,Yes,11,Yes,Yes,Fiber optic,No,No,Yes,No,No,No,Month-to-month,Yes,Mailed check,78.0,851.8,1,0,No,0,New (0-12m),1,0.7069783375933191,Critical
1135-LMECX,Female,No,No,No,1,Yes,No,No,No internet service,No internet service,No internet service,No internet service,No internet service,No internet service,Month-to-month,No,Mailed check,19.85,19.85,0,0,No,0,New (0-12m),0,0.44617774558509216,High
4332-MUOEZ,Male,Yes,Yes,Yes,20,Yes,No,Fiber optic,Yes,No,Yes,Yes,No,Yes,One year,No,Credit card (automatic),94.3,1818.3,0,0,No,0,Mid (13-36m),0,0.2512300962867831,Low
8535-SFUTN,Male,No,No,No,61,Yes,Yes,Fiber optic,Yes,No,Yes,No,Yes,Yes,Month-to-month,Yes,Electronic check,106.45,6300.15,0,0,No,0,Loyal (60m+),0,0.04306643966815496,Low
8677-HDZEE,Female,No,No,No,56,Yes,Yes,Fiber optic,No,Yes,No,Yes,Yes,Yes,Month-to-month,Yes,Bank transfer (automatic),105.45,5916.95,0,0,No,0,Established (37-60m),0,0.03992308050460814,Low
2475-MROZF,Male,No,No,No,30,Yes,Yes,Fiber optic,Yes,Yes,Yes,Yes,No,No,Month-to-month,Yes,Credit card (automatic),95.0,2852.4,4,0,No,0,Mid (13-36m),4,0.28394616437499426,Low
3482-ABPKK,Female,No,No,No,28,Yes,No,DSL,Yes,No,No,Yes,No,No,One year,No,Mailed check,54.3,1546.3,0,0,No,0,Mid (13-36m),0,0.08368035802983885,Low
6705-LXORM,Female,Yes,Yes,No,5,Yes,No,Fiber optic,No,No,No,No,No,No,Month-to-month,No,Electronic check,70.05,302.6,0,0,No,0,New (0-12m),0,0.9114683994151614,Critical
7531-GQHME,Male,No,No,No,12,Yes,No,No,No internet service,No internet service,No internet service,No internet service,No internet service,No internet service,Month-to-month,No,Credit card (automatic),20.05,265.45,0,0,No,0,New (0-12m),0,0.2935953060065219,Low
5174-ITUMV,Male,No,Yes,Yes,67,Yes,Yes,Fiber optic,No,Yes,Yes,No,Yes,Yes,One year,Yes,Electronic check,105.4,6989.45,0,0,No,0,Loyal (60m+),0,0.007981764522720503,Low
4109-CYRBD,Male,Yes,Yes,No,29,Yes,Yes,DSL,No,No,No,No,No,No,Month-to-month,Yes,Electronic check,51.6,1442.0,2,0,No,0,Mid (13-36m),2,0.3473376952313527,Low
0913-XWSCN,Male,No,Yes,Yes,55,Yes,Yes,Fiber optic,No,No,No,No,No,Yes,Month-to-month,No,Bank transfer (automatic),85.5,4713.4,0,0,No,0,Established (37-60m),0,0.07078522648195099,Low
0750-EBAIU,Male,No,No,No,52,Yes,No,Fiber optic,Yes,No,Yes,No,Yes,No,One year,No,Electronic check,91.25,4738.3,0,0,No,0,Established (37-60m),0,0.0494329430696688,Low
8606-CIQUL,Male,Yes,Yes,Yes,72,Yes,Yes,Fiber optic,Yes,Yes,Yes,Yes,Yes,Yes,Two year,Yes,Credit card (automatic),115.75,8399.15,0,0,No,0,Loyal (60m+),0,0.000659120819766224,Low
3571-DPYUH,Male,No,Yes,Yes,58,Yes,Yes,Fiber optic,No,Yes,No,Yes,Yes,No,One year,Yes,Credit card (automatic),94.7,5430.35,0,0,No,0,Established (37-60m),0,0.012747544492792173,Low
7601-GNDYK,Male,No,Yes,Yes,35,Yes,No,No,No internet service,No internet service,No internet service,No internet service,No internet service,No internet service,Two year,No,Mailed check,19.6,686.95,2,0,No,0,Mid (13-36m),2,0.009397892608617687,Low
0356-OBMAC,Female,Yes,No,No,56,Yes,Yes,Fiber optic,No,Yes,Yes,Yes,Yes,No,Two year,Yes,Bank transfer (automatic),99.9,5706.3,0,0,No,0,Established (37-60m),0,0.00615021856339361,Low
8067-NIOYM,Female,No,Yes,Yes,24,Yes,No,No,No internet service,No internet service,No internet service,No internet service,No internet service,No internet service,Two year,Yes,Credit card (automatic),21.1,490.65,0,0,No,0,Mid (13-36m),0,0.019312842268491066,Low
1403-GYAFU,Male,No,Yes,Yes,70,Yes,No,No,No internet service,No internet service,No internet service,No internet service,No internet service,No internet service,Two year,No,Credit card (automatic),20.05,1360.25,0,6,No,0,Loyal (60m+),6,0.797675620366949,Critical
4234-XTNEA,Male,No,No,No,2,Yes,No,Fiber optic,No,No,No,No,Yes,No,Month-to-month,Yes,Electronic check,79.95,174.45,0,0,No,0,New (0-12m),0,0.8945780469036957,Critical
1297-VQDRP,Male,Yes,Yes,Yes,68,Yes,Yes,Fiber optic,No,No,Yes,Yes,Yes,Yes,One year,Yes,Credit card (automatic),107.15,7379.8,0,0,No,0,Loyal (60m+),0,0.0043735871076357215,Low
5348-CAGXB,Male,No,No,No,12,Yes,Yes,Fiber optic,No,No,Yes,No,Yes,No,Month-to-month,Yes,Electronic check,89.55,1021.75,0,0,No,0,New (0-12m),0,0.7764149963635429,Critical
0621-HJWXJ,Female,No,Yes,No,63,Yes,Yes,Fiber optic,No,Yes,No,No,No,No,Month-to-month,Yes,Bank transfer (automatic),81.55,5029.05,1,0,No,0,Loyal (60m+),1,0.05891843737794085,Low
5844-QVTAT,Female,No,Yes,Yes,33,Yes,No,DSL,Yes,Yes,Yes,No,No,No,One year,Yes,Mailed check,58.45,1955.4,0,0,No,0,Mid (13-36m),0,0.055508936329387026,Low
8905-IAZPF,Female,No,Yes,No,69,Yes,No,Fiber optic,No,Yes,No,No,Yes,Yes,One year,Yes,Credit card (automatic),95.65,6744.2,0,0,No,0,Loyal (60m+),0,0.00752108825629675,Low
5394-MEITZ,Female,No,Yes,Yes,60,Yes,No,DSL,No,Yes,Yes,Yes,Yes,Yes,Two year,Yes,Bank transfer (automatic),80.6,4946.7,0,0,No,0,Established (37-60m),0,0.0011519247073892066,Low
6859-QNXIQ,Female,No,Yes,Yes,72,Yes,Yes,Fiber optic,Yes,Yes,Yes,Yes,Yes,Yes,Two year,Yes,Bank transfer (automatic),113.1,8248.5,0,0,No,0,Loyal (60m+),0,0.0006777021241607857,Low
2782-LFZVW,Female,No,No,No,11,Yes,Yes,DSL,No,No,No,No,No,Yes,Month-to-month,Yes,Mailed check,58.95,601.6,0,0,No,0,New (0-12m),0,0.4736015538230239,High
2866-IKBTM,Female,No,No,No,1,Yes,No,No,No internet service,No internet service,No internet service,No internet service,No internet service,No internet service,Month-to-month,No,Mailed check,19.55,19.55,0,0,No,0,New (0-12m),0,0.44718727706188965,High
7129-AZJDE,Male,No,Yes,Yes,34,Yes,No,Fiber optic,No,No,No,No,No,Yes,One year,Yes,Bank transfer (automatic),78.95,2647.2,5,0,No,0,Mid (13-36m),5,0.1426441671510149,Low
2560-PPCHE,Female,No,No,No,65,Yes,Yes,Fiber optic,No,Yes,No,Yes,Yes,Yes,One year,Yes,Bank transfer (automatic),105.05,6744.25,0,0,No,0,Loyal (60m+),0,0.007440934830671329,Low
4676-MQUEA,Male,Yes,Yes,No,50,Yes,Yes,Fiber optic,Yes,Yes,Yes,No,Yes,No,One year,Yes,Bank transfer (automatic),101.9,5265.5,0,4,No,0,Established (37-60m),4,0.870264870530697,Critical
8138-EALND,Male,No,No,No,15,Yes,No,No,No internet service,No internet service,No internet service,No internet service,No internet service,No internet service,Month-to-month,No,Mailed check,19.75,311.6,0,1,No,0,Mid (13-36m),1,0.5571336806345113,High
3580-HYCSP,Male,No,Yes,Yes,72,Yes,Yes,Fiber optic,Yes,Yes,Yes,No,Yes,Yes,Two year,Yes,Bank transfer (automatic),110.3,7966.9,2,0,No,0,Loyal (60m+),2,0.0008579081483490395,Low
1352-HNSAW,Female,No,Yes,Yes,72,Yes,Yes,Fiber optic,Yes,Yes,Yes,Yes,Yes,Yes,Two year,Yes,Bank transfer (automatic),115.6,8220.4,0,4,No,0,Loyal (60m+),4,0.1146016910534005,Low
2075-PUEPR,Male,No,Yes,Yes,55,Yes,No,No,No internet service,No internet service,No internet service,No internet service,No internet service,No internet service,Two year,No,Bank transfer (automatic),19.35,1153.25,0,0,No,0,Established (37-60m),0,0.003439229563923014,Low
1982-FEBTD,Female,No,Yes,Yes,23,Yes,Yes,No,No internet service,No internet service,No internet service,No internet service,No internet service,No internet service,Two year,Yes,Credit card (automatic),25.6,514.75,0,0,No,0,Mid (13-36m),0,0.01896026715241622,Low
5791-KAJFD,Female,No,Yes,Yes,56,Yes,Yes,DSL,Yes,No,Yes,No,No,Yes,One year,Yes,Bank transfer (automatic),68.75,3808.0,0,0,No,0,Established (37-60m),0,0.01009657207833413,Low
2654-VBVPB,Female,No,No,No,1,Yes,No,No,No internet service,No internet service,No internet service,No internet service,No internet service,No internet service,Month-to-month,No,Bank transfer (automatic),19.9,19.9,0,0,No,0,New (0-12m),0,0.4747510379098021,High
1154-HYWWO,Male,No,No,No,38,Yes,No,DSL,Yes,Yes,No,Yes,Yes,No,One year,No,Mailed check,70.6,2708.2,0,0,No,0,Established (37-60m),0,0.027293833530179324,Low
2501-XWWTZ,Male,No,No,No,11,Yes,No,Fiber optic,No,No,No,No,No,No,Month-to-month,No,Electronic check,70.2,760.05,1,0,No,0,New (0-12m),1,0.8370541765706874,Critical
3716-UVSPD,Male,No,No,No,1,Yes,No,DSL,No,No,No,Yes,No,No,Month-to-month,Yes,Electronic check,49.3,49.3,2,0,No,0,New (0-12m),2,0.7041297849223699,Critical
6815-ABQFQ,Male,No,Yes,No,56,Yes,Yes,Fiber optic,No,Yes,No,Yes,Yes,Yes,One year,Yes,Electronic check,107.25,6033.3,0,0,No,0,Established (37-60m),0,0.017171077654378853,Low
7343-EOBEU,Male,No,Yes,No,3,Yes,Yes,No,No internet service,No internet service,No internet service,No internet service,No internet service,No internet service,Month-to-month,Yes,Mailed check,23.6,89.05,0,0,No,0,New (0-12m),0,0.36844599082266827,Low
3701-SFMUH,Male,No,Yes,Yes,7,Yes,No,DSL,Yes,No,No,No,Yes,Yes,Month-to-month,No,Credit card (automatic),69.7,516.15,0,0,No,0,New (0-12m),0,0.4316982311470072,High
6103-LIANB,Male,No,Yes,Yes,59,Yes,Yes,Fiber optic,No,No,Yes,No,Yes,Yes,Two year,Yes,Credit card (automatic),99.5,5861.75,0,0,No,0,Established (37-60m),0,0.00348789368631023,Low
7319-VENRZ,Male,No,No,No,7,Yes,No,DSL,No,No,Yes,Yes,Yes,No,Month-to-month,No,Bank transfer (automatic),64.3,445.95,0,0,No,0,New (0-12m),0,0.4723538856555969,High
5846-NEQVZ,Male,No,Yes,Yes,71,Yes,No,DSL,Yes,No,Yes,Yes,No,Yes,Two year,Yes,Credit card (automatic),70.85,4973.4,0,0,No,0,Loyal (60m+),0,0.0006492960553403579,Low
6967-QIQRV,Male,No,Yes,Yes,15,Yes,No,Fiber optic,Yes,No,No,Yes,Yes,Yes,One year,No,Electronic check,101.9,1667.25,0,0,No,0,Mid (13-36m),0,0.33288583711662356,Low
5781-RFZRP,Male,No,Yes,No,71,Yes,Yes,DSL,Yes,Yes,No,Yes,Yes,No,Two year,No,Credit card (automatic),73.5,5357.75,0,0,No,0,Loyal (60m+),0,0.0006428997182463089,Low
0308-IVGOK,Female,No,No,No,11,No,No phone service,DSL,No,Yes,Yes,Yes,No,No,One year,Yes,Credit card (automatic),40.4,422.6,0,0,No,0,New (0-12m),0,0.277572453635457,Low
7293-LSCDV,Female,No,Yes,Yes,60,Yes,No,No,No internet service,No internet service,No internet service,No internet service,No internet service,No internet service,Two year,Yes,Credit card (automatic),19.25,1103.25,0,0,No,0,Established (37-60m),0,0.002833844556279475,Low
7025-WCBNE,Male,Yes,No,No,47,Yes,Yes,DSL,No,Yes,No,Yes,No,No,Two year,No,Bank transfer (automatic),59.6,2754.0,0,0,No,0,Established (37-60m),0,0.008113160762425709,Low
5756-JYOJT,Female,No,No,No,11,Yes,No,DSL,No,No,Yes,Yes,No,Yes,One year,No,Credit card (automatic),64.9,697.25,0,0,No,0,New (0-12m),0,0.20231512991422104,Low
6030-REHUX,Female,Yes,Yes,No,28,Yes,Yes,Fiber optic,No,Yes,Yes,Yes,Yes,Yes,Month-to-month,Yes,Electronic check,110.85,3204.4,0,0,No,0,Mid (13-36m),0,0.38106511207442373,Low
9548-LIGTA,Male,No,Yes,No,61,Yes,No,DSL,Yes,Yes,No,Yes,Yes,Yes,Two year,Yes,Mailed check,81.05,4747.65,4,0,No,0,Loyal (60m+),4,0.0010966164809509801,Low
5150-LJNSR,Male,No,Yes,Yes,31,Yes,Yes,Fiber optic,Yes,No,Yes,No,Yes,No,One year,No,Bank transfer (automatic),98.05,3082.1,0,0,No,0,Mid (13-36m),0,0.11478118463816102,Low
8270-RKSAP,Male,No,No,No,9,Yes,No,Fiber optic,No,No,No,No,No,No,Month-to-month,Yes,Electronic check,70.5,597.9,0,0,No,0,New (0-12m),0,0.85610120023778,Critical
6522-YRBXD,Male,Yes,Yes,No,35,Yes,Yes,Fiber optic,Yes,Yes,No,No,No,Yes,Month-to-month,Yes,Electronic check,94.55,3365.4,5,0,No,0,Mid (13-36m),5,0.3643331362151422,Low
2640-LYMOV,Male,No,No,No,2,Yes,No,No,No internet service,No internet service,No internet service,No internet service,No internet service,No internet service,Month-to-month,Yes,Mailed check,19.65,38.8,0,0,No,0,New (0-12m),0,0.4101729982478739,High
1423-BMPBQ,Female,No,Yes,Yes,1,Yes,No,No,No internet service,No internet service,No internet service,No internet service,No internet service,No internet service,Month-to-month,Yes,Mailed check,19.0,19.0,0,0,No,0,New (0-12m),0,0.3981109409253806,Low
2393-DIVAI,Female,No,No,No,3,Yes,No,No,No internet service,No internet service,No internet service,No internet service,No internet service,No internet service,Month-to-month,Yes,Mailed check,20.0,61.7,0,0,No,0,New (0-12m),0,0.41834154684910735,High
4568-KNYWR,Male,No,No,No,52,Yes,No,DSL,Yes,Yes,No,No,Yes,No,Two year,Yes,Credit card (automatic),63.25,3342.45,0,0,No,0,Established (37-60m),0,0.004652625529496455,Low
8752-IMQOS,Male,No,Yes,Yes,5,Yes,No,No,No internet service,No internet service,No internet service,No internet service,No internet service,No internet service,One year,No,Mailed check,20.1,85.1,0,0,No,0,New (0-12m),0,0.14831345809136962,Low
0742-LAFQK,Male,No,Yes,No,72,Yes,Yes,Fiber optic,Yes,Yes,Yes,No,No,Yes,Two year,Yes,Electronic check,99.15,7422.1,0,0,No,0,Loyal (60m+),0,0.00197041833131783,Low
0795-LAFGP,Male,No,Yes,Yes,71,Yes,Yes,DSL,Yes,Yes,Yes,Yes,Yes,Yes,Two year,No,Electronic check,90.4,6668.05,0,0,No,0,Loyal (60m+),0,0.00043695175013396377,Low
0619-OLYUR,Male,No,Yes,No,72,Yes,Yes,Fiber optic,Yes,No,Yes,Yes,Yes,Yes,Two year,Yes,Credit card (automatic),111.9,8071.05,0,0,No,0,Loyal (60m+),0,0.0007254210998227769,Low
5512-IDZEI,Male,No,Yes,Yes,46,Yes,Yes,No,No internet service,No internet service,No internet service,No internet service,No internet service,No internet service,One year,No,Electronic check,24.9,1174.8,3,0,No,0,Established (37-60m),3,0.024094666714506656,Low
0459-SPZHJ,Male,No,Yes,Yes,63,Yes,Yes,DSL,Yes,Yes,Yes,No,Yes,Yes,Two year,No,Credit card (automatic),83.5,5435.0,0,2,No,0,Loyal (60m+),2,0.01180158290496792,Low
0215-BQKGS,Male,No,No,No,30,Yes,No,Fiber optic,Yes,Yes,Yes,No,No,No,Month-to-month,Yes,Credit card (automatic),84.3,2438.6,0,0,No,0,Mid (13-36m),0,0.39028593797477457,Low
9244-ZVAPM,Male,No,No,No,1,Yes,No,DSL,No,No,No,No,No,No,Month-to-month,No,Mailed check,45.6,45.6,0,0,No,0,New (0-12m),0,0.6564918339501441,High
8208-EUMTE,Male,No,No,No,16,No,No phone service,DSL,Yes,Yes,Yes,Yes,Yes,No,Two year,No,Mailed check,54.85,916.15,0,0,No,0,Mid (13-36m),0,0.049467021618167295,Low
5172-MIGPM,Male,No,No,No,4,Yes,Yes,DSL,No,No,No,Yes,No,Yes,Month-to-month,No,Mailed check,65.55,237.2,0,0,No,0,New (0-12m),0,0.4929722417368879,High
1710-RCXUS,Male,No,Yes,No,51,Yes,Yes,Fiber optic,No,Yes,No,No,No,Yes,One year,Yes,Credit card (automatic),90.35,4614.55,0,0,No,0,Established (37-60m),0,0.034540085038813964,Low
0374-FIUCA,Male,No,Yes,No,65,Yes,No,No,No internet service,No internet service,No internet service,No internet service,No internet service,No internet service,Two year,Yes,Credit card (automatic),20.4,1414.45,0,0,No,0,Loyal (60m+),0,0.002090002897603891,Low
5839-SUYVZ,Male,No,No,No,16,Yes,No,Fiber optic,No,No,No,Yes,No,No,Month-to-month,Yes,Credit card (automatic),74.55,1170.5,0,0,No,0,Mid (13-36m),0,0.6413221163746021,High
5173-ZXXXL,Male,No,No,No,2,Yes,No,No,No internet service,No internet service,No internet service,No internet service,No internet service,No internet service,One year,No,Mailed check,19.95,47.7,0,0,No,0,New (0-12m),0,0.20129736469561324,Low
1096-ADRUX,Female,No,Yes,Yes,66,Yes,Yes,Fiber optic,No,No,No,No,No,No,One year,Yes,Bank transfer (automatic),74.25,4859.25,0,0,No,0,Loyal (60m+),0,0.019377897376732768,Low
2001-MCUUW,Male,No,No,No,46,Yes,Yes,Fiber optic,No,Yes,Yes,Yes,Yes,Yes,Two year,No,Electronic check,108.65,4903.2,0,0,No,0,Established (37-60m),0,0.012096414849401436,Low
2731-GJRDG,Female,No,No,No,32,Yes,Yes,Fiber optic,Yes,No,Yes,Yes,Yes,Yes,One year,Yes,Bank transfer (automatic),109.55,3608.0,0,0,No,0,Mid (13-36m),0,0.08994109942205648,Low
4723-BEGSG,Male,No,Yes,No,72,Yes,Yes,DSL,Yes,No,Yes,Yes,Yes,Yes,Two year,No,Credit card (automatic),86.65,6094.25,0,0,No,0,Loyal (60m+),0,0.0004041633611760601,Low
6516-NKQBO,Male,No,Yes,Yes,38,Yes,No,DSL,Yes,No,Yes,Yes,Yes,Yes,Two year,No,Credit card (automatic),81.0,3084.9,0,0,No,0,Established (37-60m),0,0.005256459619128456,Low
8672-OAUPW,Male,No,No,Yes,51,Yes,No,DSL,No,No,No,Yes,No,No,One year,No,Credit card (automatic),47.85,2356.75,0,0,No,0,Established (37-60m),0,0.020051900569589245,Low
8207-DMRVL,Male,No,Yes,Yes,72,Yes,Yes,Fiber optic,Yes,Yes,Yes,Yes,Yes,Yes,Two year,No,Bank transfer (automatic),114.55,8306.05,0,0,No,0,Loyal (60m+),0,0.0005934871266260823,Low
2804-ETQDK,Male,No,No,Yes,66,Yes,No,No,No internet service,No internet service,No internet service,No internet service,No internet service,No internet service,Two year,No,Mailed check,20.55,1357.1,1,0,No,0,Loyal (60m+),1,0.0017483060977297438,Low
6689-VRRTK,Female,Yes,No,No,44,Yes,Yes,Fiber optic,Yes,Yes,Yes,No,Yes,Yes,One year,Yes,Credit card (automatic),109.8,4860.35,4,0,No,0,Established (37-60m),4,0.0492163468481321,Low
7138-GIRSH,Male,No,No,No,50,Yes,Yes,DSL,No,No,Yes,Yes,No,Yes,Two year,No,Bank transfer (automatic),69.5,3418.2,0,0,No,0,Established (37-60m),0,0.004009946913332325,Low
9396-ZSFLL,Female,No,No,No,15,Yes,Yes,DSL,No,No,No,No,No,No,Month-to-month,No,Mailed check,48.85,631.4,3,0,No,0,Mid (13-36m),3,0.4559171857203211,High
6464-KEXXH,Male,No,No,No,8,No,No phone service,DSL,No,No,No,No,No,No,Month-to-month,Yes,Credit card (automatic),25.25,186.3,0,0,No,0,New (0-12m),0,0.6418657174453947,High
7134-MJPDY,Female,Yes,No,No,66,Yes,Yes,Fiber optic,No,No,Yes,Yes,Yes,Yes,One year,Yes,Credit card (automatic),102.85,6976.75,0,0,No,0,Loyal (60m+),0,0.007863592101534731,Low
5240-CAOYT,Female,No,No,No,57,Yes,Yes,Fiber optic,Yes,Yes,No,Yes,No,No,Month-to-month,Yes,Bank transfer (automatic),87.55,4884.85,0,0,No,0,Established (37-60m),0,0.06576268103973157,Low
4059-IIEBK,Female,No,No,No,7,Yes,Yes,Fiber optic,No,Yes,No,No,No,No,Month-to-month,Yes,Bank transfer (automatic),78.55,522.95,0,0,No,0,New (0-12m),0,0.8231589741263521,Critical
4881-JVQOD,Male,Yes,Yes,Yes,10,No,No phone service,DSL,No,No,No,No,No,Yes,Month-to-month,Yes,Bank transfer (automatic),34.55,362.6,1,0,No,0,New (0-12m),1,0.59176795588475,High
0516-UXRMT,Female,No,No,No,62,Yes,Yes,Fiber optic,Yes,Yes,Yes,No,No,No,One year,Yes,Electronic check,92.05,5755.8,3,0,No,0,Loyal (60m+),3,0.024270183662368647,Low
4851-BQDNX,Male,No,Yes,Yes,40,Yes,No,Fiber optic,No,No,Yes,No,Yes,No,One year,Yes,Electronic check,85.05,3355.65,3,0,No,0,Established (37-60m),3,0.11464729530985637,Low
5148-HKFIR,Female,No,No,No,20,Yes,No,No,No internet service,No internet service,No internet service,No internet service,No internet service,No internet service,Two year,No,Mailed check,19.7,406.95,0,0,No,0,Mid (13-36m),0,0.028449702936154803,Low
3003-CMDUU,Female,No,Yes,No,25,Yes,No,Fiber optic,No,No,No,Yes,Yes,Yes,Month-to-month,Yes,Electronic check,95.15,2395.7,2,0,No,0,Mid (13-36m),2,0.4803059371928201,High
5016-IBERQ,Male,No,Yes,No,23,Yes,Yes,Fiber optic,No,Yes,Yes,No,No,No,Month-to-month,No,Electronic check,84.25,1968.1,0,0,No,0,Mid (13-36m),0,0.6011602968464612,High
6797-UCJHZ,Female,Yes,Yes,No,66,Yes,Yes,Fiber optic,No,Yes,Yes,No,Yes,Yes,One year,No,Credit card (automatic),104.6,6819.45,0,0,No,0,Loyal (60m+),0,0.009323209165094807,Low
2469-DTSGX,Female,Yes,No,No,72,Yes,Yes,Fiber optic,No,Yes,Yes,Yes,Yes,Yes,Two year,No,Electronic check,111.65,7943.45,5,0,No,0,Loyal (60m+),5,0.0016596576197759137,Low
9931-KGHOA,Female,No,Yes,No,46,Yes,Yes,DSL,Yes,No,No,No,No,No,Month-to-month,No,Bank transfer (automatic),55.0,2473.95,0,0,No,0,Established (37-60m),0,0.0895913916864426,Low
1775-KWJKQ,Male,No,Yes,Yes,72,Yes,Yes,DSL,Yes,Yes,Yes,Yes,Yes,Yes,Two year,No,Credit card (automatic),89.85,6562.9,0,0,No,0,Loyal (60m+),0,0.00028578690541115496,Low
7665-VIGUD,Male,No,No,No,10,Yes,No,No,No internet service,No internet service,No internet service,No internet service,No internet service,No internet service,One year,No,Mailed check,20.35,176.3,1,0,No,0,New (0-12m),1,0.13983046894573842,Low
9411-TPQQV,Female,No,No,No,40,No,No phone service,DSL,Yes,No,No,Yes,Yes,Yes,One year,Yes,Bank transfer (automatic),54.55,2236.2,0,0,No,0,Established (37-60m),0,0.043388505493744574,Low
7954-MLBUN,Male,No,No,No,31,Yes,No,Fiber optic,No,No,Yes,Yes,Yes,Yes,Two year,No,Bank transfer (automatic),99.45,3109.9,0,1,No,0,Mid (13-36m),1,0.11948930457220897,Low
2077-DDHJK,Female,No,Yes,No,68,Yes,Yes,DSL,Yes,Yes,Yes,Yes,No,No,Two year,No,Credit card (automatic),70.9,4911.35,0,0,No,0,Loyal (60m+),0,0.000979956011076429,Low
9574-BOSMD,Male,No,Yes,Yes,68,Yes,Yes,No,No internet service,No internet service,No internet service,No internet service,No internet service,No internet service,Two year,No,Bank transfer (automatic),25.4,1620.2,0,0,No,0,Loyal (60m+),0,0.001445710260322493,Low
4908-XAXAY,Female,Yes,No,No,49,Yes,No,Fiber optic,No,Yes,Yes,No,No,Yes,One year,Yes,Bank transfer (automatic),89.85,4287.2,0,0,No,0,Established (37-60m),0,0.06351148466805856,Low
8404-VLQFB,Female,No,Yes,Yes,15,Yes,Yes,No,No internet service,No internet service,No internet service,No internet service,No internet service,No internet service,Month-to-month,Yes,Electronic check,25.25,394.85,0,0,No,0,Mid (13-36m),0,0.30308721639082165,Low
2391-IPLOP,Male,No,Yes,Yes,50,Yes,Yes,DSL,No,No,Yes,Yes,Yes,No,One year,Yes,Electronic check,69.65,3442.15,0,0,No,0,Established (37-60m),0,0.015904564988114846,Low
3509-GWQGF,Male,Yes,No,No,24,Yes,No,Fiber optic,No,No,No,No,No,No,Month-to-month,No,Credit card (automatic),70.0,1732.6,2,0,No,0,Mid (13-36m),2,0.6181108051164094,High
5845-BZZIB,Male,No,Yes,Yes,35,Yes,No,No,No internet service,No internet service,No internet service,No internet service,No internet service,No internet service,Two year,No,Mailed check,20.1,655.3,0,0,No,0,Mid (13-36m),0,0.009432426640231185,Low
1140-UKVZG,Female,No,No,No,17,Yes,Yes,No,No internet service,No internet service,No internet service,No internet service,No internet service,No internet service,Month-to-month,No,Mailed check,24.8,475.25,0,0,No,0,Mid (13-36m),0,0.2291610198282619,Low
5183-SNMJQ,Male,No,No,No,10,Yes,No,Fiber optic,No,No,No,Yes,Yes,Yes,Month-to-month,Yes,Credit card (automatic),95.1,865.1,4,0,No,0,New (0-12m),4,0.6684593052306678,High
8100-PNJMH,Male,No,Yes,Yes,68,Yes,Yes,DSL,Yes,Yes,Yes,Yes,Yes,Yes,Two year,Yes,Credit card (automatic),88.85,6132.7,0,0,No,0,Loyal (60m+),0,0.00040529832672765617,Low
7838-LAZFO,Male,No,Yes,No,45,Yes,No,DSL,Yes,Yes,Yes,No,Yes,Yes,One year,No,Bank transfer (automatic),78.8,3597.5,0,0,No,0,Established (37-60m),0,0.017022229675706508,Low
2085-JVGAD,Male,No,Yes,No,37,Yes,No,No,No internet service,No internet service,No internet service,No internet service,No internet service,No internet service,Month-to-month,No,Bank transfer (automatic),20.35,697.65,0,0,No,0,Established (37-60m),0,0.09610529310283762,Low
8095-WANWK,Female,No,No,No,10,Yes,No,DSL,No,No,No,No,No,No,Month-to-month,No,Mailed check,45.25,428.7,0,0,No,0,New (0-12m),0,0.5453188148720315,High
3030-ZKIWL,Male,No,No,No,1,Yes,No,No,No internet service,No internet service,No internet service,No internet service,No internet service,No internet service,Month-to-month,No,Mailed check,20.05,20.05,0,0,No,0,New (0-12m),0,0.4222499641773774,High
9565-FLVCG,Male,No,Yes,Yes,65,Yes,Yes,DSL,Yes,Yes,No,No,No,Yes,Two year,Yes,Mailed check,69.55,4459.15,0,0,No,0,Loyal (60m+),0,0.0012142337643525297,Low
8755-OGKNA,Female,No,Yes,Yes,57,Yes,No,No,No internet service,No internet service,No internet service,No internet service,No internet service,No internet service,Two year,No,Bank transfer (automatic),19.5,1167.6,0,0,No,0,Established (37-60m),0,0.0034058915343063005,Low
2800-VEQXM,Female,No,No,No,3,Yes,No,Fiber optic,No,No,Yes,No,No,No,Month-to-month,Yes,Mailed check,74.75,238.1,0,0,No,0,New (0-12m),0,0.8533798060510771,Critical
5533-RJFTJ,Male,No,No,No,49,No,No phone service,DSL,No,No,Yes,No,No,No,Month-to-month,Yes,Bank transfer (automatic),30.2,1453.1,0,0,No,0,Established (37-60m),0,0.1371826468889078,Low
0214-JHPFW,Female,No,Yes,No,70,No,No phone service,DSL,No,Yes,Yes,Yes,Yes,Yes,Two year,No,Bank transfer (automatic),57.8,4039.3,0,0,No,0,Loyal (60m+),0,0.0014959280981796444,Low
5642-MHDQT,Female,No,Yes,Yes,53,Yes,No,No,No internet service,No internet service,No internet service,No internet service,No internet service,No internet service,One year,Yes,Bank transfer (automatic),19.85,1039.45,0,0,No,0,Established (37-60m),0,0.014876845104667644,Low
3088-FVYWK,Male,No,Yes,Yes,53,Yes,Yes,No,No internet service,No internet service,No internet service,No internet service,No internet service,No internet service,Two year,No,Credit card (automatic),25.55,1336.1,0,0,No,0,Established (37-60m),0,0.003092825793628288,Low
9092-GDZKO,Male,No,No,No,22,Yes,Yes,No,No internet service,No internet service,No internet service,No internet service,No internet service,No internet service,Month-to-month,Yes,Credit card (automatic),24.85,493.4,0,0,No,0,Mid (13-36m),0,0.18164956836239285,Low
3729-OWRVL,Male,Yes,No,No,65,Yes,Yes,Fiber optic,Yes,No,Yes,Yes,Yes,Yes,Two year,Yes,Electronic check,110.35,7246.15,0,0,No,0,Loyal (60m+),0,0.002713771506797388,Low
2324-AALNO,Female,No,No,No,48,Yes,Yes,No,No internet service,No internet service,No internet service,No internet service,No internet service,No internet service,One year,No,Bank transfer (automatic),24.55,1203.95,3,0,No,0,Established (37-60m),3,0.0207154068527456,Low
5760-IFJOZ,Male,No,No,No,3,Yes,Yes,Fiber optic,No,Yes,Yes,No,Yes,Yes,Month-to-month,No,Mailed check,107.95,313.6,0,0,No,0,New (0-12m),0,0.7686688580757126,Critical
2826-UWHIS,Male,No,Yes,No,45,Yes,Yes,Fiber optic,No,Yes,No,No,No,No,Month-to-month,No,Bank transfer (automatic),81.4,3775.85,3,2,No,0,Established (37-60m),5,0.7434475817400991,Critical
7501-IWUNG,Female,No,Yes,Yes,61,Yes,No,DSL,No,No,Yes,Yes,Yes,Yes,Two year,Yes,Bank transfer (automatic),73.8,4616.05,3,0,No,0,Loyal (60m+),3,0.001337513529600119,Low
4957-TREIR,Male,No,No,No,3,Yes,No,DSL,Yes,No,No,Yes,Yes,No,Month-to-month,Yes,Credit card (automatic),64.4,195.65,0,0,No,0,New (0-12m),0,0.5257871217500576,High
7251-LJBQN,Female,Yes,No,No,40,Yes,Yes,Fiber optic,No,No,Yes,Yes,Yes,Yes,One year,Yes,Credit card (automatic),103.75,4188.4,1,0,No,0,Established (37-60m),1,0.0649597103607336,Low
8040-MNRTF,Female,No,No,No,1,Yes,No,Fiber optic,No,No,No,No,No,No,Month-to-month,No,Mailed check,71.1,71.1,2,0,No,0,New (0-12m),2,0.8767752664616013,Critical
1536-HBSWP,Female,No,No,No,1,Yes,No,DSL,No,No,No,Yes,No,No,Month-to-month,Yes,Electronic check,49.9,49.9,0,0,No,0,New (0-12m),0,0.7218319750684716,Critical
5313-FPXWG,Male,No,No,No,51,Yes,Yes,No,No internet service,No internet service,No internet service,No internet service,No internet service,No internet service,One year,Yes,Bank transfer (automatic),24.6,1266.4,0,0,No,0,Established (37-60m),0,0.016010105074274354,Low
0946-FKYTX,Male,No,No,No,52,No,No phone service,DSL,No,Yes,No,No,No,No,One year,No,Mailed check,30.1,1623.4,0,0,No,0,Established (37-60m),0,0.040555010362458385,Low
5076-YVXCM,Male,No,No,No,51,Yes,Yes,Fiber optic,No,No,No,No,No,Yes,Month-to-month,No,Bank transfer (automatic),83.4,4149.45,3,0,No,0,Established (37-60m),3,0.12367697243297987,Low
8262-COGGB,Male,No,No,No,1,Yes,No,No,No internet service,No internet service,No internet service,No internet service,No internet service,No internet service,Month-to-month,Yes,Mailed check,20.45,20.45,0,0,No,0,New (0-12m),0,0.42092192745457413,High
6663-JOCQO,Male,No,Yes,Yes,31,Yes,Yes,DSL,Yes,Yes,No,Yes,No,Yes,One year,Yes,Bank transfer (automatic),75.25,2344.5,5,0,No,0,Mid (13-36m),5,0.03671615174357687,Low
9620-QJREV,Male,No,No,Yes,47,Yes,No,No,No internet service,No internet service,No internet service,No internet service,No internet service,No internet service,One year,No,Credit card (automatic),20.55,1013.05,5,4,No,0,Established (37-60m),9,0.781821214152575,Critical
2682-KEVRP,Female,Yes,No,No,22,Yes,No,No,No internet service,No internet service,No internet service,No internet service,No internet service,No internet service,One year,Yes,Mailed check,20.05,417.0,0,0,No,0,Mid (13-36m),0,0.10248227611083564,Low
2480-JZOSN,Female,No,Yes,No,1,Yes,No,No,No internet service,No internet service,No internet service,No internet service,No internet service,No internet service,Month-to-month,Yes,Mailed check,20.65,20.65,3,0,No,0,New (0-12m),3,0.42926535597227083,High
0078-XZMHT,Male,No,Yes,No,72,Yes,Yes,DSL,No,Yes,Yes,Yes,Yes,Yes,Two year,Yes,Bank transfer (automatic),85.15,6316.2,0,0,No,0,Loyal (60m+),0,0.0004080206510661301,Low
9978-HYCIN,Male,Yes,Yes,Yes,47,Yes,No,Fiber optic,No,Yes,No,No,Yes,No,One year,Yes,Bank transfer (automatic),84.95,4018.05,4,0,No,0,Established (37-60m),4,0.060454052425601056,Low
8338-QIUNR,Male,No,Yes,Yes,72,Yes,Yes,DSL,Yes,No,Yes,Yes,No,No,Two year,Yes,Credit card (automatic),66.5,4811.6,0,0,No,0,Loyal (60m+),0,0.0006906649701878686,Low
1525-LNLOJ,Male,No,Yes,Yes,66,Yes,Yes,DSL,No,No,Yes,No,Yes,No,Two year,Yes,Bank transfer (automatic),63.3,4189.7,0,0,No,0,Loyal (60m+),0,0.001539966034849837,Low
9450-TRJUU,Male,No,No,No,35,Yes,Yes,Fiber optic,No,No,No,No,Yes,No,Month-to-month,No,Electronic check,83.15,2848.45,0,0,No,0,Mid (13-36m),0,0.4032944499878437,High
1766-GKNMI,Male,No,No,No,29,Yes,Yes,Fiber optic,No,No,No,No,No,Yes,Month-to-month,Yes,Electronic check,84.9,2516.2,0,0,No,0,Mid (13-36m),0,0.4967398627245184,High
6942-LBFDP,Female,No,No,No,2,Yes,No,No,No internet service,No internet service,No internet service,No internet service,No internet service,No internet service,Month-to-month,Yes,Mailed check,20.55,33.6,0,0,No,0,New (0-12m),0,0.4307442258586285,High
1456-TWCGB,Male,No,No,No,4,Yes,No,DSL,No,Yes,No,No,No,No,Month-to-month,No,Mailed check,49.25,208.45,0,0,No,0,New (0-12m),0,0.5985152128752756,High
7596-ZYWBB,Female,No,No,No,65,Yes,No,DSL,Yes,Yes,No,Yes,No,No,Two year,Yes,Mailed check,59.6,3739.8,0,2,No,0,Loyal (60m+),2,0.02646370201621996,Low
8329-UTMVM,Male,Yes,No,No,27,Yes,Yes,Fiber optic,No,Yes,No,Yes,Yes,Yes,One year,Yes,Bank transfer (automatic),104.65,2964.0,0,0,No,0,Mid (13-36m),0,0.1576959505278249,Low
3014-WJKSM,Male,No,Yes,No,29,Yes,No,Fiber optic,No,No,Yes,No,No,No,Month-to-month,Yes,Credit card (automatic),75.3,2263.4,0,0,No,0,Mid (13-36m),0,0.4309005181833283,High
3347-YJZZE,Male,No,Yes,Yes,29,Yes,Yes,DSL,No,Yes,Yes,No,Yes,Yes,Month-to-month,No,Credit card (automatic),80.1,2211.8,0,0,No,0,Mid (13-36m),0,0.1147527319268372,Low
7929-DMBCV,Female,No,Yes,No,20,Yes,No,Fiber optic,No,No,Yes,Yes,No,No,Month-to-month,Yes,Mailed check,81.0,1683.7,0,0,No,0,Mid (13-36m),0,0.5287988450209492,High
9661-JALZV,Female,No,No,No,58,Yes,Yes,No,No internet service,No internet service,No internet service,No internet service,No internet service,No internet service,Two year,Yes,Credit card (automatic),24.7,1519.0,0,0,No,0,Established (37-60m),0,0.00312544745329703,Low
5433-KYGHE,Female,No,No,Yes,14,Yes,Yes,Fiber optic,Yes,No,No,Yes,No,No,Month-to-month,Yes,Mailed check,86.0,1164.05,0,0,No,0,Mid (13-36m),0,0.6032411815875982,High
4312-KFRXN,Male,No,Yes,No,72,Yes,Yes,No,No internet service,No internet service,No internet service,No internet service,No internet service,No internet service,Two year,No,Mailed check,25.4,1710.9,0,0,No,0,Loyal (60m+),0,0.0011958586435529609,Low
5575-TPIZQ,Male,No,No,No,46,Yes,Yes,Fiber optic,Yes,No,No,No,Yes,No,Month-to-month,Yes,Credit card (automatic),89.15,4245.55,0,0,No,0,Established (37-60m),0,0.13198101077420057,Low
0114-IGABW,Female,No,Yes,No,71,No,No phone service,DSL,No,Yes,Yes,Yes,Yes,Yes,Two year,No,Bank transfer (automatic),58.25,4145.9,4,0,No,0,Loyal (60m+),4,0.0013677321106619373,Low
9944-AEXBM,Male,No,No,No,32,Yes,Yes,Fiber optic,No,No,No,No,No,Yes,Month-to-month,Yes,Bank transfer (automatic),85.65,2664.3,0,0,No,0,Mid (13-36m),0,0.36043198248844327,Low
1853-ARAAQ,Female,No,No,No,26,No,No phone service,DSL,No,No,Yes,No,Yes,Yes,Month-to-month,Yes,Credit card (automatic),50.35,1277.5,0,0,No,0,Mid (13-36m),0,0.290664101973343,Low
6952-OMNWB,Male,Yes,Yes,No,68,Yes,Yes,Fiber optic,No,No,Yes,No,No,No,Month-to-month,Yes,Credit card (automatic),80.35,5589.3,0,3,No,0,Loyal (60m+),3,0.6965213375114001,High
4697-LUPSU,Male,No,Yes,Yes,2,Yes,No,No,No internet service,No internet service,No internet service,No internet service,No internet service,No internet service,One year,No,Mailed check,20.2,34.75,0,0,No,0,New (0-12m),0,0.16993571135447758,Low
8434-VGEQQ,Male,No,Yes,Yes,61,Yes,No,No,No internet service,No internet service,No internet service,No internet service,No internet service,No internet service,Two year,No,Credit card (automatic),20.55,1305.95,0,0,No,0,Loyal (60m+),0,0.0022593626084749254,Low
6549-YMFAW,Male,Yes,Yes,No,9,Yes,No,No,No internet service,No internet service,No internet service,No internet service,No internet service,No internet service,Month-to-month,Yes,Mailed check,21.25,204.55,3,0,No,0,New (0-12m),3,0.34857597404620144,Low
4950-HKQTE,Female,No,No,No,22,Yes,Yes,No,No internet service,No internet service,No internet service,No internet service,No internet service,No internet service,Two year,No,Mailed check,26.25,605.9,0,0,No,0,Mid (13-36m),0,0.022299955726349376,Low
6786-OBWQR,Female,No,Yes,Yes,5,Yes,No,Fiber optic,No,No,No,No,Yes,No,Month-to-month,Yes,Electronic check,80.85,356.1,0,0,No,0,New (0-12m),0,0.858910033016854,Critical
2753-JMMCV,Male,No,No,No,65,Yes,Yes,DSL,No,Yes,Yes,Yes,No,Yes,Two year,Yes,Credit card (automatic),74.2,4805.65,0,0,No,0,Loyal (60m+),0,0.0010834655686719685,Low
6621-YOBKI,Male,No,No,No,5,Yes,No,No,No internet service,No internet service,No internet service,No internet service,No internet service,No internet service,Month-to-month,No,Mailed check,20.35,92.75,0,0,No,0,New (0-12m),0,0.3689170655543446,Low
1216-JWVUX,Male,No,Yes,Yes,25,Yes,No,Fiber optic,No,Yes,No,No,No,No,Month-to-month,Yes,Electronic check,75.5,1901.05,0,0,No,0,Mid (13-36m),0,0.5743819288204196,High
7564-GHCVB,Female,No,Yes,Yes,72,Yes,Yes,Fiber optic,Yes,No,No,No,No,No,Two year,No,Bank transfer (automatic),79.05,5730.7,0,0,No,0,Loyal (60m+),0,0.002961341543428049,Low
1173-NOEYG,Female,No,Yes,No,27,Yes,Yes,Fiber optic,No,No,Yes,No,No,Yes,Month-to-month,No,Bank transfer (automatic),90.15,2423.4,0,0,No,0,Mid (13-36m),0,0.4321195570891865,High
7595-EHCDL,Male,No,Yes,Yes,32,No,No phone service,DSL,No,No,Yes,No,Yes,Yes,Month-to-month,No,Credit card (automatic),50.6,1653.45,0,0,No,0,Mid (13-36m),0,0.16586468618174682,Low
6647-ZEDXT,Female,No,No,No,30,Yes,Yes,Fiber optic,No,Yes,Yes,Yes,Yes,Yes,One year,No,Credit card (automatic),110.45,3327.05,0,0,No,0,Mid (13-36m),0,0.09985725999652863,Low
2521-NPUZR,Male,No,Yes,No,70,Yes,No,Fiber optic,Yes,Yes,Yes,Yes,No,Yes,Two year,No,Credit card (automatic),101.0,7085.5,0,4,No,0,Loyal (60m+),4,0.19978673993431223,Low
1307-TVUFB,Male,Yes,No,No,42,Yes,Yes,Fiber optic,No,Yes,No,No,No,No,Month-to-month,Yes,Bank transfer (automatic),79.35,3344.1,5,0,No,0,Established (37-60m),5,0.2714132917888128,Low
7503-MIOGA,Female,Yes,Yes,No,72,Yes,Yes,DSL,Yes,Yes,Yes,Yes,Yes,Yes,Two year,Yes,Bank transfer (automatic),89.85,6697.35,0,0,No,0,Loyal (60m+),0,0.0004605255181329557,Low
4381-MHQDC,Female,No,No,No,47,Yes,Yes,DSL,Yes,No,Yes,Yes,No,No,Two year,Yes,Mailed check,65.0,2879.9,0,0,No,0,Established (37-60m),0,0.005745725654422039,Low
6923-JHPMP,Female,No,No,No,2,Yes,No,Fiber optic,Yes,No,Yes,No,No,No,Month-to-month,Yes,Electronic check,80.45,137.1,0,0,No,0,New (0-12m),0,0.9036662931324616,Critical
4018-PPNDW,Female,No,Yes,Yes,61,Yes,Yes,No,No internet service,No internet service,No internet service,No internet service,No internet service,No internet service,Two year,Yes,Mailed check,24.1,1551.6,0,0,No,0,Loyal (60m+),0,0.002072772969023174,Low
1635-FJFCC,Female,No,No,No,5,Yes,No,DSL,No,No,No,No,No,No,Month-to-month,Yes,Credit card (automatic),44.05,202.15,0,0,No,0,New (0-12m),0,0.638726131088006,High
2499-AJYUA,Female,Yes,Yes,No,72,Yes,Yes,Fiber optic,No,Yes,Yes,Yes,Yes,Yes,Two year,Yes,Credit card (automatic),110.8,7882.25,3,0,No,0,Loyal (60m+),3,0.001065196225139268,Low
6919-ELBGL,Male,Yes,Yes,Yes,72,Yes,Yes,Fiber optic,Yes,Yes,Yes,Yes,Yes,Yes,Two year,Yes,Bank transfer (automatic),114.95,8196.4,0,0,No,0,Loyal (60m+),0,0.0007573694463463366,Low
3966-HRMZA,Female,Yes,No,No,3,Yes,No,Fiber optic,No,No,Yes,No,No,No,Month-to-month,No,Mailed check,75.05,202.9,0,0,No,0,New (0-12m),0,0.8789313046784238,Critical
6425-JWTDV,Male,No,Yes,No,48,Yes,No,No,No internet service,No internet service,No internet service,No internet service,No internet service,No internet service,Two year,No,Mailed check,19.25,855.1,5,0,No,0,Established (37-60m),5,0.005525801550142963,Low
8405-IGQFX,Female,No,No,No,63,Yes,No,Fiber optic,No,No,Yes,Yes,Yes,No,One year,Yes,Credit card (automatic),90.05,5817.0,5,0,No,0,Loyal (60m+),5,0.012677399849938008,Low
8224-IVVPA,Female,No,No,No,27,Yes,No,DSL,Yes,Yes,No,No,No,No,Month-to-month,Yes,Mailed check,56.7,1652.95,0,0,No,0,Mid (13-36m),0,0.23116031990797722,Low
9477-LGWQI,Male,No,Yes,Yes,70,Yes,No,DSL,Yes,Yes,Yes,No,Yes,Yes,Two year,Yes,Credit card (automatic),80.15,5600.15,0,0,No,0,Loyal (60m+),0,0.0006004918729019013,Low
1410-RSCMR,Male,No,Yes,Yes,7,Yes,No,DSL,Yes,No,Yes,Yes,No,Yes,Month-to-month,Yes,Credit card (automatic),71.35,515.75,0,0,No,0,New (0-12m),0,0.37798320922122164,Low
3115-CZMZD,Male,No,No,Yes,0,Yes,No,No,No internet service,No internet service,No internet service,No internet service,No internet service,No internet service,Two year,No,Mailed check,20.25,0.0,5,0,No,0,New (0-12m),5,0.06459535091566444,Low
0139-IVFJG,Female,No,Yes,No,2,Yes,No,Fiber optic,Yes,Yes,No,No,Yes,No,Month-to-month,No,Electronic check,90.35,190.5,5,0,No,0,New (0-12m),5,0.8840956024960162,Critical
5730-DBDSI,Male,No,No,No,66,Yes,No,No,No internet service,No internet service,No internet service,No internet service,No internet service,No internet service,Two year,No,Bank transfer (automatic),19.7,1253.8,0,0,No,0,Loyal (60m+),0,0.0023863321138119036,Low
0030-FNXPP,Female,No,No,No,3,Yes,No,No,No internet service,No internet service,No internet service,No internet service,No internet service,No internet service,Month-to-month,No,Mailed check,19.85,57.2,0,0,No,0,New (0-12m),0,0.4191847784229218,High
5684-FJVYR,Female,No,Yes,Yes,72,Yes,Yes,Fiber optic,Yes,Yes,No,Yes,No,No,Two year,Yes,Bank transfer (automatic),90.35,6563.4,5,0,No,0,Loyal (60m+),5,0.0015892124174278872,Low
4013-GUXND,Male,No,No,No,1,Yes,No,No,No internet service,No internet service,No internet service,No internet service,No internet service,No internet service,Month-to-month,No,Mailed check,20.8,20.8,0,0,No,0,New (0-12m),0,0.41976083263541414,High
1266-NZYUI,Female,No,Yes,Yes,72,Yes,Yes,DSL,Yes,No,Yes,Yes,No,No,Two year,No,Bank transfer (automatic),66.85,4758.8,0,0,No,0,Loyal (60m+),0,0.0008180811130503345,Low
7969-FFOWG,Male,No,Yes,Yes,65,Yes,No,No,No internet service,No internet service,No internet service,No internet service,No internet service,No internet service,Two year,No,Mailed check,19.9,1292.6,5,0,No,0,Loyal (60m+),5,0.0017849596010859788,Low
4718-DHSMV,Female,No,No,No,11,No,No phone service,DSL,No,No,No,No,Yes,No,Month-to-month,Yes,Mailed check,35.8,363.15,0,0,No,0,New (0-12m),0,0.5695183296089829,High
5175-WLYXL,Male,No,No,No,22,Yes,Yes,Fiber optic,No,Yes,No,No,No,No,Month-to-month,Yes,Mailed check,78.85,1600.25,0,0,No,0,Mid (13-36m),0,0.5592017009909221,High
7817-OMJNA,Male,No,No,No,14,Yes,No,No,No internet service,No internet service,No internet service,No internet service,No internet service,No internet service,One year,No,Bank transfer (automatic),20.4,275.7,0,0,No,0,Mid (13-36m),0,0.12678360908880434,Low
8728-SKJLR,Male,No,No,No,41,Yes,No,Fiber optic,No,No,No,Yes,No,No,Month-to-month,Yes,Electronic check,74.25,3089.1,0,0,No,0,Established (37-60m),0,0.30008096856856287,Low
3137-NYQQI,Male,No,Yes,No,17,Yes,No,DSL,Yes,Yes,No,No,No,Yes,One year,No,Mailed check,64.8,1175.6,0,0,No,0,Mid (13-36m),0,0.13883309548688433,Low
7706-DZNKK,Male,No,No,No,11,Yes,No,No,No internet service,No internet service,No internet service,No internet service,No internet service,No internet service,Month-to-month,Yes,Credit card (automatic),20.45,237.3,0,0,No,0,New (0-12m),0,0.3046595750614632,Low
8823-RLPWL,Female,No,Yes,No,72,Yes,Yes,Fiber optic,Yes,Yes,Yes,No,Yes,Yes,Two year,Yes,Credit card (automatic),110.65,8065.65,1,0,No,0,Loyal (60m+),1,0.000993218854551252,Low
9505-SQFSW,Female,No,Yes,Yes,3,No,No phone service,DSL,No,Yes,No,No,No,Yes,Month-to-month,No,Mailed check,40.3,92.5,0,0,No,0,New (0-12m),0,0.6203222840321662,High
3758-CKOQL,Female,No,Yes,No,59,Yes,Yes,Fiber optic,Yes,Yes,Yes,Yes,No,Yes,One year,Yes,Credit card (automatic),107.0,6152.3,0,0,No,0,Established (37-60m),0,0.010433027241068836,Low
5676-CFLYY,Male,No,Yes,Yes,71,Yes,No,DSL,No,Yes,No,Yes,Yes,Yes,Two year,Yes,Credit card (automatic),73.35,5154.5,0,0,No,0,Loyal (60m+),0,0.0005920082000045825,Low
7521-AFHAB,Female,No,Yes,Yes,5,Yes,No,DSL,No,No,No,No,No,No,Month-to-month,No,Mailed check,44.8,220.45,0,0,No,0,New (0-12m),0,0.5723647138541909,High
0285-INHLN,Male,No,Yes,Yes,27,Yes,No,DSL,Yes,Yes,No,No,No,No,Month-to-month,Yes,Credit card (automatic),54.75,1510.3,0,1,No,0,Mid (13-36m),1,0.4849507081852656,High
5125-CNDSP,Male,No,No,Yes,63,No,No phone service,DSL,Yes,Yes,No,Yes,No,No,One year,Yes,Bank transfer (automatic),40.6,2588.95,0,0,No,0,Loyal (60m+),0,0.012208723231295843,Low
4992-LTJNE,Male,No,Yes,Yes,72,Yes,Yes,DSL,Yes,No,No,No,No,No,Two year,No,Bank transfer (automatic),55.3,3983.6,0,0,No,0,Loyal (60m+),0,0.0013665183759404241,Low
2202-OUTMO,Female,No,Yes,No,34,Yes,Yes,DSL,Yes,No,No,Yes,No,No,Month-to-month,Yes,Bank transfer (automatic),60.85,2003.6,0,0,No,0,Mid (13-36m),0,0.13501838347024134,Low
0810-BDHAW,Female,No,Yes,Yes,24,Yes,Yes,DSL,Yes,Yes,No,No,Yes,Yes,One year,No,Electronic check,78.4,1832.4,0,0,No,0,Mid (13-36m),0,0.10453233737059045,Low
0229-LFJAF,Male,No,No,No,72,Yes,Yes,DSL,Yes,Yes,Yes,Yes,No,No,Two year,No,Bank transfer (automatic),69.65,4908.25,1,0,No,0,Loyal (60m+),1,0.000841316275025402,Low
7131-ZQZNK,Female,No,Yes,Yes,60,No,No phone service,DSL,Yes,No,Yes,Yes,Yes,Yes,Two year,No,Credit card (automatic),59.85,3590.2,0,0,No,0,Established (37-60m),0,0.0022198326226075477,Low
3442-ZHHCC,Male,No,No,No,68,Yes,Yes,DSL,Yes,Yes,Yes,No,No,Yes,One year,Yes,Credit card (automatic),76.9,5023.0,0,0,No,0,Loyal (60m+),0,0.0035912556427221297,Low
5726-CVNYA,Female,No,Yes,Yes,8,Yes,No,No,No internet service,No internet service,No internet service,No internet service,No internet service,No internet service,Two year,Yes,Mailed check,19.85,146.6,0,0,No,0,New (0-12m),0,0.04437369786137319,Low
9871-ELEYA,Female,No,No,Yes,34,Yes,No,DSL,Yes,No,Yes,Yes,Yes,No,Two year,No,Credit card (automatic),67.65,2339.3,0,0,No,0,Mid (13-36m),0,0.011275482046203085,Low
4257-GAESD,Female,No,No,No,6,No,No phone service,DSL,No,No,No,No,Yes,Yes,Month-to-month,No,Credit card (automatic),45.0,298.7,0,0,No,0,New (0-12m),0,0.6169824105344232,High
5173-WXOQV,Male,No,Yes,No,2,Yes,No,DSL,No,Yes,No,Yes,No,Yes,Month-to-month,Yes,Mailed check,64.2,143.65,0,0,No,0,New (0-12m),0,0.5150861873572024,High
2040-OBMLJ,Male,No,No,No,31,Yes,Yes,Fiber optic,No,No,No,Yes,No,No,One year,No,Credit card (automatic),81.7,2548.65,0,0,No,0,Mid (13-36m),0,0.15369809901772666,Low
6286-ZHAOK,Female,No,Yes,Yes,20,Yes,Yes,No,No internet service,No internet service,No internet service,No internet service,No internet service,No internet service,Month-to-month,Yes,Bank transfer (automatic),25.55,507.4,0,0,No,0,Mid (13-36m),0,0.18644593922266725,Low
3807-XHCJH,Female,No,Yes,Yes,1,Yes,No,No,No internet service,No internet service,No internet service,No internet service,No internet service,No internet service,Month-to-month,No,Electronic check,20.0,20.0,0,0,No,0,New (0-12m),0,0.5110376421153777,High
5671-RQRLP,Female,Yes,Yes,No,70,Yes,Yes,Fiber optic,No,No,No,No,No,No,Two year,Yes,Credit card (automatic),75.65,5411.4,2,0,No,0,Loyal (60m+),2,0.00511983333817749,Low
8859-AXJZP,Male,No,Yes,Yes,39,Yes,Yes,No,No internet service,No internet service,No internet service,No internet service,No internet service,No internet service,Two year,Yes,Mailed check,23.8,903.8,0,0,No,0,Established (37-60m),0,0.0068264630590892696,Low
3174-AKMAS,Female,No,Yes,No,46,Yes,No,DSL,No,Yes,No,Yes,Yes,No,Two year,Yes,Credit card (automatic),64.2,3009.5,0,0,No,0,Established (37-60m),0,0.005820004669060801,Low
9926-PJHDQ,Female,No,Yes,Yes,72,Yes,Yes,DSL,No,No,Yes,No,Yes,Yes,Two year,Yes,Bank transfer (automatic),76.8,5468.45,0,0,No,0,Loyal (60m+),0,0.0006952454675394504,Low
7382-DFJTU,Male,No,No,No,18,Yes,No,DSL,No,No,Yes,Yes,No,No,Month-to-month,No,Credit card (automatic),55.2,1058.1,0,0,No,0,Mid (13-36m),0,0.31220342270082846,Low
2798-NYLMZ,Male,No,Yes,No,71,Yes,Yes,Fiber optic,Yes,No,Yes,Yes,Yes,Yes,Two year,Yes,Credit card (automatic),108.55,7616.0,0,0,No,0,Loyal (60m+),0,0.0009240123328321755,Low
8098-TDCBU,Female,No,Yes,No,42,Yes,Yes,No,No internet service,No internet service,No internet service,No internet service,No internet service,No internet service,Two year,No,Electronic check,25.25,1108.2,0,0,No,0,Established (37-60m),0,0.011029438729564732,Low
3551-GAEGL,Male,No,Yes,Yes,34,No,No phone service,DSL,Yes,No,No,No,No,No,One year,No,Bank transfer (automatic),30.4,938.65,0,0,No,0,Mid (13-36m),0,0.10369450873229596,Low
4785-NKHCX,Male,Yes,No,No,5,Yes,No,No,No internet service,No internet service,No internet service,No internet service,No internet service,No internet service,Month-to-month,No,Bank transfer (automatic),20.05,94.15,0,0,No,0,New (0-12m),0,0.44914079325030454,High
3196-NVXLZ,Female,No,No,No,25,Yes,Yes,Fiber optic,No,No,No,No,Yes,No,Month-to-month,Yes,Mailed check,84.6,2088.05,0,0,No,0,Mid (13-36m),0,0.48751828238655076,High
0036-IHMOT,Female,No,Yes,Yes,55,Yes,No,Fiber optic,No,Yes,Yes,Yes,Yes,Yes,One year,Yes,Bank transfer (automatic),103.7,5656.75,1,0,No,0,Established (37-60m),1,0.01420721399224981,Low
4178-EGMON,Male,No,Yes,No,70,Yes,Yes,Fiber optic,Yes,Yes,No,Yes,No,No,Two year,Yes,Credit card (automatic),88.0,5986.45,0,0,No,0,Loyal (60m+),0,0.002169331096718251,Low
4220-TINQT,Female,No,Yes,No,61,Yes,Yes,Fiber optic,No,No,Yes,Yes,Yes,Yes,Month-to-month,Yes,Electronic check,106.35,6751.35,3,0,No,0,Loyal (60m+),3,0.03193183277861425,Low
5318-YKDPV,Male,No,Yes,Yes,43,Yes,No,DSL,Yes,No,Yes,Yes,Yes,Yes,Two year,Yes,Credit card (automatic),79.15,3566.6,0,0,No,0,Established (37-60m),0,0.003610182211774574,Low
7975-TZMLR,Male,No,No,No,47,Yes,Yes,Fiber optic,No,Yes,Yes,No,Yes,Yes,One year,Yes,Electronic check,103.1,4889.3,0,0,No,0,Established (37-60m),0,0.05123138177961128,Low
0295-QVKPB,Male,No,No,No,5,Yes,No,DSL,No,No,Yes,Yes,Yes,No,Month-to-month,Yes,Credit card (automatic),63.95,318.1,0,0,No,0,New (0-12m),0,0.4928516553681731,High
4335-BSMJS,Female,No,No,No,62,Yes,Yes,No,No internet service,No internet service,No internet service,No internet service,No internet service,No internet service,Two year,Yes,Credit card (automatic),25.8,1563.95,0,0,No,0,Loyal (60m+),0,0.0024975913530768724,Low
9146-JRIOX,Female,No,Yes,Yes,14,Yes,Yes,No,No internet service,No internet service,No internet service,No internet service,No internet service,No internet service,Month-to-month,No,Mailed check,25.55,372.45,0,0,No,0,Mid (13-36m),0,0.22243599264905728,Low
5337-IIWKZ,Male,No,Yes,Yes,34,No,No phone service,DSL,No,No,Yes,Yes,Yes,No,Month-to-month,Yes,Electronic check,44.85,1442.6,0,0,No,0,Mid (13-36m),0,0.20561773195382194,Low
9650-VBUOG,Male,No,Yes,Yes,38,Yes,Yes,No,No internet service,No internet service,No internet service,No internet service,No internet service,No internet service,Two year,No,Credit card (automatic),25.05,963.95,0,0,No,0,Established (37-60m),0,0.007290360127520007,Low
3487-EARAT,Female,No,Yes,Yes,70,Yes,No,DSL,Yes,Yes,Yes,Yes,No,Yes,One year,No,Credit card (automatic),74.1,5222.3,1,0,No,0,Loyal (60m+),1,0.002313036692830508,Low
2672-TGEFF,Female,No,Yes,Yes,37,Yes,Yes,Fiber optic,No,Yes,No,No,Yes,No,Month-to-month,Yes,Electronic check,88.8,3340.55,0,0,No,0,Established (37-60m),0,0.30162097670195054,Low
4250-WAROZ,Male,Yes,Yes,Yes,60,Yes,Yes,Fiber optic,Yes,Yes,No,No,No,Yes,Month-to-month,Yes,Electronic check,93.25,5774.55,0,3,No,0,Established (37-60m),3,0.7784236260788987,Critical
8184-WMOFI,Male,No,Yes,Yes,62,Yes,No,DSL,Yes,No,Yes,Yes,No,Yes,One year,No,Credit card (automatic),71.4,4487.3,0,0,No,0,Loyal (60m+),0,0.004093417128512549,Low
6092-QZVPP,Male,No,No,No,36,Yes,No,DSL,Yes,No,Yes,Yes,Yes,Yes,Month-to-month,Yes,Credit card (automatic),79.2,2854.95,0,0,No,0,Mid (13-36m),0,0.07068352064716558,Low
4625-LAMOB,Male,No,No,No,44,Yes,No,No,No internet service,No internet service,No internet service,No internet service,No internet service,No internet service,Two year,No,Credit card (automatic),20.4,905.55,0,0,No,0,Established (37-60m),0,0.007263771556729977,Low
0392-BZIUW,Female,No,Yes,No,72,Yes,Yes,Fiber optic,Yes,No,Yes,No,Yes,Yes,Two year,Yes,Credit card (automatic),105.0,7589.8,0,0,No,0,Loyal (60m+),0,0.0012505469299416321,Low
6549-NNDYT,Female,No,No,No,13,No,No phone service,DSL,Yes,No,No,No,No,No,Month-to-month,Yes,Bank transfer (automatic),30.85,394.1,0,0,No,0,Mid (13-36m),0,0.5874628077149282,High
0422-OHQHQ,Female,No,Yes,Yes,15,Yes,No,No,No internet service,No internet service,No internet service,No internet service,No internet service,No internet service,One year,No,Mailed check,20.55,295.95,0,0,No,0,Mid (13-36m),0,0.0982318522888893,Low
6916-HIJSE,Female,No,No,No,65,Yes,No,DSL,Yes,Yes,Yes,Yes,Yes,Yes,Two year,Yes,Bank transfer (automatic),84.85,5459.2,0,0,No,0,Loyal (60m+),0,0.0008887011606434594,Low
2316-ESMLS,Female,No,Yes,Yes,12,No,No phone service,DSL,Yes,No,No,Yes,No,No,One year,No,Credit card (automatic),33.15,444.75,3,0,No,0,New (0-12m),3,0.24506335882040475,Low
9778-OGKQZ,Male,No,Yes,No,72,Yes,Yes,DSL,Yes,Yes,Yes,Yes,Yes,Yes,Two year,Yes,Credit card (automatic),92.0,6782.15,0,0,No,0,Loyal (60m+),0,0.0003006489888598255,Low
7408-OFWXJ,Female,No,Yes,Yes,72,Yes,Yes,DSL,Yes,Yes,Yes,Yes,Yes,Yes,Two year,No,Credit card (automatic),89.8,6510.45,0,0,No,0,Loyal (60m+),0,0.00031980712239056635,Low
6007-TCTST,Female,No,Yes,Yes,72,Yes,Yes,Fiber optic,Yes,Yes,Yes,Yes,Yes,Yes,Two year,Yes,Bank transfer (automatic),115.8,8476.5,5,0,No,0,Loyal (60m+),5,0.000606899351948279,Low
2252-NKNSI,Male,No,No,Yes,52,Yes,Yes,DSL,Yes,Yes,No,Yes,Yes,Yes,Two year,Yes,Mailed check,85.15,4461.85,5,0,No,0,Established (37-60m),5,0.0016121435063347518,Low
8713-IGZSO,Male,No,No,No,2,Yes,Yes,No,No internet service,No internet service,No internet service,No internet service,No internet service,No internet service,Month-to-month,No,Mailed check,24.85,62.0,5,0,No,0,New (0-12m),5,0.39175668490371485,Low
7905-TVXTA,Female,No,No,No,5,Yes,No,DSL,Yes,No,No,Yes,Yes,No,Month-to-month,Yes,Electronic check,64.35,352.65,0,0,No,0,New (0-12m),0,0.614675399815015,High
7695-PKLCZ,Female,No,No,No,68,Yes,No,No,No internet service,No internet service,No internet service,No internet service,No internet service,No internet service,Two year,No,Credit card (automatic),20.5,1424.9,0,0,No,0,Loyal (60m+),0,0.002092306033490441,Low
8374-UULRV,Male,No,No,No,72,Yes,Yes,DSL,Yes,Yes,No,Yes,Yes,Yes,Two year,No,Credit card (automatic),86.05,6309.65,0,0,No,0,Loyal (60m+),0,0.0004023033671073289,Low
3224-DFQNQ,Female,No,Yes,No,66,Yes,Yes,Fiber optic,Yes,Yes,No,Yes,No,No,One year,No,Electronic check,89.0,5898.6,0,0,No,0,Loyal (60m+),0,0.015445267149433079,Low
5275-PMFUT,Male,No,Yes,Yes,72,No,No phone service,DSL,Yes,Yes,Yes,Yes,Yes,Yes,Two year,Yes,Credit card (automatic),64.8,4719.75,0,0,No,0,Loyal (60m+),0,0.0007279519879965011,Low
4795-UXVCJ,Male,No,No,No,26,Yes,No,No,No internet service,No internet service,No internet service,No internet service,No internet service,No internet service,One year,No,Credit card (automatic),19.8,457.3,0,0,No,0,Mid (13-36m),0,0.06723679110113567,Low
9777-IQHWP,Male,No,Yes,Yes,64,Yes,Yes,Fiber optic,Yes,No,Yes,No,No,Yes,Two year,No,Bank transfer (automatic),93.4,5822.3,0,0,No,0,Loyal (60m+),0,0.0031938208980271813,Low
0979-MOZQI,Male,No,Yes,No,62,No,No phone service,DSL,No,No,No,Yes,Yes,No,Two year,Yes,Bank transfer (automatic),39.0,2337.45,5,0,No,0,Loyal (60m+),5,0.004492318197737938,Low
2732-ISEZX,Female,No,No,No,5,Yes,No,No,No internet service,No internet service,No internet service,No internet service,No internet service,No internet service,Month-to-month,Yes,Mailed check,20.5,104.3,0,0,No,0,New (0-12m),0,0.389850620533493,Low
0323-XWWTN,Male,No,No,Yes,3,Yes,Yes,No,No internet service,No internet service,No internet service,No internet service,No internet service,No internet service,Two year,Yes,Mailed check,26.4,121.25,0,0,No,0,New (0-12m),0,0.050169566465946586,Low
1937-OTUKY,Female,No,Yes,No,72,Yes,Yes,Fiber optic,Yes,No,Yes,Yes,Yes,No,Two year,Yes,Bank transfer (automatic),98.2,7015.9,0,6,No,0,Loyal (60m+),6,0.7972451836542679,Critical
1573-LGXBA,Male,No,Yes,Yes,57,Yes,No,Fiber optic,No,Yes,Yes,No,Yes,Yes,One year,Yes,Credit card (automatic),97.55,5598.0,0,0,No,0,Established (37-60m),0,0.014891253833399006,Low
1764-VUUMT,Male,No,No,Yes,66,Yes,No,No,No internet service,No internet service,No internet service,No internet service,No internet service,No internet service,Two year,No,Credit card (automatic),19.95,1269.1,2,6,No,0,Loyal (60m+),8,0.8397482122285943,Critical
4713-ZBURT,Male,No,No,Yes,45,Yes,Yes,Fiber optic,No,No,Yes,No,Yes,Yes,Two year,No,Bank transfer (automatic),99.7,4634.35,0,0,No,0,Established (37-60m),0,0.011521938082895642,Low
3050-GBUSH,Female,No,No,No,3,No,No phone service,DSL,No,No,No,No,Yes,No,Month-to-month,Yes,Credit card (automatic),34.8,113.95,0,0,No,0,New (0-12m),0,0.6941035913885999,High
7876-AEHIG,Female,No,No,Yes,51,No,No phone service,DSL,Yes,No,Yes,Yes,Yes,Yes,One year,No,Bank transfer (automatic),60.15,3077.0,0,0,No,0,Established (37-60m),0,0.01580868557007566,Low
7945-HLKEA,Female,No,No,No,60,Yes,Yes,DSL,Yes,No,Yes,Yes,No,No,One year,No,Electronic check,64.75,4039.5,0,0,No,0,Established (37-60m),0,0.0116500628941165,Low
9342-VNIMQ,Male,No,No,No,33,Yes,Yes,DSL,No,Yes,No,No,No,No,Month-to-month,Yes,Bank transfer (automatic),54.65,1665.2,0,0,No,0,Mid (13-36m),0,0.1898698660483833,Low
3523-BRGUW,Male,Yes,No,No,26,Yes,No,No,No internet service,No internet service,No internet service,No internet service,No internet service,No internet service,One year,No,Credit card (automatic),19.3,504.2,0,0,No,0,Mid (13-36m),0,0.08127483171667806,Low
3199-NPKCN,Female,No,Yes,No,67,Yes,Yes,Fiber optic,Yes,No,Yes,Yes,Yes,Yes,One year,Yes,Electronic check,111.25,7511.65,0,0,No,0,Loyal (60m+),0,0.006517155042662954,Low
5170-PTRKA,Female,No,Yes,Yes,49,No,No phone service,DSL,Yes,No,No,Yes,No,No,One year,Yes,Credit card (automatic),35.8,1782.0,3,0,No,0,Established (37-60m),3,0.0320927102873738,Low
4661-NJEUX,Male,No,No,No,1,Yes,No,No,No internet service,No internet service,No internet service,No internet service,No internet service,No internet service,Month-to-month,Yes,Mailed check,20.05,20.05,0,0,No,0,New (0-12m),0,0.4222499641773774,High
2123-AGEEN,Female,Yes,No,No,7,Yes,No,Fiber optic,No,No,Yes,No,Yes,No,Month-to-month,Yes,Electronic check,84.35,609.65,0,0,No,0,New (0-12m),0,0.8809377656295235,Critical
1258-YMZNM,Female,Yes,No,No,27,Yes,Yes,Fiber optic,Yes,Yes,Yes,No,Yes,Yes,One year,Yes,Bank transfer (automatic),110.5,2857.6,4,0,No,0,Mid (13-36m),4,0.19429596142205133,Low
0048-LUMLS,Male,No,Yes,Yes,37,Yes,No,Fiber optic,No,No,No,No,Yes,Yes,One year,No,Credit card (automatic),91.2,3247.55,0,0,No,0,Established (37-60m),0,0.08616763949193501,Low
5898-IGSLP,Male,No,Yes,Yes,31,Yes,Yes,Fiber optic,Yes,No,Yes,Yes,No,No,Month-to-month,No,Electronic check,89.3,2823.0,0,0,No,0,Mid (13-36m),0,0.3363109860472207,Low
6259-WJQLC,Male,Yes,No,No,32,Yes,Yes,Fiber optic,No,No,Yes,No,No,No,Month-to-month,Yes,Credit card (automatic),81.1,2619.25,0,0,No,0,Mid (13-36m),0,0.41411952968217947,High
7997-EASSD,Female,No,Yes,No,63,Yes,Yes,Fiber optic,No,No,No,Yes,No,No,One year,Yes,Credit card (automatic),81.2,4965.1,0,2,No,0,Loyal (60m+),2,0.20115173700233582,Low
0730-KOAVE,Male,No,No,No,30,Yes,Yes,Fiber optic,Yes,Yes,No,No,No,Yes,Month-to-month,Yes,Credit card (automatic),94.3,2679.7,0,0,No,0,Mid (13-36m),0,0.3412309305498834,Low
8975-SKGRX,Male,No,Yes,No,71,Yes,Yes,Fiber optic,Yes,Yes,Yes,Yes,Yes,Yes,Two year,Yes,Bank transfer (automatic),116.1,8310.55,0,0,No,0,Loyal (60m+),0,0.000708877361189455,Low
0678-RLHVP,Female,No,No,No,53,Yes,Yes,Fiber optic,No,Yes,Yes,No,Yes,Yes,Two year,No,Electronic check,105.55,5682.25,0,0,No,0,Established (37-60m),0,0.009356154099398752,Low
2267-FPIMA,Male,No,Yes,No,50,Yes,Yes,Fiber optic,Yes,Yes,No,No,No,Yes,Month-to-month,Yes,Credit card (automatic),94.4,4914.9,0,0,No,0,Established (37-60m),0,0.0812457370088798,Low
1051-GEJLJ,Female,No,No,No,2,Yes,No,No,No internet service,No internet service,No internet service,No internet service,No internet service,No internet service,Month-to-month,No,Mailed check,19.5,27.55,0,0,No,0,New (0-12m),0,0.43465469729923006,High
5285-MVEHD,Female,No,Yes,No,56,Yes,No,Fiber optic,Yes,Yes,Yes,No,Yes,Yes,One year,Yes,Credit card (automatic),105.6,6068.65,0,0,No,0,Established (37-60m),0,0.015393936317350842,Low
0379-DJQHR,Male,No,Yes,Yes,67,Yes,No,DSL,Yes,Yes,Yes,No,Yes,Yes,Two year,No,Credit card (automatic),81.35,5398.6,2,0,No,0,Loyal (60m+),2,0.0007308725150747806,Low
5543-QDCRY,Male,No,No,No,4,Yes,No,DSL,No,No,No,No,Yes,No,Month-to-month,Yes,Electronic check,56.4,234.85,5,0,No,0,New (0-12m),5,0.6828186377398487,High
0297-RBCSG,Male,No,No,No,19,Yes,No,DSL,No,Yes,No,Yes,No,Yes,One year,Yes,Bank transfer (automatic),65.35,1231.85,3,0,No,0,Mid (13-36m),3,0.12170970805553348,Low
4694-PHWFW,Female,No,No,Yes,8,Yes,No,No,No internet service,No internet service,No internet service,No internet service,No internet service,No internet service,Month-to-month,No,Mailed check,19.95,170.9,0,0,No,0,New (0-12m),0,0.3186378184484818,Low
0835-JKADZ,Female,No,No,No,71,Yes,Yes,Fiber optic,No,Yes,Yes,Yes,Yes,Yes,Two year,Yes,Electronic check,111.25,7984.15,0,0,No,0,Loyal (60m+),0,0.0013969730529252533,Low
7508-SMHXL,Female,Yes,No,No,15,Yes,Yes,Fiber optic,No,Yes,No,No,Yes,No,Month-to-month,No,Credit card (automatic),89.0,1288.3,0,0,No,0,Mid (13-36m),0,0.7128019113701343,Critical
3865-YIOTT,Male,No,Yes,Yes,72,Yes,Yes,Fiber optic,Yes,No,Yes,No,Yes,Yes,One year,Yes,Bank transfer (automatic),106.1,7848.5,0,0,No,0,Loyal (60m+),0,0.00329327909520605,Low
5993-BQHEA,Male,No,No,No,12,Yes,No,No,No internet service,No internet service,No internet service,No internet service,No internet service,No internet service,One year,No,Credit card (automatic),20.05,267.0,0,0,No,0,New (0-12m),0,0.13163812574267406,Low
6024-RUGGH,Male,No,Yes,Yes,72,Yes,Yes,No,No internet service,No internet service,No internet service,No internet service,No internet service,No internet service,Two year,Yes,Bank transfer (automatic),25.2,1798.9,0,0,No,0,Loyal (60m+),0,0.0011247843931737173,Low
3956-CJUST,Female,Yes,No,No,23,Yes,No,Fiber optic,Yes,No,No,No,No,No,Month-to-month,Yes,Bank transfer (automatic),75.4,1643.55,0,0,No,0,Mid (13-36m),0,0.6557943942476258,High
4079-WWQQQ,Male,No,No,No,72,No,No phone service,DSL,Yes,Yes,Yes,Yes,Yes,Yes,Two year,Yes,Bank transfer (automatic),65.55,4807.45,0,0,No,0,Loyal (60m+),0,0.0009181182882445749,Low
6103-BOCOU,Female,No,No,No,26,Yes,Yes,Fiber optic,No,No,Yes,No,No,No,Month-to-month,Yes,Electronic check,80.7,2193.0,0,0,No,0,Mid (13-36m),0,0.5962346921893206,High
5149-TGWDZ,Female,No,No,No,21,Yes,No,Fiber optic,No,Yes,Yes,Yes,Yes,Yes,One year,Yes,Mailed check,104.55,2239.4,0,0,No,0,Mid (13-36m),0,0.2012651390690832,Low
7471-WNSUF,Male,No,Yes,No,60,Yes,Yes,No,No internet service,No internet service,No internet service,No internet service,No internet service,No internet service,One year,No,Bank transfer (automatic),24.15,1505.9,0,0,No,0,Established (37-60m),0,0.009115953723652403,Low
8942-DBMHZ,Male,No,No,No,12,Yes,No,No,No internet service,No internet service,No internet service,No internet service,No internet service,No internet service,Month-to-month,No,Mailed check,20.45,255.35,2,0,No,0,New (0-12m),2,0.28219586146895864,Low
4301-VVZKA,Male,No,Yes,No,16,Yes,Yes,Fiber optic,No,No,No,No,No,No,Month-to-month,Yes,Electronic check,75.4,1189.4,0,0,No,0,Mid (13-36m),0,0.7548629667836443,Critical
9199-PWQVC,Female,No,Yes,No,63,Yes,Yes,DSL,Yes,Yes,No,No,Yes,Yes,One year,Yes,Credit card (automatic),79.7,4786.15,3,0,No,0,Loyal (60m+),3,0.0049465385659283835,Low
4824-GUCBY,Female,Yes,No,No,22,Yes,No,Fiber optic,Yes,Yes,No,No,No,No,Month-to-month,No,Electronic check,81.7,1820.9,3,0,No,0,Mid (13-36m),3,0.7124258219347677,Critical
5393-HJZSM,Female,No,Yes,Yes,32,Yes,No,DSL,Yes,Yes,Yes,Yes,No,Yes,Month-to-month,No,Bank transfer (automatic),76.3,2404.15,0,0,No,0,Mid (13-36m),0,0.09563248577349026,Low
0862-PRCBS,Female,No,Yes,Yes,68,Yes,Yes,Fiber optic,No,Yes,No,Yes,Yes,Yes,Two year,Yes,Credit card (automatic),103.75,7039.45,0,0,No,0,Loyal (60m+),0,0.001301181894892653,Low
8812-ZRHFP,Female,No,Yes,Yes,30,Yes,No,Fiber optic,No,No,Yes,No,No,Yes,One year,No,Electronic check,86.45,2538.05,0,0,No,0,Mid (13-36m),0,0.22937802056789033,Low
5146-CBVOE,Female,No,No,No,16,Yes,No,Fiber optic,No,Yes,No,No,No,No,Month-to-month,No,Bank transfer (automatic),75.1,1212.85,0,0,No,0,Mid (13-36m),0,0.7146698931474647,Critical
0454-OKRCT,Male,No,No,No,33,Yes,No,Fiber optic,No,Yes,No,Yes,No,No,Two year,No,Bank transfer (automatic),80.6,2651.1,0,0,No,0,Mid (13-36m),0,0.04682057055457301,Low
5787-KXGIY,Male,No,Yes,No,72,Yes,No,No,No internet service,No internet service,No internet service,No internet service,No internet service,No internet service,Two year,No,Credit card (automatic),19.3,1304.8,0,0,No,0,Loyal (60m+),0,0.001561916993712043,Low
4198-VFOEA,Female,No,No,No,12,No,No phone service,DSL,Yes,No,No,Yes,No,No,One year,Yes,Mailed check,33.6,435.45,0,0,No,0,New (0-12m),0,0.27431013761005957,Low
6630-UJZMY,Female,Yes,Yes,No,4,Yes,Yes,Fiber optic,No,No,No,No,Yes,No,Month-to-month,Yes,Electronic check,83.25,308.05,0,0,No,0,New (0-12m),0,0.9005545783558241,Critical
5709-LVOEQ,Female,No,Yes,Yes,0,Yes,No,DSL,Yes,Yes,Yes,No,Yes,Yes,Two year,No,Mailed check,80.85,0.0,0,0,No,0,New (0-12m),0,0.10601269155457489,Low
2692-AQCPF,Female,No,Yes,No,65,Yes,Yes,Fiber optic,No,Yes,Yes,Yes,Yes,Yes,One year,Yes,Credit card (automatic),108.05,7118.9,0,0,No,0,Loyal (60m+),0,0.005621079178657002,Low
0347-UBKUZ,Female,No,No,No,15,Yes,No,No,No internet service,No internet service,No internet service,No internet service,No internet service,No internet service,Month-to-month,No,Mailed check,19.9,320.45,0,0,No,0,Mid (13-36m),0,0.2690297372183697,Low
0835-DUUIQ,Female,No,No,Yes,24,Yes,No,No,No internet service,No internet service,No internet service,No internet service,No internet service,No internet service,One year,No,Bank transfer (automatic),21.05,531.55,0,0,No,0,Mid (13-36m),0,0.07128172655765583,Low
0811-GSDTP,Female,No,No,Yes,13,No,No phone service,DSL,No,Yes,No,No,No,No,Month-to-month,No,Electronic check,30.15,382.2,0,0,No,0,Mid (13-36m),0,0.6390193407567891,High
7567-ECMCM,Male,No,No,No,24,Yes,No,Fiber optic,No,No,No,No,No,Yes,Month-to-month,Yes,Credit card (automatic),79.85,2001.0,0,0,No,0,Mid (13-36m),0,0.5123559980955119,High
6115-ZTBFQ,Female,No,Yes,No,72,No,No phone service,DSL,Yes,Yes,Yes,Yes,Yes,Yes,Two year,No,Bank transfer (automatic),65.5,4919.7,0,0,No,0,Loyal (60m+),0,0.00091888157362507,Low
6353-BRMMA,Female,No,Yes,Yes,54,Yes,Yes,Fiber optic,Yes,Yes,No,No,Yes,Yes,Month-to-month,Yes,Bank transfer (automatic),104.1,5645.8,0,0,No,0,Established (37-60m),0,0.04819595292664661,Low
6231-WFGFH,Male,No,Yes,Yes,4,Yes,No,No,No internet service,No internet service,No internet service,No internet service,No internet service,No internet service,Month-to-month,Yes,Mailed check,20.5,77.6,0,0,No,0,New (0-12m),0,0.33318765090092695,Low
9904-EHEVJ,Female,Yes,Yes,Yes,32,Yes,Yes,Fiber optic,No,No,Yes,No,Yes,No,Month-to-month,Yes,Mailed check,91.35,2896.55,0,0,No,0,Mid (13-36m),0,0.3226737532811765,Low
6169-PPETC,Male,No,Yes,Yes,35,Yes,No,No,No internet service,No internet service,No internet service,No internet service,No internet service,No internet service,Two year,No,Bank transfer (automatic),20.5,759.35,5,0,No,0,Mid (13-36m),5,0.010173629758713517,Low
8584-KMVXD,Female,No,No,No,8,Yes,No,Fiber optic,No,Yes,No,No,No,No,Month-to-month,No,Electronic check,75.6,535.55,0,0,No,0,New (0-12m),0,0.8675511137156477,Critical
8467-WYNSR,Male,No,No,No,22,Yes,No,DSL,Yes,No,No,Yes,No,No,Month-to-month,No,Mailed check,55.1,1253.15,0,0,No,0,Mid (13-36m),0,0.24947041963554412,Low
0851-DFJKB,Female,No,No,No,15,Yes,No,DSL,Yes,No,Yes,Yes,No,No,Month-to-month,No,Electronic check,58.95,955.15,0,0,No,0,Mid (13-36m),0,0.4632854073461147,High
5382-SOYZL,Male,No,No,No,22,Yes,Yes,Fiber optic,No,No,No,No,Yes,Yes,Month-to-month,Yes,Electronic check,95.1,2162.6,0,0,No,0,Mid (13-36m),0,0.5767048079505305,High
3261-CQXOL,Female,No,Yes,Yes,71,Yes,Yes,No,No internet service,No internet service,No internet service,No internet service,No internet service,No internet service,Two year,No,Bank transfer (automatic),25.45,1813.35,0,0,No,0,Loyal (60m+),0,0.0012878427237313498,Low
8388-FYNPZ,Male,No,No,No,4,Yes,No,DSL,Yes,No,Yes,No,No,No,Month-to-month,No,Electronic check,56.75,245.15,0,0,No,0,New (0-12m),0,0.681079544439228,High
4002-BQWPQ,Male,No,No,No,25,Yes,Yes,DSL,Yes,Yes,Yes,Yes,No,Yes,Month-to-month,No,Bank transfer (automatic),81.75,2028.8,0,0,No,0,Mid (13-36m),0,0.1493005935330854,Low
5651-YLPRD,Female,No,Yes,Yes,32,Yes,No,Fiber optic,No,Yes,No,No,Yes,No,Month-to-month,Yes,Electronic check,86.1,2723.75,0,0,No,0,Mid (13-36m),0,0.41153842847510824,High
2826-DXLQO,Male,Yes,Yes,No,7,No,No phone service,DSL,Yes,No,No,No,No,No,Month-to-month,No,Bank transfer (automatic),29.8,220.45,0,0,No,0,New (0-12m),0,0.6853576771779006,High
4378-BZYFP,Male,No,No,No,17,Yes,No,No,No internet service,No internet service,No internet service,No internet service,No internet service,No internet service,One year,Yes,Mailed check,20.5,365.8,0,0,No,0,Mid (13-36m),0,0.09771395600081903,Low
9489-UTFKA,Male,Yes,Yes,No,8,Yes,No,DSL,Yes,No,No,No,Yes,No,Month-to-month,No,Bank transfer (automatic),60.9,551.95,0,0,No,0,New (0-12m),0,0.5518064379835148,High
4849-PYRLQ,Female,Yes,No,No,56,Yes,Yes,DSL,Yes,No,Yes,Yes,No,Yes,Two year,No,Bank transfer (automatic),73.25,4054.2,1,0,No,0,Established (37-60m),1,0.0031477972698593175,Low
7764-BDPEE,Male,No,No,Yes,3,Yes,No,No,No internet service,No internet service,No internet service,No internet service,No internet service,No internet service,Month-to-month,No,Mailed check,20.85,60.65,5,0,No,0,New (0-12m),5,0.3575095408268179,Low
3429-IFLEM,Female,No,No,No,71,Yes,No,DSL,Yes,Yes,Yes,Yes,Yes,No,Two year,No,Credit card (automatic),77.35,5550.1,0,0,No,0,Loyal (60m+),0,0.0006681052820553406,Low
5002-GCQFH,Male,No,Yes,No,49,Yes,Yes,Fiber optic,Yes,Yes,No,No,Yes,No,Month-to-month,Yes,Bank transfer (automatic),93.85,4733.1,2,0,No,0,Established (37-60m),2,0.09554141748235458,Low
0556-FJEGU,Male,No,No,No,58,Yes,No,DSL,No,Yes,Yes,Yes,Yes,No,Two year,No,Bank transfer (automatic),70.1,4048.95,0,0,No,0,Established (37-60m),0,0.0021930381453184825,Low
0604-THJFP,Female,No,Yes,Yes,59,Yes,No,DSL,No,Yes,No,Yes,Yes,Yes,Two year,Yes,Credit card (automatic),75.95,4542.35,0,0,No,0,Established (37-60m),0,0.0013798138206963285,Low
5879-SESNB,Female,No,No,No,11,Yes,Yes,Fiber optic,No,No,No,No,No,No,Month-to-month,No,Electronic check,75.25,888.65,0,0,No,0,New (0-12m),0,0.8350732147024481,Critical
6461-PPAXN,Female,No,Yes,Yes,35,Yes,No,DSL,Yes,No,No,Yes,No,No,One year,Yes,Bank transfer (automatic),54.95,1916.0,0,0,No,0,Mid (13-36m),0,0.0493518929948666,Low
3318-ISQFQ,Female,No,No,No,20,Yes,No,No,No internet service,No internet service,No internet service,No internet service,No internet service,No internet service,Month-to-month,Yes,Bank transfer (automatic),19.5,413.0,0,0,No,0,Mid (13-36m),0,0.23990021637602885,Low
1106-HRLKZ,Male,No,Yes,Yes,40,Yes,No,No,No internet service,No internet service,No internet service,No internet service,No internet service,No internet service,Two year,No,Mailed check,19.6,808.95,0,0,No,0,Established (37-60m),0,0.007088472819029415,Low
2483-XSSMZ,Female,No,No,No,39,Yes,No,DSL,Yes,No,No,No,No,No,One year,Yes,Electronic check,47.85,1886.4,0,0,No,0,Established (37-60m),0,0.09244532221799932,Low
8165-ZJRNM,Female,No,Yes,Yes,72,Yes,Yes,No,No internet service,No internet service,No internet service,No internet service,No internet service,No internet service,Two year,No,Bank transfer (automatic),23.75,1679.25,0,0,No,0,Loyal (60m+),0,0.001310597986757441,Low
2604-XVDAM,Female,No,No,No,12,Yes,No,DSL,No,No,No,No,No,No,Month-to-month,No,Bank transfer (automatic),43.8,540.95,0,0,No,0,New (0-12m),0,0.5454459577284712,High
3717-OFRTN,Male,No,No,No,1,Yes,No,No,No internet service,No internet service,No internet service,No internet service,No internet service,No internet service,Month-to-month,No,Bank transfer (automatic),19.75,19.75,0,0,No,0,New (0-12m),0,0.45171743495566513,High
9046-JBFWA,Male,No,No,Yes,27,Yes,No,No,No internet service,No internet service,No internet service,No internet service,No internet service,No internet service,Month-to-month,No,Mailed check,19.15,537.35,0,0,No,0,Mid (13-36m),0,0.13091980525564062,Low
3280-NMUVX,Male,No,Yes,Yes,34,Yes,No,No,No internet service,No internet service,No internet service,No internet service,No internet service,No internet service,One year,No,Credit card (automatic),19.6,678.8,0,0,No,0,Mid (13-36m),0,0.03558454588358458,Low
1206-EHBDD,Female,No,Yes,No,56,Yes,No,Fiber optic,Yes,No,Yes,No,No,No,Two year,No,Bank transfer (automatic),80.3,4513.65,0,0,No,0,Established (37-60m),0,0.010936516719031626,Low
8361-LBRDI,Female,No,No,No,58,Yes,Yes,No,No internet service,No internet service,No internet service,No internet service,No internet service,No internet service,Two year,No,Credit card (automatic),24.35,1423.85,0,0,No,0,Established (37-60m),0,0.003238858083872768,Low
4883-KCPZJ,Female,No,Yes,Yes,22,Yes,Yes,No,No internet service,No internet service,No internet service,No internet service,No internet service,No internet service,Two year,No,Credit card (automatic),25.25,555.4,2,0,No,0,Mid (13-36m),2,0.019723697800783587,Low
9108-EQPNQ,Female,No,Yes,Yes,10,Yes,Yes,No,No internet service,No internet service,No internet service,No internet service,No internet service,No internet service,Two year,No,Credit card (automatic),26.1,225.55,0,0,No,0,New (0-12m),0,0.03831776735602097,Low
7277-KAMWT,Male,No,No,No,13,Yes,No,No,No internet service,No internet service,No internet service,No internet service,No internet service,No internet service,Two year,No,Credit card (automatic),20.0,268.45,0,0,No,0,Mid (13-36m),0,0.03960771530752535,Low
2545-LXYVJ,Male,No,Yes,No,72,Yes,No,No,No internet service,No internet service,No internet service,No internet service,No internet service,No internet service,Two year,No,Bank transfer (automatic),20.7,1492.1,3,0,No,0,Loyal (60m+),3,0.001534547221971769,Low
3234-VKACU,Male,No,No,No,2,Yes,No,DSL,No,No,No,Yes,Yes,Yes,Month-to-month,No,Electronic check,70.3,132.4,3,0,No,0,New (0-12m),3,0.6252583443968466,High
8120-JDCAM,Male,No,Yes,Yes,4,Yes,No,Fiber optic,No,No,No,No,No,No,Month-to-month,Yes,Mailed check,69.55,284.9,0,0,No,0,New (0-12m),0,0.8119580016687988,Critical
8917-FAEMR,Female,No,No,No,37,Yes,No,No,No internet service,No internet service,No internet service,No internet service,No internet service,No internet service,Two year,No,Mailed check,19.85,784.25,0,0,No,0,Established (37-60m),0,0.011126251658161631,Low
7047-YXDMZ,Male,No,No,No,21,Yes,No,No,No internet service,No internet service,No internet service,No internet service,No internet service,No internet service,Month-to-month,No,Mailed check,20.0,417.7,0,0,No,0,Mid (13-36m),0,0.19454887764336617,Low
2858-EIMXH,Female,Yes,Yes,No,53,Yes,Yes,Fiber optic,No,No,No,No,Yes,Yes,One year,Yes,Credit card (automatic),95.85,5016.25,0,0,No,0,Established (37-60m),0,0.034739724698503616,Low
6419-ZTTLE,Male,Yes,Yes,No,23,Yes,No,No,No internet service,No internet service,No internet service,No internet service,No internet service,No internet service,One year,Yes,Electronic check,20.75,485.2,0,0,No,0,Mid (13-36m),0,0.12654681982840815,Low
0929-HYQEW,Male,No,No,No,3,Yes,No,DSL,Yes,No,No,No,No,No,Month-to-month,Yes,Mailed check,50.15,160.85,0,0,No,0,New (0-12m),0,0.6110614425163557,High
6614-YOLAC,Female,No,Yes,Yes,71,No,No phone service,DSL,Yes,Yes,No,Yes,Yes,Yes,Two year,No,Mailed check,58.65,4145.25,0,0,No,0,Loyal (60m+),0,0.001042574247984772,Low
7426-RHZGU,Male,No,No,No,9,Yes,No,Fiber optic,No,No,No,Yes,Yes,Yes,Month-to-month,Yes,Bank transfer (automatic),95.9,827.45,0,0,No,0,New (0-12m),0,0.6929450948911209,High
4065-JJAVA,Female,No,No,No,1,Yes,No,DSL,No,Yes,No,No,No,No,Month-to-month,No,Electronic check,49.5,49.5,0,0,No,0,New (0-12m),0,0.7614071581548697,Critical
7649-SIJJF,Male,No,Yes,No,71,Yes,Yes,DSL,Yes,Yes,Yes,Yes,No,Yes,Two year,Yes,Mailed check,80.1,5585.4,0,0,No,0,Loyal (60m+),0,0.0005182158247445835,Low
9361-YNQWJ,Female,No,No,No,64,Yes,Yes,No,No internet service,No internet service,No internet service,No internet service,No internet service,No internet service,One year,Yes,Bank transfer (automatic),24.4,1601.2,3,0,No,0,Loyal (60m+),3,0.008441716463682523,Low
3748-FVMZZ,Male,No,No,No,4,No,No phone service,DSL,No,No,No,Yes,No,Yes,Month-to-month,Yes,Electronic check,40.05,162.45,3,0,No,0,New (0-12m),3,0.6913187778265906,High
9391-TTOYH,Female,No,No,No,23,Yes,No,No,No internet service,No internet service,No internet service,No internet service,No internet service,No internet service,Month-to-month,Yes,Mailed check,19.5,470.2,0,2,No,0,Mid (13-36m),2,0.7691404876766845,Critical
1452-XRSJV,Female,No,Yes,Yes,39,Yes,No,DSL,Yes,No,No,No,No,No,Month-to-month,No,Credit card (automatic),51.05,2066.0,0,0,No,0,Established (37-60m),0,0.11882306760630078,Low
3422-WJOYD,Male,No,Yes,No,28,Yes,No,DSL,Yes,No,No,Yes,No,No,One year,No,Mailed check,54.35,1426.45,0,2,No,0,Mid (13-36m),2,0.5325595724272815,High
8242-SOQUO,Female,Yes,No,No,5,Yes,No,Fiber optic,No,Yes,No,No,Yes,No,Month-to-month,Yes,Electronic check,84.7,392.5,0,0,No,0,New (0-12m),0,0.8971050135678225,Critical
7460-ITWWP,Female,Yes,Yes,No,45,Yes,No,Fiber optic,No,No,Yes,No,No,Yes,Month-to-month,Yes,Electronic check,86.1,3861.45,0,0,No,0,Established (37-60m),0,0.26880122533528855,Low
7147-AYBAA,Male,No,No,No,37,Yes,No,Fiber optic,No,No,No,No,No,No,Month-to-month,Yes,Mailed check,70.35,2552.9,4,0,No,0,Established (37-60m),4,0.3331560158968862,Low
7868-TMWMZ,Female,Yes,Yes,No,60,Yes,No,Fiber optic,Yes,Yes,Yes,Yes,Yes,Yes,Two year,Yes,Bank transfer (automatic),110.0,6668.35,0,0,No,0,Established (37-60m),0,0.0030571191439407214,Low
6732-FZUGP,Female,No,No,No,47,Yes,Yes,Fiber optic,Yes,No,Yes,No,Yes,No,One year,No,Credit card (automatic),94.9,4615.25,1,0,No,0,Established (37-60m),1,0.04551709835914057,Low
8329-GWVPJ,Female,No,Yes,Yes,50,Yes,No,Fiber optic,No,No,No,No,No,No,Month-to-month,Yes,Bank transfer (automatic),69.75,3557.7,0,0,No,0,Established (37-60m),0,0.16132193046394594,Low
1352-VHKAJ,Male,No,Yes,Yes,27,Yes,Yes,DSL,No,No,No,Yes,Yes,Yes,Month-to-month,No,Bank transfer (automatic),71.6,1957.1,0,0,No,0,Mid (13-36m),0,0.13143229024597386,Low
2632-TACXW,Female,No,Yes,No,62,Yes,Yes,No,No internet service,No internet service,No internet service,No internet service,No internet service,No internet service,Two year,No,Bank transfer (automatic),23.65,1416.75,0,0,No,0,Loyal (60m+),0,0.002707720680973423,Low
8146-QQKZH,Female,No,Yes,No,71,Yes,No,DSL,Yes,No,Yes,Yes,Yes,Yes,Two year,No,Bank transfer (automatic),81.85,5924.4,4,0,No,0,Loyal (60m+),4,0.0005593026449939473,Low
1767-CJKBA,Male,No,No,No,66,Yes,Yes,No,No internet service,No internet service,No internet service,No internet service,No internet service,No internet service,Two year,No,Mailed check,25.1,1697.7,0,0,No,0,Loyal (60m+),0,0.0017122903394527725,Low
6445-TNRXS,Male,No,Yes,Yes,68,Yes,Yes,Fiber optic,Yes,Yes,Yes,Yes,Yes,Yes,Two year,Yes,Bank transfer (automatic),114.7,7849.85,0,0,No,0,Loyal (60m+),0,0.000835882248788787,Low
4581-LNWUM,Female,No,No,No,13,No,No phone service,DSL,No,No,Yes,No,Yes,Yes,Month-to-month,No,Electronic check,49.15,649.4,3,0,No,0,Mid (13-36m),3,0.5944128145779337,High
4869-EPIUS,Male,No,Yes,No,56,Yes,No,Fiber optic,No,No,No,No,No,Yes,One year,Yes,Electronic check,80.9,4557.5,0,0,No,0,Established (37-60m),0,0.04683311684875491,Low
1915-OAKWD,Female,No,No,Yes,16,Yes,No,No,No internet service,No internet service,No internet service,No internet service,No internet service,No internet service,One year,Yes,Bank transfer (automatic),19.3,360.35,0,0,No,0,Mid (13-36m),0,0.10940762831547705,Low
7296-PIXQY,Female,No,Yes,Yes,14,Yes,No,Fiber optic,No,No,No,No,No,No,Month-to-month,No,Electronic check,70.2,1046.5,0,0,No,0,Mid (13-36m),0,0.782799330827387,Critical
3354-OADJP,Female,No,No,No,8,Yes,No,DSL,Yes,No,No,Yes,No,No,One year,No,Bank transfer (automatic),54.25,447.75,1,0,No,0,New (0-12m),1,0.280901370101536,Low
3524-WQDSG,Female,No,Yes,Yes,43,Yes,Yes,Fiber optic,No,No,Yes,No,Yes,Yes,Month-to-month,Yes,Bank transfer (automatic),99.3,4209.95,0,0,No,0,Established (37-60m),0,0.12874703619530947,Low
0810-DHDBD,Female,No,No,No,52,Yes,Yes,DSL,Yes,No,Yes,Yes,Yes,No,One year,No,Credit card (automatic),74.0,3877.65,0,0,No,0,Established (37-60m),0,0.010590889227373862,Low
4026-SKKHW,Male,No,No,No,3,Yes,No,DSL,No,No,No,Yes,No,No,Month-to-month,Yes,Mailed check,50.25,152.3,0,0,No,0,New (0-12m),0,0.5626307780554921,High
2829-HYVZP,Male,No,No,No,29,Yes,No,No,No internet service,No internet service,No internet service,No internet service,No internet service,No internet service,One year,Yes,Mailed check,19.8,572.2,0,0,No,0,Mid (13-36m),0,0.05377021833377353,Low
3845-JHAMY,Female,No,Yes,Yes,16,No,No phone service,DSL,No,No,No,No,No,Yes,Month-to-month,Yes,Credit card (automatic),35.5,552.7,0,0,No,0,Mid (13-36m),0,0.4556796730552194,High
7013-PSXHK,Female,No,No,No,40,Yes,Yes,DSL,No,No,Yes,Yes,Yes,Yes,One year,Yes,Mailed check,80.75,3208.65,0,1,No,0,Established (37-60m),1,0.07201792342915048,Low
3486-NPGST,Female,No,No,No,36,Yes,No,No,No internet service,No internet service,No internet service,No internet service,No internet service,No internet service,One year,No,Mailed check,19.55,620.75,0,0,No,0,Mid (13-36m),0,0.04197235904445254,Low
6100-FJZDG,Male,No,Yes,Yes,26,Yes,No,No,No internet service,No internet service,No internet service,No internet service,No internet service,No internet service,One year,Yes,Bank transfer (automatic),20.05,505.9,0,0,No,0,Mid (13-36m),0,0.05755152207620983,Low
4829-ZLJTK,Female,Yes,Yes,No,72,Yes,Yes,Fiber optic,Yes,Yes,Yes,No,Yes,Yes,Two year,Yes,Electronic check,112.4,8046.85,0,0,No,0,Loyal (60m+),0,0.001833512802789969,Low
1730-VFMWO,Female,No,Yes,No,34,Yes,No,DSL,No,No,No,Yes,No,No,Month-to-month,No,Bank transfer (automatic),50.2,1815.3,0,0,No,0,Mid (13-36m),0,0.16053968600574883,Low
7143-BQIBA,Male,No,No,No,10,Yes,No,DSL,Yes,No,No,Yes,Yes,No,Month-to-month,No,Bank transfer (automatic),62.25,612.95,0,0,No,0,New (0-12m),0,0.42929510559298195,High
3800-LYTRK,Female,No,No,No,14,Yes,No,DSL,Yes,No,No,Yes,No,No,One year,No,Mailed check,55.7,795.15,0,0,No,0,Mid (13-36m),0,0.1851388290016613,Low
9646-NMHXE,Male,No,Yes,No,47,Yes,No,No,No internet service,No internet service,No internet service,No internet service,No internet service,No internet service,Two year,No,Mailed check,19.65,973.1,0,0,No,0,Established (37-60m),0,0.005553348217984128,Low
7030-NJVDP,Male,No,Yes,No,24,Yes,No,Fiber optic,Yes,No,No,Yes,No,Yes,Month-to-month,Yes,Electronic check,89.25,2210.2,2,0,No,0,Mid (13-36m),2,0.5036061822589972,High
8883-GRDWQ,Male,Yes,No,No,20,Yes,No,DSL,Yes,No,No,Yes,No,No,One year,No,Mailed check,54.0,1055.9,0,0,No,0,Mid (13-36m),0,0.15198150068168007,Low
7771-ZONAT,Male,No,No,No,22,No,No phone service,DSL,No,No,Yes,Yes,Yes,Yes,Two year,No,Bank transfer (automatic),56.75,1304.85,0,0,No,0,Mid (13-36m),0,0.03606627533478038,Low
2111-DWYHN,Male,No,No,No,1,Yes,No,No,No internet service,No internet service,No internet service,No internet service,No internet service,No internet service,Month-to-month,No,Mailed check,21.1,21.1,4,0,No,0,New (0-12m),4,0.4187663144905769,High
4194-WHFCB,Female,No,Yes,Yes,59,Yes,Yes,Fiber optic,No,Yes,No,Yes,No,Yes,Month-to-month,Yes,Bank transfer (automatic),96.65,5580.8,0,0,No,0,Established (37-60m),0,0.03527416127555383,Low
4121-AGSIN,Female,No,Yes,Yes,58,Yes,Yes,No,No internet service,No internet service,No internet service,No internet service,No internet service,No internet service,One year,Yes,Credit card (automatic),24.5,1497.9,0,0,No,0,Established (37-60m),0,0.008913662434404234,Low
9845-PEEKO,Female,Yes,No,No,59,Yes,Yes,Fiber optic,No,Yes,No,No,No,No,Two year,Yes,Credit card (automatic),79.2,4590.35,5,0,No,0,Established (37-60m),5,0.011513950265891125,Low
0455-XFASS,Female,No,Yes,Yes,3,Yes,No,Fiber optic,No,No,No,No,No,No,Month-to-month,Yes,Electronic check,69.55,200.2,0,0,No,0,New (0-12m),0,0.8914051521521659,Critical
0301-KOBTQ,Male,No,No,No,32,Yes,No,No,No internet service,No internet service,No internet service,No internet service,No internet service,No internet service,Two year,Yes,Bank transfer (automatic),20.05,614.45,0,0,No,0,Mid (13-36m),0,0.015233385496606432,Low
1751-NCDLI,Male,Yes,Yes,No,46,Yes,Yes,Fiber optic,No,No,Yes,No,Yes,Yes,Month-to-month,Yes,Electronic check,98.85,4564.9,0,0,No,0,Established (37-60m),0,0.17599861638023512,Low
4367-NUYAO,Male,No,Yes,Yes,0,Yes,Yes,No,No internet service,No internet service,No internet service,No internet service,No internet service,No internet service,Two year,No,Mailed check,25.75,0.0,1,0,No,0,New (0-12m),1,0.05712170262993553,Low
9170-ARBTB,Female,No,Yes,Yes,52,Yes,No,No,No internet service,No internet service,No internet service,No internet service,No internet service,No internet service,One year,No,Credit card (automatic),19.6,1012.4,0,0,No,0,Established (37-60m),0,0.014861140322052263,Low
7241-AJHFS,Male,No,No,No,32,Yes,Yes,Fiber optic,Yes,No,No,Yes,No,No,Month-to-month,No,Bank transfer (automatic),87.65,2766.4,0,0,No,0,Mid (13-36m),0,0.30262238664854846,Low
4546-FOKWR,Female,No,No,No,16,Yes,Yes,Fiber optic,No,No,No,No,No,No,Month-to-month,Yes,Credit card (automatic),74.75,1129.35,0,0,No,0,Mid (13-36m),0,0.7084758485372996,Critical
9036-CSKBW,Female,No,No,No,51,Yes,Yes,Fiber optic,Yes,Yes,Yes,No,Yes,Yes,One year,No,Bank transfer (automatic),107.45,5680.9,0,1,No,0,Established (37-60m),1,0.0852726077445276,Low
5832-TRLPB,Male,No,No,No,29,Yes,No,DSL,No,No,Yes,Yes,Yes,Yes,One year,Yes,Bank transfer (automatic),75.35,2243.9,0,0,No,0,Mid (13-36m),0,0.05073850638797208,Low
8590-YFFQO,Male,No,Yes,No,70,Yes,No,DSL,Yes,Yes,Yes,Yes,No,No,Two year,No,Credit card (automatic),64.95,4523.25,0,0,No,0,Loyal (60m+),0,0.000993226008404363,Low
8659-IOOPU,Female,No,Yes,Yes,71,Yes,Yes,Fiber optic,Yes,No,Yes,Yes,No,Yes,Two year,No,Electronic check,100.45,7159.7,4,0,No,0,Loyal (60m+),4,0.0017129954257635329,Low
1338-CECEE,Male,No,Yes,Yes,41,Yes,Yes,DSL,No,Yes,Yes,No,Yes,No,One year,No,Bank transfer (automatic),68.5,2839.95,0,0,No,0,Established (37-60m),0,0.02590859467402279,Low
7439-DKZTW,Male,No,No,No,1,Yes,No,Fiber optic,No,No,No,No,Yes,No,Month-to-month,Yes,Electronic check,80.55,80.55,0,0,No,0,New (0-12m),0,0.9011437376300011,Critical
4646-QZXTF,Female,No,Yes,No,7,Yes,No,DSL,Yes,No,Yes,Yes,Yes,Yes,Month-to-month,No,Bank transfer (automatic),81.25,580.1,0,0,No,0,New (0-12m),0,0.4150987412736592,High
9742-XOKTS,Male,No,Yes,Yes,67,Yes,Yes,Fiber optic,Yes,Yes,No,Yes,No,No,One year,No,Electronic check,89.55,6038.55,0,0,No,0,Loyal (60m+),0,0.010959891487566311,Low
6921-OZMFH,Male,No,Yes,Yes,5,Yes,Yes,DSL,No,No,No,Yes,No,No,Month-to-month,Yes,Mailed check,55.7,259.4,0,0,No,0,New (0-12m),0,0.4595482343320605,High
9578-FOMUK,Male,No,No,Yes,15,Yes,Yes,No,No internet service,No internet service,No internet service,No internet service,No internet service,No internet service,Month-to-month,Yes,Electronic check,24.8,324.15,0,0,No,0,Mid (13-36m),0,0.3014482903755961,Low
4712-UYOOI,Female,No,Yes,Yes,20,Yes,No,No,No internet service,No internet service,No internet service,No internet service,No internet service,No internet service,Month-to-month,No,Electronic check,20.0,417.65,0,0,No,0,Mid (13-36m),0,0.26604350978728575,Low
7722-CVFXN,Male,No,Yes,Yes,54,Yes,Yes,Fiber optic,No,Yes,No,Yes,Yes,Yes,One year,Yes,Electronic check,105.2,5637.85,0,0,No,0,Established (37-60m),0,0.01900505469237258,Low
8717-VCTXJ,Male,No,No,No,42,Yes,No,No,No internet service,No internet service,No internet service,No internet service,No internet service,No internet service,One year,Yes,Mailed check,19.55,839.4,0,0,No,0,Established (37-60m),0,0.026925350414478293,Low
7363-QTBIW,Female,No,Yes,No,9,Yes,No,Fiber optic,No,No,No,No,No,Yes,Month-to-month,Yes,Electronic check,79.75,769.1,0,0,No,0,New (0-12m),0,0.8377058866022034,Critical
4159-NAAIX,Female,No,No,No,63,Yes,Yes,Fiber optic,No,Yes,No,No,Yes,Yes,Two year,No,Bank transfer (automatic),97.45,6253.0,0,0,No,0,Loyal (60m+),0,0.003737536134099233,Low
0971-QIFJK,Female,No,Yes,No,69,Yes,Yes,No,No internet service,No internet service,No internet service,No internet service,No internet service,No internet service,Two year,No,Bank transfer (automatic),24.25,1641.8,0,0,No,0,Loyal (60m+),0,0.00177402835765227,Low
9397-TZSHA,Female,No,No,No,69,Yes,Yes,No,No internet service,No internet service,No internet service,No internet service,No internet service,No internet service,Two year,No,Credit card (automatic),24.6,1678.05,0,0,No,0,Loyal (60m+),0,0.0017375721604363755,Low
3391-JSQEW,Male,No,Yes,No,40,Yes,No,DSL,No,Yes,No,No,No,No,Month-to-month,Yes,Mailed check,50.15,2058.5,0,0,No,0,Established (37-60m),0,0.11553234667048294,Low
0343-QLUZP,Male,No,No,No,60,No,No phone service,DSL,Yes,Yes,Yes,No,No,No,Two year,No,Bank transfer (automatic),39.6,2424.5,0,0,No,0,Established (37-60m),0,0.00617959383737451,Low
2176-LVPNX,Female,Yes,No,No,71,Yes,Yes,DSL,Yes,Yes,Yes,Yes,Yes,Yes,Two year,No,Mailed check,89.85,6293.45,1,0,No,0,Loyal (60m+),1,0.0005207902124106611,Low
3312-UUMZW,Male,No,Yes,No,32,Yes,Yes,Fiber optic,No,Yes,No,No,Yes,Yes,Month-to-month,Yes,Credit card (automatic),98.85,3145.9,5,2,No,0,Mid (13-36m),7,0.8336185591861734,Critical
1271-UODNO,Male,No,No,No,39,Yes,Yes,DSL,No,No,No,Yes,No,No,Two year,Yes,Credit card (automatic),53.85,2200.7,0,0,No,0,Established (37-60m),0,0.011735968521042427,Low
8461-EFQYM,Female,No,No,No,38,Yes,Yes,No,No internet service,No internet service,No internet service,No internet service,No internet service,No internet service,One year,Yes,Electronic check,24.25,914.4,0,0,No,0,Established (37-60m),0,0.05151521502946088,Low
6900-RBKER,Male,No,No,No,52,Yes,Yes,Fiber optic,No,No,Yes,No,No,Yes,Two year,Yes,Credit card (automatic),89.45,4577.75,0,0,No,0,Established (37-60m),0,0.010450293867149333,Low
6891-JPYFF,Female,No,Yes,Yes,48,Yes,Yes,Fiber optic,Yes,Yes,No,No,Yes,Yes,Month-to-month,Yes,Credit card (automatic),105.25,4997.5,2,0,No,0,Established (37-60m),2,0.07207778194933091,Low
1459-QNFQT,Male,No,Yes,Yes,70,No,No phone service,DSL,Yes,No,Yes,Yes,Yes,Yes,Two year,No,Bank transfer (automatic),59.5,4144.8,0,0,No,0,Loyal (60m+),0,0.0011056183598287545,Low
1047-NNCBF,Male,No,No,No,20,Yes,No,Fiber optic,No,No,No,No,No,No,Month-to-month,No,Credit card (automatic),70.55,1493.55,2,0,No,0,Mid (13-36m),2,0.6305269437342136,High
3696-XRIEN,Female,No,No,No,50,Yes,Yes,DSL,Yes,No,Yes,Yes,Yes,Yes,One year,Yes,Credit card (automatic),82.5,4179.1,0,0,No,0,Established (37-60m),0,0.00946326182569596,Low
0074-HDKDG,Male,No,Yes,Yes,25,Yes,No,DSL,Yes,Yes,Yes,No,No,No,One year,Yes,Bank transfer (automatic),61.6,1611.0,0,0,No,0,Mid (13-36m),0,0.0869702226656787,Low
8791-GFXLZ,Male,No,No,No,12,Yes,No,DSL,No,Yes,No,No,No,No,Month-to-month,Yes,Bank transfer (automatic),49.05,593.05,0,0,No,0,New (0-12m),0,0.5001990977421163,High
9330-DHBFL,Female,No,Yes,Yes,23,Yes,No,DSL,Yes,Yes,Yes,Yes,No,No,One year,Yes,Mailed check,66.25,1533.8,0,0,No,0,Mid (13-36m),0,0.07499353660171144,Low
0098-BOWSO,Male,No,No,No,27,Yes,No,No,No internet service,No internet service,No internet service,No internet service,No internet service,No internet service,Month-to-month,Yes,Electronic check,19.4,529.8,0,0,No,0,Mid (13-36m),0,0.2189782810691249,Low
3452-ABWRL,Male,Yes,No,No,47,Yes,Yes,Fiber optic,No,No,No,No,Yes,No,Month-to-month,Yes,Credit card (automatic),86.05,3865.6,0,0,No,0,Established (37-60m),0,0.1745708261932226,Low
5859-HZYLF,Male,No,Yes,Yes,26,Yes,No,No,No internet service,No internet service,No internet service,No internet service,No internet service,No internet service,Two year,Yes,Credit card (automatic),19.15,515.75,0,0,No,0,Mid (13-36m),0,0.016266374138125733,Low
3156-QLHBO,Male,No,No,Yes,2,Yes,No,No,No internet service,No internet service,No internet service,No internet service,No internet service,No internet service,Month-to-month,No,Mailed check,19.25,48.35,3,0,No,0,New (0-12m),3,0.3747211720426949,Low
2208-NQBCT,Female,No,Yes,Yes,26,Yes,No,Fiber optic,Yes,Yes,No,No,No,No,Month-to-month,No,Electronic check,81.95,2070.05,0,0,No,0,Mid (13-36m),0,0.5509712506386578,High
1779-PWPMG,Female,Yes,Yes,No,72,Yes,Yes,Fiber optic,Yes,Yes,Yes,Yes,Yes,Yes,Two year,Yes,Bank transfer (automatic),114.65,8333.95,0,0,No,0,Loyal (60m+),0,0.0009292250963973694,Low
6621-NRZAK,Female,No,Yes,Yes,63,Yes,No,No,No internet service,No internet service,No internet service,No internet service,No internet service,No internet service,Two year,No,Credit card (automatic),20.0,1209.25,0,0,No,0,Loyal (60m+),0,0.0023415946397007,Low
0831-JNISG,Male,No,Yes,Yes,71,Yes,No,No,No internet service,No internet service,No internet service,No internet service,No internet service,No internet service,Two year,No,Mailed check,19.8,1396.25,0,3,No,0,Loyal (60m+),3,0.06322204273534003,Low
0774-IFUVM,Male,No,Yes,Yes,11,Yes,Yes,DSL,Yes,No,No,No,Yes,No,Month-to-month,Yes,Bank transfer (automatic),65.15,723.35,0,0,No,0,New (0-12m),0,0.39756052996861124,Low
3082-WQRVY,Male,Yes,Yes,No,14,Yes,No,No,No internet service,No internet service,No internet service,No internet service,No internet service,No internet service,One year,No,Mailed check,19.65,228.65,0,0,No,0,Mid (13-36m),0,0.13418622082776788,Low
9553-DLCLU,Female,No,No,Yes,13,Yes,Yes,DSL,Yes,Yes,Yes,Yes,Yes,Yes,Two year,No,Credit card (automatic),88.95,1161.75,0,0,No,0,Mid (13-36m),0,0.03405494902116718,Low
1641-BYBTK,Male,No,No,Yes,6,Yes,No,No,No internet service,No internet service,No internet service,No internet service,No internet service,No internet service,Month-to-month,Yes,Mailed check,20.2,98.35,3,0,No,0,New (0-12m),3,0.32375827340455565,Low
2460-NGXBJ,Male,Yes,Yes,Yes,11,Yes,Yes,Fiber optic,No,No,No,No,No,No,Month-to-month,Yes,Credit card (automatic),75.2,775.3,0,0,No,0,New (0-12m),0,0.7599132290920898,Critical
2446-ZKVAF,Male,No,Yes,No,18,Yes,Yes,DSL,No,Yes,No,No,No,No,Month-to-month,No,Credit card (automatic),56.8,1074.65,0,0,No,0,Mid (13-36m),0,0.3378379666735427,Low
3522-CDKHF,Female,No,Yes,No,32,Yes,No,Fiber optic,Yes,No,No,No,No,No,Month-to-month,Yes,Bank transfer (automatic),75.5,2324.7,2,0,No,0,Mid (13-36m),2,0.4278256370931215,High
1430-SFQSA,Male,No,No,No,29,No,No phone service,DSL,Yes,No,No,Yes,No,No,One year,No,Mailed check,35.6,1072.6,0,0,No,0,Mid (13-36m),0,0.10587420959395345,Low
0411-EZJZE,Female,No,No,No,3,Yes,Yes,DSL,No,No,No,No,Yes,No,Month-to-month,Yes,Electronic check,60.25,170.5,0,0,No,0,New (0-12m),0,0.7068676222754552,Critical
8807-ARQET,Female,No,No,No,41,No,No phone service,DSL,No,Yes,No,No,No,Yes,Month-to-month,Yes,Electronic check,40.35,1677.85,0,0,No,0,Established (37-60m),0,0.23040597831648646,Low
8992-CEUEN,Female,No,No,No,1,Yes,No,No,No internet service,No internet service,No internet service,No internet service,No internet service,No internet service,Month-to-month,No,Electronic check,18.85,18.85,0,0,No,0,New (0-12m),0,0.5667502229658352,High
4320-QMLLA,Male,No,No,No,7,Yes,No,DSL,No,No,No,No,Yes,No,Month-to-month,No,Mailed check,54.85,370.4,0,0,No,0,New (0-12m),0,0.5312709373030536,High
8777-PVYGU,Female,No,Yes,No,52,Yes,No,DSL,Yes,No,Yes,No,Yes,No,One year,Yes,Mailed check,64.3,3410.6,0,0,No,0,Established (37-60m),0,0.01528380140846054,Low
8292-ITGYJ,Female,No,Yes,Yes,45,Yes,Yes,No,No internet service,No internet service,No internet service,No internet service,No internet service,No internet service,Two year,Yes,Bank transfer (automatic),24.65,1138.8,0,0,No,0,Established (37-60m),0,0.005759365259690139,Low
6870-ZWMNX,Male,No,Yes,No,70,Yes,Yes,DSL,No,Yes,Yes,Yes,Yes,No,Two year,No,Credit card (automatic),76.1,5264.25,0,0,No,0,Loyal (60m+),0,0.0006724101033699921,Low
0621-CXBKL,Female,No,No,No,53,Yes,No,No,No internet service,No internet service,No internet service,No internet service,No internet service,No internet service,Two year,No,Mailed check,18.7,1005.7,0,0,No,0,Established (37-60m),0,0.004836833901856235,Low
5268-DSMNQ,Female,Yes,Yes,No,62,Yes,Yes,Fiber optic,No,Yes,Yes,No,Yes,No,One year,Yes,Credit card (automatic),97.95,5936.55,0,0,No,0,Loyal (60m+),0,0.016410129535417217,Low
5334-JLAXU,Female,No,Yes,No,60,Yes,Yes,Fiber optic,Yes,Yes,No,No,No,Yes,Month-to-month,Yes,Credit card (automatic),94.1,5475.9,0,5,No,0,Established (37-60m),5,0.9732810407478742,Critical
6242-MBHPK,Female,Yes,Yes,No,23,Yes,No,Fiber optic,Yes,No,No,No,Yes,Yes,Month-to-month,Yes,Electronic check,95.1,2326.05,0,0,No,0,Mid (13-36m),0,0.6123654714741154,High
9359-UGBTK,Female,No,No,No,67,Yes,No,DSL,Yes,No,Yes,Yes,No,Yes,One year,Yes,Bank transfer (automatic),72.35,4991.5,0,0,No,0,Loyal (60m+),0,0.0038701798670180924,Low
4782-OSFXZ,Female,Yes,Yes,No,71,Yes,Yes,DSL,Yes,Yes,Yes,Yes,No,Yes,Two year,Yes,Bank transfer (automatic),82.7,5831.2,0,0,No,0,Loyal (60m+),0,0.0007056972662211652,Low
6479-OAUSD,Male,No,No,No,25,Yes,No,No,No internet service,No internet service,No internet service,No internet service,No internet service,No internet service,One year,No,Credit card (automatic),19.9,510.8,0,0,No,0,Mid (13-36m),0,0.06914758032484834,Low
7129-ACFOG,Female,No,No,No,5,Yes,Yes,DSL,Yes,No,No,No,No,No,Month-to-month,Yes,Electronic check,53.8,283.95,0,0,No,0,New (0-12m),0,0.6965781484708782,High
4189-NAKJS,Male,No,No,No,26,Yes,Yes,DSL,No,No,No,No,No,No,One year,Yes,Credit card (automatic),51.55,1295.4,0,0,No,0,Mid (13-36m),0,0.1174593818698989,Low
5562-BETPV,Male,No,Yes,Yes,1,Yes,No,No,No internet service,No internet service,No internet service,No internet service,No internet service,No internet service,One year,No,Mailed check,19.65,19.65,5,0,No,0,New (0-12m),5,0.17873436791924038,Low
1282-IHQAC,Male,Yes,No,No,70,No,No phone service,DSL,No,Yes,Yes,No,Yes,No,One year,Yes,Credit card (automatic),44.05,3011.65,0,0,No,0,Loyal (60m+),0,0.011939357857394832,Low
9127-FHJBZ,Male,No,Yes,Yes,72,Yes,Yes,Fiber optic,Yes,Yes,Yes,Yes,Yes,Yes,Two year,Yes,Electronic check,114.0,8093.15,0,0,No,0,Loyal (60m+),0,0.0009141494594248842,Low
1641-RQDAY,Female,Yes,Yes,Yes,32,Yes,Yes,Fiber optic,No,Yes,No,No,Yes,Yes,Month-to-month,Yes,Electronic check,100.4,3217.65,0,0,No,0,Mid (13-36m),0,0.37856853026772935,Low
6994-ORCWG,Female,No,No,No,14,Yes,Yes,DSL,No,Yes,No,No,No,No,One year,Yes,Mailed check,54.25,773.2,2,0,No,0,Mid (13-36m),2,0.2219961761427765,Low
1346-UFHAX,Female,No,No,No,13,Yes,Yes,Fiber optic,Yes,No,No,No,No,No,Month-to-month,Yes,Credit card (automatic),80.0,1029.35,0,0,No,0,Mid (13-36m),0,0.73058591762211,Critical
2933-XEUJM,Female,No,No,No,46,Yes,Yes,DSL,Yes,No,Yes,No,Yes,Yes,Two year,No,Mailed check,79.2,3593.8,3,0,No,0,Established (37-60m),3,0.0048431792398303895,Low
5461-QKNTN,Male,Yes,Yes,No,43,Yes,Yes,Fiber optic,No,Yes,No,Yes,Yes,No,Month-to-month,Yes,Electronic check,94.3,3953.15,0,0,No,0,Established (37-60m),0,0.20784528895426396,Low
4835-YSJMR,Male,No,No,No,39,Yes,No,DSL,No,No,No,Yes,No,No,Two year,Yes,Bank transfer (automatic),49.8,1971.15,0,0,No,0,Established (37-60m),0,0.01417078820360019,Low
3164-YAXFY,Male,No,No,No,57,No,No phone service,DSL,Yes,No,Yes,No,Yes,Yes,Month-to-month,Yes,Electronic check,53.75,3196.0,2,0,No,0,Established (37-60m),2,0.059672267771139,Low
0887-WBJVH,Female,No,Yes,No,53,Yes,No,Fiber optic,No,No,No,Yes,Yes,Yes,One year,Yes,Electronic check,93.45,4872.2,0,3,No,0,Established (37-60m),3,0.6712431719458539,High
4660-IRIBM,Male,No,Yes,Yes,18,Yes,No,Fiber optic,Yes,No,Yes,No,Yes,No,Month-to-month,Yes,Mailed check,87.9,1500.5,0,0,No,0,Mid (13-36m),0,0.5342096433820926,High
7670-ZBPOQ,Female,No,Yes,No,58,Yes,Yes,DSL,Yes,No,No,Yes,No,No,One year,Yes,Bank transfer (automatic),61.05,3478.75,0,0,No,0,Established (37-60m),0,0.010732631813760257,Low
8089-UZWLX,Female,Yes,No,No,71,Yes,Yes,Fiber optic,No,No,Yes,No,Yes,Yes,Two year,No,Bank transfer (automatic),104.05,7413.55,0,0,No,0,Loyal (60m+),0,0.0019648759059032574,Low
0080-OROZO,Female,No,No,No,35,Yes,No,Fiber optic,No,No,Yes,Yes,Yes,Yes,One year,Yes,Electronic check,99.25,3532.0,0,0,No,0,Mid (13-36m),0,0.12521730456455163,Low
3916-NRPAP,Male,No,No,No,3,Yes,No,Fiber optic,No,No,Yes,No,No,Yes,Month-to-month,No,Credit card (automatic),85.7,256.75,0,0,No,0,New (0-12m),0,0.8275919995577259,Critical
6807-SIWJI,Male,No,No,No,38,Yes,Yes,Fiber optic,Yes,Yes,No,No,Yes,Yes,One year,Yes,Electronic check,104.85,3887.25,0,0,No,0,Established (37-60m),0,0.10206837961752768,Low
8221-HVAYI,Male,No,Yes,Yes,35,Yes,Yes,DSL,Yes,Yes,Yes,Yes,No,No,Two year,Yes,Credit card (automatic),69.15,2490.15,0,0,No,0,Mid (13-36m),0,0.008624810160975022,Low
5232-NXPAY,Female,No,No,No,47,Yes,No,DSL,No,No,Yes,Yes,Yes,Yes,Two year,No,Mailed check,74.45,3510.3,0,0,No,0,Established (37-60m),0,0.004130571382828612,Low
8967-SZQAS,Female,No,No,No,14,Yes,No,DSL,No,Yes,No,No,No,No,Month-to-month,No,Electronic check,50.45,765.45,3,0,No,0,Mid (13-36m),3,0.5690883278471712,High
4468-KAZHE,Female,Yes,Yes,No,20,Yes,No,DSL,No,Yes,No,No,No,Yes,Month-to-month,Yes,Electronic check,60.0,1259.35,0,1,No,0,Mid (13-36m),1,0.7633159745064321,Critical
0455-ENTCR,Male,No,Yes,No,66,Yes,Yes,DSL,Yes,Yes,No,Yes,Yes,Yes,Two year,No,Electronic check,85.25,5538.35,0,2,No,0,Loyal (60m+),2,0.013866907202274974,Low
8944-AILEF,Male,No,Yes,No,15,Yes,No,No,No internet service,No internet service,No internet service,No internet service,No internet service,No internet service,Month-to-month,Yes,Credit card (automatic),19.45,340.85,5,0,No,0,Mid (13-36m),5,0.24989558723366262,Low
5542-NKVRU,Female,No,No,No,42,Yes,No,No,No internet service,No internet service,No internet service,No internet service,No internet service,No internet service,Two year,Yes,Bank transfer (automatic),20.75,844.45,3,0,No,0,Established (37-60m),3,0.009493264109646968,Low
7126-RBHSD,Female,No,Yes,No,17,Yes,Yes,Fiber optic,Yes,No,No,No,No,No,Month-to-month,No,Electronic check,78.9,1348.95,0,0,No,0,Mid (13-36m),0,0.7449490219030872,Critical
5370-IIVVL,Male,No,No,No,37,Yes,Yes,Fiber optic,No,Yes,No,Yes,Yes,Yes,One year,Yes,Credit card (automatic),104.5,3778.0,3,0,No,0,Established (37-60m),3,0.0627313695871547,Low
6789-HJBWG,Female,No,No,No,12,Yes,No,DSL,No,Yes,No,No,No,No,Month-to-month,Yes,Electronic check,49.4,611.65,0,0,No,0,New (0-12m),0,0.6082946052079805,High
9087-EYCPR,Female,No,No,No,60,Yes,Yes,No,No internet service,No internet service,No internet service,No internet service,No internet service,No internet service,Two year,No,Mailed check,25.0,1505.05,0,0,No,0,Established (37-60m),0,0.0026891067364297546,Low
6791-YBNAK,Male,No,Yes,Yes,18,No,No phone service,DSL,No,No,No,No,No,No,Month-to-month,No,Credit card (automatic),25.55,467.85,0,0,No,0,Mid (13-36m),0,0.4476257041903217,High
6077-BDPXA,Female,No,No,No,3,Yes,No,Fiber optic,No,No,No,No,No,No,Month-to-month,Yes,Electronic check,70.15,194.2,0,0,No,0,New (0-12m),0,0.9095335303171753,Critical
0013-MHZWF,Female,No,No,Yes,9,Yes,No,DSL,No,No,No,Yes,Yes,Yes,Month-to-month,Yes,Credit card (automatic),69.4,571.45,0,0,No,0,New (0-12m),0,0.3927723562931163,Low
8268-YDIXR,Male,No,Yes,No,56,Yes,Yes,Fiber optic,Yes,Yes,Yes,No,No,No,One year,Yes,Electronic check,93.15,5253.95,0,0,No,0,Established (37-60m),0,0.03218117372295337,Low
4291-SHSBH,Male,No,No,No,7,Yes,No,Fiber optic,No,No,No,No,No,No,Month-to-month,Yes,Electronic check,69.55,521.35,0,0,No,0,New (0-12m),0,0.8719947212322846,Critical
6980-IMXXE,Female,No,Yes,Yes,69,Yes,No,No,No internet service,No internet service,No internet service,No internet service,No internet service,No internet service,Two year,No,Bank transfer (automatic),20.2,1412.65,4,0,No,0,Loyal (60m+),4,0.001735098733156298,Low
0040-HALCW,Male,No,Yes,Yes,54,Yes,No,No,No internet service,No internet service,No internet service,No internet service,No internet service,No internet service,Two year,No,Credit card (automatic),20.4,1090.6,0,0,No,0,Established (37-60m),0,0.003416312573568307,Low
0784-GTUUK,Male,No,Yes,No,62,Yes,Yes,No,No internet service,No internet service,No internet service,No internet service,No internet service,No internet service,One year,Yes,Credit card (automatic),23.75,1446.8,0,0,No,0,Loyal (60m+),0,0.007971740075916887,Low
2294-DMMUS,Female,No,Yes,Yes,62,Yes,Yes,DSL,No,No,No,No,Yes,Yes,Month-to-month,Yes,Credit card (automatic),70.45,4300.45,0,0,No,0,Loyal (60m+),0,0.016041340144639454,Low
0872-JCPIB,Male,No,No,No,17,Yes,Yes,DSL,Yes,No,No,No,No,Yes,Month-to-month,No,Bank transfer (automatic),65.75,1111.2,0,0,No,0,Mid (13-36m),0,0.3463841678824684,Low
3055-MJDSB,Male,No,No,No,9,No,No phone service,DSL,No,No,No,No,No,No,Month-to-month,Yes,Mailed check,24.6,190.1,0,0,No,0,New (0-12m),0,0.6197243202090661,High
9091-WTUUY,Male,No,Yes,Yes,64,Yes,No,DSL,Yes,No,Yes,Yes,Yes,No,Two year,No,Mailed check,69.25,4447.75,0,0,No,0,Loyal (60m+),0,0.0010507306031805731,Low
7115-IRDHS,Female,No,Yes,No,72,Yes,Yes,No,No internet service,No internet service,No internet service,No internet service,No internet service,No internet service,Two year,No,Bank transfer (automatic),24.65,1830.05,0,0,No,0,Loyal (60m+),0,0.0014334158565835631,Low
8496-DMZUK,Male,No,No,No,30,Yes,Yes,Fiber optic,Yes,Yes,Yes,No,No,No,One year,No,Bank transfer (automatic),90.4,2820.65,0,2,No,0,Mid (13-36m),2,0.738810288569067,Critical
2040-VZIKE,Female,No,Yes,No,49,Yes,Yes,Fiber optic,Yes,No,No,No,Yes,Yes,Month-to-month,Yes,Mailed check,100.85,4847.35,3,0,No,0,Established (37-60m),3,0.08323553489272639,Low
9068-VPWQQ,Male,No,Yes,No,61,Yes,Yes,DSL,Yes,No,Yes,Yes,No,Yes,Two year,No,Credit card (automatic),75.35,4729.3,0,0,No,0,Loyal (60m+),0,0.0012553431007465833,Low
0178-SZBHO,Male,No,Yes,Yes,47,Yes,Yes,Fiber optic,No,Yes,No,No,Yes,No,Month-to-month,No,Electronic check,87.2,4017.45,0,0,No,0,Established (37-60m),0,0.1647592201243977,Low
0384-RVBPI,Male,No,No,No,20,Yes,No,DSL,Yes,No,Yes,No,No,Yes,Month-to-month,No,Credit card (automatic),64.4,1398.6,1,0,No,0,Mid (13-36m),1,0.28499992249218087,Low
1299-AURJA,Female,No,Yes,Yes,70,Yes,Yes,No,No internet service,No internet service,No internet service,No internet service,No internet service,No internet service,Two year,No,Bank transfer (automatic),24.7,1685.9,2,0,No,0,Loyal (60m+),2,0.001423838345580365,Low
4525-VZCZG,Male,No,No,Yes,54,Yes,No,Fiber optic,Yes,Yes,No,Yes,Yes,Yes,One year,Yes,Electronic check,105.85,5826.65,0,0,No,0,Established (37-60m),0,0.018772868708111453,Low
1543-LLLFT,Male,Yes,Yes,No,61,Yes,Yes,Fiber optic,No,Yes,Yes,Yes,Yes,No,One year,Yes,Mailed check,98.3,6066.55,0,0,No,0,Loyal (60m+),0,0.011643961141193756,Low
2788-CJQAQ,Male,No,No,No,13,Yes,No,No,No internet service,No internet service,No internet service,No internet service,No internet service,No internet service,One year,No,Mailed check,19.45,270.2,0,0,No,0,Mid (13-36m),0,0.12109377599598617,Low
0319-QZTCO,Female,No,Yes,Yes,3,Yes,No,DSL,No,Yes,No,No,Yes,No,Month-to-month,Yes,Credit card (automatic),58.7,168.6,0,0,No,0,New (0-12m),0,0.5683515485532931,High
2120-SMPEX,Male,No,No,No,25,Yes,No,No,No internet service,No internet service,No internet service,No internet service,No internet service,No internet service,Month-to-month,Yes,Mailed check,20.15,536.35,0,0,No,0,Mid (13-36m),0,0.16015580154728823,Low
0096-FCPUF,Male,No,No,No,30,Yes,Yes,DSL,Yes,No,No,No,No,Yes,Month-to-month,Yes,Mailed check,64.5,1888.45,1,0,No,0,Mid (13-36m),1,0.16468428009620684,Low
0668-OGMHD,Female,No,Yes,No,21,No,No phone service,DSL,Yes,No,No,No,No,No,Month-to-month,No,Electronic check,28.5,629.35,0,0,No,0,Mid (13-36m),0,0.5533535970539769,High
6507-ZJSUR,Male,Yes,Yes,No,23,Yes,No,Fiber optic,No,No,No,No,Yes,Yes,Month-to-month,Yes,Electronic check,90.45,2117.25,0,0,No,0,Mid (13-36m),0,0.6207241640440597,High
9408-HRXRK,Female,No,Yes,Yes,45,Yes,Yes,Fiber optic,Yes,Yes,No,No,Yes,Yes,Month-to-month,Yes,Electronic check,105.15,4730.9,1,0,No,0,Established (37-60m),1,0.12982337332040256,Low
5593-SUAOO,Female,No,Yes,Yes,24,Yes,Yes,Fiber optic,No,Yes,Yes,No,No,No,One year,No,Bank transfer (automatic),83.15,2033.05,0,0,No,0,Mid (13-36m),0,0.2563704611827164,Low
6766-HFKLA,Female,No,Yes,No,56,Yes,Yes,Fiber optic,No,No,Yes,Yes,Yes,Yes,Two year,No,Bank transfer (automatic),103.2,5744.35,0,0,No,0,Established (37-60m),0,0.004439836033863198,Low
7617-EYGLW,Male,No,No,No,1,Yes,No,No,No internet service,No internet service,No internet service,No internet service,No internet service,No internet service,Month-to-month,No,Electronic check,19.45,19.45,1,0,No,0,New (0-12m),1,0.5413405879936893,High
9220-ZNKJI,Female,Yes,Yes,No,55,Yes,No,Fiber optic,No,No,Yes,Yes,Yes,No,Two year,No,Credit card (automatic),88.8,4805.3,0,0,No,0,Established (37-60m),0,0.008888109959274,Low
2226-ICFDO,Female,No,Yes,Yes,72,Yes,Yes,DSL,Yes,No,Yes,Yes,Yes,Yes,Two year,Yes,Credit card (automatic),85.9,6110.75,0,4,No,0,Loyal (60m+),4,0.06982406839674213,Low
0723-VSOBE,Female,Yes,No,No,45,No,No phone service,DSL,No,No,No,No,No,Yes,One year,No,Electronic check,34.2,1596.6,0,0,No,0,Established (37-60m),0,0.110279055792576,Low
5529-GIBVH,Female,No,No,No,47,Yes,No,No,No internet service,No internet service,No internet service,No internet service,No internet service,No internet service,Two year,No,Mailed check,20.15,1046.2,0,0,No,0,Established (37-60m),0,0.006269294933293298,Low
9992-UJOEL,Male,No,No,No,2,Yes,No,DSL,No,Yes,No,No,No,No,Month-to-month,Yes,Mailed check,50.3,92.75,0,0,No,0,New (0-12m),0,0.6273670817751594,High
4741-WWJQZ,Female,No,Yes,No,2,Yes,No,Fiber optic,Yes,No,No,Yes,No,No,Month-to-month,Yes,Electronic check,80.15,194.55,0,0,No,0,New (0-12m),0,0.8770320553619595,Critical
6625-UTXEW,Female,No,Yes,No,12,Yes,No,DSL,No,Yes,No,No,No,No,Month-to-month,Yes,Electronic check,51.25,612.1,0,0,No,0,New (0-12m),0,0.5884564948826024,High
6244-BESBM,Male,No,Yes,Yes,69,Yes,No,Fiber optic,No,No,No,Yes,Yes,Yes,Two year,Yes,Credit card (automatic),95.2,6671.7,5,5,No,0,Loyal (60m+),10,0.5103866796771782,High
1004-NOZNR,Male,Yes,No,Yes,56,Yes,No,Fiber optic,Yes,No,No,No,Yes,Yes,One year,No,Credit card (automatic),94.8,5264.3,0,0,No,0,Established (37-60m),0,0.02351888652894504,Low
1251-STYSZ,Female,Yes,No,No,4,Yes,Yes,Fiber optic,Yes,No,No,No,No,No,Month-to-month,Yes,Electronic check,80.25,303.7,0,0,No,0,New (0-12m),0,0.9090854795170169,Critical
2612-PHGOX,Male,No,Yes,No,64,Yes,Yes,DSL,No,Yes,Yes,Yes,Yes,No,Two year,Yes,Bank transfer (automatic),76.1,4818.8,0,0,No,0,Loyal (60m+),0,0.0011093596662798933,Low
8480-PPONV,Male,No,Yes,Yes,62,Yes,Yes,Fiber optic,Yes,Yes,Yes,Yes,Yes,Yes,Two year,No,Bank transfer (automatic),115.55,7159.05,0,0,No,0,Loyal (60m+),0,0.0013882881076003055,Low
8780-IHCRN,Male,No,Yes,Yes,63,Yes,Yes,No,No internet service,No internet service,No internet service,No internet service,No internet service,No internet service,Two year,No,Credit card (automatic),24.65,1574.5,0,0,No,0,Loyal (60m+),0,0.0017780283229145895,Low
4598-ZADCK,Female,No,No,No,53,No,No phone service,DSL,Yes,Yes,Yes,Yes,Yes,No,One year,Yes,Electronic check,53.6,2879.2,0,0,No,0,Established (37-60m),0,0.027358363106050207,Low
1257-SXUXQ,Male,No,Yes,Yes,5,Yes,No,No,No internet service,No internet service,No internet service,No internet service,No internet service,No internet service,Month-to-month,No,Mailed check,19.45,86.05,0,0,No,0,New (0-12m),0,0.3248646452441484,Low
9681-KYGYB,Male,Yes,Yes,No,49,Yes,Yes,Fiber optic,Yes,Yes,Yes,No,No,No,Month-to-month,Yes,Electronic check,88.2,4159.45,0,0,No,0,Established (37-60m),0,0.1952418548078749,Low
7182-OVLBJ,Female,No,Yes,Yes,62,Yes,Yes,Fiber optic,Yes,No,No,No,Yes,Yes,Two year,Yes,Bank transfer (automatic),101.15,6638.35,0,0,No,0,Loyal (60m+),0,0.002676338683376506,Low
5095-ETBRJ,Female,No,Yes,No,55,Yes,No,DSL,Yes,Yes,No,Yes,No,No,Two year,No,Mailed check,56.8,3112.05,4,0,No,0,Established (37-60m),4,0.00379815940970089,Low
7005-CYUIL,Female,Yes,Yes,No,71,Yes,No,Fiber optic,Yes,Yes,Yes,Yes,Yes,No,Two year,Yes,Electronic check,99.4,7168.25,0,0,No,0,Loyal (60m+),0,0.0024919050779409636,Low
4821-WQOYN,Female,No,Yes,Yes,72,Yes,No,No,No internet service,No internet service,No internet service,No internet service,No internet service,No internet service,Two year,Yes,Credit card (automatic),20.1,1326.25,0,0,No,0,Loyal (60m+),0,0.001450804269004958,Low
4730-AWNAU,Male,No,Yes,Yes,36,No,No phone service,DSL,Yes,No,Yes,Yes,Yes,Yes,One year,No,Credit card (automatic),60.7,2234.55,0,0,No,0,Mid (13-36m),0,0.034077995207187385,Low
3452-FLHYD,Male,No,Yes,No,25,Yes,No,No,No internet service,No internet service,No internet service,No internet service,No internet service,No internet service,One year,Yes,Bank transfer (automatic),20.95,495.15,5,0,No,0,Mid (13-36m),5,0.06885608256431437,Low
2388-LAESQ,Female,Yes,Yes,No,72,Yes,Yes,Fiber optic,Yes,Yes,Yes,Yes,Yes,Yes,Two year,Yes,Bank transfer (automatic),114.85,8317.95,0,0,No,0,Loyal (60m+),0,0.0009316168585122084,Low
9531-NSBMR,Female,No,No,No,36,Yes,No,No,No internet service,No internet service,No internet service,No internet service,No internet service,No internet service,One year,Yes,Bank transfer (automatic),19.25,679.8,0,2,No,0,Mid (13-36m),2,0.4037977211602668,High
6260-ONULR,Male,No,No,No,1,Yes,No,DSL,No,No,No,No,Yes,Yes,Month-to-month,Yes,Mailed check,62.8,62.8,2,0,No,0,New (0-12m),2,0.6019309316715183,High
4389-UEFCZ,Female,No,Yes,No,72,Yes,Yes,Fiber optic,Yes,No,Yes,No,Yes,Yes,Two year,Yes,Electronic check,105.5,7544.0,0,0,No,0,Loyal (60m+),0,0.001913177515364124,Low
8711-LOBKY,Male,No,Yes,Yes,59,Yes,No,No,No internet service,No internet service,No internet service,No internet service,No internet service,No internet service,Two year,No,Mailed check,19.85,1188.25,0,1,No,0,Established (37-60m),1,0.009197838459798461,Low
8985-OOPOS,Female,No,No,No,1,Yes,No,DSL,No,No,Yes,Yes,Yes,Yes,One year,No,Credit card (automatic),74.1,74.1,0,0,No,0,New (0-12m),0,0.30970464419369487,Low
8800-ZKRFW,Female,No,Yes,Yes,30,Yes,Yes,Fiber optic,No,Yes,Yes,Yes,Yes,Yes,Month-to-month,Yes,Electronic check,107.5,3242.5,4,0,No,0,Mid (13-36m),4,0.28594091915213016,Low
2616-FLVQC,Male,No,No,No,64,Yes,No,No,No internet service,No internet service,No internet service,No internet service,No internet service,No internet service,Two year,No,Mailed check,19.55,1240.15,3,0,No,0,Loyal (60m+),3,0.0023591448292962767,Low
9968-FFVVH,Male,No,No,No,63,Yes,Yes,DSL,Yes,Yes,Yes,Yes,No,No,One year,No,Bank transfer (automatic),68.8,4111.35,0,0,No,0,Loyal (60m+),0,0.005971352232457045,Low
3108-PCCGG,Male,Yes,Yes,No,72,Yes,Yes,DSL,Yes,Yes,Yes,No,Yes,Yes,Two year,No,Credit card (automatic),84.45,5899.85,0,0,No,0,Loyal (60m+),0,0.000671291884517637,Low
8390-FESFV,Female,No,No,No,62,Yes,Yes,DSL,No,Yes,Yes,Yes,Yes,Yes,Two year,No,Bank transfer (automatic),84.5,5193.2,1,0,No,0,Loyal (60m+),1,0.0011275575258852186,Low
3022-BEXHZ,Male,No,Yes,Yes,67,Yes,Yes,Fiber optic,No,Yes,Yes,Yes,Yes,Yes,Two year,Yes,Bank transfer (automatic),111.2,7530.8,0,0,No,0,Loyal (60m+),0,0.0010204584829373966,Low
6248-TKCQV,Female,No,Yes,Yes,70,Yes,Yes,DSL,Yes,No,No,Yes,Yes,Yes,Two year,Yes,Bank transfer (automatic),80.6,5460.2,0,0,No,0,Loyal (60m+),0,0.0005976179039854055,Low
6729-GDNGC,Female,Yes,No,No,20,Yes,No,Fiber optic,No,No,No,No,Yes,No,Month-to-month,No,Bank transfer (automatic),80.7,1614.2,2,0,No,0,Mid (13-36m),2,0.6749042726734557,High
6198-ZFIOJ,Female,No,No,No,5,Yes,Yes,Fiber optic,No,No,No,No,No,No,Month-to-month,No,Electronic check,75.6,402.5,0,0,No,0,New (0-12m),0,0.8879181497312268,Critical
5989-OMNJE,Female,No,Yes,Yes,24,No,No phone service,DSL,Yes,Yes,Yes,No,Yes,Yes,One year,No,Electronic check,57.6,1367.75,1,0,No,0,Mid (13-36m),1,0.1519291201166955,Low
1291-CUOCY,Male,No,Yes,No,72,Yes,Yes,Fiber optic,No,Yes,Yes,Yes,Yes,Yes,Two year,Yes,Credit card (automatic),110.6,7962.2,0,0,No,0,Loyal (60m+),0,0.0007647681830891728,Low
9795-SHUHB,Female,No,Yes,Yes,66,Yes,No,DSL,Yes,Yes,No,Yes,No,No,Two year,Yes,Credit card (automatic),58.2,3810.8,0,6,No,0,Loyal (60m+),6,0.8117972054249336,Critical
3230-IUALN,Female,No,Yes,Yes,45,Yes,No,DSL,Yes,No,Yes,Yes,Yes,Yes,Two year,Yes,Mailed check,81.0,3533.6,0,0,No,0,Established (37-60m),0,0.003365320632967861,Low
0042-RLHYP,Female,No,Yes,Yes,69,Yes,No,No,No internet service,No internet service,No internet service,No internet service,No internet service,No internet service,Two year,No,Bank transfer (automatic),19.7,1396.9,0,0,No,0,Loyal (60m+),0,0.0017556459521074807,Low
4945-RVMTE,Female,No,No,No,28,Yes,No,DSL,No,No,Yes,No,Yes,No,Month-to-month,Yes,Bank transfer (automatic),59.55,1646.45,0,0,No,0,Mid (13-36m),0,0.23673128819258565,Low
1866-NXPSP,Female,No,No,No,36,Yes,No,DSL,Yes,Yes,Yes,Yes,No,Yes,One year,Yes,Mailed check,75.55,2680.15,0,0,No,0,Mid (13-36m),0,0.031142323773249093,Low
3941-XTSKM,Male,No,Yes,Yes,42,No,No phone service,DSL,No,Yes,Yes,No,No,Yes,One year,Yes,Credit card (automatic),45.1,2049.05,0,0,No,0,Established (37-60m),0,0.04037058546797788,Low
1661-CZBAU,Male,No,No,No,48,Yes,Yes,DSL,Yes,No,No,Yes,No,Yes,One year,Yes,Bank transfer (automatic),70.95,3629.2,0,0,No,0,Established (37-60m),0,0.01403096178815816,Low
5158-RIVOP,Female,No,Yes,Yes,11,Yes,No,No,No internet service,No internet service,No internet service,No internet service,No internet service,No internet service,Two year,No,Credit card (automatic),20.9,202.3,0,0,No,0,New (0-12m),0,0.039355741231216435,Low
9788-YTFGE,Male,No,No,No,7,Yes,No,No,No internet service,No internet service,No internet service,No internet service,No internet service,No internet service,Month-to-month,Yes,Mailed check,19.95,147.5,0,0,No,0,New (0-12m),0,0.34361336265982184,Low
9277-JOOMO,Female,No,No,No,3,Yes,Yes,No,No internet service,No internet service,No internet service,No internet service,No internet service,No internet service,Month-to-month,No,Mailed check,24.6,86.35,0,0,No,0,New (0-12m),0,0.40160788423142546,High
1907-YLNYW,Male,No,No,No,8,Yes,No,DSL,Yes,No,Yes,No,No,Yes,Month-to-month,Yes,Electronic check,66.7,579.0,0,0,No,0,New (0-12m),0,0.5797650283805591,High
8947-YRTDV,Male,No,Yes,Yes,32,Yes,No,Fiber optic,Yes,Yes,Yes,No,No,Yes,One year,No,Mailed check,94.8,3131.55,0,0,No,0,Mid (13-36m),0,0.10152409963136964,Low
3161-ONRWK,Male,No,Yes,Yes,60,Yes,No,DSL,Yes,Yes,Yes,Yes,No,No,One year,Yes,Bank transfer (automatic),65.85,3928.3,0,0,No,0,Established (37-60m),0,0.006194605121224511,Low
0114-RSRRW,Female,No,Yes,No,10,Yes,No,No,No internet service,No internet service,No internet service,No internet service,No internet service,No internet service,Month-to-month,Yes,Bank transfer (automatic),19.95,187.75,0,0,No,0,New (0-12m),0,0.3419810776505169,Low
4565-NLZBV,Female,No,Yes,No,71,Yes,Yes,No,No internet service,No internet service,No internet service,No internet service,No internet service,No internet service,Two year,Yes,Bank transfer (automatic),24.65,1710.15,0,0,No,0,Loyal (60m+),0,0.0015652065540492218,Low
6682-VCIXC,Female,No,Yes,Yes,43,No,No phone service,DSL,Yes,Yes,No,Yes,Yes,No,One year,Yes,Bank transfer (automatic),51.25,2151.6,1,0,No,0,Established (37-60m),1,0.033016972625673026,Low
6475-VHUIZ,Female,No,Yes,No,23,Yes,No,DSL,No,No,Yes,Yes,No,No,Month-to-month,No,Electronic check,54.25,1221.55,0,0,No,0,Mid (13-36m),0,0.3496164013317614,Low
3910-MRQOY,Female,No,Yes,No,72,Yes,No,No,No internet service,No internet service,No internet service,No internet service,No internet service,No internet service,Two year,No,Bank transfer (automatic),19.4,1496.45,0,1,No,0,Loyal (60m+),1,0.006377754569007804,Low
0661-WCQNQ,Male,No,Yes,No,22,Yes,No,DSL,Yes,No,No,Yes,No,No,One year,Yes,Credit card (automatic),56.25,1292.2,4,0,No,0,Mid (13-36m),4,0.10510183743080737,Low
7537-RBWEA,Female,No,No,No,1,No,No phone service,DSL,No,No,No,No,No,No,Month-to-month,Yes,Mailed check,25.15,25.15,5,0,No,0,New (0-12m),5,0.7351333669251036,Critical
4656-CAURT,Male,No,No,No,69,Yes,Yes,No,No internet service,No internet service,No internet service,No internet service,No internet service,No internet service,Two year,No,Bank transfer (automatic),23.95,1713.1,0,0,No,0,Loyal (60m+),0,0.0016772628077913816,Low
0121-SNYRK,Male,No,No,No,50,No,No phone service,DSL,Yes,No,No,Yes,No,No,One year,Yes,Mailed check,35.4,1748.9,0,0,No,0,Established (37-60m),0,0.03296575989815588,Low
3733-LSYCE,Female,No,Yes,No,15,Yes,No,Fiber optic,No,Yes,No,No,No,No,Month-to-month,No,Bank transfer (automatic),75.35,1114.55,0,0,No,0,Mid (13-36m),0,0.7187054812935229,Critical
6265-FRMTQ,Male,No,No,No,31,Yes,No,No,No internet service,No internet service,No internet service,No internet service,No internet service,No internet service,Two year,No,Bank transfer (automatic),20.4,609.1,0,0,No,0,Mid (13-36m),0,0.01593890350232675,Low
1371-DWPAZ,Female,No,Yes,Yes,0,No,No phone service,DSL,Yes,Yes,Yes,Yes,Yes,No,Two year,No,Credit card (automatic),56.05,0.0,0,0,No,0,New (0-12m),0,0.1245116086165953,Low
2017-CCBLH,Female,No,No,No,8,Yes,No,No,No internet service,No internet service,No internet service,No internet service,No internet service,No internet service,Two year,No,Mailed check,20.0,141.6,5,0,No,0,New (0-12m),5,0.05410066369999443,Low
7690-KPNCU,Male,No,Yes,Yes,64,Yes,No,DSL,Yes,No,Yes,No,Yes,Yes,One year,Yes,Credit card (automatic),73.05,4688.65,0,0,No,0,Loyal (60m+),0,0.004158591916509836,Low
0536-BGFMZ,Female,No,Yes,No,28,Yes,No,No,No internet service,No internet service,No internet service,No internet service,No internet service,No internet service,Month-to-month,No,Mailed check,20.5,563.05,1,0,No,0,Mid (13-36m),1,0.14427088947473807,Low
2293-IJWPS,Female,No,Yes,No,57,Yes,Yes,Fiber optic,No,No,Yes,No,Yes,Yes,One year,Yes,Credit card (automatic),100.75,5985.0,2,0,No,0,Established (37-60m),2,0.01605791871807454,Low
5469-NUJUR,Male,No,No,No,19,Yes,No,No,No internet service,No internet service,No internet service,No internet service,No internet service,No internet service,Two year,Yes,Mailed check,19.95,373.5,0,0,No,0,Mid (13-36m),0,0.027412941707141102,Low
2625-TRCZQ,Female,No,Yes,No,51,No,No phone service,DSL,No,Yes,No,No,Yes,Yes,Month-to-month,Yes,Electronic check,49.65,2553.35,0,0,No,0,Established (37-60m),0,0.10316251411394711,Low
4102-HLENU,Female,No,Yes,No,67,Yes,Yes,DSL,Yes,Yes,Yes,No,No,No,Two year,No,Mailed check,65.65,4322.85,0,0,No,0,Loyal (60m+),0,0.0015496506310218804,Low
7266-GSSJX,Male,No,Yes,Yes,11,Yes,No,No,No internet service,No internet service,No internet service,No internet service,No internet service,No internet service,Month-to-month,Yes,Electronic check,20.45,250.8,0,0,No,0,New (0-12m),0,0.34957919035381363,Low
7722-VJRQD,Male,No,Yes,Yes,72,No,No phone service,DSL,Yes,No,Yes,Yes,Yes,Yes,Two year,No,Bank transfer (automatic),60.95,4549.05,1,0,No,0,Loyal (60m+),1,0.0008619483149649176,Low
7073-QETQY,Male,No,Yes,Yes,66,Yes,No,No,No internet service,No internet service,No internet service,No internet service,No internet service,No internet service,One year,Yes,Electronic check,20.35,1359.5,0,0,No,0,Loyal (60m+),0,0.009201581633937465,Low
5624-RYAMH,Female,No,No,No,9,Yes,No,No,No internet service,No internet service,No internet service,No internet service,No internet service,No internet service,Month-to-month,Yes,Electronic check,19.5,178.85,0,0,No,0,New (0-12m),0,0.45425916658338833,High
0196-JTUQI,Female,No,No,No,9,Yes,Yes,Fiber optic,No,No,No,No,No,No,Month-to-month,Yes,Credit card (automatic),75.2,633.85,0,0,No,0,New (0-12m),0,0.7999921671302925,Critical
7130-YXBRO,Male,No,Yes,No,48,Yes,Yes,Fiber optic,Yes,Yes,Yes,No,Yes,Yes,Month-to-month,Yes,Bank transfer (automatic),111.45,5315.1,3,0,No,0,Established (37-60m),3,0.06767117204104096,Low
9272-LSVYH,Male,No,No,No,10,Yes,No,Fiber optic,No,No,No,No,No,No,Month-to-month,No,Mailed check,70.15,735.5,0,0,No,0,New (0-12m),0,0.77258015111181,Critical
3084-DOWLE,Female,No,Yes,No,72,Yes,Yes,DSL,Yes,Yes,Yes,Yes,Yes,Yes,Two year,No,Bank transfer (automatic),92.0,6474.4,0,0,No,0,Loyal (60m+),0,0.00038888664862880184,Low
1084-MNSMJ,Female,No,Yes,Yes,51,Yes,No,DSL,Yes,Yes,Yes,Yes,Yes,Yes,Two year,No,Credit card (automatic),85.5,4421.95,0,0,No,0,Established (37-60m),0,0.0018683449112916514,Low
4238-HFHSN,Male,Yes,Yes,No,61,Yes,Yes,Fiber optic,No,Yes,No,No,No,No,Month-to-month,Yes,Electronic check,82.15,4904.85,0,0,No,0,Loyal (60m+),0,0.10281808910821394,Low
6250-CGGUN,Male,No,No,No,54,Yes,No,Fiber optic,Yes,No,Yes,Yes,No,No,One year,No,Electronic check,84.4,4484.05,5,0,No,0,Established (37-60m),5,0.043877749427548345,Low
5478-JJVZK,Female,No,No,No,33,Yes,Yes,DSL,Yes,Yes,No,No,No,No,Month-to-month,Yes,Mailed check,60.9,2033.85,0,0,No,0,Mid (13-36m),0,0.15769795274141582,Low
7596-IIWYC,Female,No,No,No,27,Yes,No,No,No internet service,No internet service,No internet service,No internet service,No internet service,No internet service,Two year,Yes,Bank transfer (automatic),20.25,538.2,0,0,No,0,Mid (13-36m),0,0.021721521710250904,Low
9793-WECQC,Male,No,No,No,23,Yes,No,Fiber optic,No,Yes,No,No,Yes,Yes,Month-to-month,No,Mailed check,95.3,2192.9,0,0,No,0,Mid (13-36m),0,0.4444033511823666,High
4291-HPAXL,Male,No,No,Yes,1,Yes,No,No,No internet service,No internet service,No internet service,No internet service,No internet service,No internet service,Month-to-month,No,Mailed check,19.85,19.85,0,0,No,0,New (0-12m),0,0.3865638176598367,Low
8999-YPYBV,Male,No,Yes,Yes,45,Yes,No,DSL,Yes,Yes,Yes,Yes,Yes,Yes,Two year,Yes,Mailed check,84.35,3858.05,0,0,No,0,Established (37-60m),0,0.0026352465700602914,Low
1839-FBNFR,Female,No,Yes,Yes,39,Yes,No,No,No internet service,No internet service,No internet service,No internet service,No internet service,No internet service,Two year,Yes,Bank transfer (automatic),19.85,854.8,0,0,No,0,Established (37-60m),0,0.009002843978430411,Low
3071-MVJCD,Male,No,Yes,Yes,72,Yes,Yes,DSL,Yes,Yes,Yes,Yes,Yes,No,Two year,No,Bank transfer (automatic),82.3,5815.15,0,0,No,0,Loyal (60m+),0,0.00042923817951855776,Low
1697-BCSHV,Female,No,Yes,Yes,58,Yes,Yes,DSL,No,Yes,No,No,Yes,No,Month-to-month,Yes,Bank transfer (automatic),66.8,3970.4,0,0,No,0,Established (37-60m),0,0.024072561475545855,Low
0562-KBDVM,Female,No,No,No,70,No,No phone service,DSL,Yes,Yes,Yes,Yes,No,No,Two year,Yes,Bank transfer (automatic),44.6,3058.15,0,0,No,0,Loyal (60m+),0,0.0026003133339574957,Low
1131-SUEKT,Male,No,Yes,Yes,61,Yes,No,Fiber optic,No,Yes,No,Yes,Yes,Yes,One year,Yes,Bank transfer (automatic),98.45,6145.2,0,0,No,0,Loyal (60m+),0,0.008856898921047188,Low
3717-OEAUQ,Male,No,No,No,2,Yes,No,Fiber optic,No,No,No,No,No,No,Month-to-month,No,Mailed check,70.7,129.2,0,0,No,0,New (0-12m),0,0.8587535671906622,Critical
4538-WNTMJ,Female,No,Yes,Yes,46,Yes,Yes,No,No internet service,No internet service,No internet service,No internet service,No internet service,No internet service,One year,No,Mailed check,24.95,1165.9,3,0,No,0,Established (37-60m),3,0.016699254699147844,Low
9432-RUVSL,Female,No,No,No,48,Yes,No,Fiber optic,Yes,No,Yes,Yes,Yes,Yes,Two year,Yes,Credit card (automatic),102.5,4904.25,0,0,No,0,Established (37-60m),0,0.00864659724583684,Low
8060-HIWJJ,Male,No,No,No,64,Yes,Yes,DSL,No,Yes,Yes,Yes,Yes,Yes,Two year,No,Credit card (automatic),86.55,5632.55,0,0,No,0,Loyal (60m+),0,0.0007370971081213613,Low
7684-XSZIY,Male,No,Yes,Yes,72,Yes,Yes,No,No internet service,No internet service,No internet service,No internet service,No internet service,No internet service,Two year,No,Bank transfer (automatic),24.3,1643.25,0,5,No,0,Loyal (60m+),5,0.46711900842634624,High
9089-UOWJG,Female,No,Yes,Yes,12,Yes,No,DSL,No,No,Yes,No,Yes,No,Month-to-month,Yes,Credit card (automatic),58.35,740.55,0,0,No,0,New (0-12m),0,0.41405444413205605,High
8039-ACLPL,Female,No,Yes,Yes,72,Yes,No,DSL,Yes,Yes,Yes,No,No,Yes,Two year,No,Credit card (automatic),68.75,4888.2,0,0,No,0,Loyal (60m+),0,0.0008788523227139271,Low
9885-AIBVB,Male,No,Yes,No,29,Yes,Yes,Fiber optic,No,Yes,Yes,No,No,No,Month-to-month,Yes,Electronic check,85.8,2440.25,0,0,No,0,Mid (13-36m),0,0.4855037272968453,High
1934-MKPXS,Male,No,Yes,Yes,33,Yes,No,No,No internet service,No internet service,No internet service,No internet service,No internet service,No internet service,One year,No,Credit card (automatic),20.1,620.55,0,0,No,0,Mid (13-36m),0,0.03774887112728131,Low
2592-YKDIF,Female,No,No,No,1,Yes,No,No,No internet service,No internet service,No internet service,No internet service,No internet service,No internet service,Month-to-month,No,Mailed check,20.35,20.35,0,0,No,0,New (0-12m),0,0.4444961832995811,High
2272-JKMSI,Female,No,Yes,Yes,62,Yes,Yes,Fiber optic,No,Yes,Yes,Yes,Yes,Yes,One year,Yes,Electronic check,110.8,6840.95,0,0,No,0,Loyal (60m+),0,0.008941824045639915,Low
8714-CTZJW,Female,No,No,No,4,Yes,No,Fiber optic,No,No,Yes,No,No,Yes,Month-to-month,Yes,Credit card (automatic),82.85,319.6,0,0,No,0,New (0-12m),0,0.836413858279168,Critical
3569-EDBPQ,Female,No,No,No,24,Yes,Yes,Fiber optic,Yes,No,No,Yes,No,No,Month-to-month,Yes,Electronic check,84.35,1938.05,0,0,No,0,Mid (13-36m),0,0.579576071614695,High
3131-NWVFJ,Female,No,Yes,Yes,14,Yes,No,No,No internet service,No internet service,No internet service,No internet service,No internet service,No internet service,One year,No,Mailed check,19.55,294.5,0,0,No,0,Mid (13-36m),0,0.10392333372525422,Low
7521-YXVZY,Male,No,No,Yes,3,Yes,No,No,No internet service,No internet service,No internet service,No internet service,No internet service,No internet service,Month-to-month,No,Mailed check,19.95,58.3,0,0,No,0,New (0-12m),0,0.3604383321518376,Low
2373-NTKOD,Male,No,No,No,8,Yes,No,DSL,No,No,No,No,Yes,Yes,Month-to-month,Yes,Electronic check,66.25,546.45,0,0,No,0,New (0-12m),0,0.5838090538647138,High
1970-KKFWL,Female,No,No,No,35,Yes,Yes,No,No internet service,No internet service,No internet service,No internet service,No internet service,No internet service,Two year,No,Bank transfer (automatic),23.3,797.1,0,0,No,0,Mid (13-36m),0,0.013076245163100334,Low
9337-SRRNI,Male,No,No,Yes,66,Yes,Yes,No,No internet service,No internet service,No internet service,No internet service,No internet service,No internet service,Two year,Yes,Credit card (automatic),25.3,1673.8,0,0,No,0,Loyal (60m+),0,0.0015617013088878367,Low
0895-UADGO,Male,No,No,Yes,8,No,No phone service,DSL,Yes,No,No,Yes,No,Yes,Two year,Yes,Mailed check,44.55,343.45,2,0,No,0,New (0-12m),2,0.08382752483956135,Low
5678-VFNEQ,Female,No,Yes,No,71,Yes,Yes,Fiber optic,Yes,No,Yes,No,Yes,Yes,One year,Yes,Credit card (automatic),104.1,7412.25,2,0,No,0,Loyal (60m+),2,0.004912915169964572,Low
5977-CKHON,Female,No,Yes,Yes,43,Yes,Yes,Fiber optic,No,No,Yes,No,No,Yes,Month-to-month,Yes,Bank transfer (automatic),92.55,4039.0,0,2,No,0,Established (37-60m),2,0.7050144703454657,Critical
2692-BUCFV,Male,Yes,No,No,29,Yes,No,Fiber optic,No,Yes,Yes,No,Yes,Yes,Month-to-month,Yes,Bank transfer (automatic),101.45,2948.6,0,0,No,0,Mid (13-36m),0,0.37373106712629,Low
1830-GGFNM,Male,No,Yes,Yes,65,Yes,Yes,Fiber optic,Yes,Yes,Yes,Yes,No,No,Two year,No,Credit card (automatic),94.55,6078.75,0,0,No,0,Loyal (60m+),0,0.0021186061375761144,Low
5302-BDJNT,Male,No,No,No,35,Yes,Yes,Fiber optic,No,No,Yes,Yes,Yes,No,Month-to-month,No,Electronic check,95.5,3418.2,0,0,No,0,Mid (13-36m),0,0.2801887297939517,Low
5223-UZAVK,Male,No,No,No,64,Yes,No,Fiber optic,Yes,Yes,No,No,Yes,Yes,One year,Yes,Credit card (automatic),100.3,6603.8,0,0,No,0,Loyal (60m+),0,0.009095935485508121,Low
4859-ZSRDZ,Female,No,Yes,Yes,58,No,No phone service,DSL,No,No,Yes,Yes,Yes,Yes,Two year,Yes,Credit card (automatic),55.5,3166.9,4,0,No,0,Established (37-60m),4,0.002976196230012542,Low
5651-WYIPH,Female,Yes,No,No,18,Yes,No,DSL,No,Yes,No,No,No,No,Month-to-month,Yes,Credit card (automatic),49.85,865.75,5,0,No,0,Mid (13-36m),5,0.4634892158641995,High
9350-VLHMB,Male,No,Yes,Yes,67,Yes,Yes,Fiber optic,No,Yes,No,No,No,Yes,Month-to-month,Yes,Bank transfer (automatic),89.55,6373.1,0,0,No,0,Loyal (60m+),0,0.022802976742065294,Low
3498-LZGQZ,Male,No,Yes,Yes,63,Yes,No,No,No internet service,No internet service,No internet service,No internet service,No internet service,No internet service,Two year,Yes,Mailed check,19.15,1177.05,0,0,No,0,Loyal (60m+),0,0.0020639918231597607,Low
8785-CJSHH,Female,No,Yes,No,60,Yes,Yes,Fiber optic,No,Yes,No,No,Yes,Yes,Month-to-month,Yes,Electronic check,99.8,5985.75,0,0,No,0,Established (37-60m),0,0.05603652835283674,Low
3870-SPZSI,Female,No,Yes,Yes,70,Yes,Yes,Fiber optic,Yes,Yes,Yes,Yes,Yes,Yes,Two year,Yes,Credit card (automatic),113.05,7869.05,0,0,No,0,Loyal (60m+),0,0.0007954897914318548,Low
7560-QRBXH,Female,No,No,Yes,48,Yes,No,No,No internet service,No internet service,No internet service,No internet service,No internet service,No internet service,One year,No,Mailed check,19.95,936.7,0,0,No,0,Established (37-60m),0,0.018448827905619334,Low
7077-XJMET,Male,No,Yes,No,12,Yes,No,DSL,No,No,Yes,Yes,Yes,Yes,Month-to-month,Yes,Electronic check,74.15,741.4,0,0,No,0,New (0-12m),0,0.4292098035483593,High
8752-GHJFU,Male,Yes,Yes,No,71,Yes,Yes,Fiber optic,Yes,Yes,Yes,Yes,No,No,One year,Yes,Electronic check,92.0,6585.2,0,0,No,0,Loyal (60m+),0,0.010509612399254764,Low
6896-SRVYQ,Male,Yes,No,No,44,Yes,No,Fiber optic,No,No,Yes,No,No,No,Month-to-month,No,Electronic check,73.85,3122.4,0,0,No,0,Established (37-60m),0,0.3579450403306275,Low
4652-ODEVH,Male,No,Yes,Yes,45,Yes,Yes,No,No internet service,No internet service,No internet service,No internet service,No internet service,No internet service,Two year,No,Mailed check,24.45,1088.25,0,0,No,0,Established (37-60m),0,0.00476164832948448,Low
6510-UPNKS,Female,No,No,No,23,Yes,Yes,No,No internet service,No internet service,No internet service,No internet service,No internet service,No internet service,One year,No,Credit card (automatic),24.8,615.35,0,0,No,0,Mid (13-36m),0,0.07539182218973929,Low
6718-BDGHG,Female,No,Yes,No,43,Yes,Yes,DSL,No,No,No,Yes,Yes,No,One year,Yes,Bank transfer (automatic),64.85,2908.2,0,0,No,0,Established (37-60m),0,0.02522753715803096,Low
9046-DQMTP,Male,No,No,No,35,Yes,No,No,No internet service,No internet service,No internet service,No internet service,No internet service,No internet service,Month-to-month,No,Bank transfer (automatic),20.75,739.9,0,0,No,0,Mid (13-36m),0,0.10863295389672992,Low
6439-LAJXL,Male,No,Yes,No,9,Yes,No,DSL,Yes,Yes,No,Yes,Yes,No,Month-to-month,Yes,Mailed check,68.95,593.85,0,0,No,0,New (0-12m),0,0.37938035258421465,Low
9052-VKDUW,Female,Yes,Yes,No,65,Yes,Yes,Fiber optic,Yes,Yes,Yes,No,Yes,Yes,Month-to-month,Yes,Credit card (automatic),109.4,7227.45,0,0,No,0,Loyal (60m+),0,0.021751166781863073,Low
1666-JZPZT,Male,No,No,No,27,Yes,Yes,DSL,No,No,No,No,No,No,Month-to-month,No,Mailed check,49.0,1291.35,0,0,No,0,Mid (13-36m),0,0.25427665680125805,Low
5777-KJIRB,Female,No,No,No,40,Yes,No,DSL,No,No,Yes,No,No,No,One year,Yes,Mailed check,50.25,2023.55,0,0,No,0,Established (37-60m),0,0.05310723566835227,Low
7677-SJJJK,Male,No,Yes,Yes,8,Yes,No,No,No internet service,No internet service,No internet service,No internet service,No internet service,No internet service,One year,No,Credit card (automatic),19.9,153.95,0,0,No,0,New (0-12m),0,0.1346073423785736,Low
2480-EJWYP,Female,Yes,Yes,No,58,Yes,Yes,Fiber optic,No,Yes,No,No,Yes,Yes,One year,Yes,Bank transfer (automatic),97.8,5458.8,3,0,No,0,Established (37-60m),3,0.02466406968064076,Low
3253-HKOKL,Female,No,Yes,Yes,52,Yes,No,Fiber optic,Yes,No,Yes,No,Yes,Yes,One year,No,Electronic check,100.3,5244.45,2,4,No,0,Established (37-60m),6,0.8720624900783719,Critical
7055-HNEOJ,Male,No,Yes,No,3,Yes,No,DSL,No,No,Yes,Yes,No,No,Month-to-month,Yes,Mailed check,55.8,154.55,0,0,No,0,New (0-12m),0,0.5298468637377892,High
5514-YQENT,Male,No,No,Yes,41,Yes,No,Fiber optic,Yes,Yes,Yes,Yes,Yes,Yes,Two year,Yes,Electronic check,111.15,4507.15,2,0,No,0,Established (37-60m),2,0.01458715560590273,Low
3211-AAPKX,Male,No,No,No,20,Yes,Yes,Fiber optic,No,No,No,Yes,Yes,Yes,Month-to-month,Yes,Mailed check,98.55,2031.95,0,0,No,0,Mid (13-36m),0,0.43325080322540777,High
8445-DNBAE,Male,No,No,Yes,1,Yes,Yes,DSL,No,No,No,No,No,No,Month-to-month,Yes,Electronic check,50.05,50.05,0,0,No,0,New (0-12m),0,0.71244088358893,Critical
2958-NHPPS,Male,No,No,No,23,Yes,No,No,No internet service,No internet service,No internet service,No internet service,No internet service,No internet service,Month-to-month,No,Electronic check,20.85,473.9,0,0,No,0,Mid (13-36m),0,0.25406361886925083,Low
6806-YDEUL,Female,Yes,No,No,6,Yes,No,No,No internet service,No internet service,No internet service,No internet service,No internet service,No internet service,Month-to-month,No,Bank transfer (automatic),19.5,106.8,0,0,No,0,New (0-12m),0,0.46128579210084886,High
1735-XMJVH,Male,No,Yes,Yes,8,Yes,No,No,No internet service,No internet service,No internet service,No internet service,No internet service,No internet service,Month-to-month,Yes,Mailed check,19.35,152.6,0,0,No,0,New (0-12m),0,0.28933658757691433,Low
6890-PFRQX,Male,No,No,No,18,Yes,Yes,DSL,Yes,No,Yes,No,Yes,No,Month-to-month,No,Mailed check,69.5,1199.4,0,1,No,0,Mid (13-36m),1,0.6084119981867692,High
0222-CNVPT,Male,Yes,No,No,52,No,No phone service,DSL,Yes,No,No,No,Yes,Yes,Month-to-month,Yes,Credit card (automatic),48.8,2555.05,0,0,No,0,Established (37-60m),0,0.0800522910609586,Low
5899-OUVKV,Male,No,No,No,31,Yes,No,Fiber optic,No,Yes,No,No,Yes,Yes,Month-to-month,Yes,Electronic check,94.5,2979.2,1,0,No,0,Mid (13-36m),1,0.4037761198986246,High
8681-ICONS,Male,No,Yes,Yes,29,Yes,No,No,No internet service,No internet service,No internet service,No internet service,No internet service,No internet service,Month-to-month,Yes,Mailed check,20.65,654.85,5,0,No,0,Mid (13-36m),5,0.10843664904712699,Low
1621-YNCJH,Female,No,Yes,No,36,Yes,Yes,Fiber optic,Yes,Yes,Yes,Yes,No,Yes,Two year,Yes,Credit card (automatic),106.05,3834.4,5,2,No,0,Mid (13-36m),7,0.2188022841785052,Low
6362-QHAFM,Male,No,Yes,No,42,Yes,Yes,Fiber optic,No,No,Yes,Yes,Yes,Yes,One year,Yes,Electronic check,108.3,4586.15,2,0,No,0,Established (37-60m),2,0.051977181733372194,Low
3070-BDOQC,Female,No,No,No,60,Yes,No,Fiber optic,No,Yes,Yes,No,Yes,Yes,Two year,Yes,Electronic check,99.65,5941.05,0,0,No,0,Established (37-60m),0,0.006621628839264963,Low
6234-PFPXL,Male,No,Yes,No,22,Yes,Yes,Fiber optic,Yes,No,No,Yes,Yes,No,Month-to-month,No,Credit card (automatic),95.9,2234.95,0,0,No,0,Mid (13-36m),0,0.40088739005655116,High
9824-QCJPK,Male,No,Yes,No,36,Yes,No,No,No internet service,No internet service,No internet service,No internet service,No internet service,No internet service,One year,No,Mailed check,20.0,666.75,0,0,No,0,Mid (13-36m),0,0.035522910116349206,Low
4283-IVYCI,Male,No,No,No,9,Yes,No,DSL,Yes,No,No,Yes,No,Yes,Month-to-month,No,Mailed check,64.95,547.8,0,0,No,0,New (0-12m),0,0.40947388046036365,High
1866-OBPNR,Male,No,Yes,Yes,1,Yes,No,Fiber optic,No,Yes,No,No,No,No,Month-to-month,No,Credit card (automatic),74.6,74.6,0,0,No,0,New (0-12m),0,0.8408679256301466,Critical
8205-MQUGY,Male,No,Yes,Yes,12,Yes,No,DSL,Yes,No,No,No,No,No,Month-to-month,Yes,Electronic check,49.2,571.15,0,0,No,0,New (0-12m),0,0.5380671259647883,High
8970-ANWXO,Female,No,No,No,23,Yes,Yes,DSL,No,No,No,Yes,Yes,Yes,One year,Yes,Mailed check,73.75,1756.6,1,0,No,0,Mid (13-36m),1,0.07755005470821284,Low
9480-BQJEI,Male,No,No,No,62,Yes,Yes,Fiber optic,Yes,Yes,No,No,No,Yes,One year,Yes,Bank transfer (automatic),92.3,5731.45,0,0,No,0,Loyal (60m+),0,0.01568280574697114,Low
6979-TNDEU,Female,No,No,No,8,Yes,No,No,No internet service,No internet service,No internet service,No internet service,No internet service,No internet service,Month-to-month,No,Mailed check,19.2,156.85,1,0,No,0,New (0-12m),1,0.35559820122336616,Low
9777-WJJPR,Male,No,Yes,No,31,Yes,Yes,Fiber optic,No,No,Yes,No,Yes,No,Month-to-month,No,Credit card (automatic),88.65,2683.2,0,0,No,0,Mid (13-36m),0,0.3338993205061224,Low
9495-SKLKD,Male,No,Yes,Yes,45,Yes,Yes,Fiber optic,No,Yes,Yes,No,No,Yes,Month-to-month,Yes,Bank transfer (automatic),95.95,4456.65,0,3,No,0,Established (37-60m),3,0.8600845116775405,Critical
6048-UWKAL,Female,Yes,Yes,No,69,Yes,Yes,Fiber optic,No,Yes,No,Yes,Yes,Yes,Two year,No,Credit card (automatic),105.4,6998.95,0,0,No,0,Loyal (60m+),0,0.0017676573086774698,Low
5067-DGXLL,Male,No,No,No,2,Yes,No,No,No internet service,No internet service,No internet service,No internet service,No internet service,No internet service,Month-to-month,No,Mailed check,20.25,36.8,0,0,No,0,New (0-12m),0,0.40840343704692705,High
6281-FKEWS,Female,No,No,No,44,No,No phone service,DSL,No,No,Yes,No,Yes,Yes,One year,Yes,Electronic check,49.05,2265.0,0,0,No,0,Established (37-60m),0,0.06486918548156843,Low
8898-KASCD,Male,No,No,No,39,No,No phone service,DSL,No,No,Yes,Yes,No,No,One year,No,Mailed check,35.55,1309.15,0,0,No,0,Established (37-60m),0,0.06302157239211069,Low
9242-TKFSV,Male,No,Yes,Yes,72,No,No phone service,DSL,Yes,Yes,Yes,Yes,Yes,Yes,Two year,Yes,Credit card (automatic),65.1,4754.3,3,0,No,0,Loyal (60m+),3,0.0007169202655103144,Low
9290-SHCMB,Female,Yes,No,No,13,Yes,No,Fiber optic,No,No,Yes,No,Yes,Yes,Month-to-month,Yes,Electronic check,96.85,1235.55,0,0,No,0,Mid (13-36m),0,0.7920400592006331,Critical
0743-HNPFG,Female,No,Yes,Yes,51,Yes,No,DSL,Yes,Yes,No,Yes,No,Yes,One year,Yes,Credit card (automatic),69.75,3562.5,0,0,No,0,Established (37-60m),0,0.010586767300074199,Low
2277-BKJKN,Female,Yes,Yes,No,71,Yes,No,Fiber optic,No,Yes,Yes,No,Yes,Yes,Two year,Yes,Electronic check,99.2,7213.75,1,0,No,0,Loyal (60m+),1,0.003009302061582654,Low
5035-PGZXH,Female,No,No,No,56,Yes,Yes,Fiber optic,No,Yes,Yes,No,Yes,Yes,One year,Yes,Electronic check,106.8,5914.4,0,0,No,0,Established (37-60m),0,0.025371327481427897,Low
8695-WDYEA,Male,No,No,No,1,Yes,No,DSL,Yes,No,No,No,No,No,Month-to-month,No,Mailed check,51.25,51.25,0,0,No,0,New (0-12m),0,0.6389415778898573,High
6543-JXSOO,Female,No,Yes,Yes,23,Yes,No,DSL,Yes,Yes,No,Yes,No,No,One year,Yes,Mailed check,57.75,1282.85,0,0,No,0,Mid (13-36m),0,0.0896914622734722,Low
8016-ZMGMO,Female,Yes,Yes,No,66,Yes,Yes,DSL,No,Yes,Yes,No,Yes,No,One year,Yes,Bank transfer (automatic),70.85,4738.85,0,0,No,0,Loyal (60m+),0,0.006418562798287819,Low
8605-ITULD,Female,No,No,No,1,Yes,No,No,No internet service,No internet service,No internet service,No internet service,No internet service,No internet service,Month-to-month,No,Mailed check,19.55,19.55,0,0,No,0,New (0-12m),0,0.44718727706188965,High
6416-YJTTB,Male,No,No,No,11,Yes,No,Fiber optic,Yes,No,Yes,No,No,No,Month-to-month,Yes,Bank transfer (automatic),79.5,795.65,0,0,No,0,New (0-12m),0,0.7587541414396607,Critical
4472-VESGY,Female,No,Yes,Yes,52,Yes,Yes,Fiber optic,Yes,Yes,Yes,No,No,Yes,Month-to-month,No,Bank transfer (automatic),98.15,4993.4,0,1,No,0,Established (37-60m),1,0.21856349708048575,Low
3195-TQDZX,Male,No,No,No,3,Yes,No,No,No internet service,No internet service,No internet service,No internet service,No internet service,No internet service,Month-to-month,Yes,Electronic check,20.25,61.45,0,0,No,0,New (0-12m),0,0.5108971321578459,High
3128-YOVTD,Female,No,Yes,Yes,51,Yes,No,Fiber optic,Yes,Yes,No,No,No,No,Month-to-month,Yes,Bank transfer (automatic),79.15,4018.55,3,0,No,0,Established (37-60m),3,0.12207909559591364,Low
1728-CXQBE,Male,Yes,Yes,No,64,Yes,Yes,Fiber optic,No,Yes,Yes,No,No,Yes,Month-to-month,Yes,Electronic check,94.25,6081.4,0,0,No,0,Loyal (60m+),0,0.05424886985478725,Low
7041-TXQJH,Female,No,No,No,37,No,No phone service,DSL,No,No,Yes,No,No,Yes,Month-to-month,Yes,Credit card (automatic),40.2,1478.85,0,0,No,0,Established (37-60m),0,0.2040905429174219,Low
5014-GSOUQ,Male,No,No,No,13,Yes,No,No,No internet service,No internet service,No internet service,No internet service,No internet service,No internet service,Two year,No,Mailed check,19.95,243.65,0,0,No,0,Mid (13-36m),0,0.03793740878529275,Low
5724-BIDBU,Male,No,Yes,No,49,Yes,Yes,DSL,Yes,No,No,No,No,No,One year,Yes,Electronic check,55.35,2633.95,0,0,No,0,Established (37-60m),0,0.036627825219719884,Low
0481-SUMCB,Female,Yes,No,No,45,Yes,Yes,Fiber optic,No,No,Yes,No,Yes,Yes,One year,Yes,Bank transfer (automatic),102.15,4735.35,0,0,No,0,Established (37-60m),0,0.05703828635659119,Low
1769-GRUIK,Female,No,No,No,18,Yes,No,Fiber optic,No,No,No,No,No,No,Month-to-month,Yes,Electronic check,71.1,1247.75,0,0,No,0,Mid (13-36m),0,0.7716274997234345,Critical
8819-WFGGJ,Male,No,Yes,No,68,No,No phone service,DSL,Yes,No,Yes,No,Yes,Yes,Two year,Yes,Bank transfer (automatic),54.1,3794.5,0,0,No,0,Loyal (60m+),0,0.002087228259878969,Low
7427-AUFPY,Male,No,No,No,54,Yes,No,No,No internet service,No internet service,No internet service,No internet service,No internet service,No internet service,Two year,No,Credit card (automatic),19.65,1008.7,3,0,No,0,Established (37-60m),3,0.004362918775571727,Low
2811-POVEX,Female,Yes,Yes,Yes,23,Yes,No,Fiber optic,No,Yes,Yes,No,No,Yes,Month-to-month,Yes,Bank transfer (automatic),88.45,2130.55,0,0,No,0,Mid (13-36m),0,0.5257765146185849,High
7898-PDWQE,Male,No,Yes,No,71,Yes,Yes,DSL,Yes,Yes,Yes,Yes,No,Yes,Two year,No,Credit card (automatic),80.4,5727.15,0,0,No,0,Loyal (60m+),0,0.0005199116754384417,Low
9972-EWRJS,Female,No,Yes,Yes,67,Yes,No,No,No internet service,No internet service,No internet service,No internet service,No internet service,No internet service,Two year,Yes,Bank transfer (automatic),19.25,1372.9,0,0,No,0,Loyal (60m+),0,0.001962539756842316,Low
9314-IJWSQ,Female,No,Yes,Yes,14,Yes,Yes,Fiber optic,No,No,No,No,Yes,No,Month-to-month,Yes,Electronic check,84.8,1203.9,2,0,No,0,Mid (13-36m),2,0.7381911794783428,Critical
5799-JRCZO,Female,No,No,Yes,63,Yes,No,No,No internet service,No internet service,No internet service,No internet service,No internet service,No internet service,Two year,No,Credit card (automatic),19.5,1215.1,0,0,No,0,Loyal (60m+),0,0.002492392818458149,Low
1921-KYSAY,Female,No,No,No,41,Yes,Yes,DSL,No,No,Yes,Yes,No,Yes,One year,Yes,Electronic check,68.6,2877.05,0,0,No,0,Established (37-60m),0,0.039813902037999956,Low
6198-RTPMF,Female,No,Yes,No,17,Yes,Yes,Fiber optic,No,No,No,No,Yes,Yes,Month-to-month,No,Electronic check,92.6,1579.7,3,0,No,0,Mid (13-36m),3,0.6930390935439371,High
2924-KHUVI,Male,No,Yes,No,56,Yes,Yes,Fiber optic,Yes,No,No,No,Yes,Yes,One year,Yes,Electronic check,100.55,5514.95,0,0,No,0,Established (37-60m),0,0.026927187718123483,Low
1925-GMVBW,Female,No,No,No,5,Yes,No,No,No internet service,No internet service,No internet service,No internet service,No internet service,No internet service,Month-to-month,No,Credit card (automatic),20.55,96.1,1,0,No,0,New (0-12m),1,0.4031570231352502,High
6184-DYUOB,Female,No,Yes,No,3,Yes,No,No,No internet service,No internet service,No internet service,No internet service,No internet service,No internet service,Month-to-month,Yes,Mailed check,19.6,55.25,0,0,No,0,New (0-12m),0,0.40612887451714524,High
9207-ZPANB,Male,No,No,No,37,Yes,Yes,DSL,Yes,Yes,Yes,Yes,No,No,One year,No,Electronic check,67.45,2443.3,5,0,No,0,Established (37-60m),5,0.05093364290503199,Low
9327-QSDED,Male,No,No,No,8,Yes,No,DSL,No,No,No,No,No,No,Month-to-month,No,Mailed check,43.55,335.4,0,0,No,0,New (0-12m),0,0.5592097246499109,High
1656-DRSMG,Female,No,No,No,63,Yes,Yes,Fiber optic,No,Yes,Yes,Yes,Yes,Yes,Month-to-month,Yes,Credit card (automatic),109.85,7002.95,0,0,No,0,Loyal (60m+),0,0.018022741010653178,Low
3012-VFFMN,Female,No,Yes,Yes,7,Yes,No,No,No internet service,No internet service,No internet service,No internet service,No internet service,No internet service,Month-to-month,No,Mailed check,20.65,158.95,0,0,No,0,New (0-12m),0,0.3155339952175966,Low
2984-AFWNC,Female,No,No,No,3,Yes,No,Fiber optic,No,Yes,No,No,Yes,Yes,Month-to-month,No,Electronic check,95.4,293.15,0,0,No,0,New (0-12m),0,0.8743602553434896,Critical
0640-YJTPY,Male,No,Yes,Yes,72,Yes,No,No,No internet service,No internet service,No internet service,No internet service,No internet service,No internet service,Two year,No,Bank transfer (automatic),21.0,1493.75,0,0,No,0,Loyal (60m+),0,0.0013138634310431048,Low
8096-LOIST,Female,No,No,No,19,Yes,No,DSL,No,No,No,No,No,Yes,Month-to-month,Yes,Electronic check,56.2,1093.4,0,0,No,0,Mid (13-36m),0,0.4625830233177459,High
9764-REAFF,Female,No,Yes,No,59,Yes,No,No,No internet service,No internet service,No internet service,No internet service,No internet service,No internet service,Two year,No,Bank transfer (automatic),18.4,1057.85,0,0,No,0,Established (37-60m),0,0.0037765297669743805,Low
7107-UBYKY,Female,No,Yes,Yes,35,Yes,Yes,No,No internet service,No internet service,No internet service,No internet service,No internet service,No internet service,Month-to-month,Yes,Electronic check,25.75,882.55,0,0,No,0,Mid (13-36m),0,0.121685761185893,Low
4881-GQJTW,Male,No,No,No,14,Yes,No,No,No internet service,No internet service,No internet service,No internet service,No internet service,No internet service,Month-to-month,No,Credit card (automatic),19.6,300.4,0,0,No,0,Mid (13-36m),0,0.27265055023296114,Low
7876-DNYAP,Female,No,Yes,Yes,69,Yes,No,No,No internet service,No internet service,No internet service,No internet service,No internet service,No internet service,Two year,No,Credit card (automatic),19.8,1436.95,0,0,No,0,Loyal (60m+),0,0.0016264747685273266,Low
7905-NJMXS,Male,Yes,Yes,No,7,Yes,Yes,DSL,Yes,Yes,No,Yes,No,No,Month-to-month,No,Electronic check,64.2,475.0,5,0,No,0,New (0-12m),5,0.5968031741920673,High
2882-WDTBA,Male,No,Yes,Yes,69,Yes,No,DSL,Yes,Yes,Yes,Yes,Yes,No,Two year,Yes,Bank transfer (automatic),75.75,5388.15,0,0,No,0,Loyal (60m+),0,0.0006233612950657189,Low
2091-GPPIQ,Female,No,Yes,Yes,72,Yes,Yes,DSL,No,Yes,No,Yes,Yes,Yes,Two year,Yes,Electronic check,78.95,5730.15,0,0,No,0,Loyal (60m+),0,0.0007235038887002399,Low
5071-FBJFS,Female,No,Yes,Yes,4,Yes,No,DSL,Yes,No,No,No,No,No,Month-to-month,No,Electronic check,50.3,217.1,0,0,No,0,New (0-12m),0,0.6768914400662299,High
2796-UUZZO,Male,No,Yes,Yes,63,Yes,No,Fiber optic,No,Yes,Yes,No,No,No,Month-to-month,Yes,Credit card (automatic),80.3,4896.35,0,0,No,0,Loyal (60m+),0,0.04658971048133915,Low
2429-AYKKO,Male,No,No,No,72,Yes,No,No,No internet service,No internet service,No internet service,No internet service,No internet service,No internet service,Two year,No,Bank transfer (automatic),19.85,1434.1,0,0,No,0,Loyal (60m+),0,0.0016756160727350669,Low
9798-OPFEM,Female,No,No,No,46,Yes,No,No,No internet service,No internet service,No internet service,No internet service,No internet service,No internet service,Two year,Yes,Electronic check,21.1,937.1,0,0,No,0,Established (37-60m),0,0.010742444173821347,Low
3794-NFNCH,Male,No,Yes,No,30,Yes,No,DSL,No,No,Yes,No,No,No,Month-to-month,Yes,Mailed check,50.0,1474.9,0,0,No,0,Mid (13-36m),0,0.20526081873533114,Low
5193-QLVZB,Male,No,No,No,63,Yes,Yes,Fiber optic,No,Yes,Yes,No,Yes,Yes,Two year,Yes,Bank transfer (automatic),104.75,6536.5,0,0,No,0,Loyal (60m+),0,0.00281502679852679,Low
7114-AEOZE,Female,No,No,No,60,Yes,No,No,No internet service,No internet service,No internet service,No internet service,No internet service,No internet service,Two year,No,Bank transfer (automatic),19.85,1128.1,4,0,No,0,Established (37-60m),4,0.003653310168824194,Low
5522-NYKPB,Male,No,Yes,Yes,25,Yes,No,Fiber optic,No,No,No,Yes,Yes,No,Month-to-month,No,Electronic check,85.9,2199.05,0,0,No,0,Mid (13-36m),0,0.4657376518026672,High
9957-YODKZ,Male,Yes,Yes,No,6,Yes,Yes,Fiber optic,No,No,Yes,No,No,No,Month-to-month,Yes,Electronic check,80.8,457.1,0,0,No,0,New (0-12m),0,0.8802450356110554,Critical
6518-KZXCB,Male,No,No,No,22,Yes,Yes,No,No internet service,No internet service,No internet service,No internet service,No internet service,No internet service,Two year,No,Mailed check,25.25,566.5,0,0,No,0,Mid (13-36m),0,0.02085382120790092,Low
2245-ADZFJ,Female,No,Yes,Yes,31,Yes,Yes,DSL,No,Yes,No,Yes,Yes,Yes,Two year,No,Bank transfer (automatic),80.55,2471.6,0,0,No,0,Mid (13-36m),0,0.010587044743368265,Low
7776-QGYJC,Female,No,Yes,Yes,39,Yes,No,Fiber optic,No,No,Yes,Yes,No,No,Month-to-month,Yes,Bank transfer (automatic),81.5,3107.3,0,0,No,0,Established (37-60m),0,0.21066806461853854,Low
9313-QOLTZ,Male,No,No,No,26,Yes,No,No,No internet service,No internet service,No internet service,No internet service,No internet service,No internet service,Month-to-month,No,Mailed check,20.9,518.3,0,0,No,0,Mid (13-36m),0,0.1531602507019834,Low
4672-FOTSD,Male,No,No,No,12,Yes,Yes,DSL,Yes,Yes,No,Yes,No,No,Month-to-month,Yes,Electronic check,67.25,832.3,0,0,No,0,New (0-12m),0,0.4587756167166226,High
9818-XQCUV,Female,No,No,No,2,Yes,No,No,No internet service,No internet service,No internet service,No internet service,No internet service,No internet service,Month-to-month,No,Mailed check,20.35,45.3,0,0,No,0,New (0-12m),0,0.43045802953433243,High
7338-ERIVA,Male,No,No,Yes,39,No,No phone service,DSL,Yes,No,No,Yes,Yes,No,One year,No,Bank transfer (automatic),45.05,1790.6,0,0,No,0,Established (37-60m),0,0.0466170646704413,Low
8259-NFJTV,Female,No,Yes,Yes,7,No,No phone service,DSL,Yes,No,No,Yes,No,No,Month-to-month,No,Mailed check,34.65,246.6,0,0,No,0,New (0-12m),0,0.5296284088808405,High
3223-DWFIO,Male,Yes,No,No,4,Yes,No,Fiber optic,No,No,No,No,No,No,Month-to-month,No,Electronic check,69.35,261.65,0,0,No,0,New (0-12m),0,0.9142301375157147,Critical
6968-GMKPR,Female,No,No,No,55,Yes,No,Fiber optic,No,Yes,Yes,No,No,No,Month-to-month,Yes,Electronic check,81.55,4509.5,0,0,No,0,Established (37-60m),0,0.1422570685079983,Low
4751-ERMAN,Male,No,Yes,Yes,72,Yes,No,DSL,No,Yes,Yes,No,Yes,Yes,Two year,Yes,Bank transfer (automatic),75.4,5480.25,0,0,No,0,Loyal (60m+),0,0.0006418598771207865,Low
1436-ZMJAN,Female,No,Yes,No,10,Yes,No,DSL,No,No,Yes,No,Yes,Yes,Month-to-month,Yes,Credit card (automatic),67.8,653.15,0,0,No,0,New (0-12m),0,0.45128281971063344,High
3292-PBZEJ,Male,Yes,No,No,11,Yes,Yes,Fiber optic,No,Yes,Yes,Yes,Yes,Yes,Month-to-month,Yes,Electronic check,111.4,1183.05,0,0,No,0,New (0-12m),0,0.7236775891161402,Critical
0799-DDIHE,Female,No,Yes,Yes,15,Yes,No,DSL,No,No,No,No,No,No,Month-to-month,No,Electronic check,46.3,639.45,0,0,No,0,Mid (13-36m),0,0.5291642771375392,High
3070-FNFZQ,Female,No,Yes,Yes,23,Yes,No,No,No internet service,No internet service,No internet service,No internet service,No internet service,No internet service,Two year,No,Bank transfer (automatic),20.4,478.75,0,0,No,0,Mid (13-36m),0,0.021811401822513062,Low
2812-SFXMJ,Male,No,No,Yes,1,Yes,No,No,No internet service,No internet service,No internet service,No internet service,No internet service,No internet service,Month-to-month,No,Mailed check,20.05,20.05,0,0,No,0,New (0-12m),0,0.3859182948279613,Low
5014-WUQMG,Male,No,Yes,Yes,47,Yes,No,Fiber optic,Yes,Yes,Yes,No,No,Yes,One year,Yes,Electronic check,96.1,4391.45,0,0,No,0,Established (37-60m),0,0.05356393716511413,Low
5312-TSZVC,Female,No,No,Yes,15,Yes,No,No,No internet service,No internet service,No internet service,No internet service,No internet service,No internet service,One year,No,Mailed check,19.65,270.6,5,0,No,0,Mid (13-36m),5,0.10536837108554765,Low
0993-OSGPT,Female,Yes,Yes,No,68,Yes,No,DSL,No,Yes,Yes,Yes,No,No,One year,Yes,Bank transfer (automatic),60.65,3975.9,0,0,No,0,Loyal (60m+),0,0.006989448492719439,Low
7108-DGVUU,Female,Yes,Yes,No,21,Yes,Yes,DSL,No,Yes,Yes,No,No,Yes,One year,No,Bank transfer (automatic),71.7,1497.05,0,0,No,0,Mid (13-36m),0,0.14264744690199968,Low
2782-JEEBU,Male,No,No,No,21,No,No phone service,DSL,No,Yes,No,Yes,No,No,Month-to-month,Yes,Mailed check,36.0,780.15,0,0,No,0,Mid (13-36m),0,0.3443186139330252,Low
5127-BZENZ,Female,No,Yes,Yes,56,Yes,Yes,DSL,Yes,No,No,No,Yes,No,One year,No,Bank transfer (automatic),65.2,3512.15,0,2,No,0,Established (37-60m),2,0.141397964538604,Low
2720-FVBQP,Female,No,Yes,Yes,6,Yes,Yes,DSL,No,No,No,No,No,No,Month-to-month,Yes,Credit card (automatic),48.95,273.25,0,0,No,0,New (0-12m),0,0.5557180740057964,High
9906-NHHVC,Female,Yes,No,No,65,No,No phone service,DSL,No,Yes,Yes,No,Yes,Yes,Two year,Yes,Bank transfer (automatic),53.5,3517.9,0,0,No,0,Loyal (60m+),0,0.003838755400314333,Low
4522-XRWWI,Male,No,Yes,No,42,Yes,Yes,DSL,Yes,No,No,Yes,Yes,Yes,One year,No,Credit card (automatic),80.45,3375.9,0,0,No,0,Established (37-60m),0,0.015947188633390792,Low
3766-EJLFL,Female,No,Yes,Yes,68,Yes,Yes,Fiber optic,Yes,No,Yes,Yes,Yes,Yes,Two year,Yes,Bank transfer (automatic),109.05,7508.55,0,0,No,0,Loyal (60m+),0,0.001107174631137531,Low
5939-SXWHM,Male,No,Yes,Yes,48,Yes,Yes,No,No internet service,No internet service,No internet service,No internet service,No internet service,No internet service,Two year,No,Bank transfer (automatic),26.3,1245.05,0,0,No,0,Established (37-60m),0,0.004281405797184467,Low
8152-UOBNY,Female,Yes,No,No,50,Yes,Yes,Fiber optic,No,Yes,No,Yes,Yes,Yes,One year,Yes,Electronic check,106.8,5347.95,0,0,No,0,Established (37-60m),0,0.04078385335554731,Low
7351-KYHQH,Female,Yes,No,No,7,Yes,No,DSL,No,Yes,Yes,No,Yes,No,Month-to-month,Yes,Electronic check,64.95,493.65,0,0,No,0,New (0-12m),0,0.6748098311442138,High
7643-RCHXS,Female,No,Yes,Yes,63,Yes,No,No,No internet service,No internet service,No internet service,No internet service,No internet service,No internet service,Two year,No,Electronic check,19.35,1263.85,1,0,No,0,Loyal (60m+),1,0.0035182343639950458,Low
8246-SHFGA,Male,No,No,No,17,Yes,No,No,No internet service,No internet service,No internet service,No internet service,No internet service,No internet service,Month-to-month,No,Credit card (automatic),21.1,385.55,0,0,No,0,Mid (13-36m),0,0.23583312053954356,Low
0620-XEFWH,Male,No,Yes,Yes,4,Yes,No,No,No internet service,No internet service,No internet service,No internet service,No internet service,No internet service,Month-to-month,No,Mailed check,18.85,84.2,5,0,No,0,New (0-12m),5,0.33759398398390644,Low
6485-QXWWE,Female,No,No,Yes,62,Yes,Yes,No,No internet service,No internet service,No internet service,No internet service,No internet service,No internet service,Two year,No,Bank transfer (automatic),26.0,1638.7,0,0,No,0,Loyal (60m+),0,0.002224820822806275,Low
7321-VGNKU,Female,No,Yes,No,2,Yes,No,Fiber optic,No,No,No,No,No,No,Month-to-month,Yes,Electronic check,70.35,120.25,0,0,No,0,New (0-12m),0,0.9105632753965291,Critical
5327-CNLUQ,Male,No,Yes,No,48,Yes,Yes,Fiber optic,Yes,Yes,Yes,No,Yes,No,Two year,Yes,Bank transfer (automatic),96.9,4473.45,0,0,No,0,Established (37-60m),0,0.011942311975788449,Low
7552-KEYGT,Male,No,Yes,No,27,Yes,No,No,No internet service,No internet service,No internet service,No internet service,No internet service,No internet service,Two year,No,Bank transfer (automatic),19.55,520.55,4,0,No,0,Mid (13-36m),4,0.018984902019623565,Low
5816-JMLGY,Female,No,Yes,Yes,70,Yes,No,DSL,No,Yes,Yes,Yes,Yes,Yes,Two year,Yes,Bank transfer (automatic),80.4,5717.85,3,0,No,0,Loyal (60m+),3,0.0005508297138648619,Low
2927-QRRQV,Male,No,Yes,No,46,Yes,Yes,Fiber optic,No,Yes,Yes,No,Yes,No,One year,Yes,Electronic check,94.65,4312.5,2,0,No,0,Established (37-60m),2,0.06742720475932523,Low
6265-SXWBU,Male,No,Yes,Yes,69,Yes,Yes,Fiber optic,No,Yes,Yes,No,Yes,No,One year,No,Credit card (automatic),95.75,6511.25,0,0,No,0,Loyal (60m+),0,0.006347533903535478,Low
7941-RCJOW,Male,No,No,No,65,Yes,No,No,No internet service,No internet service,No internet service,No internet service,No internet service,No internet service,Two year,Yes,Credit card (automatic),19.55,1218.65,0,0,No,0,Loyal (60m+),0,0.002386920320475063,Low
6374-NTQLP,Male,Yes,Yes,Yes,72,Yes,No,Fiber optic,Yes,No,Yes,Yes,Yes,Yes,Two year,Yes,Credit card (automatic),104.1,7447.7,0,0,No,0,Loyal (60m+),0,0.0010498165647109391,Low
2387-KDZQY,Male,No,No,No,17,Yes,No,No,No internet service,No internet service,No internet service,No internet service,No internet service,No internet service,One year,Yes,Mailed check,20.1,279.5,0,0,No,0,Mid (13-36m),0,0.10071014483721098,Low
3584-WKTTW,Male,No,Yes,No,51,Yes,Yes,Fiber optic,Yes,No,Yes,Yes,Yes,Yes,One year,Yes,Electronic check,111.55,5720.35,0,4,No,0,Established (37-60m),4,0.8202444952110233,Critical
3399-BMLVW,Male,No,Yes,Yes,51,Yes,No,DSL,Yes,Yes,No,Yes,No,No,Two year,No,Credit card (automatic),60.5,3121.45,0,0,No,0,Established (37-60m),0,0.0036181708962008956,Low
1971-DTCZB,Female,No,Yes,No,72,Yes,Yes,DSL,Yes,Yes,Yes,Yes,Yes,Yes,Two year,Yes,Bank transfer (automatic),90.95,6468.6,0,0,No,0,Loyal (60m+),0,0.00039509670678198423,Low
3374-PZLXD,Male,No,No,No,34,Yes,No,No,No internet service,No internet service,No internet service,No internet service,No internet service,No internet service,Month-to-month,No,Mailed check,19.7,675.6,1,0,No,0,Mid (13-36m),1,0.10558616555300053,Low
3813-DHBBB,Male,No,Yes,No,67,No,No phone service,DSL,Yes,Yes,No,Yes,No,Yes,Two year,Yes,Bank transfer (automatic),50.95,3521.7,0,0,No,0,Loyal (60m+),0,0.00204299764553779,Low
2812-REYAT,Female,No,Yes,No,49,Yes,No,No,No internet service,No internet service,No internet service,No internet service,No internet service,No internet service,One year,Yes,Bank transfer (automatic),20.05,923.1,0,0,No,0,Established (37-60m),0,0.02164591660969252,Low
6518-PPLMZ,Male,No,Yes,Yes,53,Yes,No,No,No internet service,No internet service,No internet service,No internet service,No internet service,No internet service,Two year,Yes,Mailed check,19.4,1110.35,0,3,No,0,Established (37-60m),3,0.15226374195888837,Low
4939-KYYPY,Male,No,No,No,27,Yes,Yes,DSL,No,No,Yes,Yes,No,No,Month-to-month,No,Electronic check,59.45,1611.65,0,0,No,0,Mid (13-36m),0,0.25926586257634604,Low
5930-GBIWP,Male,No,No,No,69,Yes,Yes,DSL,Yes,Yes,Yes,Yes,No,Yes,Two year,Yes,Credit card (automatic),81.5,5553.25,0,0,No,0,Loyal (60m+),0,0.0006335846719680062,Low
6022-KOUQO,Female,No,Yes,Yes,2,No,No phone service,DSL,No,No,No,Yes,No,No,Month-to-month,No,Bank transfer (automatic),29.05,44.75,0,0,No,0,New (0-12m),0,0.6500459397998972,High
2361-UPSND,Female,No,Yes,No,46,Yes,No,DSL,Yes,Yes,No,Yes,No,Yes,One year,No,Mailed check,70.6,3231.05,0,0,No,0,Established (37-60m),0,0.01632460227463128,Low
6035-RIIOM,Female,No,No,No,54,Yes,Yes,Fiber optic,No,Yes,No,No,Yes,Yes,Two year,Yes,Bank transfer (automatic),97.2,5129.45,5,3,No,0,Established (37-60m),8,0.30613799917715523,Low
9504-DSHWM,Male,No,No,No,20,Yes,Yes,DSL,Yes,No,No,Yes,No,No,Month-to-month,No,Bank transfer (automatic),59.2,1191.2,3,0,No,0,Mid (13-36m),3,0.2845182098350901,Low
5035-BVCXS,Male,No,No,No,11,Yes,No,Fiber optic,No,Yes,No,No,No,No,Month-to-month,Yes,Mailed check,75.9,866.4,2,0,No,0,New (0-12m),2,0.7417040799533898,Critical
6267-DCFFZ,Female,Yes,Yes,No,30,Yes,Yes,Fiber optic,No,Yes,No,No,Yes,No,Month-to-month,Yes,Electronic check,90.05,2627.2,0,0,No,0,Mid (13-36m),0,0.5209070016746696,High
3533-UVMOM,Male,No,Yes,No,68,Yes,No,DSL,Yes,Yes,Yes,No,No,Yes,Two year,No,Bank transfer (automatic),70.95,4741.45,0,6,No,0,Loyal (60m+),6,0.7703103244229925,Critical
2439-LYPMQ,Male,Yes,Yes,No,38,Yes,Yes,Fiber optic,No,Yes,Yes,No,Yes,Yes,Month-to-month,Yes,Electronic check,102.6,4009.2,0,0,No,0,Established (37-60m),0,0.26488663756064446,Low
1478-VPOAD,Female,No,No,No,1,Yes,No,DSL,No,No,No,No,No,No,Month-to-month,No,Electronic check,43.8,43.8,0,0,No,0,New (0-12m),0,0.7752185906095311,Critical
9995-HOTOH,Male,No,Yes,Yes,63,No,No phone service,DSL,Yes,Yes,Yes,No,Yes,Yes,Two year,No,Electronic check,59.0,3707.6,0,0,No,0,Loyal (60m+),0,0.0031486097457722587,Low
2988-PLAHS,Female,No,No,No,3,Yes,No,DSL,No,No,Yes,No,Yes,Yes,One year,Yes,Electronic check,69.95,220.45,0,0,No,0,New (0-12m),0,0.43215446800713997,High
1371-OJCEK,Female,No,No,No,48,Yes,Yes,No,No internet service,No internet service,No internet service,No internet service,No internet service,No internet service,One year,No,Bank transfer (automatic),24.35,1133.7,0,0,No,0,Established (37-60m),0,0.021241649111770403,Low
4999-IEZLT,Male,No,No,No,66,No,No phone service,DSL,No,No,No,Yes,No,No,One year,No,Credit card (automatic),29.45,1983.15,4,0,No,0,Loyal (60m+),4,0.016223209398936327,Low
8883-ANODQ,Female,No,Yes,Yes,68,Yes,Yes,Fiber optic,No,Yes,Yes,No,No,No,Two year,Yes,Credit card (automatic),84.4,5746.75,0,0,No,0,Loyal (60m+),0,0.0031348069203755826,Low
2351-RRBUE,Female,No,Yes,Yes,7,Yes,No,No,No internet service,No internet service,No internet service,No internet service,No internet service,No internet service,One year,No,Mailed check,20.65,134.05,0,0,No,0,New (0-12m),0,0.14500945787943892,Low
5980-BDHPY,Male,No,Yes,No,72,Yes,Yes,DSL,Yes,Yes,Yes,Yes,Yes,Yes,Two year,Yes,Bank transfer (automatic),87.1,6230.1,0,0,No,0,Loyal (60m+),0,0.00040893338055749626,Low
1498-DQNRX,Female,No,Yes,No,29,Yes,No,No,No internet service,No internet service,No internet service,No internet service,No internet service,No internet service,Month-to-month,No,Mailed check,19.85,573.05,0,2,No,0,Mid (13-36m),2,0.6929627380151613,High
9469-WEJBT,Male,No,Yes,No,37,Yes,No,Fiber optic,No,No,Yes,Yes,No,Yes,Month-to-month,Yes,Electronic check,90.35,3419.3,0,0,No,0,Established (37-60m),0,0.2628776882386257,Low
2581-VKIRT,Female,No,Yes,Yes,59,Yes,Yes,DSL,Yes,Yes,No,Yes,No,No,One year,No,Mailed check,65.5,3801.3,4,0,No,0,Established (37-60m),4,0.006667423355284346,Low
7426-WEIJX,Male,Yes,Yes,Yes,60,Yes,Yes,Fiber optic,Yes,No,No,No,No,No,Month-to-month,Yes,Electronic check,80.95,4859.1,0,0,No,0,Established (37-60m),0,0.09643652928296527,Low
2851-MMUTZ,Female,No,No,No,27,Yes,No,DSL,No,Yes,No,Yes,No,No,Month-to-month,Yes,Mailed check,56.15,1439.35,4,0,No,0,Mid (13-36m),4,0.20981691627013893,Low
3307-TLCUD,Male,No,Yes,No,17,No,No phone service,DSL,Yes,No,Yes,No,No,No,Month-to-month,No,Mailed check,34.4,592.75,0,0,No,0,Mid (13-36m),0,0.44461628855444324,High
6625-FLENO,Male,No,Yes,No,58,Yes,No,No,No internet service,No internet service,No internet service,No internet service,No internet service,No internet service,Two year,No,Mailed check,20.75,1185.95,1,0,No,0,Established (37-60m),1,0.002989069854042385,Low
2967-MXRAV,Male,No,Yes,Yes,1,Yes,No,No,No internet service,No internet service,No internet service,No internet service,No internet service,No internet service,One year,No,Mailed check,18.8,18.8,0,0,No,0,New (0-12m),0,0.18043946421624452,Low
8189-HBVRW,Female,No,No,No,53,Yes,Yes,Fiber optic,Yes,Yes,Yes,No,No,No,Month-to-month,No,Electronic check,90.8,4921.2,0,0,No,0,Established (37-60m),0,0.12385786717301275,Low
4163-KIUHY,Male,No,No,No,35,Yes,Yes,No,No internet service,No internet service,No internet service,No internet service,No internet service,No internet service,Month-to-month,Yes,Electronic check,25.6,901.25,0,0,No,0,Mid (13-36m),0,0.13393701812431513,Low
3500-NSDOA,Male,No,Yes,Yes,68,Yes,Yes,DSL,No,Yes,No,Yes,No,Yes,Two year,No,Credit card (automatic),70.8,4859.95,0,0,No,0,Loyal (60m+),0,0.0007806966396083311,Low
1171-TYKUR,Male,No,Yes,No,47,Yes,Yes,No,No internet service,No internet service,No internet service,No internet service,No internet service,No internet service,Month-to-month,No,Electronic check,25.4,1139.2,0,0,No,0,Established (37-60m),0,0.07002825583637186,Low
3761-FLYZI,Female,Yes,Yes,No,65,Yes,Yes,Fiber optic,No,Yes,Yes,No,Yes,Yes,Month-to-month,Yes,Bank transfer (automatic),108.8,7082.45,0,0,No,0,Loyal (60m+),0,0.02439710404704462,Low
1219-NNDDO,Female,No,No,No,9,Yes,Yes,Fiber optic,No,No,No,No,No,No,Month-to-month,Yes,Electronic check,76.85,663.55,0,0,No,0,New (0-12m),0,0.8547223203878525,Critical
8388-DMKAE,Female,No,No,No,8,Yes,No,No,No internet service,No internet service,No internet service,No internet service,No internet service,No internet service,Two year,No,Mailed check,20.25,174.65,0,0,No,0,New (0-12m),0,0.053382283434257945,Low
4403-BWPAY,Male,No,No,No,14,Yes,Yes,No,No internet service,No internet service,No internet service,No internet service,No internet service,No internet service,One year,Yes,Credit card (automatic),24.8,321.7,2,0,No,0,Mid (13-36m),2,0.11251172424907104,Low
9659-QEQSY,Female,No,No,No,45,Yes,Yes,Fiber optic,Yes,Yes,Yes,Yes,Yes,Yes,Month-to-month,Yes,Electronic check,115.65,5125.5,2,0,No,0,Established (37-60m),2,0.10306180401516833,Low
5405-ZMYXQ,Female,No,No,No,8,Yes,Yes,Fiber optic,No,No,No,No,No,No,Month-to-month,Yes,Credit card (automatic),74.6,548.9,4,0,No,0,New (0-12m),4,0.8131914248897483,Critical
1442-OKRJE,Male,No,Yes,Yes,66,Yes,No,Fiber optic,Yes,Yes,Yes,No,Yes,Yes,One year,Yes,Bank transfer (automatic),103.15,7031.3,4,0,No,0,Loyal (60m+),4,0.0059828179320597814,Low
4737-AQCPU,Male,No,Yes,Yes,72,Yes,Yes,DSL,Yes,Yes,Yes,Yes,No,No,Two year,No,Credit card (automatic),72.1,5016.65,3,0,No,0,Loyal (60m+),3,0.000599620436583445,Low
2808-CHTDM,Female,No,Yes,Yes,23,Yes,Yes,No,No internet service,No internet service,No internet service,No internet service,No internet service,No internet service,Two year,No,Mailed check,25.1,611.45,0,1,No,0,Mid (13-36m),1,0.06262399104658509,Low
0793-TWELN,Female,No,No,No,4,Yes,Yes,Fiber optic,Yes,No,No,No,No,No,Month-to-month,Yes,Electronic check,80.15,319.85,0,0,No,0,New (0-12m),0,0.8894465268483582,Critical
3283-WCWXT,Male,No,Yes,Yes,6,Yes,Yes,No,No internet service,No internet service,No internet service,No internet service,No internet service,No internet service,Two year,No,Mailed check,25.4,153.3,0,0,No,0,New (0-12m),0,0.04138500491801252,Low
1060-ENTOF,Female,Yes,Yes,No,67,Yes,Yes,Fiber optic,Yes,Yes,Yes,Yes,No,Yes,One year,Yes,Credit card (automatic),105.4,7035.6,4,0,No,0,Loyal (60m+),4,0.006709731516299707,Low
0999-QXNSA,Male,Yes,No,Yes,7,Yes,No,DSL,No,No,No,No,No,No,Month-to-month,Yes,Mailed check,45.75,344.2,5,0,No,0,New (0-12m),5,0.5786529839811315,High
5451-MHQOF,Male,No,Yes,Yes,56,Yes,Yes,No,No internet service,No internet service,No internet service,No internet service,No internet service,No internet service,One year,Yes,Mailed check,24.45,1431.65,0,0,No,0,Established (37-60m),0,0.00866809826930794,Low
4836-WNFNO,Female,No,Yes,No,72,Yes,Yes,No,No internet service,No internet service,No internet service,No internet service,No internet service,No internet service,Two year,No,Credit card (automatic),25.0,1849.2,0,0,No,0,Loyal (60m+),0,0.0013325847645472779,Low
9225-BZLNZ,Male,No,Yes,No,72,Yes,Yes,DSL,Yes,Yes,Yes,No,Yes,Yes,Two year,Yes,Electronic check,85.25,6083.1,0,0,No,0,Loyal (60m+),0,0.0007671028373544959,Low
0354-VXMJC,Male,No,Yes,Yes,23,Yes,No,No,No internet service,No internet service,No internet service,No internet service,No internet service,No internet service,Two year,No,Credit card (automatic),19.6,426.65,0,0,No,0,Mid (13-36m),0,0.019219366711767414,Low
4422-QVIJA,Female,No,No,Yes,35,Yes,Yes,DSL,No,No,No,No,No,No,Month-to-month,No,Mailed check,50.15,1655.35,2,0,No,0,Mid (13-36m),2,0.1600828391932276,Low
9365-SRSZE,Male,Yes,Yes,No,27,Yes,No,Fiber optic,No,No,No,No,No,No,Month-to-month,Yes,Electronic check,70.55,1943.9,0,0,No,0,Mid (13-36m),0,0.6498008138999634,High
8332-OSJDW,Male,No,Yes,Yes,12,Yes,Yes,No,No internet service,No internet service,No internet service,No internet service,No internet service,No internet service,One year,No,Mailed check,26.4,314.95,0,0,No,0,New (0-12m),0,0.09543633235654786,Low
4735-BJKOU,Female,No,No,No,40,Yes,No,No,No internet service,No internet service,No internet service,No internet service,No internet service,No internet service,Two year,No,Mailed check,20.15,804.85,0,0,No,0,Established (37-60m),0,0.009521304750982484,Low
0274-JKUJR,Male,No,Yes,Yes,7,No,No phone service,DSL,Yes,Yes,Yes,No,Yes,Yes,Month-to-month,No,Mailed check,58.85,465.7,0,0,No,0,New (0-12m),0,0.45813565798219985,High
5740-YHGTW,Male,No,Yes,Yes,70,Yes,Yes,Fiber optic,Yes,Yes,No,No,Yes,No,Month-to-month,Yes,Credit card (automatic),97.55,6669.05,0,0,No,0,Loyal (60m+),0,0.015222207411512204,Low
8917-SZTTJ,Male,No,Yes,Yes,60,Yes,No,No,No internet service,No internet service,No internet service,No internet service,No internet service,No internet service,Two year,No,Credit card (automatic),19.65,1161.75,0,3,No,0,Established (37-60m),3,0.1165278543634577,Low
1696-MZVAU,Male,No,Yes,Yes,39,No,No phone service,DSL,No,No,No,No,No,No,One year,Yes,Credit card (automatic),25.25,947.75,0,0,No,0,Established (37-60m),0,0.08332824984321453,Low
7359-WWYJV,Male,No,Yes,No,72,Yes,Yes,Fiber optic,Yes,Yes,Yes,Yes,Yes,Yes,Two year,No,Credit card (automatic),114.45,8375.05,0,0,No,0,Loyal (60m+),0,0.0006349679959268544,Low
4906-ZHGPK,Male,No,Yes,Yes,54,Yes,Yes,DSL,No,Yes,No,Yes,Yes,No,One year,Yes,Electronic check,70.7,3770.0,0,0,No,0,Established (37-60m),0,0.011637491851843018,Low
3795-GWTRD,Female,No,Yes,Yes,63,Yes,No,DSL,Yes,Yes,Yes,Yes,Yes,No,Two year,No,Credit card (automatic),75.55,4707.85,0,0,No,0,Loyal (60m+),0,0.0010810037771752763,Low
1298-PHBTI,Male,No,Yes,Yes,71,Yes,Yes,Fiber optic,No,Yes,No,Yes,No,No,Two year,Yes,Electronic check,84.8,6152.4,0,0,No,0,Loyal (60m+),0,0.002664089981250868,Low
6223-DHJGV,Female,No,No,No,42,Yes,No,No,No internet service,No internet service,No internet service,No internet service,No internet service,No internet service,One year,Yes,Mailed check,20.65,958.1,0,0,No,0,Established (37-60m),0,0.02802806890289837,Low
6961-MJKBO,Male,No,No,No,47,Yes,No,No,No internet service,No internet service,No internet service,No internet service,No internet service,No internet service,Two year,No,Bank transfer (automatic),20.45,943.0,0,0,No,0,Established (37-60m),0,0.006593733287829465,Low
8158-WPEZG,Male,No,No,No,11,No,No phone service,DSL,No,Yes,No,Yes,No,No,Month-to-month,Yes,Electronic check,35.65,425.1,0,0,No,0,New (0-12m),0,0.6074608240302573,High
4918-FYJNT,Female,Yes,Yes,No,55,Yes,Yes,Fiber optic,No,Yes,Yes,Yes,No,No,Month-to-month,No,Electronic check,90.45,5044.8,0,0,No,0,Established (37-60m),0,0.10567579136069194,Low
0727-BNRLG,Male,No,No,No,69,Yes,Yes,Fiber optic,No,Yes,Yes,Yes,Yes,No,Two year,Yes,Credit card (automatic),97.65,6743.55,0,0,No,0,Loyal (60m+),0,0.0016584964923903494,Low
4854-CIDCF,Female,Yes,No,No,3,Yes,No,Fiber optic,No,No,Yes,No,No,No,Month-to-month,No,Electronic check,73.85,196.4,0,0,No,0,New (0-12m),0,0.9221220691971413,Critical
3280-MRDOF,Male,Yes,No,No,30,Yes,Yes,DSL,No,No,Yes,Yes,Yes,No,Two year,Yes,Credit card (automatic),69.1,2093.9,0,0,No,0,Mid (13-36m),0,0.01893685345877447,Low
6435-SRWBJ,Female,No,No,No,5,Yes,Yes,Fiber optic,No,No,Yes,Yes,No,No,Month-to-month,Yes,Electronic check,82.75,417.75,0,0,No,0,New (0-12m),0,0.8542407210320822,Critical
9964-WBQDJ,Female,No,Yes,No,71,Yes,Yes,No,No internet service,No internet service,No internet service,No internet service,No internet service,No internet service,Two year,Yes,Credit card (automatic),24.4,1725.4,0,0,No,0,Loyal (60m+),0,0.0014686178490131356,Low
6303-KFWSL,Female,No,No,No,29,Yes,Yes,DSL,No,Yes,No,No,No,No,One year,Yes,Electronic check,55.25,1620.2,0,0,No,0,Mid (13-36m),0,0.14105873843300706,Low
1702-CCFNJ,Male,No,Yes,No,52,Yes,Yes,DSL,No,Yes,No,Yes,No,No,Month-to-month,No,Bank transfer (automatic),61.35,3169.55,0,0,No,0,Established (37-60m),0,0.03842507015105095,Low
8932-CZHRQ,Male,No,No,No,68,Yes,Yes,DSL,Yes,Yes,Yes,No,No,Yes,One year,No,Credit card (automatic),76.75,5233.25,0,0,No,0,Loyal (60m+),0,0.003360173401599367,Low
0386-CWRGM,Female,No,Yes,Yes,46,Yes,No,No,No internet service,No internet service,No internet service,No internet service,No internet service,No internet service,Two year,No,Mailed check,19.4,967.85,0,0,No,0,Established (37-60m),0,0.005540475580010074,Low
5515-RUGKN,Male,No,No,No,8,Yes,No,DSL,No,No,No,No,No,Yes,Month-to-month,Yes,Credit card (automatic),54.75,438.05,0,0,No,0,New (0-12m),0,0.5272639180100116,High
0404-AHASP,Male,No,Yes,No,72,Yes,No,No,No internet service,No internet service,No internet service,No internet service,No internet service,No internet service,Two year,No,Credit card (automatic),19.7,1421.9,0,0,No,0,Loyal (60m+),0,0.0014953841694782108,Low
7279-NMVJC,Female,No,No,No,17,Yes,No,No,No internet service,No internet service,No internet service,No internet service,No internet service,No internet service,One year,No,Bank transfer (automatic),19.9,323.15,0,0,No,0,Mid (13-36m),0,0.12019853570842816,Low
2081-VEYEH,Male,No,No,No,3,Yes,No,Fiber optic,No,Yes,Yes,Yes,Yes,Yes,Month-to-month,Yes,Electronic check,107.95,318.6,4,0,No,0,New (0-12m),4,0.8128892674928553,Critical
6407-UTSLV,Female,Yes,No,No,2,Yes,No,Fiber optic,No,Yes,No,No,Yes,No,Month-to-month,Yes,Bank transfer (automatic),83.8,163.7,0,0,No,0,New (0-12m),0,0.8852900250732133,Critical
9060-HJJRW,Female,No,No,No,51,No,No phone service,DSL,No,Yes,Yes,No,Yes,Yes,One year,Yes,Credit card (automatic),56.4,2928.5,0,0,No,0,Established (37-60m),0,0.02314280311078171,Low
2587-YNLES,Female,No,Yes,Yes,6,Yes,No,No,No internet service,No internet service,No internet service,No internet service,No internet service,No internet service,Two year,No,Mailed check,20.1,100.35,0,0,No,0,New (0-12m),0,0.04925953855205619,Low
7398-SKNQZ,Female,No,Yes,No,3,Yes,Yes,Fiber optic,No,No,No,No,Yes,Yes,Month-to-month,No,Electronic check,94.9,273.2,0,0,No,0,New (0-12m),0,0.8693710877003228,Critical
5935-FCCNB,Female,Yes,No,No,17,Yes,Yes,Fiber optic,No,No,No,No,Yes,Yes,Month-to-month,Yes,Electronic check,94.2,1608.15,0,0,No,0,Mid (13-36m),0,0.7417535806385557,Critical
1958-RNRKS,Male,No,Yes,No,30,Yes,Yes,DSL,No,No,No,No,No,No,Month-to-month,No,Electronic check,49.9,1441.95,0,0,No,0,Mid (13-36m),0,0.2951468732349847,Low
5136-RGMZO,Male,No,No,No,31,Yes,Yes,DSL,No,Yes,No,Yes,Yes,No,Month-to-month,Yes,Electronic check,71.05,2168.15,0,0,No,0,Mid (13-36m),0,0.170593023419228,Low
8345-MVDYC,Female,No,No,No,45,Yes,No,DSL,Yes,No,Yes,Yes,Yes,Yes,Two year,No,Bank transfer (automatic),81.65,3618.7,5,0,No,0,Established (37-60m),5,0.004483736002230862,Low
8226-BXGES,Male,No,Yes,No,64,Yes,Yes,Fiber optic,Yes,Yes,Yes,No,No,No,One year,No,Bank transfer (automatic),89.45,5692.65,0,0,No,0,Loyal (60m+),0,0.014140905711780826,Low
9705-IOVQQ,Male,Yes,Yes,Yes,61,Yes,Yes,Fiber optic,No,Yes,No,No,Yes,Yes,One year,No,Electronic check,99.0,5969.3,0,5,No,0,Loyal (60m+),5,0.9368653214120968,Critical
1015-OWJKI,Male,No,No,No,1,Yes,No,No,No internet service,No internet service,No internet service,No internet service,No internet service,No internet service,Month-to-month,No,Mailed check,19.05,19.05,0,0,No,0,New (0-12m),0,0.4255749384376336,High
2040-XBAVJ,Male,No,Yes,Yes,72,Yes,Yes,Fiber optic,Yes,Yes,Yes,Yes,Yes,Yes,Two year,No,Bank transfer (automatic),114.45,8100.55,0,0,No,0,Loyal (60m+),0,0.000635545618371366,Low
8887-IPQNC,Female,No,Yes,No,7,Yes,No,DSL,No,No,No,No,No,No,Month-to-month,Yes,Mailed check,44.25,313.45,0,0,No,0,New (0-12m),0,0.5797105585940585,High
8646-JCOMS,Female,No,Yes,No,66,Yes,Yes,Fiber optic,No,Yes,Yes,Yes,No,No,One year,Yes,Bank transfer (automatic),90.55,6130.95,0,0,No,0,Loyal (60m+),0,0.00988470086035482,Low
1222-KJNZD,Male,No,Yes,Yes,40,Yes,No,No,No internet service,No internet service,No internet service,No internet service,No internet service,No internet service,Month-to-month,Yes,Bank transfer (automatic),20.4,745.3,0,0,No,0,Established (37-60m),0,0.07208159049011865,Low
0106-GHRQR,Male,No,No,No,16,Yes,Yes,DSL,No,Yes,Yes,No,No,Yes,Month-to-month,Yes,Bank transfer (automatic),71.4,1212.1,2,0,No,0,Mid (13-36m),2,0.333111788482031,Low
3768-VHXQO,Male,No,Yes,No,67,Yes,Yes,No,No internet service,No internet service,No internet service,No internet service,No internet service,No internet service,Two year,No,Credit card (automatic),24.85,1583.5,4,0,No,0,Loyal (60m+),4,0.0016911056153135786,Low
8952-WCVCD,Female,No,Yes,No,41,Yes,No,Fiber optic,Yes,Yes,Yes,No,Yes,Yes,One year,Yes,Bank transfer (automatic),104.45,4162.05,0,0,No,0,Established (37-60m),0,0.061561829434205316,Low
2418-TPEUN,Female,No,Yes,Yes,56,Yes,No,No,No internet service,No internet service,No internet service,No internet service,No internet service,No internet service,Two year,Yes,Credit card (automatic),19.8,1119.9,0,0,No,0,Established (37-60m),0,0.0034003637230644716,Low
3963-RYFNS,Female,No,No,No,72,Yes,Yes,Fiber optic,Yes,Yes,Yes,Yes,Yes,Yes,Two year,Yes,Bank transfer (automatic),116.45,8013.55,0,0,No,0,Loyal (60m+),0,0.0008623019822768742,Low
8540-ZQGEA,Female,No,Yes,No,54,Yes,No,No,No internet service,No internet service,No internet service,No internet service,No internet service,No internet service,Two year,No,Credit card (automatic),20.05,1102.4,0,0,No,0,Established (37-60m),0,0.004366901122829033,Low
1320-REHCS,Male,Yes,No,No,52,Yes,Yes,Fiber optic,No,Yes,Yes,Yes,Yes,Yes,Month-to-month,Yes,Electronic check,110.75,5832.0,0,0,No,0,Established (37-60m),0,0.07222634290804471,Low
4137-JOPHL,Female,No,No,No,50,Yes,No,Fiber optic,No,No,Yes,Yes,No,Yes,Two year,Yes,Bank transfer (automatic),89.7,4304.5,0,0,No,0,Established (37-60m),0,0.011992599896095543,Low
7801-CEDNV,Male,No,Yes,No,27,Yes,No,DSL,Yes,No,No,No,No,No,One year,No,Credit card (automatic),48.7,1421.75,0,0,No,0,Mid (13-36m),0,0.10651258330721629,Low
2057-BOYKM,Female,Yes,Yes,No,72,Yes,Yes,Fiber optic,Yes,Yes,Yes,Yes,No,No,Two year,Yes,Bank transfer (automatic),96.6,6827.5,0,0,No,0,Loyal (60m+),0,0.0019307958407292509,Low
3658-QQJYD,Male,No,No,No,62,Yes,No,DSL,Yes,Yes,No,No,Yes,Yes,One year,Yes,Credit card (automatic),74.3,4698.05,0,0,No,0,Loyal (60m+),0,0.005532751926501488,Low
1803-BGNBD,Female,No,No,No,12,Yes,No,DSL,No,Yes,No,Yes,No,No,Month-to-month,Yes,Electronic check,54.3,654.5,0,1,No,0,New (0-12m),1,0.8143500695863215,Critical
0134-XWXCE,Female,Yes,No,No,44,Yes,No,DSL,No,No,Yes,Yes,Yes,Yes,One year,No,Bank transfer (automatic),74.85,3268.05,0,0,No,0,Established (37-60m),0,0.024545245147386197,Low
6950-TWMYB,Male,No,Yes,Yes,54,Yes,No,Fiber optic,No,Yes,No,Yes,No,No,Two year,Yes,Bank transfer (automatic),79.95,4362.05,3,2,No,0,Established (37-60m),5,0.10322325005970465,Low
5848-FHRFC,Female,No,No,No,68,Yes,No,No,No internet service,No internet service,No internet service,No internet service,No internet service,No internet service,Two year,No,Bank transfer (automatic),20.05,1386.9,0,0,No,0,Loyal (60m+),0,0.0022673763993592303,Low
2243-FNMMI,Male,No,No,No,20,Yes,No,No,No internet service,No internet service,No internet service,No internet service,No internet service,No internet service,Month-to-month,No,Mailed check,19.4,415.4,0,0,No,0,Mid (13-36m),0,0.2037365853058473,Low
2511-MORQY,Male,No,Yes,Yes,50,Yes,Yes,DSL,No,No,Yes,No,No,No,One year,No,Bank transfer (automatic),54.9,2614.1,0,0,No,0,Established (37-60m),0,0.021617381071847106,Low
5356-KZCKT,Male,No,No,No,58,Yes,Yes,No,No internet service,No internet service,No internet service,No internet service,No internet service,No internet service,Two year,Yes,Credit card (automatic),24.45,1513.6,0,3,No,0,Established (37-60m),3,0.13033881916492915,Low
9470-XCCEM,Male,No,Yes,Yes,35,Yes,Yes,Fiber optic,No,Yes,No,No,Yes,No,Month-to-month,Yes,Bank transfer (automatic),89.65,3161.6,0,0,No,0,Mid (13-36m),0,0.2414613493328999,Low
6519-CFDBX,Female,No,No,No,2,Yes,No,DSL,No,No,No,No,No,No,Month-to-month,Yes,Electronic check,45.4,80.95,0,0,No,0,New (0-12m),0,0.7605538315703032,Critical
3902-MIVLE,Male,No,Yes,Yes,63,Yes,Yes,DSL,Yes,No,Yes,Yes,No,Yes,Two year,No,Mailed check,75.7,4676.7,0,0,No,0,Loyal (60m+),0,0.0009398182951275493,Low
0409-WTMPL,Female,No,Yes,No,58,Yes,Yes,Fiber optic,Yes,Yes,Yes,No,Yes,Yes,One year,Yes,Credit card (automatic),110.65,6526.65,0,0,No,0,Established (37-60m),0,0.011285505537425956,Low
8763-KIAFH,Female,No,Yes,Yes,27,Yes,No,No,No internet service,No internet service,No internet service,No internet service,No internet service,No internet service,One year,Yes,Mailed check,20.55,583.3,0,0,No,0,Mid (13-36m),0,0.05226880260828621,Low
3669-WHAFY,Female,No,Yes,No,71,Yes,Yes,Fiber optic,Yes,Yes,Yes,Yes,Yes,Yes,Two year,Yes,Credit card (automatic),115.15,8078.1,0,0,No,0,Loyal (60m+),0,0.0008001283583085384,Low
3055-VTCGS,Female,No,No,No,63,Yes,No,DSL,No,No,Yes,No,No,Yes,One year,No,Credit card (automatic),58.55,3503.5,0,1,No,0,Loyal (60m+),1,0.0381617463697871,Low
3144-KMTWZ,Male,No,Yes,No,71,Yes,Yes,Fiber optic,No,Yes,Yes,No,No,Yes,Month-to-month,Yes,Bank transfer (automatic),93.25,6669.45,0,5,No,0,Loyal (60m+),5,0.9337655341214223,Critical
2007-QVGAW,Female,No,Yes,Yes,68,Yes,No,No,No internet service,No internet service,No internet service,No internet service,No internet service,No internet service,Two year,Yes,Bank transfer (automatic),19.35,1292.65,1,0,No,0,Loyal (60m+),1,0.0019161159981625974,Low
5207-PLSTK,Male,No,Yes,Yes,1,Yes,No,DSL,Yes,No,No,No,No,No,Month-to-month,Yes,Mailed check,48.75,48.75,0,0,No,0,New (0-12m),0,0.5977316144962113,High
2307-FYNNL,Male,Yes,No,No,65,Yes,Yes,Fiber optic,Yes,No,Yes,Yes,Yes,Yes,Two year,Yes,Electronic check,109.05,7108.2,0,0,No,0,Loyal (60m+),0,0.002887923855261847,Low
5605-XNWEN,Male,Yes,Yes,No,72,Yes,Yes,No,No internet service,No internet service,No internet service,No internet service,No internet service,No internet service,Two year,Yes,Bank transfer (automatic),25.0,1802.55,0,0,No,0,Loyal (60m+),0,0.0016209070391557236,Low
2155-AMQRX,Female,No,No,No,28,Yes,Yes,DSL,No,No,No,Yes,No,No,Month-to-month,Yes,Credit card (automatic),54.9,1505.15,0,0,No,0,Mid (13-36m),0,0.20978427362039256,Low
6181-AXXYF,Male,No,Yes,Yes,72,Yes,Yes,No,No internet service,No internet service,No internet service,No internet service,No internet service,No internet service,Two year,No,Credit card (automatic),24.75,1859.1,0,0,No,0,Loyal (60m+),0,0.0010427311809252059,Low
5091-HFAZW,Female,No,No,No,2,Yes,No,Fiber optic,Yes,Yes,No,No,Yes,No,Month-to-month,Yes,Electronic check,91.15,168.5,0,0,No,0,New (0-12m),0,0.8895538099200896,Critical
2519-LBNQL,Male,Yes,Yes,No,60,Yes,Yes,Fiber optic,No,Yes,Yes,No,Yes,Yes,One year,Yes,Electronic check,104.35,6339.45,0,0,No,0,Established (37-60m),0,0.020046284927961042,Low
8623-ULFNQ,Female,Yes,No,No,26,Yes,Yes,DSL,No,No,No,Yes,No,Yes,Month-to-month,Yes,Electronic check,66.05,1652.4,0,0,No,0,Mid (13-36m),0,0.311362387249164,Low
1568-LJSZU,Male,No,Yes,Yes,68,Yes,Yes,DSL,Yes,Yes,Yes,Yes,Yes,Yes,Two year,Yes,Credit card (automatic),92.2,6392.85,0,0,No,0,Loyal (60m+),0,0.0003560635090173958,Low
7789-HKSBS,Female,Yes,Yes,No,42,Yes,Yes,Fiber optic,Yes,No,Yes,No,Yes,Yes,One year,Yes,Bank transfer (automatic),105.2,4599.15,0,0,No,0,Established (37-60m),0,0.062242079600597196,Low
7416-CKTEP,Female,No,Yes,No,57,Yes,No,No,No internet service,No internet service,No internet service,No internet service,No internet service,No internet service,Two year,Yes,Bank transfer (automatic),19.6,1134.25,0,0,No,0,Established (37-60m),0,0.003996608685965277,Low
2586-CWXVV,Male,No,Yes,No,54,No,No phone service,DSL,No,Yes,No,No,No,No,Month-to-month,No,Electronic check,30.4,1621.35,0,0,No,0,Established (37-60m),0,0.13664354012746627,Low
2348-KCJLT,Female,No,Yes,No,44,Yes,No,DSL,Yes,Yes,Yes,No,No,No,One year,Yes,Mailed check,61.5,2722.2,0,0,No,0,Established (37-60m),0,0.02896804325993734,Low
8401-EMUWF,Male,No,Yes,Yes,42,Yes,Yes,DSL,Yes,Yes,No,No,Yes,No,Month-to-month,Yes,Bank transfer (automatic),69.4,3058.3,4,0,No,0,Established (37-60m),4,0.060024258553861794,Low
4193-IBKSW,Male,No,Yes,Yes,72,Yes,Yes,No,No internet service,No internet service,No internet service,No internet service,No internet service,No internet service,Two year,No,Bank transfer (automatic),24.75,1769.6,0,0,No,0,Loyal (60m+),0,0.0011424009764044235,Low
5377-NDTOU,Female,No,Yes,Yes,71,Yes,Yes,DSL,Yes,Yes,Yes,Yes,Yes,Yes,Two year,No,Mailed check,91.05,6293.75,0,0,No,0,Loyal (60m+),0,0.00033604014155912024,Low
2474-LCNUE,Female,No,Yes,No,23,Yes,Yes,DSL,No,No,No,Yes,Yes,Yes,Month-to-month,Yes,Credit card (automatic),73.65,1642.75,0,0,No,0,Mid (13-36m),0,0.19251715263329092,Low
0839-QNXME,Female,No,No,No,30,Yes,No,No,No internet service,No internet service,No internet service,No internet service,No internet service,No internet service,Two year,No,Credit card (automatic),19.4,578.5,0,0,No,0,Mid (13-36m),0,0.01766796862532764,Low
3506-OVLKD,Male,No,No,No,35,Yes,Yes,No,No internet service,No internet service,No internet service,No internet service,No internet service,No internet service,One year,No,Bank transfer (automatic),26.2,954.9,0,0,No,0,Mid (13-36m),0,0.0371279914748781,Low
6650-VJONK,Male,No,No,No,1,Yes,No,DSL,No,No,No,No,No,No,Month-to-month,Yes,Bank transfer (automatic),43.85,43.85,0,0,No,0,New (0-12m),0,0.687240842128575,High
2178-PMGCJ,Male,No,No,No,22,Yes,No,Fiber optic,No,No,No,No,No,No,Month-to-month,Yes,Mailed check,69.7,1490.4,0,0,No,0,Mid (13-36m),0,0.5975874754017761,High
7492-TAFJD,Male,No,Yes,Yes,7,No,No phone service,DSL,Yes,Yes,Yes,No,No,No,Two year,No,Mailed check,38.55,280.0,0,0,No,0,New (0-12m),0,0.10924150828633046,Low
2773-MADBQ,Female,No,No,No,36,No,No phone service,DSL,Yes,Yes,Yes,Yes,No,Yes,Two year,Yes,Mailed check,53.1,1901.25,0,0,No,0,Mid (13-36m),0,0.0157095043216104,Low
6016-LVTJQ,Female,No,Yes,Yes,34,Yes,No,No,No internet service,No internet service,No internet service,No internet service,No internet service,No internet service,Month-to-month,No,Mailed check,20.65,716.4,0,0,No,0,Mid (13-36m),0,0.09307130051979981,Low
7860-KSUGX,Male,No,Yes,Yes,72,Yes,Yes,DSL,Yes,Yes,Yes,No,No,No,Two year,No,Credit card (automatic),64.45,4720.0,0,0,No,0,Loyal (60m+),0,0.0008942938294280813,Low
8966-KZXXA,Male,No,Yes,Yes,36,Yes,Yes,No,No internet service,No internet service,No internet service,No internet service,No internet service,No internet service,Two year,No,Credit card (automatic),25.1,930.95,3,0,No,0,Mid (13-36m),3,0.008114321119407892,Low
5149-QYTTU,Female,No,Yes,Yes,71,Yes,Yes,Fiber optic,Yes,Yes,Yes,Yes,No,No,One year,Yes,Credit card (automatic),95.15,6770.85,0,0,No,0,Loyal (60m+),0,0.004798211573551178,Low
2070-XYMFH,Female,Yes,No,No,23,Yes,Yes,Fiber optic,No,No,Yes,No,No,No,Month-to-month,Yes,Mailed check,79.35,1835.3,0,0,No,0,Mid (13-36m),0,0.6019765227489734,High
2085-BOJKI,Male,No,Yes,No,17,Yes,No,Fiber optic,No,No,Yes,No,Yes,Yes,One year,Yes,Bank transfer (automatic),96.65,1588.25,0,0,No,0,Mid (13-36m),0,0.33172565717811925,Low
0817-HSUSE,Male,No,No,No,1,Yes,No,DSL,No,No,Yes,Yes,Yes,Yes,Month-to-month,Yes,Electronic check,75.5,75.5,0,0,No,0,New (0-12m),0,0.6248820522806663,High
5442-PPTJY,Male,No,Yes,Yes,12,Yes,No,No,No internet service,No internet service,No internet service,No internet service,No internet service,No internet service,Two year,No,Mailed check,19.7,258.35,0,0,No,0,New (0-12m),0,0.032467092083132455,Low
1927-QEWMY,Female,No,Yes,No,72,Yes,No,No,No internet service,No internet service,No internet service,No internet service,No internet service,No internet service,Two year,No,Credit card (automatic),20.5,1502.25,2,0,No,0,Loyal (60m+),2,0.001584216673713845,Low
1663-MHLHE,Male,No,No,No,1,Yes,No,No,No internet service,No internet service,No internet service,No internet service,No internet service,No internet service,Month-to-month,No,Mailed check,19.2,19.2,5,0,No,0,New (0-12m),5,0.42507575525491903,High
5663-QBGIS,Male,Yes,Yes,No,72,Yes,Yes,Fiber optic,No,Yes,No,No,Yes,Yes,Two year,No,Bank transfer (automatic),98.35,6929.4,5,0,No,0,Loyal (60m+),5,0.002029861779767717,Low
4450-MDZFX,Male,No,Yes,Yes,60,Yes,Yes,Fiber optic,No,No,No,No,No,No,Month-to-month,No,Bank transfer (automatic),74.35,4453.3,0,1,No,0,Established (37-60m),1,0.21976135711057077,Low
6701-DHKWQ,Female,No,Yes,Yes,61,No,No phone service,DSL,No,Yes,Yes,Yes,Yes,No,Two year,No,Credit card (automatic),51.35,3244.4,0,5,No,0,Loyal (60m+),5,0.6600430133246991,High
7554-AKDQF,Female,No,Yes,No,6,Yes,No,DSL,No,No,No,No,No,No,Month-to-month,No,Mailed check,45.65,323.45,0,0,No,0,New (0-12m),0,0.5862791399617705,High
0794-YVSGE,Male,No,Yes,Yes,72,Yes,No,No,No internet service,No internet service,No internet service,No internet service,No internet service,No internet service,Two year,No,Bank transfer (automatic),20.3,1401.15,0,0,No,0,Loyal (60m+),0,0.0013668288616944554,Low
5423-BHIXO,Female,No,No,No,32,Yes,Yes,DSL,No,Yes,No,No,No,No,Month-to-month,Yes,Electronic check,54.2,1739.6,0,0,No,0,Mid (13-36m),0,0.27483618075025307,Low
6908-VVYHM,Male,No,Yes,No,65,Yes,Yes,Fiber optic,No,Yes,No,No,No,Yes,Month-to-month,Yes,Electronic check,90.65,5931.0,0,0,No,0,Loyal (60m+),0,0.04636432606060561,Low
2959-EEXWB,Female,No,Yes,Yes,45,No,No phone service,DSL,Yes,No,No,No,Yes,Yes,Month-to-month,Yes,Bank transfer (automatic),50.9,2333.85,0,0,No,0,Established (37-60m),0,0.0894460584705275,Low
1839-UMACK,Male,No,No,No,42,Yes,Yes,No,No internet service,No internet service,No internet service,No internet service,No internet service,No internet service,One year,No,Electronic check,25.05,949.85,4,0,No,0,Established (37-60m),4,0.03821837482389178,Low
3030-YDNRM,Male,No,No,No,8,Yes,Yes,Fiber optic,No,No,No,No,No,No,Month-to-month,Yes,Electronic check,74.85,572.45,0,0,No,0,New (0-12m),0,0.8560282404550241,Critical
7321-KKSDU,Male,No,No,Yes,32,Yes,No,No,No internet service,No internet service,No internet service,No internet service,No internet service,No internet service,Two year,No,Mailed check,20.5,696.8,0,0,No,0,Mid (13-36m),0,0.011334549533007138,Low
3402-XRIUO,Female,Yes,Yes,No,22,Yes,Yes,DSL,Yes,Yes,No,Yes,No,No,Month-to-month,Yes,Mailed check,63.55,1381.8,0,0,No,0,Mid (13-36m),0,0.26787109589477964,Low
8286-AFUYI,Male,No,No,No,1,Yes,No,DSL,Yes,No,No,No,No,No,Month-to-month,No,Electronic check,47.95,47.95,0,0,No,0,New (0-12m),0,0.7477822383270293,Critical
8356-WUAOJ,Female,No,Yes,No,1,Yes,No,DSL,No,No,No,No,No,No,Month-to-month,Yes,Electronic check,45.0,45.0,0,0,No,0,New (0-12m),0,0.762031178915917,Critical
8058-DMYRU,Male,Yes,No,No,54,Yes,Yes,Fiber optic,No,Yes,No,No,No,Yes,Month-to-month,Yes,Electronic check,90.05,4931.8,0,0,No,0,Established (37-60m),0,0.13238764006985218,Low
9350-ZXYJC,Female,No,No,No,4,Yes,Yes,No,No internet service,No internet service,No internet service,No internet service,No internet service,No internet service,Two year,Yes,Credit card (automatic),25.3,116.95,2,0,No,0,New (0-12m),2,0.06449521552590831,Low
8958-JPTRR,Female,No,Yes,No,56,Yes,Yes,No,No internet service,No internet service,No internet service,No internet service,No internet service,No internet service,One year,No,Electronic check,24.3,1261.7,0,0,No,0,Established (37-60m),0,0.018613508824013945,Low
6959-GQEGV,Male,No,No,No,45,Yes,No,DSL,Yes,No,Yes,No,Yes,Yes,Month-to-month,Yes,Electronic check,75.95,3273.8,0,0,No,0,Established (37-60m),0,0.07648505454282171,Low
3173-WSSUE,Female,No,Yes,Yes,71,Yes,No,No,No internet service,No internet service,No internet service,No internet service,No internet service,No internet service,Two year,No,Credit card (automatic),19.7,1415.85,0,0,No,0,Loyal (60m+),0,0.001487351482586595,Low
1265-HVPZB,Male,No,Yes,No,59,Yes,No,DSL,Yes,Yes,Yes,No,Yes,No,One year,No,Credit card (automatic),66.4,3958.2,0,0,No,0,Established (37-60m),0,0.008528063282290574,Low
4115-UMJFQ,Male,No,No,No,69,No,No phone service,DSL,No,Yes,Yes,No,No,No,One year,Yes,Bank transfer (automatic),35.75,2492.25,1,0,No,0,Loyal (60m+),1,0.014227392387523453,Low
7369-TRPFD,Male,No,No,No,19,Yes,No,No,No internet service,No internet service,No internet service,No internet service,No internet service,No internet service,One year,No,Mailed check,18.8,279.2,0,0,No,0,Mid (13-36m),0,0.0936577301946652,Low
1098-KFQEC,Female,No,Yes,Yes,55,Yes,No,No,No internet service,No internet service,No internet service,No internet service,No internet service,No internet service,Two year,No,Credit card (automatic),19.4,1083.0,3,0,No,0,Established (37-60m),3,0.0036324962651496516,Low
7190-XHTWJ,Female,No,No,No,38,Yes,No,No,No internet service,No internet service,No internet service,No internet service,No internet service,No internet service,One year,No,Mailed check,19.3,755.5,0,0,No,0,Established (37-60m),0,0.036742752383822505,Low
3537-RYBHH,Female,Yes,Yes,No,47,Yes,Yes,DSL,Yes,Yes,Yes,No,No,No,Month-to-month,Yes,Credit card (automatic),67.45,3252.0,0,0,No,0,Established (37-60m),0,0.06685806983225666,Low
5296-BFCYD,Male,No,Yes,Yes,46,Yes,No,No,No internet service,No internet service,No internet service,No internet service,No internet service,No internet service,Two year,Yes,Mailed check,20.1,936.85,2,0,No,0,Established (37-60m),2,0.00504660159115896,Low
9359-JANWS,Female,No,Yes,No,65,Yes,No,DSL,Yes,No,Yes,Yes,No,No,Two year,No,Credit card (automatic),58.9,3857.1,0,0,No,0,Loyal (60m+),0,0.001876940807758583,Low
3279-DYZQM,Male,No,Yes,Yes,71,Yes,No,No,No internet service,No internet service,No internet service,No internet service,No internet service,No internet service,Two year,No,Mailed check,19.45,1378.45,0,0,No,0,Loyal (60m+),0,0.001302701776364241,Low
0523-VNGTF,Female,Yes,No,No,52,No,No phone service,DSL,No,Yes,Yes,Yes,Yes,No,Month-to-month,Yes,Electronic check,50.5,2566.3,3,0,No,0,Established (37-60m),3,0.1036707831672359,Low
9575-IWCAZ,Male,No,Yes,No,6,Yes,Yes,No,No internet service,No internet service,No internet service,No internet service,No internet service,No internet service,One year,No,Mailed check,25.1,171.0,0,0,No,0,New (0-12m),0,0.1492687388289939,Low
7105-MXJLL,Female,Yes,Yes,No,26,Yes,No,DSL,No,No,Yes,No,No,Yes,One year,No,Mailed check,60.7,1597.4,0,0,No,0,Mid (13-36m),0,0.11503688245378457,Low
7064-FRRSW,Male,Yes,No,No,48,Yes,Yes,Fiber optic,No,Yes,No,No,Yes,Yes,One year,Yes,Electronic check,99.0,4744.35,0,0,No,0,Established (37-60m),0,0.06584324494801566,Low
7940-UQQUG,Female,No,Yes,Yes,64,Yes,Yes,Fiber optic,Yes,No,No,Yes,Yes,Yes,One year,Yes,Bank transfer (automatic),104.4,6721.6,0,2,No,0,Loyal (60m+),2,0.08322206124240394,Low
3961-SXAXY,Male,No,No,No,1,Yes,No,DSL,No,No,No,No,No,No,Month-to-month,Yes,Bank transfer (automatic),44.05,44.05,0,0,No,0,New (0-12m),0,0.686655249458833,High
7010-BRBUU,Male,No,Yes,Yes,72,Yes,Yes,No,No internet service,No internet service,No internet service,No internet service,No internet service,No internet service,Two year,No,Credit card (automatic),24.1,1734.65,1,6,No,0,Loyal (60m+),7,0.749853285231703,Critical
3566-HJGPK,Male,No,No,No,1,Yes,No,DSL,No,No,No,No,No,No,Month-to-month,Yes,Mailed check,45.55,45.55,0,0,No,0,New (0-12m),0,0.6566453364797841,High
3062-ICYZQ,Female,No,Yes,Yes,51,Yes,Yes,Fiber optic,Yes,Yes,No,No,No,Yes,Month-to-month,Yes,Electronic check,93.8,4539.35,0,0,No,0,Established (37-60m),0,0.12106003686236563,Low
9938-PRCVK,Female,No,Yes,Yes,41,Yes,No,No,No internet service,No internet service,No internet service,No internet service,No internet service,No internet service,Two year,No,Bank transfer (automatic),19.7,804.25,0,0,No,0,Established (37-60m),0,0.008322491611046558,Low
0973-KYVNF,Female,No,Yes,Yes,72,Yes,No,DSL,Yes,Yes,Yes,No,Yes,No,Two year,Yes,Credit card (automatic),70.65,5011.15,0,0,No,0,Loyal (60m+),0,0.0008232255270849299,Low
5129-HHMZC,Female,No,Yes,No,43,Yes,Yes,DSL,Yes,Yes,No,Yes,Yes,Yes,Two year,No,Credit card (automatic),86.45,3574.5,0,0,No,0,Established (37-60m),0,0.004175591696577631,Low
9637-CDTKZ,Male,No,Yes,No,72,Yes,Yes,Fiber optic,Yes,Yes,Yes,Yes,Yes,Yes,Two year,Yes,Credit card (automatic),114.1,8086.4,0,0,No,0,Loyal (60m+),0,0.0007010114606495196,Low
3946-JEWRQ,Male,No,Yes,No,47,Yes,Yes,Fiber optic,No,No,No,No,Yes,Yes,One year,Yes,Credit card (automatic),95.2,4563.0,0,4,No,0,Established (37-60m),4,0.8902280369048068,Critical
7873-CVMAW,Male,No,No,No,72,Yes,Yes,DSL,Yes,Yes,Yes,Yes,Yes,Yes,Two year,No,Credit card (automatic),88.55,6362.35,0,0,No,0,Loyal (60m+),0,0.0003825184396464705,Low
0463-WZZKO,Male,No,No,No,3,Yes,No,No,No internet service,No internet service,No internet service,No internet service,No internet service,No internet service,Month-to-month,Yes,Credit card (automatic),20.75,67.1,0,0,No,0,New (0-12m),0,0.40554448669115467,High
4524-QCSSM,Male,No,No,No,26,No,No phone service,DSL,Yes,Yes,No,No,No,Yes,Month-to-month,Yes,Bank transfer (automatic),44.65,1156.55,3,0,No,0,Mid (13-36m),3,0.30800947742104934,Low
5832-EXGTT,Male,No,Yes,Yes,29,Yes,No,DSL,Yes,No,No,No,No,Yes,Month-to-month,Yes,Mailed check,60.2,1834.15,0,0,No,0,Mid (13-36m),0,0.15332136114645753,Low
2039-JONDJ,Male,No,No,No,27,Yes,No,DSL,Yes,Yes,No,No,No,No,One year,No,Bank transfer (automatic),55.45,1477.65,0,0,No,0,Mid (13-36m),0,0.10765894441561714,Low
7217-JYHOQ,Male,No,Yes,Yes,24,Yes,No,DSL,Yes,Yes,No,Yes,No,Yes,Month-to-month,Yes,Credit card (automatic),70.3,1706.45,5,1,No,0,Mid (13-36m),6,0.4047542612088892,High
6695-FRVEC,Male,No,Yes,Yes,67,Yes,No,DSL,Yes,No,Yes,Yes,No,No,Two year,Yes,Bank transfer (automatic),60.4,3953.7,0,0,No,0,Loyal (60m+),0,0.0013462923737081176,Low
9894-QMIMJ,Female,No,No,No,23,Yes,No,DSL,No,Yes,Yes,No,No,No,One year,No,Bank transfer (automatic),55.8,1327.85,0,0,No,0,Mid (13-36m),0,0.14426656717479241,Low
8069-YQQAJ,Male,No,No,No,14,No,No phone service,DSL,No,Yes,No,No,No,No,Month-to-month,Yes,Mailed check,31.1,419.7,0,0,No,0,Mid (13-36m),0,0.5206092241903626,High
1636-NTNCO,Male,Yes,No,No,4,No,No phone service,DSL,No,Yes,No,No,Yes,Yes,Month-to-month,Yes,Credit card (automatic),50.95,207.35,0,0,No,0,New (0-12m),0,0.6556833219688634,High
3466-WAESX,Male,No,No,Yes,16,Yes,Yes,DSL,Yes,Yes,No,No,No,Yes,Month-to-month,Yes,Electronic check,69.1,1083.7,0,0,No,0,Mid (13-36m),0,0.39719335428574304,Low
9281-PKKZE,Female,No,Yes,No,46,No,No phone service,DSL,No,No,No,No,Yes,Yes,Month-to-month,Yes,Electronic check,43.95,2007.85,0,0,No,0,Established (37-60m),0,0.15922151561373835,Low
3638-VBZTA,Male,No,No,Yes,68,Yes,Yes,DSL,Yes,Yes,No,Yes,Yes,Yes,Two year,Yes,Bank transfer (automatic),86.5,5882.75,0,0,No,0,Loyal (60m+),0,0.0005115358659070643,Low
7459-IMVYU,Male,No,No,No,38,Yes,Yes,DSL,Yes,Yes,Yes,Yes,No,No,Month-to-month,No,Electronic check,69.95,2657.55,0,2,No,0,Established (37-60m),2,0.6384726577430118,High
8563-OYMQY,Male,No,No,No,17,Yes,No,Fiber optic,No,Yes,Yes,No,No,Yes,Month-to-month,Yes,Credit card (automatic),90.95,1612.2,0,0,No,0,Mid (13-36m),0,0.59176909316172,High
0754-EEBDC,Male,No,Yes,Yes,4,Yes,No,No,No internet service,No internet service,No internet service,No internet service,No internet service,No internet service,Two year,No,Mailed check,19.9,76.65,0,0,No,0,New (0-12m),0,0.04989542259223807,Low
5777-ZPQNC,Female,No,No,No,12,Yes,No,No,No internet service,No internet service,No internet service,No internet service,No internet service,No internet service,One year,No,Electronic check,20.15,260.7,0,0,No,0,New (0-12m),0,0.202037673284874,Low
1951-IEYXM,Male,No,Yes,Yes,72,Yes,Yes,DSL,Yes,Yes,Yes,Yes,Yes,Yes,Two year,Yes,Credit card (automatic),90.6,6441.85,0,0,No,0,Loyal (60m+),0,0.00029437221674119156,Low
3318-NMQXL,Male,No,No,No,3,Yes,No,Fiber optic,No,No,No,No,Yes,Yes,Month-to-month,Yes,Electronic check,92.0,266.8,0,0,No,0,New (0-12m),0,0.8697980134721132,Critical
1022-RKXDR,Female,No,No,No,41,Yes,Yes,No,No internet service,No internet service,No internet service,No internet service,No internet service,No internet service,One year,Yes,Mailed check,24.85,962.25,0,0,No,0,Established (37-60m),0,0.027803498323351203,Low
2361-FJWNO,Male,No,No,No,40,No,No phone service,DSL,No,Yes,No,Yes,No,No,One year,No,Credit card (automatic),36.0,1382.9,0,0,No,0,Established (37-60m),0,0.06153905534032889,Low
2272-UOINI,Female,No,No,No,7,Yes,No,DSL,Yes,Yes,No,Yes,Yes,Yes,Month-to-month,Yes,Electronic check,78.5,571.05,0,0,No,0,New (0-12m),0,0.5274213318061096,High
8232-UTFOZ,Male,No,No,No,69,Yes,No,No,No internet service,No internet service,No internet service,No internet service,No internet service,No internet service,Two year,No,Credit card (automatic),19.95,1399.35,0,0,No,0,Loyal (60m+),0,0.001841523071289701,Low
3750-YHRYO,Male,No,Yes,Yes,7,Yes,No,No,No internet service,No internet service,No internet service,No internet service,No internet service,No internet service,One year,No,Mailed check,20.65,150.0,0,0,No,0,New (0-12m),0,0.13305647428290973,Low
6637-KYRCV,Female,No,Yes,Yes,5,No,No phone service,DSL,No,Yes,No,No,No,No,Month-to-month,Yes,Electronic check,30.5,167.2,0,0,No,0,New (0-12m),0,0.7251299718552865,Critical
5668-MEISB,Female,No,Yes,Yes,72,Yes,Yes,Fiber optic,Yes,Yes,Yes,Yes,Yes,No,Two year,No,Credit card (automatic),106.1,7657.4,4,0,No,0,Loyal (60m+),4,0.0008478193394692652,Low
0129-QMPDR,Male,No,Yes,Yes,44,Yes,No,No,No internet service,No internet service,No internet service,No internet service,No internet service,No internet service,One year,Yes,Bank transfer (automatic),20.5,865.05,0,0,No,0,Established (37-60m),0,0.02189733568101681,Low
7188-CBBBA,Female,No,No,No,65,Yes,Yes,Fiber optic,No,Yes,Yes,No,Yes,No,One year,Yes,Electronic check,95.5,6153.85,1,0,No,0,Loyal (60m+),1,0.017695558683411196,Low
5356-CSVSQ,Female,No,No,No,3,Yes,Yes,DSL,No,No,No,Yes,Yes,No,Month-to-month,No,Electronic check,64.6,174.2,0,0,No,0,New (0-12m),0,0.6501750395355669,High
3221-CJMSG,Male,No,No,No,24,Yes,No,DSL,No,No,No,Yes,No,No,Month-to-month,Yes,Credit card (automatic),51.1,1269.6,0,0,No,0,Mid (13-36m),0,0.2501427000939681,Low
3219-JQRSL,Female,Yes,Yes,No,72,Yes,Yes,DSL,Yes,Yes,Yes,Yes,Yes,Yes,Two year,No,Credit card (automatic),89.1,6352.4,0,0,No,0,Loyal (60m+),0,0.0004892857235549336,Low
2801-NISEI,Male,No,No,No,24,Yes,No,DSL,Yes,No,No,Yes,No,No,Month-to-month,No,Electronic check,54.95,1348.5,0,0,No,0,Mid (13-36m),0,0.31923585089854717,Low
4623-ZKHLY,Male,No,Yes,No,22,Yes,No,No,No internet service,No internet service,No internet service,No internet service,No internet service,No internet service,Month-to-month,Yes,Bank transfer (automatic),20.45,471.55,0,0,No,0,Mid (13-36m),0,0.19227413292592865,Low
6732-VAILE,Male,No,Yes,Yes,70,Yes,Yes,DSL,No,Yes,Yes,Yes,Yes,Yes,Two year,Yes,Credit card (automatic),85.95,5931.75,0,0,No,0,Loyal (60m+),0,0.000407918325479094,Low
8201-AAXCB,Male,No,Yes,Yes,25,Yes,Yes,DSL,No,No,No,No,Yes,No,Month-to-month,No,Electronic check,60.35,1404.65,3,0,No,0,Mid (13-36m),3,0.288294108089748,Low
7696-CFTAT,Male,No,Yes,Yes,37,Yes,No,No,No internet service,No internet service,No internet service,No internet service,No internet service,No internet service,Two year,No,Bank transfer (automatic),19.8,726.1,0,2,No,0,Established (37-60m),2,0.11737249652507283,Low
1845-CSBRZ,Female,Yes,Yes,Yes,22,Yes,Yes,Fiber optic,No,No,No,No,Yes,No,Month-to-month,No,Bank transfer (automatic),85.35,1961.6,0,0,No,0,Mid (13-36m),0,0.5618112421306063,High
2123-VSCOT,Female,No,Yes,Yes,59,Yes,Yes,DSL,No,No,Yes,Yes,Yes,No,Two year,Yes,Bank transfer (automatic),72.1,4194.85,0,0,No,0,Established (37-60m),0,0.0017306387902221115,Low
2018-QKYGT,Male,No,Yes,Yes,1,Yes,No,Fiber optic,No,No,No,No,No,Yes,Month-to-month,Yes,Electronic check,81.05,81.05,0,0,No,0,New (0-12m),0,0.8802079916153487,Critical
2792-VPPET,Male,No,No,No,3,Yes,No,No,No internet service,No internet service,No internet service,No internet service,No internet service,No internet service,Month-to-month,Yes,Electronic check,20.5,76.95,0,0,No,0,New (0-12m),0,0.5088006223026356,High
7409-JURKQ,Female,No,Yes,No,53,Yes,Yes,Fiber optic,No,Yes,Yes,Yes,Yes,Yes,One year,Yes,Bank transfer (automatic),111.8,5809.75,0,0,No,0,Established (37-60m),0,0.015541045032777942,Low
3247-MHJKM,Male,No,No,No,1,Yes,No,No,No internet service,No internet service,No internet service,No internet service,No internet service,No internet service,Month-to-month,No,Mailed check,20.2,20.2,0,0,No,0,New (0-12m),0,0.42175181757207836,High
1964-SVLEA,Male,No,No,No,20,Yes,No,No,No internet service,No internet service,No internet service,No internet service,No internet service,No internet service,One year,Yes,Mailed check,19.7,415.9,0,0,No,0,Mid (13-36m),0,0.08507481591513961,Low
7297-DVYGA,Female,No,No,No,51,Yes,No,No,No internet service,No internet service,No internet service,No internet service,No internet service,No internet service,One year,Yes,Bank transfer (automatic),19.85,996.95,0,0,No,0,Established (37-60m),0,0.02038233833577429,Low
2239-CGBUZ,Female,No,Yes,No,51,Yes,No,DSL,Yes,Yes,No,Yes,No,No,One year,Yes,Bank transfer (automatic),60.5,3145.15,0,0,No,0,Established (37-60m),0,0.016872343011855834,Low
0854-UYHZD,Female,No,Yes,Yes,13,Yes,No,No,No internet service,No internet service,No internet service,No internet service,No internet service,No internet service,Two year,No,Mailed check,19.55,265.3,0,0,No,0,Mid (13-36m),0,0.03392796238445716,Low
7243-LCGGZ,Female,No,No,No,1,Yes,No,No,No internet service,No internet service,No internet service,No internet service,No internet service,No internet service,Month-to-month,No,Mailed check,20.9,20.9,1,0,No,0,New (0-12m),1,0.44264793338839614,High
8267-KFGYD,Male,No,No,Yes,1,Yes,No,No,No internet service,No internet service,No internet service,No internet service,No internet service,No internet service,Month-to-month,Yes,Mailed check,21.05,21.05,0,0,No,0,New (0-12m),0,0.38269673498739554,Low
4890-VMUAV,Male,No,No,No,63,Yes,Yes,DSL,Yes,Yes,Yes,Yes,No,No,One year,No,Electronic check,71.5,4576.3,0,0,No,0,Loyal (60m+),0,0.007052599477833149,Low
9261-WDCAF,Male,No,No,No,3,Yes,No,DSL,No,No,No,No,No,Yes,Month-to-month,No,Mailed check,54.65,189.1,0,0,No,0,New (0-12m),0,0.594534568290797,High
3764-MNMOI,Male,No,No,No,46,Yes,No,No,No internet service,No internet service,No internet service,No internet service,No internet service,No internet service,Two year,No,Credit card (automatic),19.2,908.15,0,0,No,0,Established (37-60m),0,0.006691163310033561,Low
7442-YGZFK,Male,No,No,No,1,Yes,Yes,DSL,No,No,No,No,No,No,Month-to-month,Yes,Credit card (automatic),49.8,49.8,0,0,No,0,New (0-12m),0,0.6556822267538797,High
8229-BUJHX,Female,No,Yes,Yes,71,Yes,No,No,No internet service,No internet service,No internet service,No internet service,No internet service,No internet service,Two year,No,Bank transfer (automatic),20.5,1500.95,0,4,No,0,Loyal (60m+),4,0.22969970314426028,Low
7449-HVPIV,Male,No,Yes,Yes,55,Yes,Yes,Fiber optic,No,No,Yes,No,Yes,No,Month-to-month,Yes,Credit card (automatic),90.4,5099.15,0,0,No,0,Established (37-60m),0,0.05582760503370222,Low
5504-WSIUR,Female,No,No,No,70,Yes,Yes,Fiber optic,No,Yes,Yes,Yes,No,No,One year,Yes,Bank transfer (automatic),90.25,6385.95,0,0,No,0,Loyal (60m+),0,0.007970952608621525,Low
8466-PZBLH,Male,No,Yes,Yes,67,Yes,Yes,Fiber optic,Yes,No,No,Yes,Yes,Yes,Two year,No,Bank transfer (automatic),104.6,6885.75,0,0,No,0,Loyal (60m+),0,0.0013750337446874876,Low
8735-IJJEG,Male,No,Yes,No,14,Yes,No,DSL,No,No,Yes,No,No,No,Month-to-month,No,Credit card (automatic),50.2,668.85,0,0,No,0,Mid (13-36m),0,0.4360989674812448,High
0564-MUUQK,Female,No,Yes,Yes,20,Yes,Yes,Fiber optic,No,No,Yes,Yes,No,Yes,Month-to-month,Yes,Bank transfer (automatic),95.5,1916.2,0,0,No,0,Mid (13-36m),0,0.4529894545769482,High
0701-RFGFI,Female,No,Yes,Yes,49,Yes,Yes,Fiber optic,No,No,No,No,Yes,Yes,Month-to-month,Yes,Bank transfer (automatic),95.4,4613.95,4,0,No,0,Established (37-60m),4,0.09231544961535249,Low
0019-EFAEP,Female,No,No,No,72,Yes,Yes,Fiber optic,Yes,Yes,Yes,No,Yes,No,Two year,Yes,Bank transfer (automatic),101.3,7261.25,0,0,No,0,Loyal (60m+),0,0.0016482568445323204,Low
5619-PTMIK,Female,No,Yes,No,46,Yes,Yes,DSL,Yes,No,No,No,No,No,Month-to-month,No,Electronic check,53.1,2459.8,0,0,No,0,Established (37-60m),0,0.12637798783657558,Low
3737-XBQDD,Male,No,No,No,24,Yes,Yes,Fiber optic,No,Yes,Yes,No,No,No,Month-to-month,Yes,Bank transfer (automatic),84.85,2048.8,0,0,No,0,Mid (13-36m),0,0.5073732550009813,High
5882-CMAZQ,Female,No,Yes,Yes,5,No,No phone service,DSL,No,Yes,No,Yes,No,No,Month-to-month,No,Electronic check,34.25,163.55,0,0,No,0,New (0-12m),0,0.6726109787077056,High
5846-QFDFI,Female,No,Yes,Yes,33,Yes,Yes,Fiber optic,No,Yes,Yes,Yes,No,No,Month-to-month,No,Credit card (automatic),88.6,2888.7,0,0,No,0,Mid (13-36m),0,0.24739333009221665,Low
4445-KWOKW,Female,No,No,No,42,Yes,Yes,DSL,Yes,Yes,No,No,No,No,One year,Yes,Bank transfer (automatic),60.15,2421.6,0,0,No,0,Established (37-60m),0,0.042103233672197246,Low
3511-APPBJ,Male,No,No,No,23,Yes,No,Fiber optic,Yes,No,Yes,No,Yes,Yes,One year,Yes,Credit card (automatic),99.95,2292.75,0,0,No,0,Mid (13-36m),0,0.21887974394926046,Low
7967-HYCDE,Male,No,No,No,8,Yes,No,Fiber optic,No,No,No,No,No,No,Month-to-month,No,Bank transfer (automatic),70.7,553.4,0,0,No,0,New (0-12m),0,0.8158786299441283,Critical
2430-RRYUW,Male,No,No,No,66,Yes,No,DSL,Yes,Yes,No,No,No,No,One year,Yes,Mailed check,54.8,3465.7,5,4,No,0,Loyal (60m+),9,0.6217300004450006,High
3723-BFBGR,Male,Yes,No,No,24,Yes,Yes,DSL,No,Yes,No,No,No,No,Month-to-month,No,Credit card (automatic),54.8,1291.3,0,0,No,0,Mid (13-36m),0,0.32316876934384076,Low
5447-WZAFP,Female,No,No,No,53,Yes,No,Fiber optic,No,Yes,Yes,No,Yes,Yes,One year,Yes,Mailed check,100.3,5200.8,4,0,No,0,Established (37-60m),4,0.025253479473800185,Low
5110-CHOPY,Female,No,No,No,60,No,No phone service,DSL,Yes,No,Yes,No,Yes,Yes,Two year,No,Electronic check,53.6,3237.05,5,2,No,0,Established (37-60m),7,0.07987100433236381,Low
4425-OWHWB,Female,No,No,No,20,Yes,No,No,No internet service,No internet service,No internet service,No internet service,No internet service,No internet service,One year,Yes,Credit card (automatic),19.35,433.75,0,0,No,0,Mid (13-36m),0,0.09724606664553281,Low
7892-QVYKW,Female,No,Yes,Yes,23,Yes,Yes,Fiber optic,No,No,No,No,No,Yes,Month-to-month,No,Electronic check,85.6,1868.4,0,0,No,0,Mid (13-36m),0,0.591142982134223,High
9675-ICXCT,Male,No,Yes,Yes,72,Yes,No,DSL,Yes,No,Yes,Yes,Yes,Yes,Two year,Yes,Electronic check,80.8,5728.55,4,0,No,0,Loyal (60m+),4,0.0006425420110548395,Low
4703-MQYKT,Male,No,No,No,21,Yes,No,No,No internet service,No internet service,No internet service,No internet service,No internet service,No internet service,Two year,No,Mailed check,19.6,390.4,0,1,No,0,Mid (13-36m),1,0.08716864929787944,Low
5692-ICXLW,Male,Yes,No,No,31,Yes,Yes,Fiber optic,No,Yes,No,No,Yes,No,Month-to-month,Yes,Electronic check,90.7,2845.15,0,0,No,0,Mid (13-36m),0,0.4795194003336457,High
0602-DDUML,Female,No,No,No,57,Yes,No,DSL,No,Yes,Yes,Yes,Yes,No,Two year,No,Mailed check,69.75,3894.4,0,0,No,0,Established (37-60m),0,0.0023824638339264713,Low
2208-MPXIO,Female,No,Yes,Yes,45,Yes,No,No,No internet service,No internet service,No internet service,No internet service,No internet service,No internet service,Two year,Yes,Bank transfer (automatic),20.0,886.4,0,0,No,0,Established (37-60m),0,0.0066474835353186,Low
1960-UYCNN,Male,No,No,No,10,Yes,Yes,Fiber optic,No,Yes,Yes,No,No,Yes,Month-to-month,Yes,Electronic check,95.25,1021.55,0,0,No,0,New (0-12m),0,0.7802290225338557,Critical
3190-FZATL,Male,No,No,Yes,14,Yes,No,No,No internet service,No internet service,No internet service,No internet service,No internet service,No internet service,Month-to-month,No,Mailed check,19.95,268.4,0,0,No,0,Mid (13-36m),0,0.23505938130966006,Low
7336-RLLRH,Male,No,Yes,No,27,Yes,Yes,DSL,Yes,No,No,Yes,Yes,Yes,One year,No,Mailed check,80.85,2204.35,0,0,No,0,Mid (13-36m),0,0.04457738303503462,Low
7710-JSYOA,Female,No,Yes,Yes,69,Yes,Yes,Fiber optic,No,Yes,No,Yes,No,Yes,Two year,Yes,Bank transfer (automatic),93.3,6398.05,0,0,No,0,Loyal (60m+),0,0.0018672960215273457,Low
9885-MFVSU,Female,No,Yes,Yes,35,No,No phone service,DSL,Yes,No,No,Yes,Yes,No,Two year,Yes,Credit card (automatic),46.35,1662.05,0,0,No,0,Mid (13-36m),0,0.01669087669928416,Low
0607-MVMGC,Male,No,Yes,Yes,45,Yes,Yes,DSL,No,Yes,Yes,No,Yes,Yes,One year,No,Credit card (automatic),78.75,3600.65,0,0,No,0,Established (37-60m),0,0.013795522427009701,Low
3365-SAIGS,Female,No,No,No,17,Yes,No,Fiber optic,No,Yes,No,No,Yes,No,Month-to-month,Yes,Electronic check,83.55,1329.15,0,0,No,0,Mid (13-36m),0,0.7454261558392214,Critical
8022-BECSI,Male,No,No,No,22,Yes,No,No,No internet service,No internet service,No internet service,No internet service,No internet service,No internet service,One year,No,Mailed check,19.6,422.5,0,0,No,0,Mid (13-36m),0,0.07770653209743815,Low
9993-LHIEB,Male,No,Yes,Yes,67,Yes,No,DSL,Yes,No,Yes,Yes,No,Yes,Two year,No,Mailed check,67.85,4627.65,0,0,No,0,Loyal (60m+),0,0.000871778315667373,Low
0266-CLZKZ,Female,No,Yes,Yes,67,Yes,Yes,Fiber optic,No,No,Yes,Yes,Yes,Yes,Two year,Yes,Bank transfer (automatic),105.65,6717.9,0,0,No,0,Loyal (60m+),0,0.0015744301347730555,Low
7020-OZKXZ,Female,Yes,No,No,9,Yes,No,Fiber optic,No,No,Yes,No,No,No,Month-to-month,No,Credit card (automatic),75.5,637.4,0,0,No,0,New (0-12m),0,0.8312576490428492,Critical
3977-QCRSL,Female,No,No,No,5,Yes,No,No,No internet service,No internet service,No internet service,No internet service,No internet service,No internet service,Month-to-month,No,Mailed check,20.15,117.95,1,0,No,0,New (0-12m),1,0.38989545623647304,Low
0017-DINOC,Male,No,No,No,54,No,No phone service,DSL,Yes,No,No,Yes,Yes,No,Two year,No,Credit card (automatic),45.2,2460.55,1,0,No,0,Established (37-60m),1,0.005842843521445676,Low
7639-OPLNG,Male,No,Yes,Yes,70,Yes,Yes,DSL,Yes,Yes,Yes,Yes,Yes,No,Two year,Yes,Bank transfer (automatic),79.25,5731.85,0,0,No,0,Loyal (60m+),0,0.0005064777590681215,Low
1492-QGCLU,Male,No,Yes,Yes,53,Yes,Yes,DSL,Yes,No,Yes,Yes,Yes,Yes,Month-to-month,No,Electronic check,85.7,4616.1,0,0,No,0,Established (37-60m),0,0.02061720953728853,Low
7328-OWMOM,Female,No,No,Yes,31,Yes,No,No,No internet service,No internet service,No internet service,No internet service,No internet service,No internet service,One year,No,Credit card (automatic),20.1,589.25,0,0,No,0,Mid (13-36m),0,0.048439929143891954,Low
4418-LZMSV,Male,No,Yes,Yes,13,Yes,No,DSL,No,Yes,Yes,Yes,No,No,Month-to-month,No,Bank transfer (automatic),61.8,750.1,0,0,No,0,Mid (13-36m),0,0.3364734053025133,Low
5155-AZQPB,Female,No,Yes,Yes,28,Yes,Yes,DSL,No,No,No,No,No,No,Month-to-month,No,Mailed check,49.9,1410.25,5,0,No,0,Mid (13-36m),5,0.215895390659849,Low
1087-GRUYI,Male,No,Yes,No,38,Yes,No,No,No internet service,No internet service,No internet service,No internet service,No internet service,No internet service,Two year,No,Bank transfer (automatic),20.4,743.5,0,0,No,0,Established (37-60m),0,0.01028289149165698,Low
2546-KZAAT,Male,No,Yes,No,52,Yes,No,DSL,Yes,Yes,No,No,Yes,Yes,One year,Yes,Mailed check,75.4,3865.45,0,0,No,0,Established (37-60m),0,0.010390142064351827,Low
0181-RITDD,Male,No,Yes,Yes,62,Yes,No,Fiber optic,Yes,Yes,Yes,Yes,Yes,Yes,Two year,No,Mailed check,108.15,6825.65,5,0,No,0,Loyal (60m+),5,0.0015212630018682275,Low
5989-PGKJB,Female,No,No,No,16,Yes,No,Fiber optic,No,Yes,No,No,No,Yes,Month-to-month,Yes,Electronic check,86.25,1340.1,0,0,No,0,Mid (13-36m),0,0.7472122239678504,Critical
8272-ONJLV,Male,No,No,No,12,Yes,No,Fiber optic,No,No,Yes,No,Yes,Yes,One year,No,Electronic check,95.7,1184.0,2,0,No,0,New (0-12m),2,0.5254955545647104,High
1488-PBLJN,Female,No,Yes,Yes,72,Yes,Yes,Fiber optic,Yes,Yes,Yes,Yes,Yes,Yes,Two year,Yes,Bank transfer (automatic),116.85,8477.7,0,0,No,0,Loyal (60m+),0,0.0005982606720192931,Low
0308-GIQJT,Male,Yes,No,No,71,Yes,Yes,Fiber optic,No,Yes,No,Yes,Yes,Yes,One year,No,Bank transfer (automatic),105.75,7382.85,0,0,No,0,Loyal (60m+),0,0.005036775160682633,Low
3778-FOAQW,Female,No,Yes,No,24,Yes,No,No,No internet service,No internet service,No internet service,No internet service,No internet service,No internet service,One year,No,Mailed check,20.15,456.85,0,0,No,0,Mid (13-36m),0,0.07219957087253177,Low
4452-ROHMO,Female,No,No,No,15,Yes,No,No,No internet service,No internet service,No internet service,No internet service,No internet service,No internet service,Two year,No,Mailed check,19.6,331.6,0,0,No,0,Mid (13-36m),0,0.03695735440784423,Low
3090-LETTY,Male,No,No,Yes,2,Yes,Yes,DSL,Yes,Yes,No,No,No,No,Month-to-month,No,Bank transfer (automatic),60.95,134.6,0,0,No,0,New (0-12m),0,0.581881685397345,High
5349-AZPEW,Female,No,Yes,Yes,5,No,No phone service,DSL,No,No,No,No,No,No,Month-to-month,No,Mailed check,25.05,125.5,0,0,No,0,New (0-12m),0,0.6422150207934433,High
9720-JJJOR,Male,No,Yes,Yes,41,Yes,No,DSL,Yes,Yes,Yes,No,No,No,One year,Yes,Bank transfer (automatic),60.3,2511.3,0,0,No,0,Established (37-60m),0,0.03196815928394445,Low
8100-HZZLJ,Female,No,No,Yes,43,Yes,No,DSL,Yes,Yes,No,No,No,Yes,Month-to-month,Yes,Electronic check,63.95,2737.05,0,0,No,0,Established (37-60m),0,0.10768214754768415,Low
8775-ERLNB,Male,Yes,Yes,No,1,Yes,Yes,Fiber optic,No,No,No,No,No,No,Month-to-month,No,Electronic check,74.3,74.3,5,0,No,0,New (0-12m),5,0.9206148960492663,Critical
8309-IEYJD,Female,Yes,No,No,1,Yes,No,Fiber optic,No,No,No,No,No,No,Month-to-month,Yes,Mailed check,70.6,70.6,0,0,No,0,New (0-12m),0,0.8986685070844388,Critical
7398-HPYZQ,Male,No,Yes,No,71,Yes,Yes,DSL,Yes,Yes,Yes,Yes,Yes,Yes,Two year,No,Bank transfer (automatic),90.55,6404.0,0,0,No,0,Loyal (60m+),0,0.0003875209832316367,Low
3546-GHEAE,Male,No,No,No,7,Yes,No,No,No internet service,No internet service,No internet service,No internet service,No internet service,No internet service,Two year,No,Mailed check,19.45,165.35,1,0,No,0,New (0-12m),1,0.05178170817916929,Low
7361-YPXFS,Female,Yes,No,No,28,Yes,Yes,DSL,No,Yes,Yes,Yes,No,No,Month-to-month,No,Bank transfer (automatic),64.45,1867.6,0,0,No,0,Mid (13-36m),0,0.21483505675155554,Low
6557-BZXLQ,Male,Yes,No,No,16,Yes,No,Fiber optic,No,No,No,No,No,No,Month-to-month,No,Electronic check,69.65,1043.3,3,0,No,0,Mid (13-36m),3,0.8205662191711827,Critical
2550-QHZGP,Male,No,No,No,7,Yes,No,No,No internet service,No internet service,No internet service,No internet service,No internet service,No internet service,One year,No,Mailed check,19.5,128.6,0,0,No,0,New (0-12m),0,0.1620391281609822,Low
7519-JTWQH,Female,No,No,No,69,Yes,Yes,Fiber optic,No,Yes,Yes,Yes,Yes,Yes,Two year,Yes,Bank transfer (automatic),110.5,7455.45,0,4,No,0,Loyal (60m+),4,0.20241574907197257,Low
2538-OIMXF,Female,No,No,Yes,1,No,No phone service,DSL,No,No,No,No,No,No,Month-to-month,No,Mailed check,24.7,24.7,0,0,No,0,New (0-12m),0,0.7059913698947539,Critical
8543-MSDMF,Male,No,No,No,3,Yes,No,DSL,Yes,No,Yes,No,Yes,Yes,Month-to-month,Yes,Electronic check,77.4,206.15,0,0,No,0,New (0-12m),0,0.6332013247166197,High
1170-SASML,Female,No,Yes,No,69,Yes,Yes,Fiber optic,No,Yes,Yes,No,No,No,Month-to-month,Yes,Bank transfer (automatic),85.4,5869.4,0,0,No,0,Loyal (60m+),0,0.03260587868381741,Low
4872-JCVCA,Female,No,Yes,No,71,No,No phone service,DSL,Yes,Yes,Yes,Yes,No,No,Two year,Yes,Bank transfer (automatic),47.6,3377.8,2,0,No,0,Loyal (60m+),2,0.0020240950275726382,Low
5346-BZCHP,Female,No,Yes,Yes,69,Yes,No,No,No internet service,No internet service,No internet service,No internet service,No internet service,No internet service,Two year,No,Mailed check,19.4,1346.2,0,0,No,0,Loyal (60m+),0,0.0015965293886060698,Low
2038-LLMLM,Female,No,No,No,48,Yes,Yes,Fiber optic,No,No,Yes,Yes,Yes,Yes,Month-to-month,Yes,Electronic check,103.85,4946.05,0,4,No,0,Established (37-60m),4,0.9601021619587395,Critical
1216-BGTSP,Male,No,No,No,45,Yes,Yes,Fiber optic,Yes,No,Yes,Yes,Yes,Yes,Month-to-month,Yes,Credit card (automatic),108.45,4964.7,0,0,No,0,Established (37-60m),0,0.07394392991779158,Low
4138-NAXED,Male,No,No,No,51,Yes,Yes,Fiber optic,No,Yes,No,No,No,No,Month-to-month,No,Bank transfer (automatic),81.0,4085.75,0,0,No,0,Established (37-60m),0,0.12950471796989452,Low
0744-BIKKF,Male,No,No,No,72,Yes,Yes,DSL,Yes,Yes,Yes,Yes,Yes,Yes,Two year,No,Bank transfer (automatic),86.65,6224.8,0,0,No,0,Loyal (60m+),0,0.0004366218515547023,Low
7483-IQWIB,Male,No,Yes,Yes,37,Yes,Yes,Fiber optic,No,Yes,Yes,No,Yes,No,Month-to-month,Yes,Electronic check,92.95,3415.25,0,2,No,0,Established (37-60m),2,0.8353377300195792,Critical
5248-KWLAR,Male,No,Yes,Yes,71,Yes,Yes,DSL,Yes,Yes,Yes,Yes,Yes,Yes,Two year,No,Electronic check,90.35,6325.25,0,0,No,0,Loyal (60m+),0,0.0004890684511500565,Low
7996-MHXLW,Female,No,No,No,66,Yes,Yes,No,No internet service,No internet service,No internet service,No internet service,No internet service,No internet service,Two year,Yes,Credit card (automatic),25.15,1683.6,0,0,No,0,Loyal (60m+),0,0.001993288494129871,Low
7833-PKIHD,Male,No,Yes,Yes,51,Yes,No,DSL,Yes,No,No,Yes,Yes,Yes,One year,Yes,Bank transfer (automatic),76.4,3966.3,0,0,No,0,Established (37-60m),0,0.008240260015943355,Low
7061-OVMIM,Female,No,Yes,Yes,30,Yes,No,No,No internet service,No internet service,No internet service,No internet service,No internet service,No internet service,One year,No,Bank transfer (automatic),19.55,608.5,0,0,No,0,Mid (13-36m),0,0.051000538928268925,Low
5153-RTHKF,Female,No,No,No,34,Yes,Yes,Fiber optic,No,No,No,No,Yes,No,Month-to-month,No,Electronic check,85.35,2896.6,0,0,No,0,Mid (13-36m),0,0.42723389822888974,High
1852-QSWCD,Male,No,Yes,Yes,64,Yes,Yes,No,No internet service,No internet service,No internet service,No internet service,No internet service,No internet service,Two year,Yes,Mailed check,24.8,1514.85,0,0,No,0,Loyal (60m+),0,0.0016334091987981112,Low
4832-VRBMR,Male,Yes,Yes,No,65,Yes,Yes,Fiber optic,No,Yes,Yes,No,Yes,Yes,One year,Yes,Bank transfer (automatic),103.15,6792.45,2,0,No,0,Loyal (60m+),2,0.009742574354255537,Low
9079-LWTFD,Male,No,No,No,47,Yes,Yes,Fiber optic,Yes,Yes,No,Yes,Yes,No,Month-to-month,No,Mailed check,100.75,4669.2,0,0,No,0,Established (37-60m),0,0.07726625733831956,Low
3392-EHMNK,Female,No,Yes,Yes,67,Yes,Yes,Fiber optic,No,Yes,No,Yes,Yes,No,Two year,No,Credit card (automatic),94.1,6302.8,0,0,No,0,Loyal (60m+),0,0.001974956704961487,Low
5986-WWXDV,Male,No,No,Yes,39,Yes,No,No,No internet service,No internet service,No internet service,No internet service,No internet service,No internet service,One year,No,Bank transfer (automatic),19.35,779.2,0,0,No,0,Established (37-60m),0,0.030661339766135567,Low
3061-BCKYI,Male,No,No,No,14,Yes,No,No,No internet service,No internet service,No internet service,No internet service,No internet service,No internet service,Month-to-month,No,Mailed check,19.9,283.75,0,0,No,0,Mid (13-36m),0,0.2624341193651855,Low
7901-TBKJX,Male,Yes,No,No,56,Yes,Yes,Fiber optic,No,No,Yes,No,Yes,Yes,Month-to-month,Yes,Electronic check,101.05,5594.0,0,0,No,0,Established (37-60m),0,0.08782774879831311,Low
7228-PAQPD,Female,No,No,No,14,Yes,No,DSL,No,No,No,Yes,No,Yes,One year,No,Credit card (automatic),59.1,772.85,0,0,No,0,Mid (13-36m),0,0.18751998295915745,Low
7746-QYVCO,Male,No,Yes,Yes,16,Yes,No,DSL,Yes,Yes,No,No,No,No,One year,Yes,Mailed check,55.85,857.8,0,0,No,0,Mid (13-36m),0,0.15391005139326996,Low
5804-HYIEZ,Male,No,Yes,Yes,70,Yes,Yes,Fiber optic,Yes,Yes,No,No,Yes,Yes,Month-to-month,Yes,Electronic check,106.05,7554.05,4,0,No,0,Loyal (60m+),4,0.015452457315217463,Low
9919-FZDED,Male,Yes,Yes,No,72,Yes,Yes,DSL,Yes,Yes,Yes,No,Yes,Yes,Two year,Yes,Credit card (automatic),84.1,5981.65,4,0,No,0,Loyal (60m+),4,0.000656634633126218,Low
5934-TSSAU,Female,No,Yes,Yes,23,Yes,No,Fiber optic,No,No,Yes,No,No,No,Month-to-month,Yes,Credit card (automatic),75.3,1702.9,1,0,No,0,Mid (13-36m),1,0.535477175524368,High
3486-KHMLI,Male,No,No,Yes,21,Yes,Yes,No,No internet service,No internet service,No internet service,No internet service,No internet service,No internet service,Month-to-month,No,Mailed check,24.7,467.15,0,0,No,0,Mid (13-36m),0,0.16106857277056377,Low
6784-XYJAE,Female,No,No,No,36,Yes,Yes,DSL,No,No,Yes,No,No,No,One year,No,Electronic check,55.8,1941.5,3,0,No,0,Mid (13-36m),3,0.09439495119039104,Low
3933-DQPWX,Female,No,No,No,50,No,No phone service,DSL,No,Yes,Yes,Yes,No,No,Two year,No,Credit card (automatic),39.7,1932.75,0,0,No,0,Established (37-60m),0,0.009944098348515822,Low
6661-EIPZC,Female,No,Yes,Yes,48,No,No phone service,DSL,No,No,No,Yes,No,No,Month-to-month,Yes,Credit card (automatic),29.5,1423.05,0,0,No,0,Established (37-60m),0,0.10447216493939096,Low
8957-THMOA,Female,No,No,Yes,50,Yes,No,No,No internet service,No internet service,No internet service,No internet service,No internet service,No internet service,Two year,No,Credit card (automatic),20.15,970.85,0,3,No,0,Established (37-60m),3,0.2094043371055874,Low
2251-PYLPB,Male,No,Yes,No,72,Yes,Yes,DSL,Yes,Yes,Yes,Yes,No,Yes,Two year,No,Credit card (automatic),79.55,5810.9,3,0,No,0,Loyal (60m+),3,0.0004872197845118286,Low
5555-RNPGT,Male,No,No,Yes,10,Yes,Yes,No,No internet service,No internet service,No internet service,No internet service,No internet service,No internet service,Month-to-month,No,Credit card (automatic),24.8,223.9,0,0,No,0,New (0-12m),0,0.272753606200684,Low
1057-FOGLZ,Female,No,No,No,18,Yes,No,No,No internet service,No internet service,No internet service,No internet service,No internet service,No internet service,Month-to-month,No,Mailed check,19.65,391.7,2,1,No,0,Mid (13-36m),3,0.5381005592334651,High
8087-LGYHQ,Male,No,No,No,9,Yes,No,Fiber optic,No,No,Yes,No,Yes,Yes,Month-to-month,Yes,Electronic check,94.05,811.65,0,0,No,0,New (0-12m),0,0.8022568057044775,Critical
4137-BTIKL,Male,No,No,No,2,Yes,Yes,Fiber optic,Yes,No,No,No,No,Yes,Month-to-month,No,Mailed check,90.75,174.75,0,0,No,0,New (0-12m),0,0.8210758974936321,Critical
2190-BCXEC,Female,No,Yes,No,40,Yes,Yes,Fiber optic,No,No,No,Yes,No,No,Month-to-month,Yes,Credit card (automatic),78.85,3126.85,0,0,No,0,Established (37-60m),0,0.22232933681030362,Low
6227-FBDXH,Male,No,Yes,No,69,Yes,Yes,Fiber optic,No,No,Yes,No,Yes,Yes,One year,No,Bank transfer (automatic),99.5,6841.45,0,0,No,0,Loyal (60m+),0,0.00670607535766718,Low
2911-WDXMV,Male,No,No,Yes,18,Yes,Yes,Fiber optic,No,No,Yes,No,No,No,Month-to-month,Yes,Credit card (automatic),80.55,1406.65,3,0,No,0,Mid (13-36m),3,0.5931082073076596,High
7206-PQBBZ,Male,Yes,Yes,No,11,Yes,No,Fiber optic,No,No,No,No,No,No,Month-to-month,Yes,Electronic check,70.2,834.7,0,0,No,0,New (0-12m),0,0.8541719746628589,Critical
4547-FZJWE,Male,No,Yes,Yes,55,Yes,No,DSL,Yes,No,No,No,No,Yes,One year,No,Credit card (automatic),59.45,3157.0,0,0,No,0,Established (37-60m),0,0.012655360341185234,Low
7422-WNBTY,Male,No,Yes,No,33,Yes,Yes,Fiber optic,No,Yes,Yes,No,No,Yes,Month-to-month,Yes,Electronic check,93.35,3092.0,0,0,No,0,Mid (13-36m),0,0.36193742477818525,Low
0842-IWYCP,Female,No,No,No,46,Yes,No,DSL,No,No,No,No,No,No,Month-to-month,No,Bank transfer (automatic),44.95,2168.9,0,0,No,0,Established (37-60m),0,0.11634263368059687,Low
3521-HTQTV,Male,No,No,No,34,Yes,Yes,No,No internet service,No internet service,No internet service,No internet service,No internet service,No internet service,Two year,No,Bank transfer (automatic),26.1,980.35,0,0,No,0,Mid (13-36m),0,0.01135459856648491,Low
3744-ZBHON,Female,No,No,No,3,Yes,No,No,No internet service,No internet service,No internet service,No internet service,No internet service,No internet service,Month-to-month,No,Electronic check,20.2,65.95,0,0,No,0,New (0-12m),0,0.5343167436430668,High
3373-DIUUN,Male,No,Yes,Yes,30,Yes,No,No,No internet service,No internet service,No internet service,No internet service,No internet service,No internet service,Two year,No,Mailed check,21.25,711.9,0,0,No,0,Mid (13-36m),0,0.011618735370527586,Low
8383-SGHJU,Female,No,No,No,33,Yes,Yes,DSL,Yes,No,No,Yes,No,No,One year,No,Electronic check,59.4,1952.8,0,0,No,0,Mid (13-36m),0,0.08569511215575344,Low
7607-QKKTJ,Male,No,Yes,Yes,45,Yes,Yes,Fiber optic,No,Yes,Yes,No,No,Yes,One year,Yes,Credit card (automatic),95.0,4368.85,0,0,No,0,Established (37-60m),0,0.040327545026723775,Low
7707-PYBBH,Male,No,No,No,40,Yes,No,DSL,Yes,Yes,No,Yes,No,No,Month-to-month,Yes,Mailed check,61.9,2647.1,0,0,No,0,Established (37-60m),0,0.07394835356621561,Low
8984-HPEMB,Female,No,No,No,71,Yes,Yes,Fiber optic,Yes,Yes,Yes,Yes,Yes,Yes,Two year,Yes,Electronic check,118.65,8477.6,3,0,No,0,Loyal (60m+),3,0.0010778584105381938,Low
4139-DETXS,Female,No,Yes,Yes,72,No,No phone service,DSL,Yes,Yes,Yes,Yes,Yes,Yes,Two year,No,Bank transfer (automatic),64.45,4528.0,0,0,No,0,Loyal (60m+),0,0.0009106998726186288,Low
9779-DPNEJ,Female,No,Yes,Yes,22,Yes,No,Fiber optic,No,No,No,No,No,Yes,Month-to-month,Yes,Electronic check,80.15,1790.65,0,0,No,0,Mid (13-36m),0,0.6260770505245224,High
9805-FILKB,Male,No,Yes,Yes,46,Yes,No,No,No internet service,No internet service,No internet service,No internet service,No internet service,No internet service,One year,Yes,Bank transfer (automatic),20.2,845.6,0,0,No,0,Established (37-60m),0,0.020100827439921403,Low
5793-YOLJN,Female,No,Yes,Yes,55,Yes,No,No,No internet service,No internet service,No internet service,No internet service,No internet service,No internet service,Two year,No,Mailed check,21.0,1210.3,0,5,No,0,Established (37-60m),5,0.7034561068039665,Critical
0673-IGUQO,Male,No,No,No,1,Yes,No,No,No internet service,No internet service,No internet service,No internet service,No internet service,No internet service,Month-to-month,No,Mailed check,20.45,20.45,0,0,No,0,New (0-12m),0,0.42092192745457413,High
4123-FCVCB,Female,No,No,No,12,Yes,Yes,DSL,No,No,No,Yes,Yes,Yes,One year,Yes,Mailed check,75.85,854.45,5,0,No,0,New (0-12m),5,0.15825443609673115,Low
8819-IMISP,Male,No,No,No,31,Yes,Yes,Fiber optic,No,Yes,No,No,No,No,Month-to-month,Yes,Electronic check,80.45,2429.1,0,0,No,0,Mid (13-36m),0,0.4941959536604531,High
8311-UEUAB,Female,No,Yes,Yes,67,Yes,Yes,DSL,Yes,No,No,No,Yes,Yes,Two year,Yes,Electronic check,75.5,5229.45,0,0,No,0,Loyal (60m+),0,0.0013924575650086438,Low
5858-EAFCZ,Male,No,No,No,1,Yes,No,DSL,No,No,No,No,No,No,Month-to-month,No,Mailed check,44.45,44.45,0,0,No,0,New (0-12m),0,0.6600140659939948,High
1163-ONYEY,Male,No,Yes,Yes,41,Yes,Yes,DSL,Yes,Yes,Yes,No,Yes,No,Month-to-month,Yes,Credit card (automatic),74.55,3023.55,0,0,No,0,Established (37-60m),0,0.05617774783201728,Low
5656-MJEFC,Male,No,Yes,Yes,42,No,No phone service,DSL,Yes,No,Yes,Yes,Yes,No,Two year,No,Credit card (automatic),48.15,2032.3,0,0,No,0,Established (37-60m),0,0.009396656584490262,Low
6082-OQFBA,Male,No,Yes,Yes,23,Yes,No,No,No internet service,No internet service,No internet service,No internet service,No internet service,No internet service,One year,No,Mailed check,19.65,436.9,0,0,No,0,Mid (13-36m),0,0.06082635540632726,Low
8974-OVACP,Female,No,No,No,1,Yes,No,No,No internet service,No internet service,No internet service,No internet service,No internet service,No internet service,Month-to-month,No,Mailed check,20.15,20.15,1,0,No,0,New (0-12m),1,0.44516865788280213,High
4010-YLMVT,Female,No,No,No,56,Yes,Yes,Fiber optic,Yes,Yes,No,No,Yes,Yes,Month-to-month,Yes,Credit card (automatic),106.6,5893.95,0,0,No,0,Established (37-60m),0,0.04527993945236374,Low
1379-FRVEB,Male,No,No,Yes,15,Yes,Yes,Fiber optic,No,Yes,No,No,Yes,No,Month-to-month,Yes,Electronic check,91.0,1430.05,0,0,No,0,Mid (13-36m),0,0.688799387620062,High
8612-GXIDD,Male,No,Yes,Yes,12,Yes,Yes,No,No internet service,No internet service,No internet service,No internet service,No internet service,No internet service,Two year,Yes,Bank transfer (automatic),25.4,313.0,1,0,No,0,New (0-12m),1,0.033169045082238974,Low
6288-CHQJB,Female,No,Yes,Yes,54,Yes,No,DSL,Yes,No,Yes,Yes,No,Yes,Two year,No,Bank transfer (automatic),69.95,3871.85,3,0,No,0,Established (37-60m),3,0.002525196480181288,Low
8160-HOWOX,Female,No,No,No,7,Yes,No,DSL,No,No,No,No,Yes,Yes,Month-to-month,Yes,Electronic check,66.85,458.1,0,0,No,0,New (0-12m),0,0.6231468082171934,High
6648-INWPS,Male,No,Yes,Yes,16,Yes,No,No,No internet service,No internet service,No internet service,No internet service,No internet service,No internet service,Month-to-month,No,Electronic check,20.15,341.35,0,0,No,0,Mid (13-36m),0,0.29091061299734433,Low
4223-BKEOR,Female,No,No,Yes,21,Yes,No,DSL,Yes,No,Yes,No,No,Yes,One year,No,Mailed check,64.85,1336.8,0,0,No,0,Mid (13-36m),0,0.11181035097031565,Low
4079-VTGLK,Male,Yes,Yes,No,30,Yes,Yes,DSL,No,No,Yes,No,Yes,Yes,Two year,No,Electronic check,74.85,2181.75,0,0,No,0,Mid (13-36m),0,0.029553074515689767,Low
1763-WQFUK,Male,No,No,No,3,Yes,No,DSL,No,No,No,Yes,No,No,Month-to-month,Yes,Mailed check,50.5,147.75,0,0,No,0,New (0-12m),0,0.5621792713351563,High
1391-UBDAR,Male,No,No,No,11,Yes,No,Fiber optic,No,No,Yes,No,No,No,Month-to-month,No,Electronic check,72.9,818.45,0,0,No,0,New (0-12m),0,0.8294169266553314,Critical
8894-JVDCV,Female,No,No,No,62,Yes,Yes,Fiber optic,Yes,Yes,Yes,Yes,Yes,Yes,One year,Yes,Credit card (automatic),115.05,7133.45,0,0,No,0,Loyal (60m+),0,0.006250256147326667,Low
2023-VQFDL,Male,No,No,No,18,Yes,No,No,No internet service,No internet service,No internet service,No internet service,No internet service,No internet service,Month-to-month,No,Electronic check,19.0,348.8,0,0,No,0,Mid (13-36m),0,0.3171036079365348,Low
1345-GKDZZ,Male,No,No,Yes,6,Yes,No,No,No internet service,No internet service,No internet service,No internet service,No internet service,No internet service,Month-to-month,No,Mailed check,19.55,128.6,0,0,No,0,New (0-12m),0,0.32348425519994856,Low
2014-MKGMH,Female,No,No,No,46,Yes,Yes,Fiber optic,No,No,Yes,No,Yes,Yes,One year,Yes,Electronic check,101.1,4674.4,3,0,No,0,Established (37-60m),3,0.06426032142832912,Low
5628-FCGYG,Male,No,No,No,21,Yes,Yes,Fiber optic,No,No,No,No,No,Yes,Month-to-month,Yes,Electronic check,84.1,1737.45,0,0,No,0,Mid (13-36m),0,0.6555020884796727,High
2560-WBWXF,Male,No,No,No,68,Yes,Yes,No,No internet service,No internet service,No internet service,No internet service,No internet service,No internet service,Two year,Yes,Bank transfer (automatic),24.15,1498.85,0,0,No,0,Loyal (60m+),0,0.0018836905176449752,Low
0248-IPDFW,Female,No,No,No,1,Yes,Yes,DSL,No,No,No,No,No,No,Month-to-month,Yes,Electronic check,50.1,50.1,0,0,No,0,New (0-12m),0,0.7599199319432584,Critical
7978-DKUQH,Female,No,Yes,No,25,Yes,No,Fiber optic,No,No,Yes,No,No,No,Month-to-month,Yes,Electronic check,74.6,1797.75,0,0,No,0,Mid (13-36m),0,0.6436255553965357,High
4335-UPJSI,Female,No,No,Yes,24,Yes,No,No,No internet service,No internet service,No internet service,No internet service,No internet service,No internet service,Two year,No,Mailed check,19.75,498.1,0,0,No,0,Mid (13-36m),0,0.01969025144726642,Low
1784-EZDKJ,Male,No,Yes,No,51,Yes,Yes,Fiber optic,No,Yes,Yes,No,Yes,Yes,One year,Yes,Bank transfer (automatic),106.8,5498.8,0,0,No,0,Established (37-60m),0,0.02240032821306156,Low
9297-FVVDH,Female,No,Yes,Yes,57,Yes,Yes,DSL,Yes,No,Yes,Yes,Yes,Yes,Two year,Yes,Electronic check,84.5,4845.4,5,0,No,0,Established (37-60m),5,0.0018665224284888982,Low
8007-YYPWD,Female,No,No,No,15,Yes,Yes,No,No internet service,No internet service,No internet service,No internet service,No internet service,No internet service,Two year,No,Bank transfer (automatic),25.05,369.1,0,0,No,0,Mid (13-36m),0,0.03807829960416932,Low
7101-HRBLJ,Female,No,Yes,Yes,72,Yes,No,DSL,Yes,Yes,Yes,Yes,Yes,Yes,Two year,Yes,Bank transfer (automatic),83.7,6096.9,0,0,No,0,Loyal (60m+),0,0.00042242015603378156,Low
6635-CPNUN,Male,No,Yes,No,28,Yes,Yes,Fiber optic,No,Yes,Yes,No,Yes,No,Month-to-month,No,Credit card (automatic),96.6,2684.35,0,0,No,0,Mid (13-36m),0,0.34300230528485254,Low
5453-YBTWV,Male,No,Yes,Yes,70,Yes,No,Fiber optic,Yes,Yes,Yes,Yes,Yes,No,Two year,Yes,Credit card (automatic),101.1,6994.8,0,0,No,0,Loyal (60m+),0,0.001128374923074617,Low
5039-LZRQT,Female,No,No,No,13,Yes,No,No,No internet service,No internet service,No internet service,No internet service,No internet service,No internet service,One year,No,Mailed check,20.2,273.25,0,0,No,0,Mid (13-36m),0,0.1302917215361215,Low
2931-VUVJN,Female,Yes,Yes,No,59,Yes,Yes,Fiber optic,Yes,Yes,Yes,Yes,No,No,One year,Yes,Electronic check,94.05,5483.9,0,5,No,0,Established (37-60m),5,0.9553734272615909,Critical
6418-PIQSP,Female,No,Yes,No,62,Yes,No,DSL,Yes,No,Yes,Yes,Yes,Yes,Two year,No,Mailed check,81.0,4985.9,0,2,No,0,Loyal (60m+),2,0.01465720099925953,Low
8220-OCUFY,Female,No,No,No,21,Yes,No,DSL,Yes,No,Yes,Yes,No,No,One year,Yes,Electronic check,60.25,1258.35,0,0,No,0,Mid (13-36m),0,0.17294024063588817,Low
3995-WFCSM,Female,No,No,No,2,Yes,No,DSL,No,No,Yes,No,No,Yes,Month-to-month,No,Electronic check,60.85,111.4,0,0,No,0,New (0-12m),0,0.7191923612655424,Critical
1895-QTKDO,Female,No,No,No,1,Yes,No,DSL,No,No,No,No,No,No,Month-to-month,No,Credit card (automatic),43.95,43.95,0,0,No,0,New (0-12m),0,0.6939082489297225,High
2038-OEQZH,Male,No,No,No,4,Yes,No,Fiber optic,No,No,Yes,No,No,Yes,Month-to-month,No,Electronic check,86.05,308.1,3,0,No,0,New (0-12m),3,0.871674472531198,Critical
1178-PZGAB,Female,No,No,No,19,Yes,No,No,No internet service,No internet service,No internet service,No internet service,No internet service,No internet service,One year,No,Credit card (automatic),20.25,383.65,1,0,No,0,Mid (13-36m),1,0.10202774787362352,Low
2626-VEEWG,Male,No,Yes,Yes,67,Yes,No,No,No internet service,No internet service,No internet service,No internet service,No internet service,No internet service,Two year,Yes,Credit card (automatic),19.4,1284.2,0,0,No,0,Loyal (60m+),0,0.0017240202931849804,Low
2878-RMWXY,Male,Yes,Yes,No,72,Yes,Yes,Fiber optic,Yes,Yes,Yes,No,No,Yes,Two year,Yes,Credit card (automatic),102.65,7550.3,1,0,No,0,Loyal (60m+),1,0.0014714887072980484,Low
1657-DYMBM,Male,No,Yes,No,53,Yes,No,No,No internet service,No internet service,No internet service,No internet service,No internet service,No internet service,Two year,No,Credit card (automatic),19.9,1110.05,0,0,No,0,Established (37-60m),0,0.0041701050982390735,Low
7311-MQJCH,Female,No,No,No,5,Yes,No,No,No internet service,No internet service,No internet service,No internet service,No internet service,No internet service,One year,No,Electronic check,19.55,99.6,0,0,No,0,New (0-12m),0,0.2747363224192103,Low
7375-WMVMT,Male,Yes,Yes,No,71,Yes,No,Fiber optic,No,Yes,Yes,Yes,No,Yes,Two year,Yes,Credit card (automatic),95.5,6707.15,0,0,No,0,Loyal (60m+),0,0.001829538352946704,Low
1136-XGEQU,Female,No,Yes,Yes,50,Yes,Yes,DSL,No,Yes,Yes,Yes,Yes,Yes,One year,Yes,Credit card (automatic),84.15,4164.4,0,0,No,0,Established (37-60m),0,0.007564176431297272,Low
2530-FMFXO,Male,No,Yes,Yes,56,Yes,Yes,Fiber optic,No,No,Yes,Yes,Yes,Yes,Two year,Yes,Electronic check,103.2,5873.75,0,0,No,0,Established (37-60m),0,0.004748087139014199,Low
6844-DZKRF,Male,No,No,No,2,Yes,No,DSL,No,No,No,Yes,No,No,Month-to-month,Yes,Credit card (automatic),50.2,109.25,4,0,No,0,New (0-12m),4,0.5912347345364726,High
5970-GHJAW,Male,No,Yes,Yes,46,Yes,No,No,No internet service,No internet service,No internet service,No internet service,No internet service,No internet service,Two year,No,Credit card (automatic),19.95,862.4,0,0,No,0,Established (37-60m),0,0.005464231167007148,Low
8879-XUAHX,Male,No,Yes,No,71,Yes,Yes,Fiber optic,Yes,Yes,Yes,Yes,Yes,Yes,Two year,Yes,Electronic check,116.25,8564.75,0,0,No,0,Loyal (60m+),0,0.0009286732067228024,Low
3689-MOZGR,Female,No,No,No,29,No,No phone service,DSL,No,No,No,Yes,No,No,Month-to-month,Yes,Electronic check,31.2,926.2,0,2,No,0,Mid (13-36m),2,0.8988394566335205,Critical
4195-PNGZS,Male,No,Yes,Yes,69,Yes,Yes,No,No internet service,No internet service,No internet service,No internet service,No internet service,No internet service,Two year,No,Bank transfer (automatic),24.45,1718.2,0,0,No,0,Loyal (60m+),0,0.0013503855128017422,Low
5003-XZWWO,Male,No,Yes,No,71,Yes,Yes,DSL,No,Yes,Yes,Yes,Yes,Yes,Two year,No,Credit card (automatic),84.2,5956.85,0,0,No,0,Loyal (60m+),0,0.0004585785776553392,Low
7622-FWGEW,Male,Yes,Yes,No,56,Yes,No,DSL,Yes,Yes,Yes,Yes,Yes,Yes,Two year,Yes,Bank transfer (automatic),85.65,4824.45,0,5,No,0,Established (37-60m),5,0.5664721879550916,High
6922-NCEDI,Male,No,No,Yes,56,Yes,No,No,No internet service,No internet service,No internet service,No internet service,No internet service,No internet service,One year,Yes,Mailed check,21.2,1238.65,0,0,No,0,Established (37-60m),0,0.010198262818829866,Low
9891-NQDBD,Female,No,Yes,No,28,Yes,Yes,No,No internet service,No internet service,No internet service,No internet service,No internet service,No internet service,One year,No,Mailed check,25.55,672.2,0,0,No,0,Mid (13-36m),0,0.05259481032687908,Low
6131-IUNXN,Female,No,Yes,Yes,19,Yes,No,No,No internet service,No internet service,No internet service,No internet service,No internet service,No internet service,Month-to-month,No,Mailed check,20.2,382.2,0,0,No,0,Mid (13-36m),0,0.19339775552831875,Low
8548-AWOFC,Male,No,Yes,No,66,Yes,Yes,DSL,No,No,No,Yes,No,Yes,Month-to-month,No,Electronic check,63.85,4264.6,3,0,No,0,Loyal (60m+),3,0.019073960767867444,Low
9798-DRYDS,Female,No,Yes,Yes,17,Yes,Yes,DSL,No,No,Yes,Yes,No,No,One year,Yes,Mailed check,61.95,1070.7,0,0,No,0,Mid (13-36m),0,0.11810373042846227,Low
8532-UEFWH,Male,No,Yes,Yes,52,Yes,Yes,No,No internet service,No internet service,No internet service,No internet service,No internet service,No internet service,Two year,No,Mailed check,25.75,1345.85,0,0,No,0,Established (37-60m),0,0.0030604703957422207,Low
6296-DDOOR,Female,No,No,No,19,Yes,No,DSL,No,Yes,No,No,Yes,No,One year,No,Electronic check,58.2,1045.25,0,0,No,0,Mid (13-36m),0,0.23706419260169706,Low
7951-VRDVK,Female,No,No,No,36,Yes,No,DSL,Yes,Yes,Yes,Yes,Yes,Yes,One year,No,Bank transfer (automatic),85.85,3003.55,0,0,No,0,Mid (13-36m),0,0.027533837582539713,Low
4815-YOSUK,Male,No,Yes,Yes,72,Yes,Yes,Fiber optic,Yes,Yes,Yes,Yes,No,Yes,One year,Yes,Credit card (automatic),104.9,7537.5,0,0,No,0,Loyal (60m+),0,0.0028474458203090977,Low
0380-NEAVX,Male,Yes,No,No,34,Yes,No,Fiber optic,No,Yes,Yes,No,Yes,Yes,One year,Yes,Electronic check,99.85,3343.15,0,0,No,0,Mid (13-36m),0,0.179300073877669,Low
4365-MSDYN,Male,No,Yes,No,8,Yes,No,No,No internet service,No internet service,No internet service,No internet service,No internet service,No internet service,Month-to-month,Yes,Bank transfer (automatic),19.55,161.15,0,0,No,0,New (0-12m),0,0.3458396540643064,Low
7036-TYDEC,Female,No,No,No,69,Yes,Yes,Fiber optic,No,No,Yes,Yes,Yes,Yes,Two year,No,Electronic check,104.0,7028.5,0,0,No,0,Loyal (60m+),0,0.0023162054218518833,Low
5802-ADBRC,Female,No,Yes,No,50,Yes,Yes,Fiber optic,Yes,No,Yes,No,Yes,Yes,One year,Yes,Mailed check,104.4,5232.9,0,0,No,0,Established (37-60m),0,0.02584774853046047,Low
8076-FEZKJ,Male,No,No,No,10,Yes,No,No,No internet service,No internet service,No internet service,No internet service,No internet service,No internet service,One year,No,Mailed check,19.5,225.85,0,0,No,0,New (0-12m),0,0.13924170343593514,Low
5197-YPYBZ,Female,No,Yes,Yes,12,Yes,Yes,No,No internet service,No internet service,No internet service,No internet service,No internet service,No internet service,Two year,No,Credit card (automatic),25.25,274.7,2,0,No,0,New (0-12m),2,0.03471245746785413,Low
4312-GVYNH,Female,No,Yes,No,70,No,No phone service,DSL,Yes,No,Yes,Yes,No,Yes,Two year,Yes,Bank transfer (automatic),49.85,3370.2,0,0,No,0,Loyal (60m+),0,0.0020679476472784666,Low
8495-LJDFO,Female,Yes,No,No,64,Yes,Yes,Fiber optic,Yes,No,Yes,Yes,Yes,Yes,Month-to-month,Yes,Bank transfer (automatic),108.95,7111.3,0,0,No,0,Loyal (60m+),0,0.021995206134049112,Low
0839-JTCUD,Female,No,Yes,Yes,66,Yes,Yes,DSL,Yes,Yes,Yes,Yes,Yes,Yes,Two year,No,Credit card (automatic),89.9,5958.85,0,0,No,0,Loyal (60m+),0,0.0005127950504558322,Low
5494-WOZRZ,Female,No,Yes,Yes,71,Yes,No,DSL,Yes,No,Yes,Yes,Yes,Yes,Two year,Yes,Credit card (automatic),82.0,5999.85,0,0,No,0,Loyal (60m+),0,0.0004401268138208247,Low
1302-UHBDD,Male,Yes,No,No,20,Yes,No,Fiber optic,No,No,No,No,Yes,Yes,Month-to-month,No,Electronic check,89.95,1648.45,0,0,No,0,Mid (13-36m),0,0.7020403734056762,Critical
2234-EOFPT,Male,No,Yes,No,72,Yes,No,DSL,Yes,Yes,No,Yes,Yes,Yes,Two year,Yes,Bank transfer (automatic),79.35,5753.25,0,0,No,0,Loyal (60m+),0,0.0005296978230307292,Low
8619-IJNDK,Female,No,Yes,Yes,71,Yes,No,DSL,Yes,Yes,Yes,Yes,No,No,Two year,No,Credit card (automatic),64.05,4492.9,0,0,No,0,Loyal (60m+),0,0.0009139381852325059,Low
8378-LKJAF,Male,No,Yes,Yes,38,Yes,Yes,Fiber optic,No,No,Yes,No,Yes,Yes,Month-to-month,Yes,Credit card (automatic),101.15,3956.7,0,0,No,0,Established (37-60m),0,0.14601080424422996,Low
1153-GNOLC,Male,No,No,No,33,No,No phone service,DSL,No,Yes,No,No,Yes,No,One year,Yes,Electronic check,39.1,1309.0,0,0,No,0,Mid (13-36m),0,0.14424838619176433,Low
3298-QEICA,Female,No,Yes,Yes,23,No,No phone service,DSL,Yes,No,No,Yes,No,No,Two year,No,Mailed check,34.6,813.45,0,1,No,0,Mid (13-36m),1,0.14301187090330422,Low
0788-DXBFY,Male,No,Yes,Yes,58,Yes,No,No,No internet service,No internet service,No internet service,No internet service,No internet service,No internet service,One year,Yes,Electronic check,19.55,1108.8,3,0,No,0,Established (37-60m),3,0.014840985149716013,Low
3597-YASZG,Female,Yes,Yes,No,70,Yes,Yes,Fiber optic,No,Yes,No,Yes,Yes,Yes,Two year,Yes,Bank transfer (automatic),104.45,7349.35,0,0,No,0,Loyal (60m+),0,0.001617876416690716,Low
3496-LFSZU,Male,No,Yes,No,4,Yes,No,Fiber optic,No,No,No,No,No,No,Month-to-month,No,Electronic check,70.5,294.2,0,0,No,0,New (0-12m),0,0.8878726385842142,Critical
5242-UOWHD,Male,No,Yes,Yes,45,Yes,No,No,No internet service,No internet service,No internet service,No internet service,No internet service,No internet service,Two year,No,Mailed check,20.35,929.2,0,0,No,0,Established (37-60m),0,0.00529380598840199,Low
6479-SZPLM,Male,No,Yes,Yes,36,Yes,No,No,No internet service,No internet service,No internet service,No internet service,No internet service,No internet service,Two year,No,Credit card (automatic),19.45,754.5,0,0,No,0,Mid (13-36m),0,0.009255729930701161,Low
8097-VBQTZ,Male,No,No,No,54,Yes,No,DSL,Yes,Yes,No,Yes,Yes,No,Month-to-month,Yes,Mailed check,69.9,3883.3,0,4,No,0,Established (37-60m),4,0.8253595982963537,Critical
4500-HKANN,Male,No,Yes,Yes,23,Yes,Yes,DSL,No,Yes,No,Yes,No,No,Two year,No,Mailed check,59.7,1414.2,0,0,No,0,Mid (13-36m),0,0.02333886633238513,Low
9917-KWRBE,Female,No,Yes,Yes,41,Yes,Yes,DSL,Yes,Yes,Yes,No,Yes,No,One year,Yes,Credit card (automatic),78.35,3211.2,0,0,No,0,Established (37-60m),0,0.020905341673151577,Low
3420-ZDBMA,Male,Yes,No,No,5,Yes,No,Fiber optic,No,No,No,No,No,No,Month-to-month,Yes,Mailed check,71.45,371.6,5,0,No,0,New (0-12m),5,0.856012327823439,Critical
2212-LYASK,Male,No,Yes,Yes,27,No,No phone service,DSL,No,Yes,Yes,No,No,Yes,One year,Yes,Credit card (automatic),45.85,1246.4,3,0,No,0,Mid (13-36m),3,0.10132112540751817,Low
1393-IMKZG,Female,No,No,No,1,Yes,No,Fiber optic,No,No,No,Yes,Yes,Yes,Month-to-month,Yes,Electronic check,95.85,95.85,5,0,No,0,New (0-12m),5,0.8693225847953927,Critical
8069-RHUXK,Female,No,Yes,Yes,67,No,No phone service,DSL,Yes,No,No,Yes,No,No,Two year,No,Credit card (automatic),35.7,2545.7,0,3,No,0,Loyal (60m+),3,0.13808601679300958,Low
3398-GCPMU,Female,Yes,Yes,Yes,72,Yes,Yes,DSL,Yes,Yes,Yes,Yes,Yes,Yes,Two year,Yes,Credit card (automatic),89.55,6448.85,0,1,No,0,Loyal (60m+),1,0.001513753679900933,Low
2908-WGAXL,Female,No,Yes,Yes,56,Yes,Yes,No,No internet service,No internet service,No internet service,No internet service,No internet service,No internet service,Two year,Yes,Credit card (automatic),24.95,1468.9,0,2,No,0,Established (37-60m),2,0.038228197344539715,Low
3378-AJRAO,Male,No,Yes,Yes,44,Yes,Yes,No,No internet service,No internet service,No internet service,No internet service,No internet service,No internet service,One year,No,Electronic check,24.85,1013.6,0,0,No,0,Established (37-60m),0,0.02791640139232743,Low
1013-QCWAM,Female,Yes,Yes,No,66,Yes,Yes,Fiber optic,No,Yes,No,No,Yes,Yes,Month-to-month,Yes,Electronic check,100.8,6690.75,4,0,No,0,Loyal (60m+),4,0.04118070317125623,Low
6050-FFXES,Female,No,Yes,No,69,Yes,Yes,Fiber optic,No,No,Yes,Yes,Yes,Yes,Two year,No,Bank transfer (automatic),105.35,7240.65,1,0,No,0,Loyal (60m+),1,0.0014054074941035612,Low
0362-RAOQO,Female,No,No,No,40,Yes,No,No,No internet service,No internet service,No internet service,No internet service,No internet service,No internet service,Two year,No,Credit card (automatic),19.65,830.25,0,0,No,0,Established (37-60m),0,0.0100237856027066,Low
9554-DFKIC,Male,No,Yes,Yes,30,Yes,Yes,DSL,Yes,No,No,No,No,No,Month-to-month,Yes,Bank transfer (automatic),54.45,1588.7,0,0,No,0,Mid (13-36m),0,0.18462792314512858,Low
5527-ACHSO,Female,No,No,No,11,Yes,No,DSL,No,No,No,Yes,Yes,Yes,Month-to-month,No,Mailed check,70.5,829.3,0,0,No,0,New (0-12m),0,0.3693496134451258,Low
0829-DDVLK,Female,No,No,No,15,Yes,No,No,No internet service,No internet service,No internet service,No internet service,No internet service,No internet service,One year,No,Credit card (automatic),20.1,302.45,5,0,No,0,Mid (13-36m),5,0.12446754532893844,Low
1399-UBQIU,Male,No,No,No,11,Yes,No,DSL,No,No,Yes,No,Yes,Yes,Month-to-month,Yes,Electronic check,69.35,712.25,0,0,No,0,New (0-12m),0,0.5240706060925612,High
1813-JLKWR,Female,No,Yes,Yes,64,Yes,No,No,No internet service,No internet service,No internet service,No internet service,No internet service,No internet service,One year,No,Bank transfer (automatic),19.8,1336.65,0,0,No,0,Loyal (60m+),0,0.007944740511710105,Low
0336-PIKEI,Male,Yes,Yes,No,72,Yes,No,DSL,Yes,Yes,Yes,Yes,Yes,No,Two year,No,Bank transfer (automatic),74.4,5360.75,0,0,No,0,Loyal (60m+),0,0.000796001520083807,Low
7322-OCWHC,Male,Yes,Yes,No,72,Yes,Yes,Fiber optic,Yes,Yes,Yes,Yes,No,No,Two year,Yes,Bank transfer (automatic),93.05,6735.05,5,0,No,0,Loyal (60m+),5,0.0018977483106334507,Low
9537-VHDTA,Female,No,No,Yes,1,Yes,No,DSL,Yes,No,No,No,No,No,Month-to-month,No,Mailed check,51.2,51.2,0,0,No,0,New (0-12m),0,0.626022325871116,High
4957-TIALW,Female,No,No,Yes,15,Yes,No,DSL,Yes,Yes,Yes,Yes,No,No,One year,No,Credit card (automatic),65.6,1010.0,0,0,No,0,Mid (13-36m),0,0.13824314744915336,Low
2054-PJOCK,Female,No,No,No,60,Yes,Yes,DSL,No,No,Yes,Yes,Yes,Yes,One year,No,Credit card (automatic),80.55,4847.05,0,0,No,0,Established (37-60m),0,0.004810162117121656,Low
9150-HEPMB,Male,No,No,No,56,Yes,No,DSL,Yes,No,Yes,No,No,No,One year,No,Mailed check,52.7,3019.7,0,0,No,0,Established (37-60m),0,0.016047015253791406,Low
9030-QGZNL,Female,No,No,No,8,Yes,No,No,No internet service,No internet service,No internet service,No internet service,No internet service,No internet service,Two year,No,Mailed check,20.85,161.65,5,0,No,0,New (0-12m),5,0.0531944597673844,Low
3126-WQMGH,Female,No,Yes,No,49,Yes,Yes,DSL,No,No,No,No,No,No,Month-to-month,Yes,Credit card (automatic),52.15,2583.75,0,0,No,0,Established (37-60m),0,0.0740922518320591,Low
7176-WRTNX,Male,No,No,No,70,Yes,Yes,Fiber optic,Yes,Yes,Yes,Yes,Yes,Yes,Two year,Yes,Bank transfer (automatic),114.95,7711.25,0,0,No,0,Loyal (60m+),0,0.0009739336796496355,Low
5732-IKGQH,Male,Yes,Yes,No,52,Yes,No,Fiber optic,Yes,No,Yes,Yes,Yes,Yes,One year,Yes,Bank transfer (automatic),104.45,5481.25,0,4,No,0,Established (37-60m),4,0.8175303696690861,Critical
9239-GZHZE,Female,No,Yes,No,72,Yes,Yes,Fiber optic,Yes,Yes,Yes,Yes,Yes,Yes,Two year,Yes,Credit card (automatic),113.65,8124.2,0,0,No,0,Loyal (60m+),0,0.0007656890659052226,Low
7205-BAIAD,Female,No,No,No,40,Yes,No,No,No internet service,No internet service,No internet service,No internet service,No internet service,No internet service,Two year,Yes,Bank transfer (automatic),20.6,827.3,0,0,No,0,Established (37-60m),0,0.010537201315726745,Low
0093-EXYQL,Female,Yes,No,No,40,Yes,No,Fiber optic,No,No,No,No,Yes,Yes,Month-to-month,Yes,Electronic check,91.55,3673.6,0,0,No,0,Established (37-60m),0,0.32972428776604396,Low
8064-RAVOH,Male,No,No,Yes,1,Yes,No,DSL,No,No,Yes,No,No,No,Month-to-month,Yes,Electronic check,49.85,49.85,0,0,No,0,New (0-12m),0,0.7129984286335432,Critical
0219-QAERP,Male,No,Yes,No,30,Yes,No,No,No internet service,No internet service,No internet service,No internet service,No internet service,No internet service,One year,No,Credit card (automatic),19.8,576.65,0,0,No,0,Mid (13-36m),0,0.05105985708046663,Low
9168-INPSZ,Female,Yes,Yes,No,44,Yes,Yes,Fiber optic,No,No,Yes,Yes,Yes,Yes,Month-to-month,No,Electronic check,104.15,4495.65,0,0,No,0,Established (37-60m),0,0.16792526260653584,Low
0015-UOCOJ,Female,Yes,No,No,7,Yes,No,DSL,Yes,No,No,No,No,No,Month-to-month,Yes,Electronic check,48.2,340.35,0,0,No,0,New (0-12m),0,0.731592383969391,Critical
5334-AFQJB,Male,Yes,No,No,72,Yes,Yes,No,No internet service,No internet service,No internet service,No internet service,No internet service,No internet service,Two year,Yes,Credit card (automatic),25.1,1789.9,0,0,No,0,Loyal (60m+),0,0.0016184940364784087,Low
2754-SDJRD,Female,Yes,No,No,8,Yes,Yes,Fiber optic,No,No,No,Yes,Yes,Yes,Month-to-month,Yes,Credit card (automatic),100.15,908.55,5,0,No,0,New (0-12m),5,0.7361127286804717,Critical
8963-JLGJT,Male,No,No,Yes,3,Yes,No,DSL,Yes,No,Yes,No,No,No,Month-to-month,No,Mailed check,55.9,157.55,0,0,No,0,New (0-12m),0,0.5561345077314046,High
1465-LNTLJ,Male,Yes,Yes,No,8,Yes,No,DSL,No,No,Yes,Yes,No,Yes,Month-to-month,Yes,Credit card (automatic),64.4,581.7,0,0,No,0,New (0-12m),0,0.4720818680594082,High
2135-DQWAQ,Female,No,No,No,5,Yes,No,Fiber optic,No,Yes,No,No,Yes,No,Month-to-month,Yes,Mailed check,85.3,420.45,0,0,No,0,New (0-12m),0,0.8121085795097349,Critical
4056-QHXHZ,Female,No,Yes,Yes,72,Yes,Yes,Fiber optic,Yes,No,Yes,Yes,Yes,Yes,Two year,No,Mailed check,107.45,7576.7,0,0,No,0,Loyal (60m+),0,0.0008104195692300476,Low
7401-JIXNM,Female,No,Yes,Yes,54,Yes,Yes,DSL,Yes,Yes,Yes,Yes,Yes,Yes,Two year,No,Credit card (automatic),91.3,4965.0,0,0,No,0,Established (37-60m),0,0.0012515585454450713,Low
9339-FIIJL,Male,No,Yes,No,72,Yes,Yes,DSL,No,Yes,Yes,Yes,Yes,Yes,Two year,No,Bank transfer (automatic),85.95,6151.9,0,0,No,0,Loyal (60m+),0,0.0004259754662565459,Low
4706-DGAHW,Male,Yes,No,No,1,Yes,No,DSL,No,No,No,No,No,No,Month-to-month,No,Electronic check,45.2,45.2,5,0,No,0,New (0-12m),5,0.7921162817202536,Critical
6670-MFRPK,Male,No,Yes,Yes,69,Yes,Yes,Fiber optic,No,No,Yes,No,No,No,Two year,Yes,Credit card (automatic),79.2,5420.65,5,0,No,0,Loyal (60m+),5,0.0032368026178740813,Low
6177-PEVRA,Female,No,No,No,48,Yes,No,DSL,Yes,Yes,No,No,No,No,Two year,No,Credit card (automatic),55.5,2627.35,0,0,No,0,Established (37-60m),0,0.008674681673653652,Low
4813-HQMGZ,Female,No,Yes,No,8,Yes,Yes,Fiber optic,No,No,No,Yes,No,Yes,Month-to-month,Yes,Electronic check,90.25,743.75,0,0,No,0,New (0-12m),0,0.7953550775647541,Critical
7579-KKLOE,Male,No,Yes,Yes,71,Yes,Yes,DSL,Yes,Yes,Yes,Yes,Yes,Yes,Two year,Yes,Mailed check,91.25,6589.6,0,0,No,0,Loyal (60m+),0,0.0002767789613214408,Low
8402-EIVQS,Male,No,Yes,No,67,Yes,No,Fiber optic,Yes,Yes,No,No,Yes,Yes,One year,Yes,Credit card (automatic),100.9,6733.15,0,0,No,0,Loyal (60m+),0,0.007064689063740766,Low
4947-DSMXK,Male,No,Yes,Yes,34,Yes,Yes,Fiber optic,No,Yes,No,No,Yes,Yes,Month-to-month,Yes,Bank transfer (automatic),97.7,3410.0,1,0,No,0,Mid (13-36m),1,0.2168752516770463,Low
7245-NIIWQ,Female,No,No,No,3,Yes,No,Fiber optic,No,No,No,No,No,No,Month-to-month,Yes,Electronic check,69.85,199.85,0,0,No,0,New (0-12m),0,0.9097094118984285,Critical
0002-ORFBO,Female,No,Yes,Yes,9,Yes,No,DSL,No,Yes,No,Yes,Yes,No,One year,Yes,Mailed check,65.6,593.3,0,0,No,0,New (0-12m),0,0.18067120144209864,Low
3324-OIRTO,Male,No,Yes,Yes,71,Yes,No,Fiber optic,Yes,Yes,Yes,No,Yes,Yes,One year,Yes,Bank transfer (automatic),104.65,7288.4,0,0,No,0,Loyal (60m+),0,0.004230034770433232,Low
5414-OFQCB,Male,No,No,No,57,Yes,Yes,Fiber optic,No,No,No,Yes,Yes,No,Two year,Yes,Credit card (automatic),90.45,5229.8,0,0,No,0,Established (37-60m),0,0.005362587066108854,Low
4967-WPNCF,Male,No,No,No,72,No,No phone service,DSL,Yes,Yes,Yes,Yes,Yes,Yes,Two year,Yes,Bank transfer (automatic),63.7,4464.8,2,0,No,0,Loyal (60m+),2,0.0010523632552089989,Low
8552-OBVRU,Female,Yes,Yes,Yes,48,Yes,No,Fiber optic,Yes,No,Yes,Yes,Yes,Yes,Month-to-month,Yes,Electronic check,104.5,5068.05,0,0,No,0,Established (37-60m),0,0.10539109232046778,Low
8499-BRXTD,Male,No,No,No,18,Yes,No,No,No internet service,No internet service,No internet service,No internet service,No internet service,No internet service,One year,No,Mailed check,20.1,401.85,0,0,No,0,Mid (13-36m),0,0.09294043694967881,Low
9154-QDGTH,Male,No,Yes,Yes,43,Yes,Yes,Fiber optic,No,No,Yes,Yes,Yes,Yes,One year,Yes,Credit card (automatic),104.3,4451.85,0,0,No,0,Established (37-60m),0,0.031557268457552044,Low
8197-BFWVU,Female,No,Yes,Yes,72,Yes,Yes,DSL,Yes,Yes,Yes,Yes,Yes,Yes,Two year,Yes,Bank transfer (automatic),93.25,6688.95,0,0,No,0,Loyal (60m+),0,0.0003066359158400663,Low
2577-GVSIL,Male,No,Yes,Yes,35,Yes,Yes,DSL,No,No,No,Yes,Yes,Yes,One year,Yes,Bank transfer (automatic),73.45,2661.1,2,0,No,0,Mid (13-36m),2,0.028132808518990655,Low
9367-OIUXP,Male,No,No,No,4,Yes,No,No,No internet service,No internet service,No internet service,No internet service,No internet service,No internet service,Month-to-month,No,Mailed check,20.7,73.05,0,0,No,0,New (0-12m),0,0.3807929269995644,Low
6770-UAYGJ,Female,No,Yes,Yes,49,Yes,Yes,No,No internet service,No internet service,No internet service,No internet service,No internet service,No internet service,Two year,No,Mailed check,25.25,1211.65,0,0,No,0,Established (37-60m),0,0.004093575794410271,Low
6463-HHXJR,Female,No,Yes,Yes,71,Yes,Yes,Fiber optic,Yes,Yes,Yes,No,Yes,No,Two year,No,Bank transfer (automatic),100.5,7030.65,0,0,No,0,Loyal (60m+),0,0.0015310543290854993,Low
7928-VJYAB,Male,No,Yes,Yes,11,Yes,No,Fiber optic,No,No,No,No,Yes,Yes,Month-to-month,No,Electronic check,90.6,1020.2,0,0,No,0,New (0-12m),0,0.7448920500941887,Critical
1187-WILMM,Male,No,Yes,Yes,63,Yes,Yes,DSL,Yes,Yes,Yes,Yes,Yes,Yes,Two year,Yes,Credit card (automatic),89.4,5597.65,0,0,No,0,Loyal (60m+),0,0.00061184912418643,Low
9776-OJUZI,Female,Yes,No,No,65,Yes,Yes,Fiber optic,No,Yes,Yes,No,Yes,No,Month-to-month,Yes,Bank transfer (automatic),95.45,6223.3,0,0,No,0,Loyal (60m+),0,0.040214193841240385,Low
1306-RPWXZ,Female,No,No,Yes,49,Yes,No,No,No internet service,No internet service,No internet service,No internet service,No internet service,No internet service,Two year,No,Credit card (automatic),20.45,1024.65,0,0,No,0,Established (37-60m),0,0.005179311357396433,Low
3097-PYWXL,Female,No,Yes,Yes,4,Yes,No,No,No internet service,No internet service,No internet service,No internet service,No internet service,No internet service,Month-to-month,Yes,Electronic check,19.95,82.9,3,0,No,0,New (0-12m),3,0.46943388946992415,High
2266-SJNAT,Female,No,Yes,No,72,Yes,Yes,Fiber optic,No,Yes,Yes,Yes,Yes,Yes,One year,No,Credit card (automatic),109.15,7789.6,0,0,No,0,Loyal (60m+),0,0.003167248229978722,Low
0869-PAPRP,Female,Yes,Yes,No,26,Yes,No,Fiber optic,No,No,Yes,No,Yes,No,Month-to-month,Yes,Credit card (automatic),85.7,2067.0,2,1,No,0,Mid (13-36m),3,0.8055836506333884,Critical
4238-JSSWH,Female,Yes,Yes,No,35,Yes,Yes,Fiber optic,No,No,Yes,No,Yes,Yes,Month-to-month,No,Bank transfer (automatic),102.05,3452.55,2,0,No,0,Mid (13-36m),2,0.27979977917384874,Low
2972-YDYUW,Female,No,No,No,57,Yes,Yes,Fiber optic,No,Yes,No,Yes,No,Yes,One year,No,Electronic check,94.7,5468.95,0,0,No,0,Established (37-60m),0,0.02679677921081019,Low
1104-FEJAM,Male,No,Yes,Yes,28,Yes,Yes,DSL,No,Yes,No,No,No,Yes,Month-to-month,No,Electronic check,64.4,1802.15,0,0,No,0,Mid (13-36m),0,0.2254598789383094,Low
2809-ILCYT,Female,No,Yes,No,25,Yes,Yes,No,No internet service,No internet service,No internet service,No internet service,No internet service,No internet service,One year,Yes,Mailed check,26.8,733.55,0,0,No,0,Mid (13-36m),0,0.05835407658798075,Low
5499-ECUTN,Female,No,Yes,No,47,Yes,No,DSL,Yes,No,Yes,No,Yes,No,One year,Yes,Credit card (automatic),66.05,3021.45,0,0,No,0,Established (37-60m),0,0.02267539704700308,Low
4981-FLTMF,Female,No,Yes,Yes,57,Yes,Yes,DSL,Yes,Yes,No,Yes,No,No,Month-to-month,No,Bank transfer (automatic),65.2,3687.85,0,0,No,0,Established (37-60m),0,0.023176023723214156,Low
9121-PHQSR,Male,Yes,Yes,No,16,Yes,Yes,Fiber optic,No,No,No,No,Yes,No,Month-to-month,Yes,Credit card (automatic),85.05,1391.15,0,0,No,0,Mid (13-36m),0,0.6740323153791419,High
3113-IWHLC,Male,No,No,No,5,Yes,No,DSL,Yes,No,Yes,No,No,No,Month-to-month,Yes,Mailed check,55.8,274.35,0,0,No,0,New (0-12m),0,0.5601591157969774,High
4277-BWBML,Male,No,Yes,Yes,72,Yes,No,No,No internet service,No internet service,No internet service,No internet service,No internet service,No internet service,Two year,No,Bank transfer (automatic),19.95,1322.85,0,4,No,0,Loyal (60m+),4,0.21618111503267265,Low
0234-TEVTT,Female,No,Yes,Yes,48,No,No phone service,DSL,Yes,No,Yes,No,No,Yes,One year,No,Credit card (automatic),45.0,2196.3,0,0,No,0,Established (37-60m),0,0.03186345490709394,Low
4304-TSPVK,Female,No,Yes,No,68,Yes,Yes,Fiber optic,Yes,Yes,Yes,Yes,Yes,Yes,Two year,No,Bank transfer (automatic),114.9,7843.55,1,0,No,0,Loyal (60m+),1,0.0010677516494758,Low
1552-AAGRX,Female,No,No,No,30,Yes,Yes,Fiber optic,Yes,No,No,Yes,Yes,Yes,Month-to-month,No,Bank transfer (automatic),106.4,3211.9,0,0,No,0,Mid (13-36m),0,0.2616982015710553,Low
2637-FKFSY,Female,No,Yes,No,3,Yes,No,DSL,No,No,No,No,No,No,Month-to-month,Yes,Mailed check,46.1,130.15,0,0,No,0,New (0-12m),0,0.6347140493897979,High
9796-MVYXX,Female,Yes,No,No,14,No,No phone service,DSL,Yes,No,Yes,Yes,No,No,Two year,No,Mailed check,39.7,692.35,0,0,No,0,Mid (13-36m),0,0.09319043489528411,Low
7874-ECPQJ,Female,No,No,Yes,4,Yes,No,No,No internet service,No internet service,No internet service,No internet service,No internet service,No internet service,Month-to-month,Yes,Bank transfer (automatic),20.05,85.5,3,0,No,0,New (0-12m),3,0.39600107833584813,Low
0020-INWCK,Female,No,Yes,Yes,71,Yes,Yes,Fiber optic,No,Yes,Yes,No,No,Yes,Two year,Yes,Credit card (automatic),95.75,6849.4,0,0,No,0,Loyal (60m+),0,0.0016259715715457516,Low
7089-RKVSZ,Male,No,Yes,Yes,8,Yes,Yes,No,No internet service,No internet service,No internet service,No internet service,No internet service,No internet service,One year,No,Mailed check,24.4,203.95,0,0,No,0,New (0-12m),0,0.12019756032405814,Low
2683-JXWQQ,Male,No,Yes,Yes,61,No,No phone service,DSL,Yes,No,Yes,No,No,No,Month-to-month,No,Bank transfer (automatic),33.6,2117.2,4,0,No,0,Loyal (60m+),4,0.05231843838177491,Low
9548-ZMVTX,Male,No,Yes,Yes,72,Yes,Yes,Fiber optic,No,Yes,Yes,Yes,No,No,Two year,No,Bank transfer (automatic),90.45,6565.85,0,0,No,0,Loyal (60m+),0,0.0014427644724485755,Low
8739-XNIKG,Female,No,No,No,5,Yes,Yes,Fiber optic,No,No,No,No,Yes,No,Month-to-month,Yes,Electronic check,84.0,424.75,0,0,No,0,New (0-12m),0,0.875528866871199,Critical
9755-JHNMN,Female,No,No,No,49,Yes,No,DSL,Yes,Yes,Yes,Yes,No,No,Two year,No,Bank transfer (automatic),67.4,3306.85,0,0,No,0,Established (37-60m),0,0.004932007083966895,Low
3981-QSVQI,Male,No,No,No,8,Yes,No,No,No internet service,No internet service,No internet service,No internet service,No internet service,No internet service,Month-to-month,Yes,Bank transfer (automatic),19.7,168.9,0,0,No,0,New (0-12m),0,0.3579957985381286,Low
2789-HQBOU,Male,No,No,No,3,Yes,No,Fiber optic,No,No,No,No,No,Yes,Month-to-month,Yes,Electronic check,80.35,253.8,0,0,No,0,New (0-12m),0,0.8867768736172048,Critical
9424-CMPOG,Male,No,Yes,Yes,9,Yes,No,No,No internet service,No internet service,No internet service,No internet service,No internet service,No internet service,Two year,No,Mailed check,19.6,197.4,0,0,No,0,New (0-12m),0,0.038177197638033934,Low
5067-WJEUN,Male,No,Yes,Yes,67,Yes,No,DSL,Yes,Yes,No,No,No,No,Two year,Yes,Bank transfer (automatic),54.2,3838.2,1,0,No,0,Loyal (60m+),1,0.0018559323339167111,Low
3450-WXOAT,Male,No,No,No,46,Yes,No,DSL,No,No,No,No,No,No,Month-to-month,Yes,Credit card (automatic),45.2,2065.15,0,2,No,0,Established (37-60m),2,0.6187000140065118,High
9251-WNSOD,Female,No,Yes,No,67,Yes,Yes,DSL,Yes,Yes,Yes,No,No,Yes,One year,No,Mailed check,75.1,5064.45,0,0,No,0,Loyal (60m+),0,0.003746695055087566,Low
6974-DAFLI,Female,No,Yes,No,55,Yes,No,No,No internet service,No internet service,No internet service,No internet service,No internet service,No internet service,One year,No,Electronic check,19.7,1140.05,2,0,No,0,Established (37-60m),2,0.021556389770415373,Low
2616-UUTFK,Male,No,Yes,No,33,Yes,Yes,DSL,Yes,Yes,Yes,No,Yes,No,Month-to-month,Yes,Bank transfer (automatic),72.75,2447.45,0,0,No,0,Mid (13-36m),0,0.11868558284966566,Low
7064-JHXCE,Male,No,Yes,Yes,62,Yes,No,No,No internet service,No internet service,No internet service,No internet service,No internet service,No internet service,Two year,No,Credit card (automatic),20.05,1263.9,0,0,No,0,Loyal (60m+),0,0.00219601695149128,Low
7989-AWGEH,Male,No,Yes,Yes,49,No,No phone service,DSL,Yes,No,No,No,No,Yes,Month-to-month,Yes,Electronic check,39.2,1838.15,0,0,No,0,Established (37-60m),0,0.12589378469910797,Low
4373-VVHQL,Male,No,No,No,1,Yes,No,DSL,No,No,No,No,No,No,Month-to-month,Yes,Electronic check,44.75,44.75,0,0,No,0,New (0-12m),0,0.7559104484571744,Critical
4559-UWIHT,Male,No,Yes,No,14,Yes,Yes,Fiber optic,No,Yes,Yes,No,No,No,Month-to-month,Yes,Electronic check,82.65,1185.0,0,0,No,0,Mid (13-36m),0,0.7553959032755894,Critical
7268-IGMFD,Male,Yes,No,No,18,Yes,Yes,Fiber optic,No,No,Yes,Yes,Yes,No,Month-to-month,No,Bank transfer (automatic),93.9,1743.9,0,0,No,0,Mid (13-36m),0,0.5779435521036177,High
6650-BWFRT,Female,No,Yes,No,72,Yes,Yes,Fiber optic,Yes,Yes,Yes,Yes,Yes,Yes,Two year,Yes,Credit card (automatic),117.15,8529.5,0,6,No,0,Loyal (60m+),6,0.6365448366870053,High
9570-KYEUA,Male,No,No,No,64,Yes,Yes,Fiber optic,Yes,No,Yes,Yes,No,Yes,Two year,No,Credit card (automatic),99.25,6549.45,0,0,No,0,Loyal (60m+),0,0.0022078400342622735,Low
6993-YGFJV,Male,No,Yes,No,69,Yes,Yes,Fiber optic,Yes,Yes,Yes,Yes,Yes,Yes,Two year,Yes,Bank transfer (automatic),112.55,7806.5,0,0,No,0,Loyal (60m+),0,0.0009660018352219533,Low
2712-SYWAY,Female,No,No,No,1,Yes,Yes,No,No internet service,No internet service,No internet service,No internet service,No internet service,No internet service,Month-to-month,Yes,Electronic check,25.7,25.7,0,0,No,0,New (0-12m),0,0.5437230011456141,High
0730-BGQGF,Male,No,Yes,Yes,71,Yes,Yes,DSL,Yes,Yes,Yes,Yes,Yes,Yes,Two year,No,Credit card (automatic),90.3,6287.3,0,0,No,0,Loyal (60m+),0,0.0003264303558026166,Low
5498-IBWPI,Female,No,Yes,Yes,66,Yes,No,DSL,No,No,No,Yes,No,No,One year,Yes,Credit card (automatic),49.4,3251.85,0,0,No,0,Loyal (60m+),0,0.0073995179112385,Low
9101-NTIXF,Male,No,No,No,2,Yes,No,No,No internet service,No internet service,No internet service,No internet service,No internet service,No internet service,Month-to-month,No,Mailed check,19.4,50.6,2,0,No,0,New (0-12m),2,0.410043438737519,High
0013-SMEOE,Female,Yes,Yes,No,71,Yes,No,Fiber optic,Yes,Yes,Yes,Yes,Yes,Yes,Two year,Yes,Bank transfer (automatic),109.7,7904.25,0,0,No,0,Loyal (60m+),0,0.0011989803702417872,Low
9314-QDMDW,Male,No,No,No,11,Yes,No,DSL,No,Yes,No,No,Yes,No,One year,Yes,Electronic check,61.25,729.95,0,0,No,0,New (0-12m),0,0.3079217712923394,Low
9308-ANMVE,Male,No,No,Yes,47,Yes,No,DSL,Yes,Yes,No,No,No,No,Month-to-month,Yes,Electronic check,55.3,2654.05,0,0,No,0,Established (37-60m),0,0.09424910663786433,Low
3413-DHLPB,Male,No,Yes,Yes,60,Yes,Yes,Fiber optic,No,Yes,No,Yes,Yes,Yes,Month-to-month,Yes,Bank transfer (automatic),103.75,5969.95,0,0,No,0,Established (37-60m),0,0.024750519439600827,Low
7649-PHJVR,Male,No,No,No,11,Yes,No,No,No internet service,No internet service,No internet service,No internet service,No internet service,No internet service,One year,No,Mailed check,19.5,226.8,0,0,No,0,New (0-12m),0,0.1334485982039097,Low
6114-TCFID,Female,No,No,No,29,No,No phone service,DSL,Yes,Yes,No,Yes,No,No,One year,No,Credit card (automatic),39.5,1082.75,0,0,No,0,Mid (13-36m),0,0.11502120887583392,Low
3787-TRIAL,Male,No,Yes,Yes,21,No,No phone service,DSL,No,No,No,No,No,No,Month-to-month,Yes,Electronic check,26.05,565.75,0,1,No,0,Mid (13-36m),1,0.7926250056434714,Critical
2573-GYRUU,Male,Yes,Yes,No,48,Yes,Yes,Fiber optic,No,No,Yes,No,No,Yes,Month-to-month,Yes,Credit card (automatic),91.05,4370.75,0,0,No,0,Established (37-60m),0,0.13103030461886114,Low
5156-UMKOW,Female,No,No,Yes,3,No,No phone service,DSL,No,Yes,No,No,No,No,Month-to-month,No,Mailed check,29.65,90.05,0,0,No,0,New (0-12m),0,0.6662045824927293,High
1247-QBVSH,Female,No,Yes,Yes,43,Yes,No,DSL,No,Yes,No,No,No,No,Month-to-month,No,Mailed check,50.2,2169.4,0,0,No,0,Established (37-60m),0,0.09318977540331597,Low
6734-GMPVK,Male,No,No,No,5,Yes,Yes,Fiber optic,No,Yes,Yes,No,Yes,Yes,Month-to-month,No,Electronic check,105.3,550.6,0,0,No,0,New (0-12m),0,0.822280622492773,Critical
9822-OAOVB,Female,No,No,No,1,Yes,No,DSL,No,No,No,No,No,Yes,Month-to-month,Yes,Electronic check,55.45,55.45,0,0,No,0,New (0-12m),0,0.7463802397360078,Critical
6161-ERDGD,Male,No,Yes,Yes,71,Yes,Yes,DSL,Yes,No,Yes,Yes,Yes,Yes,One year,No,Electronic check,85.45,6300.85,0,0,No,0,Loyal (60m+),0,0.0018396016677520975,Low
1226-JZNKR,Female,No,Yes,Yes,8,Yes,No,No,No internet service,No internet service,No internet service,No internet service,No internet service,No internet service,One year,No,Electronic check,19.8,160.05,0,0,No,0,New (0-12m),0,0.20598927719008922,Low
7318-EIVKO,Male,No,No,No,8,Yes,Yes,DSL,No,No,No,No,Yes,No,Month-to-month,Yes,Electronic check,59.25,436.6,0,0,No,0,New (0-12m),0,0.6147587148346686,High
3771-PZOBW,Male,No,No,No,20,Yes,Yes,Fiber optic,No,No,Yes,No,Yes,No,Month-to-month,Yes,Credit card (automatic),90.7,1781.35,0,0,No,0,Mid (13-36m),0,0.5430509800108687,High
8231-BSWXX,Male,No,No,No,71,Yes,Yes,Fiber optic,No,Yes,No,No,No,No,One year,Yes,Credit card (automatic),79.05,5552.5,0,0,No,0,Loyal (60m+),0,0.012045222981819773,Low
6486-LHTMA,Female,Yes,Yes,No,31,Yes,Yes,Fiber optic,No,No,Yes,No,Yes,No,One year,Yes,Electronic check,90.7,2835.5,0,0,No,0,Mid (13-36m),0,0.259223417606129,Low
4083-BFNYK,Female,Yes,Yes,No,38,Yes,Yes,Fiber optic,Yes,Yes,No,No,No,Yes,One year,No,Credit card (automatic),95.0,3591.25,0,0,No,0,Established (37-60m),0,0.10774540369632646,Low
7389-KBFIT,Female,No,Yes,Yes,2,No,No phone service,DSL,No,Yes,No,No,No,No,Month-to-month,Yes,Mailed check,30.25,63.75,0,0,No,0,New (0-12m),0,0.6643533030631374,High
7176-WIONM,Female,No,Yes,No,12,No,No phone service,DSL,No,No,Yes,No,Yes,Yes,Month-to-month,Yes,Bank transfer (automatic),49.85,617.15,0,0,No,0,New (0-12m),0,0.5047875765973592,High
5141-ZUVBH,Female,No,No,Yes,9,Yes,No,Fiber optic,Yes,No,Yes,Yes,No,Yes,Month-to-month,No,Bank transfer (automatic),93.0,870.25,0,0,No,0,New (0-12m),0,0.686154971889034,High
1089-HDMKP,Male,Yes,No,Yes,11,Yes,No,DSL,No,Yes,No,Yes,No,No,Month-to-month,Yes,Electronic check,54.55,601.25,0,0,No,0,New (0-12m),0,0.5474630086216502,High
7623-HKYRK,Male,No,No,Yes,6,Yes,No,No,No internet service,No internet service,No internet service,No internet service,No internet service,No internet service,Month-to-month,No,Mailed check,19.7,111.65,0,0,No,0,New (0-12m),0,0.32426119463119285,Low
0310-SUCIN,Female,No,Yes,No,71,Yes,No,DSL,Yes,Yes,Yes,Yes,Yes,Yes,One year,Yes,Bank transfer (automatic),84.8,6046.1,0,0,No,0,Loyal (60m+),0,0.0018071735447928096,Low
5197-PYEPU,Female,No,Yes,Yes,42,Yes,Yes,Fiber optic,Yes,Yes,No,No,Yes,No,One year,Yes,Credit card (automatic),94.45,3923.8,0,4,No,0,Established (37-60m),4,0.9241558893431432,Critical
6619-RPLQZ,Female,No,Yes,Yes,45,Yes,No,No,No internet service,No internet service,No internet service,No internet service,No internet service,No internet service,Two year,No,Mailed check,20.85,892.15,0,0,No,0,Established (37-60m),0,0.005848249863174744,Low
3275-RHRNE,Male,No,Yes,Yes,28,No,No phone service,DSL,No,Yes,Yes,Yes,Yes,Yes,One year,Yes,Credit card (automatic),60.0,1682.05,0,0,No,0,Mid (13-36m),0,0.05933593340904872,Low
3503-TYDAY,Female,No,Yes,No,43,Yes,Yes,Fiber optic,No,Yes,No,No,No,No,Month-to-month,No,Electronic check,80.45,3398.9,0,0,No,0,Established (37-60m),0,0.2910886372768283,Low
6901-GOGZG,Male,No,No,Yes,60,Yes,Yes,DSL,Yes,No,Yes,Yes,Yes,Yes,Two year,Yes,Electronic check,84.95,4984.85,0,0,No,0,Established (37-60m),0,0.001476035452952121,Low
7021-XSNYE,Male,No,Yes,Yes,7,No,No phone service,DSL,Yes,No,Yes,Yes,No,Yes,Two year,No,Credit card (automatic),49.65,305.55,3,0,No,0,New (0-12m),3,0.08300767240202546,Low
9621-OUPYD,Female,No,Yes,No,25,Yes,No,No,No internet service,No internet service,No internet service,No internet service,No internet service,No internet service,One year,Yes,Bank transfer (automatic),20.2,507.9,0,0,No,0,Mid (13-36m),0,0.07558502911122926,Low
8982-NHAVY,Male,No,No,No,27,Yes,Yes,Fiber optic,No,No,Yes,No,Yes,Yes,One year,Yes,Bank transfer (automatic),100.5,2673.45,3,0,No,0,Mid (13-36m),3,0.17691186921372454,Low
4307-KWMXE,Male,No,No,No,10,No,No phone service,DSL,No,Yes,No,Yes,No,No,Month-to-month,No,Electronic check,35.75,389.8,3,0,No,0,New (0-12m),3,0.6214611637170896,High
0141-YEAYS,Female,Yes,No,No,27,Yes,Yes,Fiber optic,No,Yes,Yes,No,No,No,Month-to-month,Yes,Bank transfer (automatic),86.45,2401.05,0,0,No,0,Mid (13-36m),0,0.5136375607949919,High
2450-ZKEED,Female,No,No,No,11,Yes,No,DSL,No,No,Yes,Yes,No,No,One year,No,Bank transfer (automatic),53.8,651.55,4,0,No,0,New (0-12m),4,0.2409794615012944,Low
3694-DELSO,Male,No,Yes,Yes,4,No,No phone service,DSL,Yes,No,No,No,Yes,No,Month-to-month,No,Credit card (automatic),38.55,156.1,0,0,No,0,New (0-12m),0,0.5995015012695125,High
3893-JRNFS,Male,No,No,No,68,No,No phone service,DSL,No,No,Yes,No,No,Yes,Month-to-month,Yes,Bank transfer (automatic),39.9,2796.35,0,0,No,0,Loyal (60m+),0,0.034361007807846074,Low
9603-OAIHC,Male,Yes,No,No,1,Yes,No,Fiber optic,No,No,No,No,No,No,Month-to-month,Yes,Electronic check,70.05,70.05,0,0,No,0,New (0-12m),0,0.928669332188924,Critical
1133-KXCGE,Female,No,No,No,18,Yes,No,No,No internet service,No internet service,No internet service,No internet service,No internet service,No internet service,One year,No,Mailed check,20.1,407.05,0,0,No,0,Mid (13-36m),0,0.10108244392807404,Low
0142-GVYSN,Male,No,No,No,26,Yes,No,No,No internet service,No internet service,No internet service,No internet service,No internet service,No internet service,Month-to-month,Yes,Electronic check,20.3,511.25,0,0,No,0,Mid (13-36m),0,0.2264206785757382,Low
1049-FYSYG,Female,No,Yes,No,17,No,No phone service,DSL,No,Yes,Yes,No,No,No,Month-to-month,Yes,Credit card (automatic),35.65,646.05,0,0,No,0,Mid (13-36m),0,0.4729782517258895,High
8406-LNMHF,Male,Yes,Yes,No,59,Yes,No,Fiber optic,Yes,Yes,Yes,No,No,No,One year,Yes,Credit card (automatic),82.95,4903.15,0,0,No,0,Established (37-60m),0,0.02919390526821746,Low
1821-BUCWY,Male,No,No,No,30,Yes,No,DSL,Yes,No,Yes,No,No,No,Two year,Yes,Mailed check,55.65,1653.85,0,0,No,0,Mid (13-36m),0,0.02434918149011184,Low
0023-UYUPN,Female,Yes,Yes,No,50,Yes,Yes,No,No internet service,No internet service,No internet service,No internet service,No internet service,No internet service,One year,No,Electronic check,25.2,1306.3,0,0,No,0,Established (37-60m),0,0.02974787964603051,Low
8314-DPQHL,Male,No,No,No,9,No,No phone service,DSL,Yes,No,Yes,Yes,No,Yes,One year,No,Mailed check,50.8,463.6,0,0,No,0,New (0-12m),0,0.23891383709293457,Low
1465-WCZVT,Female,No,Yes,Yes,3,Yes,No,No,No internet service,No internet service,No internet service,No internet service,No internet service,No internet service,Month-to-month,No,Mailed check,19.65,60.65,0,0,No,0,New (0-12m),0,0.3697288913365692,Low
9481-SFCQY,Female,No,No,Yes,14,Yes,No,DSL,No,No,Yes,No,Yes,No,Month-to-month,Yes,Credit card (automatic),59.8,824.85,0,0,No,0,Mid (13-36m),0,0.39316913963766703,Low
6360-SVNWV,Female,Yes,No,No,31,Yes,No,Fiber optic,Yes,No,No,No,No,No,Month-to-month,Yes,Credit card (automatic),73.55,2094.65,0,0,No,0,Mid (13-36m),0,0.5171066255322172,High
0567-GGCAC,Female,No,No,No,7,Yes,No,DSL,Yes,Yes,Yes,No,No,No,Month-to-month,No,Electronic check,61.4,438.9,4,0,No,0,New (0-12m),4,0.6414411492797099,High
8884-MRNSU,Male,No,Yes,Yes,17,Yes,No,No,No internet service,No internet service,No internet service,No internet service,No internet service,No internet service,One year,No,Bank transfer (automatic),19.9,329.75,0,0,No,0,Mid (13-36m),0,0.09143878874121632,Low
2171-UDMFD,Male,No,Yes,Yes,32,Yes,No,No,No internet service,No internet service,No internet service,No internet service,No internet service,No internet service,Month-to-month,Yes,Credit card (automatic),19.45,674.55,0,0,No,0,Mid (13-36m),0,0.10061726083780458,Low
9050-IKDZA,Female,Yes,No,No,2,Yes,No,Fiber optic,No,No,No,No,Yes,No,Month-to-month,No,Mailed check,81.5,162.55,0,0,No,0,New (0-12m),0,0.8763945876500582,Critical
9802-CAQUT,Female,No,Yes,Yes,72,Yes,Yes,Fiber optic,Yes,Yes,Yes,No,Yes,Yes,Two year,No,Credit card (automatic),109.55,7887.25,4,0,No,0,Loyal (60m+),4,0.0009187429690980531,Low
0187-WZNAB,Female,No,Yes,Yes,27,Yes,No,Fiber optic,Yes,No,No,No,No,No,Month-to-month,No,Mailed check,74.4,1972.35,0,0,No,0,Mid (13-36m),0,0.4543412993373574,High
1475-VWVDO,Male,No,No,No,7,Yes,No,Fiber optic,No,No,Yes,No,No,No,Month-to-month,Yes,Electronic check,74.9,490.55,0,0,No,0,New (0-12m),0,0.8650272834982102,Critical
1357-MVDOZ,Male,No,Yes,Yes,11,Yes,No,DSL,No,No,Yes,No,Yes,No,Month-to-month,Yes,Bank transfer (automatic),59.65,683.25,0,0,No,0,New (0-12m),0,0.4183757176352918,High
7602-MVRMB,Female,No,Yes,Yes,72,Yes,Yes,Fiber optic,Yes,No,Yes,Yes,Yes,Yes,Two year,Yes,Bank transfer (automatic),110.45,8058.85,0,0,No,0,Loyal (60m+),0,0.0007468412720687684,Low
1197-BVMVG,Female,Yes,No,No,4,Yes,Yes,Fiber optic,No,No,No,No,No,No,Month-to-month,Yes,Electronic check,74.45,294.45,0,0,No,0,New (0-12m),0,0.915492019767072,Critical
5406-KGRMX,Female,No,No,No,71,Yes,Yes,No,No internet service,No internet service,No internet service,No internet service,No internet service,No internet service,Two year,No,Electronic check,24.55,1719.15,0,0,No,0,Loyal (60m+),0,0.002360393244326855,Low
5968-HYJRZ,Male,No,Yes,Yes,47,Yes,Yes,No,No internet service,No internet service,No internet service,No internet service,No internet service,No internet service,Two year,No,Mailed check,24.55,1160.45,0,0,No,0,Established (37-60m),0,0.004214064290922137,Low
5198-EFNBM,Male,Yes,Yes,No,57,Yes,No,Fiber optic,No,Yes,Yes,No,Yes,No,One year,Yes,Electronic check,90.65,5199.8,0,0,No,0,Established (37-60m),0,0.03961358974720575,Low
7516-GMHUV,Male,Yes,Yes,No,50,Yes,Yes,Fiber optic,Yes,No,Yes,No,Yes,Yes,Two year,Yes,Credit card (automatic),105.05,5163.3,0,0,No,0,Established (37-60m),0,0.009049792340439731,Low
7140-ADSMJ,Male,No,No,No,8,Yes,No,No,No internet service,No internet service,No internet service,No internet service,No internet service,No internet service,Month-to-month,Yes,Credit card (automatic),20.45,162.3,0,0,No,0,New (0-12m),0,0.3420861060892871,Low
2230-XTUWL,Female,No,Yes,Yes,48,Yes,No,No,No internet service,No internet service,No internet service,No internet service,No internet service,No internet service,Two year,No,Mailed check,19.55,883.35,0,0,No,0,Established (37-60m),0,0.005156784961567138,Low
7706-YLMQA,Female,No,No,No,70,Yes,No,No,No internet service,No internet service,No internet service,No internet service,No internet service,No internet service,One year,No,Bank transfer (automatic),19.7,1341.5,1,0,No,0,Loyal (60m+),1,0.007303374230180618,Low
2585-KTFRE,Male,No,No,Yes,1,Yes,No,DSL,Yes,Yes,No,Yes,No,Yes,Month-to-month,Yes,Bank transfer (automatic),70.45,70.45,0,0,No,0,New (0-12m),0,0.5181746960837376,High
7994-UYIVZ,Male,No,Yes,No,8,Yes,Yes,Fiber optic,No,No,No,No,No,Yes,Month-to-month,Yes,Bank transfer (automatic),85.65,659.45,0,0,No,0,New (0-12m),0,0.7680814984706456,Critical
7717-BICXI,Male,No,Yes,Yes,60,Yes,No,No,No internet service,No internet service,No internet service,No internet service,No internet service,No internet service,Two year,No,Mailed check,20.55,1205.05,0,0,No,0,Established (37-60m),0,0.002324023733759669,Low
6559-RAKOZ,Male,No,Yes,Yes,49,Yes,Yes,Fiber optic,No,No,No,Yes,Yes,Yes,One year,Yes,Electronic check,97.95,4917.9,0,0,No,0,Established (37-60m),0,0.03332039897277492,Low
4716-MRVEN,Female,No,No,No,29,Yes,No,No,No internet service,No internet service,No internet service,No internet service,No internet service,No internet service,One year,No,Mailed check,20.0,599.3,0,0,No,0,Mid (13-36m),0,0.058162692622902884,Low
2143-LJULT,Female,No,Yes,No,67,Yes,Yes,No,No internet service,No internet service,No internet service,No internet service,No internet service,No internet service,Two year,Yes,Credit card (automatic),25.25,1733.15,0,0,No,0,Loyal (60m+),0,0.0017608005058223465,Low
3200-MNQTF,Male,No,Yes,No,67,Yes,Yes,DSL,Yes,Yes,Yes,Yes,No,No,Two year,No,Credit card (automatic),70.9,4677.1,0,0,No,0,Loyal (60m+),0,0.0010105552172922539,Low
6164-HXUGH,Female,No,Yes,Yes,6,Yes,No,No,No internet service,No internet service,No internet service,No internet service,No internet service,No internet service,Month-to-month,No,Mailed check,19.85,119.3,0,0,No,0,New (0-12m),0,0.33139386402651816,Low
5630-IXDXV,Female,No,No,No,47,Yes,Yes,Fiber optic,No,Yes,Yes,No,Yes,Yes,Month-to-month,Yes,Electronic check,106.35,4849.1,1,0,No,0,Established (37-60m),1,0.13633096875876521,Low
0320-DWVTU,Female,No,No,No,53,Yes,No,Fiber optic,Yes,Yes,Yes,Yes,No,Yes,Two year,No,Mailed check,99.5,5424.25,0,0,No,0,Established (37-60m),0,0.00565191105182387,Low
9135-MGVPY,Male,No,Yes,No,69,Yes,No,DSL,Yes,Yes,Yes,Yes,Yes,Yes,Two year,Yes,Mailed check,84.7,5878.9,0,0,No,0,Loyal (60m+),0,0.0004883972241126297,Low
1212-GLHMD,Male,No,No,No,3,Yes,No,Fiber optic,Yes,No,No,No,No,Yes,Month-to-month,Yes,Mailed check,86.05,244.85,2,0,No,0,New (0-12m),2,0.8196975923526162,Critical
7878-JGDKK,Male,No,No,No,4,Yes,No,DSL,No,No,No,No,No,No,Month-to-month,No,Mailed check,44.55,220.75,0,0,No,0,New (0-12m),0,0.6124722898321779,High
1088-AUUZZ,Male,No,Yes,Yes,56,Yes,Yes,DSL,Yes,Yes,No,Yes,No,Yes,Two year,Yes,Credit card (automatic),75.85,4261.2,0,0,No,0,Established (37-60m),0,0.001595131887253705,Low
6614-YWYSC,Male,Yes,Yes,No,61,Yes,Yes,No,No internet service,No internet service,No internet service,No internet service,No internet service,No internet service,Two year,No,Bank transfer (automatic),25.0,1501.75,0,1,No,0,Loyal (60m+),1,0.01133901770749792,Low
9588-OZDMQ,Female,No,Yes,No,2,Yes,No,DSL,No,No,No,No,No,No,Month-to-month,Yes,Electronic check,45.0,89.75,0,0,No,0,New (0-12m),0,0.7503212206710483,Critical
6476-EPYZR,Male,No,Yes,Yes,12,Yes,No,No,No internet service,No internet service,No internet service,No internet service,No internet service,No internet service,Month-to-month,No,Mailed check,20.5,255.5,0,0,No,0,New (0-12m),0,0.24175205155049642,Low
1174-FGIFN,Female,No,Yes,Yes,28,Yes,Yes,Fiber optic,No,No,No,Yes,No,Yes,One year,Yes,Electronic check,90.45,2509.25,2,0,No,0,Mid (13-36m),2,0.20437407057332851,Low
6620-HVDUJ,Male,No,No,No,24,Yes,No,DSL,Yes,Yes,No,Yes,No,No,Month-to-month,No,Bank transfer (automatic),60.45,1440.75,0,1,No,0,Mid (13-36m),1,0.5257213372075615,High
1032-MAELW,Female,No,Yes,Yes,68,Yes,Yes,DSL,Yes,Yes,Yes,Yes,No,Yes,One year,Yes,Electronic check,78.45,5333.35,0,0,No,0,Loyal (60m+),0,0.003520297810873899,Low
7641-TQFHN,Male,No,No,Yes,39,Yes,Yes,Fiber optic,No,No,No,Yes,Yes,Yes,Two year,No,Mailed check,100.55,3895.35,0,3,No,0,Established (37-60m),3,0.42832265520629054,High
1552-TKMXS,Female,No,Yes,No,42,Yes,No,No,No internet service,No internet service,No internet service,No internet service,No internet service,No internet service,Month-to-month,No,Credit card (automatic),20.35,869.9,0,0,No,0,Established (37-60m),0,0.07519659198552396,Low
8622-ZLFKO,Female,No,Yes,No,6,Yes,Yes,Fiber optic,No,Yes,No,No,No,Yes,Month-to-month,Yes,Electronic check,90.75,512.25,4,0,No,0,New (0-12m),4,0.8488654545047983,Critical
6188-UXBBR,Female,No,Yes,No,38,Yes,No,No,No internet service,No internet service,No internet service,No internet service,No internet service,No internet service,One year,Yes,Credit card (automatic),20.25,814.75,0,0,No,0,Established (37-60m),0,0.03548183120969058,Low
2333-KWEWW,Male,No,No,No,18,Yes,No,No,No internet service,No internet service,No internet service,No internet service,No internet service,No internet service,Two year,No,Credit card (automatic),20.05,388.6,0,0,No,0,Mid (13-36m),0,0.03009842680626182,Low
5702-SKUOB,Female,No,Yes,No,4,Yes,No,No,No internet service,No internet service,No internet service,No internet service,No internet service,No internet service,Month-to-month,No,Mailed check,19.6,93.45,0,0,No,0,New (0-12m),0,0.3914140737492965,Low
1134-YWTYF,Male,No,Yes,No,27,Yes,No,DSL,No,Yes,No,Yes,No,No,Month-to-month,Yes,Electronic check,53.8,1389.85,0,0,No,0,Mid (13-36m),0,0.2768724163147937,Low
6061-GWWAV,Male,No,No,Yes,41,Yes,No,DSL,Yes,Yes,Yes,No,Yes,No,One year,No,Mailed check,70.2,2894.55,0,0,No,0,Established (37-60m),0,0.0235392559481272,Low
0679-TDGAK,Male,No,Yes,Yes,50,Yes,No,DSL,Yes,No,No,Yes,Yes,Yes,One year,No,Electronic check,75.5,4025.6,0,0,No,0,Established (37-60m),0,0.012205432851036096,Low
6585-WCEWR,Male,No,Yes,Yes,72,Yes,No,No,No internet service,No internet service,No internet service,No internet service,No internet service,No internet service,Two year,No,Electronic check,20.35,1354.4,0,0,No,0,Loyal (60m+),0,0.0019776131341129348,Low
9067-YGSCA,Female,No,No,No,70,Yes,Yes,No,No internet service,No internet service,No internet service,No internet service,No internet service,No internet service,One year,No,Credit card (automatic),26.05,1856.4,0,0,No,0,Loyal (60m+),0,0.0053413091856202265,Low
9067-SQTNS,Male,No,Yes,Yes,44,Yes,No,No,No internet service,No internet service,No internet service,No internet service,No internet service,No internet service,One year,No,Bank transfer (automatic),20.6,926.0,0,0,No,0,Established (37-60m),0,0.021446706960853046,Low
1776-SPBWV,Female,No,Yes,Yes,34,Yes,No,No,No internet service,No internet service,No internet service,No internet service,No internet service,No internet service,One year,Yes,Bank transfer (automatic),20.1,682.1,0,0,No,0,Mid (13-36m),0,0.0410711905912605,Low
8735-SDUFN,Female,Yes,Yes,No,72,Yes,Yes,No,No internet service,No internet service,No internet service,No internet service,No internet service,No internet service,Two year,No,Bank transfer (automatic),24.3,1778.7,0,0,No,0,Loyal (60m+),0,0.0018122830553677412,Low
9668-PUGNU,Male,No,Yes,No,71,Yes,Yes,No,No internet service,No internet service,No internet service,No internet service,No internet service,No internet service,Two year,Yes,Electronic check,24.5,1816.2,0,6,No,0,Loyal (60m+),6,0.8433310353696285,Critical
9405-GPBBG,Female,No,No,No,64,Yes,Yes,Fiber optic,No,Yes,Yes,Yes,Yes,Yes,Two year,Yes,Credit card (automatic),110.5,7069.25,0,0,No,0,Loyal (60m+),0,0.0017642541596967897,Low
1926-QUZNN,Female,No,Yes,No,72,Yes,Yes,No,No internet service,No internet service,No internet service,No internet service,No internet service,No internet service,Two year,Yes,Bank transfer (automatic),25.25,1841.2,0,0,No,0,Loyal (60m+),0,0.0014168820747835426,Low
7016-NVRIC,Male,Yes,Yes,No,29,Yes,No,Fiber optic,Yes,No,Yes,No,No,Yes,One year,No,Bank transfer (automatic),90.1,2656.7,0,0,No,0,Mid (13-36m),0,0.20818786602063968,Low
5829-NVSQN,Female,No,Yes,No,23,Yes,No,DSL,Yes,No,Yes,Yes,No,Yes,One year,Yes,Bank transfer (automatic),68.75,1689.45,0,0,No,0,Mid (13-36m),0,0.08868316419606388,Low
9565-AXSMR,Male,No,Yes,Yes,52,Yes,No,No,No internet service,No internet service,No internet service,No internet service,No internet service,No internet service,Two year,No,Mailed check,19.2,1054.75,0,1,No,0,Established (37-60m),1,0.013586202909032048,Low
8869-LIHMK,Female,No,No,No,64,Yes,Yes,Fiber optic,Yes,Yes,Yes,Yes,Yes,Yes,Two year,Yes,Bank transfer (automatic),115.1,7334.05,0,0,No,0,Loyal (60m+),0,0.0016198086036951248,Low
0447-RXSGD,Male,No,No,No,24,Yes,Yes,Fiber optic,No,Yes,No,No,Yes,Yes,Month-to-month,Yes,Bank transfer (automatic),99.65,2404.85,0,0,No,0,Mid (13-36m),0,0.429578483043525,High
4927-WWOOZ,Male,No,Yes,No,2,Yes,Yes,Fiber optic,No,No,Yes,No,Yes,No,Month-to-month,Yes,Electronic check,91.45,171.45,0,0,No,0,New (0-12m),0,0.8731072030576233,Critical
5788-YPOEG,Female,No,Yes,Yes,34,Yes,No,DSL,Yes,Yes,Yes,Yes,Yes,Yes,Two year,No,Mailed check,84.75,2839.45,0,0,No,0,Mid (13-36m),0,0.006854649498569528,Low
0661-KBKPA,Male,No,Yes,Yes,53,Yes,Yes,DSL,No,No,Yes,Yes,Yes,Yes,One year,Yes,Mailed check,78.75,3942.45,0,0,No,0,Established (37-60m),0,0.006513205978182733,Low
9081-WWXKP,Female,No,Yes,Yes,47,Yes,No,No,No internet service,No internet service,No internet service,No internet service,No internet service,No internet service,Two year,No,Credit card (automatic),20.25,873.4,0,0,No,0,Established (37-60m),0,0.0056759067783647725,Low
0784-ZQJZX,Male,No,No,Yes,72,Yes,No,No,No internet service,No internet service,No internet service,No internet service,No internet service,No internet service,Two year,No,Credit card (automatic),19.9,1529.65,0,0,No,0,Loyal (60m+),0,0.0013120040483297212,Low
3133-PZNSR,Male,No,Yes,Yes,72,Yes,Yes,Fiber optic,Yes,Yes,No,Yes,No,Yes,Two year,Yes,Credit card (automatic),97.75,6991.6,0,0,No,0,Loyal (60m+),0,0.0010710225420555192,Low
0722-SVSFK,Female,No,No,No,7,Yes,No,Fiber optic,No,No,Yes,Yes,Yes,Yes,Month-to-month,Yes,Electronic check,100.4,715.0,2,0,No,0,New (0-12m),2,0.7922854895389981,Critical
3612-YVGSJ,Female,No,Yes,No,71,Yes,Yes,No,No internet service,No internet service,No internet service,No internet service,No internet service,No internet service,Two year,Yes,Credit card (automatic),24.45,1681.6,0,0,No,0,Loyal (60m+),0,0.0014887786870101916,Low
9825-YCXWZ,Female,Yes,No,No,41,Yes,No,Fiber optic,No,No,Yes,Yes,Yes,Yes,One year,Yes,Bank transfer (automatic),101.1,4016.2,0,0,No,0,Established (37-60m),0,0.07161940470235074,Low
5397-NSKQG,Male,No,Yes,Yes,67,No,No phone service,DSL,Yes,No,No,No,Yes,Yes,Two year,No,Credit card (automatic),50.9,3281.65,5,4,No,0,Loyal (60m+),9,0.2997983809876693,Low
8565-HBFNN,Male,No,Yes,No,69,Yes,Yes,Fiber optic,Yes,Yes,Yes,Yes,No,Yes,One year,Yes,Credit card (automatic),107.2,7317.1,0,0,No,0,Loyal (60m+),0,0.003992420173661198,Low
2000-DHJUY,Female,Yes,Yes,No,70,Yes,Yes,DSL,Yes,Yes,Yes,Yes,Yes,Yes,Two year,Yes,Bank transfer (automatic),92.2,6474.45,0,0,No,0,Loyal (60m+),0,0.0005293902403150299,Low
8670-ERCJH,Male,No,No,No,72,Yes,Yes,Fiber optic,Yes,Yes,Yes,Yes,Yes,Yes,Two year,No,Bank transfer (automatic),113.4,8164.1,0,0,No,0,Loyal (60m+),0,0.0007776742673782163,Low
7758-UJWYS,Male,No,Yes,Yes,34,No,No phone service,DSL,No,No,No,Yes,Yes,No,Two year,Yes,Electronic check,40.55,1325.85,4,0,No,0,Mid (13-36m),4,0.028822242955392586,Low
2050-ONYDQ,Female,No,Yes,Yes,65,Yes,Yes,No,No internet service,No internet service,No internet service,No internet service,No internet service,No internet service,Two year,No,Credit card (automatic),26.0,1654.85,0,0,No,0,Loyal (60m+),0,0.001696030372010708,Low
7055-JCGNI,Female,No,No,No,70,Yes,Yes,Fiber optic,Yes,Yes,Yes,Yes,Yes,Yes,Two year,Yes,Credit card (automatic),111.95,7795.95,0,0,No,0,Loyal (60m+),0,0.0010184515797127486,Low
0739-UUAJR,Female,No,Yes,Yes,72,No,No phone service,DSL,Yes,No,Yes,No,Yes,Yes,Two year,Yes,Credit card (automatic),53.8,3952.45,1,0,No,0,Loyal (60m+),1,0.0014547859271605314,Low
4826-DXMUP,Male,No,No,Yes,35,Yes,No,DSL,No,No,No,Yes,Yes,Yes,One year,Yes,Mailed check,72.1,2495.15,4,0,No,0,Mid (13-36m),4,0.028526340646642084,Low
7285-KLOTR,Female,No,Yes,No,12,Yes,Yes,DSL,Yes,No,Yes,No,Yes,Yes,One year,No,Electronic check,78.85,876.75,0,0,No,0,New (0-12m),0,0.24903839185604165,Low
0654-PQKDW,Female,No,Yes,Yes,62,Yes,No,DSL,Yes,No,Yes,Yes,Yes,No,One year,Yes,Bank transfer (automatic),70.75,4263.45,0,0,No,0,Loyal (60m+),0,0.00519096282455384,Low
7175-NTIXE,Female,No,No,No,25,Yes,No,DSL,Yes,No,No,Yes,Yes,Yes,Month-to-month,Yes,Credit card (automatic),76.15,1992.95,5,0,No,0,Mid (13-36m),5,0.16501222344874167,Low
7963-SHNDT,Female,No,No,No,52,No,No phone service,DSL,Yes,Yes,No,Yes,No,No,Two year,No,Mailed check,39.1,1982.1,0,0,No,0,Established (37-60m),0,0.008490147046740283,Low
9796-BPKIW,Male,Yes,No,No,8,Yes,No,Fiber optic,No,No,No,No,No,No,Month-to-month,Yes,Credit card (automatic),69.95,562.7,0,0,No,0,New (0-12m),0,0.8384764303513865,Critical
0188-GWFLE,Male,No,No,No,2,Yes,No,No,No internet service,No internet service,No internet service,No internet service,No internet service,No internet service,Month-to-month,No,Mailed check,20.05,33.7,0,0,No,0,New (0-12m),0,0.40929071161006547,High
8129-GMVGI,Female,No,Yes,Yes,56,Yes,No,No,No internet service,No internet service,No internet service,No internet service,No internet service,No internet service,Two year,No,Mailed check,20.05,1090.1,2,0,No,0,Established (37-60m),2,0.0032441820364310027,Low
2882-DDZPG,Female,No,No,No,12,Yes,No,No,No internet service,No internet service,No internet service,No internet service,No internet service,No internet service,Month-to-month,No,Bank transfer (automatic),19.45,227.45,4,0,No,0,New (0-12m),4,0.3316423483385243,Low
3547-LQRIK,Female,No,Yes,No,47,Yes,Yes,No,No internet service,No internet service,No internet service,No internet service,No internet service,No internet service,One year,No,Electronic check,26.9,1250.85,0,0,No,0,Established (37-60m),0,0.02775874690353593,Low
9137-NOQKA,Male,Yes,No,No,2,Yes,No,No,No internet service,No internet service,No internet service,No internet service,No internet service,No internet service,Month-to-month,No,Electronic check,19.2,37.2,0,0,No,0,New (0-12m),0,0.581232849868631,High
5843-TTHGI,Female,No,No,No,18,Yes,No,DSL,No,No,Yes,No,No,No,Month-to-month,Yes,Mailed check,50.0,892.7,0,0,No,0,Mid (13-36m),0,0.395518956657229,Low
1849-RJYIG,Female,No,No,No,8,Yes,No,DSL,Yes,No,No,No,Yes,No,Month-to-month,Yes,Electronic check,60.0,487.75,0,0,No,0,New (0-12m),0,0.6307338485056119,High
8868-GAGIO,Male,No,Yes,No,45,Yes,Yes,Fiber optic,Yes,No,Yes,No,No,No,Month-to-month,Yes,Mailed check,84.55,3713.95,0,0,No,0,Established (37-60m),0,0.1530114837126675,Low
4061-UKJWL,Male,No,No,No,3,Yes,No,DSL,No,No,No,No,No,No,Month-to-month,No,Mailed check,45.45,141.7,0,0,No,0,New (0-12m),0,0.6272627445182992,High
5380-XPJNZ,Female,No,No,No,38,Yes,No,No,No internet service,No internet service,No internet service,No internet service,No internet service,No internet service,One year,No,Mailed check,20.05,678.2,5,0,No,0,Established (37-60m),5,0.03728827733339667,Low
8263-QMNTJ,Male,No,Yes,No,72,Yes,Yes,Fiber optic,Yes,Yes,Yes,Yes,Yes,Yes,Two year,Yes,Electronic check,115.55,8425.3,0,0,No,0,Loyal (60m+),0,0.000934255345296382,Low
3230-JCNZS,Female,No,Yes,Yes,71,Yes,Yes,Fiber optic,Yes,Yes,Yes,No,Yes,No,Two year,Yes,Credit card (automatic),99.0,7061.65,0,0,No,0,Loyal (60m+),0,0.0014531059574851746,Low
0277-ORXQS,Male,No,Yes,Yes,66,No,No phone service,DSL,No,No,No,Yes,Yes,Yes,Two year,No,Bank transfer (automatic),50.55,3364.55,0,0,No,0,Loyal (60m+),0,0.0019525433847798937,Low
7996-BPXHY,Female,No,Yes,Yes,13,Yes,Yes,No,No internet service,No internet service,No internet service,No internet service,No internet service,No internet service,Two year,Yes,Bank transfer (automatic),25.0,332.5,0,0,No,0,Mid (13-36m),0,0.0346342553858058,Low
3227-WLKLI,Female,No,Yes,Yes,65,Yes,Yes,DSL,Yes,Yes,Yes,Yes,Yes,Yes,Two year,No,Bank transfer (automatic),91.55,5963.95,0,0,No,0,Loyal (60m+),0,0.0005596199127969096,Low
2266-FUBDZ,Male,No,Yes,Yes,15,Yes,No,No,No internet service,No internet service,No internet service,No internet service,No internet service,No internet service,Two year,No,Mailed check,19.35,278.85,0,0,No,0,Mid (13-36m),0,0.02810638878991021,Low
8237-ULIXL,Female,No,Yes,No,72,Yes,Yes,No,No internet service,No internet service,No internet service,No internet service,No internet service,No internet service,Two year,No,Credit card (automatic),24.85,1871.85,0,0,No,0,Loyal (60m+),0,0.0013254025724333159,Low
8216-AZUUZ,Female,No,Yes,Yes,42,Yes,No,Fiber optic,No,No,Yes,Yes,Yes,Yes,Two year,Yes,Electronic check,100.4,4303.65,2,3,No,0,Established (37-60m),5,0.4852837334802555,High
9153-BTBVV,Female,No,Yes,No,71,Yes,Yes,No,No internet service,No internet service,No internet service,No internet service,No internet service,No internet service,Two year,No,Bank transfer (automatic),25.0,1753.0,0,0,No,0,Loyal (60m+),0,0.0015363160785702415,Low
5186-PEIZU,Female,No,No,No,35,Yes,No,No,No internet service,No internet service,No internet service,No internet service,No internet service,No internet service,Month-to-month,No,Bank transfer (automatic),19.25,617.65,0,0,No,0,Mid (13-36m),0,0.12453276208657442,Low
1074-AMIOH,Female,No,Yes,Yes,53,Yes,No,Fiber optic,No,Yes,Yes,Yes,Yes,Yes,Month-to-month,Yes,Bank transfer (automatic),108.25,5935.1,0,0,No,0,Established (37-60m),0,0.03607850716100444,Low
4361-FEBGN,Male,No,No,No,48,Yes,No,No,No internet service,No internet service,No internet service,No internet service,No internet service,No internet service,Two year,No,Credit card (automatic),20.15,982.95,0,0,No,0,Established (37-60m),0,0.005851926016872622,Low
7748-UMTRK,Female,Yes,No,Yes,30,Yes,Yes,Fiber optic,No,No,No,Yes,Yes,Yes,Month-to-month,Yes,Electronic check,101.3,2974.5,0,0,No,0,Mid (13-36m),0,0.3836983244294297,Low
0380-ZCSBI,Male,No,No,No,10,Yes,No,No,No internet service,No internet service,No internet service,No internet service,No internet service,No internet service,Month-to-month,No,Credit card (automatic),20.0,198.7,0,0,No,0,New (0-12m),0,0.3191424120123562,Low
7145-FEJWU,Female,No,No,Yes,12,Yes,Yes,Fiber optic,No,Yes,Yes,No,Yes,Yes,Month-to-month,Yes,Electronic check,105.3,1275.65,0,0,No,0,New (0-12m),0,0.7101959411717216,Critical
6463-MVYRY,Female,Yes,No,No,57,Yes,No,DSL,Yes,No,Yes,Yes,Yes,No,Two year,No,Bank transfer (automatic),69.85,4003.0,1,0,No,0,Established (37-60m),1,0.003188938534142504,Low
3969-JQABI,Female,No,Yes,No,58,Yes,No,DSL,Yes,Yes,No,No,Yes,No,Month-to-month,Yes,Credit card (automatic),65.25,3791.6,0,3,No,0,Established (37-60m),3,0.6040218684991826,High
9624-EGDEQ,Female,No,No,No,37,Yes,No,No,No internet service,No internet service,No internet service,No internet service,No internet service,No internet service,Two year,No,Mailed check,19.8,813.3,0,0,No,0,Established (37-60m),0,0.011029490398775883,Low
1051-EQPZR,Female,No,Yes,Yes,44,Yes,No,No,No internet service,No internet service,No internet service,No internet service,No internet service,No internet service,Month-to-month,No,Mailed check,19.6,780.25,0,0,No,0,Established (37-60m),0,0.05882626398588015,Low
5849-ASHZJ,Male,No,No,Yes,27,Yes,No,No,No internet service,No internet service,No internet service,No internet service,No internet service,No internet service,One year,No,Credit card (automatic),20.05,552.9,0,0,No,0,Mid (13-36m),0,0.05394392699451122,Low
5780-INQIK,Female,No,No,No,8,Yes,No,DSL,No,No,No,Yes,No,No,Month-to-month,No,Electronic check,49.4,408.25,0,0,No,0,New (0-12m),0,0.6226510632047466,High
4526-ZJJTM,Female,Yes,Yes,No,25,Yes,No,Fiber optic,No,Yes,Yes,No,No,Yes,Month-to-month,No,Bank transfer (automatic),88.4,2191.15,0,0,No,0,Mid (13-36m),0,0.5342525513743716,High
8384-FZBJK,Female,No,Yes,Yes,57,Yes,Yes,Fiber optic,No,Yes,No,No,Yes,Yes,Month-to-month,Yes,Electronic check,100.6,5611.7,0,0,No,0,Established (37-60m),0,0.06199432660525715,Low
3750-RNQKR,Female,No,No,No,12,Yes,No,No,No internet service,No internet service,No internet service,No internet service,No internet service,No internet service,Month-to-month,No,Mailed check,19.45,246.25,0,0,No,0,New (0-12m),0,0.3052040384303121,Low
0962-CQPWQ,Female,No,Yes,Yes,62,Yes,No,No,No internet service,No internet service,No internet service,No internet service,No internet service,No internet service,Two year,No,Bank transfer (automatic),20.3,1296.15,0,0,No,0,Loyal (60m+),0,0.002532650630050105,Low
3096-YXENJ,Female,No,Yes,No,65,Yes,Yes,Fiber optic,No,Yes,Yes,Yes,Yes,Yes,Two year,Yes,Bank transfer (automatic),107.65,7082.85,0,0,No,0,Loyal (60m+),0,0.0017446956111604678,Low
1265-BCFEO,Female,No,Yes,No,71,Yes,Yes,DSL,No,No,Yes,Yes,Yes,Yes,Two year,Yes,Bank transfer (automatic),80.45,5662.25,0,0,No,0,Loyal (60m+),0,0.0006207537038869665,Low
5837-LXSDN,Female,No,Yes,Yes,21,Yes,No,DSL,No,Yes,No,No,Yes,No,One year,Yes,Credit card (automatic),58.85,1215.45,0,0,No,0,Mid (13-36m),0,0.12376883835164905,Low
5945-AZYHT,Male,No,Yes,No,71,Yes,Yes,Fiber optic,Yes,Yes,Yes,No,Yes,Yes,One year,Yes,Electronic check,109.6,7854.15,0,3,No,0,Loyal (60m+),3,0.22287323694902852,Low
8325-QRPZR,Female,No,No,No,7,Yes,No,Fiber optic,No,No,Yes,No,No,No,Month-to-month,Yes,Electronic check,75.15,525.0,0,0,No,0,New (0-12m),0,0.8741100745637851,Critical
6384-VMJHP,Female,No,No,No,72,Yes,No,DSL,Yes,Yes,Yes,Yes,No,Yes,Two year,Yes,Credit card (automatic),73.0,5265.2,0,0,No,0,Loyal (60m+),0,0.0007398334088040665,Low
2262-SLNVK,Female,No,No,No,1,Yes,No,Fiber optic,No,No,No,No,No,No,Month-to-month,No,Electronic check,70.1,70.1,5,0,No,0,New (0-12m),5,0.9203397057064467,Critical
7730-CLDSV,Female,No,Yes,Yes,72,Yes,Yes,Fiber optic,No,Yes,Yes,Yes,No,Yes,Two year,Yes,Bank transfer (automatic),98.65,7129.45,3,0,No,0,Loyal (60m+),3,0.0011832917085496308,Low
1135-HIORI,Female,No,Yes,Yes,64,Yes,Yes,Fiber optic,No,Yes,Yes,Yes,Yes,Yes,One year,Yes,Electronic check,111.45,7266.95,1,0,No,0,Loyal (60m+),1,0.007007639240941206,Low
0164-APGRB,Female,No,No,No,72,Yes,Yes,Fiber optic,Yes,Yes,Yes,Yes,Yes,Yes,Two year,Yes,Electronic check,114.9,8496.7,0,0,No,0,Loyal (60m+),0,0.0010721616822681522,Low
6481-ESCNL,Female,No,No,No,29,Yes,Yes,Fiber optic,No,No,Yes,No,Yes,Yes,Month-to-month,No,Bank transfer (automatic),100.55,2878.75,0,0,No,0,Mid (13-36m),0,0.3542927318437039,Low
1790-NESIO,Female,No,No,No,13,Yes,No,No,No internet service,No internet service,No internet service,No internet service,No internet service,No internet service,Two year,Yes,Mailed check,20.4,261.3,0,0,No,0,Mid (13-36m),0,0.041083505095406016,Low
1550-EENBN,Female,No,No,No,31,Yes,Yes,Fiber optic,Yes,Yes,No,No,Yes,Yes,Month-to-month,No,Electronic check,104.35,3205.6,0,0,No,0,Mid (13-36m),0,0.3775487862227796,Low
8198-RKSZG,Female,No,Yes,Yes,14,Yes,Yes,DSL,No,Yes,No,Yes,Yes,Yes,Month-to-month,No,Credit card (automatic),80.45,1137.05,4,0,No,0,Mid (13-36m),4,0.25545919503631304,Low
9297-EONCV,Female,No,No,No,72,Yes,Yes,DSL,Yes,Yes,Yes,Yes,Yes,Yes,Two year,Yes,Bank transfer (automatic),91.35,6697.2,4,0,No,0,Loyal (60m+),4,0.00038641852187294354,Low
1069-QJOEE,Male,No,Yes,Yes,25,Yes,No,No,No internet service,No internet service,No internet service,No internet service,No internet service,No internet service,One year,No,Electronic check,19.9,505.45,0,0,No,0,Mid (13-36m),0,0.08398625802049846,Low
7799-DSEWS,Male,No,No,No,18,Yes,No,DSL,Yes,No,Yes,Yes,Yes,No,Month-to-month,Yes,Electronic check,68.35,1299.8,4,0,No,0,Mid (13-36m),4,0.3484007860973221,Low
8766-PAFNE,Male,No,Yes,No,71,Yes,No,DSL,No,Yes,Yes,Yes,Yes,Yes,Two year,Yes,Credit card (automatic),79.1,5564.85,0,0,No,0,Loyal (60m+),0,0.0005577744312167676,Low
5315-CKEQK,Male,Yes,Yes,Yes,28,Yes,Yes,DSL,No,No,No,No,No,No,One year,Yes,Electronic check,51.0,1381.8,0,2,No,0,Mid (13-36m),2,0.7159698353958381,Critical
3130-ICDUP,Female,No,No,Yes,2,Yes,Yes,Fiber optic,Yes,No,No,No,No,No,Month-to-month,No,Credit card (automatic),80.55,188.1,5,0,No,0,New (0-12m),5,0.8391830729711508,Critical
0820-FNRNX,Male,No,Yes,Yes,17,Yes,Yes,DSL,No,Yes,Yes,Yes,No,No,Month-to-month,Yes,Mailed check,66.7,1077.05,0,0,No,0,Mid (13-36m),0,0.23824201568314404,Low
0880-FVFWF,Male,No,No,No,56,Yes,Yes,Fiber optic,Yes,Yes,No,No,No,No,Month-to-month,Yes,Electronic check,86.4,4922.4,0,0,No,0,Established (37-60m),0,0.10529879421880864,Low
4611-ANLQC,Female,No,Yes,No,60,No,No phone service,DSL,Yes,Yes,Yes,No,No,Yes,One year,No,Electronic check,50.05,2911.5,0,0,No,0,Established (37-60m),0,0.023360807592243266,Low
4213-HKBJO,Female,No,No,No,33,Yes,Yes,No,No internet service,No internet service,No internet service,No internet service,No internet service,No internet service,Two year,No,Credit card (automatic),25.7,826.1,0,0,No,0,Mid (13-36m),0,0.013002659071334141,Low
2792-LSHWX,Female,No,No,No,1,Yes,No,Fiber optic,Yes,Yes,No,Yes,No,No,Month-to-month,Yes,Mailed check,83.4,83.4,0,0,No,0,New (0-12m),0,0.8310906695081499,Critical
0014-BMAQU,Male,No,Yes,No,63,Yes,Yes,Fiber optic,Yes,No,No,Yes,No,No,Two year,Yes,Credit card (automatic),84.65,5377.8,0,0,No,0,Loyal (60m+),0,0.0038900871386696578,Low
9018-PCIOK,Female,No,No,No,55,Yes,No,DSL,No,Yes,Yes,No,No,Yes,Two year,Yes,Mailed check,64.75,3617.1,0,0,No,0,Established (37-60m),0,0.0037548007020311064,Low
4837-QUSFT,Female,No,Yes,No,65,Yes,Yes,Fiber optic,Yes,Yes,No,Yes,Yes,No,One year,Yes,Bank transfer (automatic),100.15,6643.5,0,0,No,0,Loyal (60m+),0,0.007743938494150565,Low
9953-ZMKSM,Male,No,No,No,63,Yes,Yes,No,No internet service,No internet service,No internet service,No internet service,No internet service,No internet service,Two year,No,Mailed check,25.25,1559.3,0,0,No,0,Loyal (60m+),0,0.002069696675107092,Low
0907-HQNTS,Female,Yes,Yes,No,70,Yes,Yes,Fiber optic,Yes,Yes,Yes,Yes,Yes,Yes,Two year,Yes,Credit card (automatic),113.0,7987.6,3,0,No,0,Loyal (60m+),3,0.0011021149888518623,Low
7665-NKLAV,Female,No,Yes,Yes,36,No,No phone service,DSL,Yes,No,Yes,Yes,No,No,Two year,No,Credit card (automatic),40.65,1547.35,0,0,No,0,Mid (13-36m),0,0.017780501128629923,Low
4391-LNRXK,Male,No,No,No,22,Yes,No,Fiber optic,No,Yes,Yes,Yes,No,Yes,Month-to-month,Yes,Bank transfer (automatic),94.95,2142.8,0,0,No,0,Mid (13-36m),0,0.44051808391987435,High
8250-ZNGGW,Female,Yes,No,No,5,Yes,No,DSL,Yes,Yes,No,Yes,No,No,Month-to-month,No,Credit card (automatic),59.9,287.85,1,0,No,0,New (0-12m),1,0.5849857181331987,High
8562-GHPPI,Female,No,No,No,1,Yes,No,No,No internet service,No internet service,No internet service,No internet service,No internet service,No internet service,Month-to-month,No,Credit card (automatic),19.8,19.8,0,0,No,0,New (0-12m),0,0.4596256705772121,High
5893-PYOLZ,Male,No,No,No,56,Yes,No,DSL,No,Yes,Yes,Yes,Yes,Yes,Two year,Yes,Credit card (automatic),81.8,4534.45,0,4,No,0,Established (37-60m),4,0.24541354723330752,Low
4986-MXSFP,Female,No,No,No,2,Yes,No,No,No internet service,No internet service,No internet service,No internet service,No internet service,No internet service,Month-to-month,Yes,Mailed check,20.0,40.9,0,0,No,0,New (0-12m),0,0.43195154680230685,High
6131-FOYAS,Male,No,No,No,35,Yes,Yes,DSL,Yes,No,Yes,No,No,No,Month-to-month,Yes,Electronic check,59.6,2094.9,0,0,No,0,Mid (13-36m),0,0.1978948724061379,Low
3027-YNWZU,Female,No,Yes,No,64,Yes,Yes,No,No internet service,No internet service,No internet service,No internet service,No internet service,No internet service,Two year,No,Credit card (automatic),25.0,1584.8,0,0,No,0,Loyal (60m+),0,0.00214658552647705,Low
5609-IMCGG,Female,No,No,No,15,Yes,Yes,Fiber optic,Yes,No,Yes,No,No,No,Month-to-month,Yes,Credit card (automatic),84.35,1302.65,4,0,No,0,Mid (13-36m),4,0.6797585413521311,High
4727-MCYZG,Male,No,No,No,1,Yes,No,DSL,No,No,No,No,No,Yes,Month-to-month,No,Mailed check,55.55,55.55,0,0,No,0,New (0-12m),0,0.6253285529221568,High
9481-WHGWY,Female,No,Yes,Yes,70,Yes,No,DSL,Yes,No,No,Yes,Yes,Yes,Two year,No,Credit card (automatic),75.35,5437.75,0,0,No,0,Loyal (60m+),0,0.0006066282664606562,Low
4328-VUFWD,Female,No,No,No,39,Yes,No,DSL,No,No,No,Yes,No,Yes,One year,No,Electronic check,59.3,2209.15,0,0,No,0,Established (37-60m),0,0.060472005158847604,Low
3301-LSLWQ,Female,No,No,No,29,Yes,Yes,DSL,Yes,No,No,No,No,Yes,Month-to-month,Yes,Electronic check,66.1,1912.15,0,0,No,0,Mid (13-36m),0,0.261519279305924,Low
7473-ZBDSN,Female,No,Yes,Yes,14,Yes,No,No,No internet service,No internet service,No internet service,No internet service,No internet service,No internet service,Two year,No,Mailed check,18.8,255.55,0,0,No,0,Mid (13-36m),0,0.032775884076842794,Low
3166-PNEOF,Female,No,No,No,61,Yes,Yes,DSL,Yes,No,Yes,Yes,Yes,Yes,Two year,No,Credit card (automatic),86.45,5175.3,1,0,No,0,Loyal (60m+),1,0.001090670857661705,Low
5639-NTUPK,Male,No,No,Yes,13,Yes,No,DSL,Yes,No,No,No,No,No,Month-to-month,Yes,Credit card (automatic),52.1,670.65,0,0,No,0,Mid (13-36m),0,0.41895085067209986,High
8780-YRMTT,Female,No,No,No,66,No,No phone service,DSL,Yes,Yes,Yes,Yes,No,No,Two year,Yes,Mailed check,47.4,3177.25,0,0,No,0,Loyal (60m+),0,0.0026099261725429364,Low
5140-FOMCQ,Female,No,Yes,No,59,Yes,Yes,Fiber optic,Yes,Yes,Yes,No,Yes,Yes,One year,Yes,Credit card (automatic),109.15,6557.75,0,1,No,0,Established (37-60m),1,0.03942556324395543,Low
6242-SGYTS,Male,No,Yes,Yes,62,Yes,Yes,Fiber optic,Yes,Yes,No,No,Yes,No,One year,Yes,Credit card (automatic),94.95,5791.85,1,0,No,0,Loyal (60m+),1,0.011370902503781333,Low
8166-ORCHU,Male,Yes,Yes,No,33,Yes,No,Fiber optic,Yes,Yes,No,Yes,No,Yes,One year,Yes,Electronic check,93.55,3055.5,0,0,No,0,Mid (13-36m),0,0.17455576142125465,Low
8414-OOEEL,Male,No,No,Yes,66,Yes,No,DSL,No,Yes,Yes,Yes,Yes,Yes,Two year,Yes,Credit card (automatic),79.5,5196.1,0,0,No,0,Loyal (60m+),0,0.0007280371746701814,Low
8454-AATJP,Female,No,No,No,72,Yes,Yes,Fiber optic,Yes,Yes,Yes,Yes,Yes,Yes,Two year,No,Credit card (automatic),115.05,8405.0,0,0,No,0,Loyal (60m+),0,0.0007265038202092,Low
4531-AUZNK,Female,No,Yes,Yes,51,Yes,Yes,Fiber optic,Yes,No,No,Yes,Yes,No,One year,Yes,Mailed check,95.15,5000.05,0,0,No,0,Established (37-60m),0,0.021216082618598947,Low
4191-XOVOM,Male,No,No,No,63,Yes,Yes,Fiber optic,No,Yes,No,Yes,Yes,Yes,Month-to-month,No,Electronic check,105.4,6713.2,2,0,No,0,Loyal (60m+),2,0.028713579383118748,Low
2150-OEGBV,Male,No,No,No,27,Yes,No,No,No internet service,No internet service,No internet service,No internet service,No internet service,No internet service,One year,No,Bank transfer (automatic),20.1,562.6,0,0,No,0,Mid (13-36m),0,0.06567510063266448,Low
1855-CFULU,Female,Yes,No,No,4,Yes,No,No,No internet service,No internet service,No internet service,No internet service,No internet service,No internet service,Month-to-month,No,Mailed check,20.05,91.45,0,0,No,0,New (0-12m),0,0.45626231263715483,High
4878-BUNFV,Male,No,Yes,Yes,42,Yes,No,No,No internet service,No internet service,No internet service,No internet service,No internet service,No internet service,Two year,No,Mailed check,20.7,828.85,5,0,No,0,Established (37-60m),5,0.006298792923387776,Low
1872-EBWSC,Female,No,No,No,29,Yes,No,No,No internet service,No internet service,No internet service,No internet service,No internet service,No internet service,One year,No,Mailed check,20.35,617.35,2,0,No,0,Mid (13-36m),2,0.05758735596297656,Low
7026-YMSBE,Male,No,No,No,30,Yes,No,No,No internet service,No internet service,No internet service,No internet service,No internet service,No internet service,One year,No,Mailed check,19.7,625.05,0,0,No,0,Mid (13-36m),0,0.05056504488944607,Low
6997-UVGOX,Male,No,Yes,Yes,71,Yes,No,DSL,Yes,Yes,Yes,Yes,Yes,Yes,Two year,No,Bank transfer (automatic),85.45,6029.9,5,0,No,0,Loyal (60m+),5,0.0004029717515496268,Low
9674-EHPPG,Male,No,Yes,No,46,No,No phone service,DSL,Yes,No,Yes,Yes,No,No,Two year,No,Credit card (automatic),40.4,1842.7,0,0,No,0,Established (37-60m),0,0.010585776563879207,Low
5440-VHLUL,Male,No,No,No,69,Yes,Yes,Fiber optic,No,Yes,No,Yes,Yes,Yes,One year,Yes,Bank transfer (automatic),105.2,7386.05,4,0,No,0,Loyal (60m+),4,0.004517082394938396,Low
5781-BKHOP,Female,No,Yes,No,72,Yes,Yes,Fiber optic,Yes,Yes,Yes,No,Yes,No,Two year,No,Bank transfer (automatic),100.65,7334.05,5,0,No,0,Loyal (60m+),5,0.0015324098771644448,Low
5213-TWWJU,Male,No,No,No,28,Yes,No,Fiber optic,No,No,Yes,Yes,No,Yes,Month-to-month,No,Electronic check,91.0,2626.15,4,0,No,0,Mid (13-36m),4,0.4298290454021815,High
8628-MFKAX,Female,Yes,Yes,No,72,Yes,Yes,Fiber optic,Yes,Yes,Yes,Yes,Yes,Yes,Two year,Yes,Credit card (automatic),116.75,8277.05,3,0,No,0,Loyal (60m+),3,0.0008652182692889886,Low
7629-WIXZF,Female,No,No,No,7,Yes,No,DSL,Yes,No,No,No,No,Yes,One year,Yes,Electronic check,59.1,369.25,0,0,No,0,New (0-12m),0,0.4077917952425975,High
5445-GLVOT,Female,No,No,No,22,Yes,No,DSL,Yes,No,No,No,No,No,Month-to-month,Yes,Electronic check,49.8,1049.05,0,0,No,0,Mid (13-36m),0,0.4508887890753999,High
3976-HXHCE,Male,No,No,No,72,Yes,No,No,No internet service,No internet service,No internet service,No internet service,No internet service,No internet service,Two year,No,Bank transfer (automatic),19.3,1414.8,0,0,No,0,Loyal (60m+),0,0.0016985518240934887,Low
2466-NEJOJ,Male,No,Yes,Yes,8,Yes,No,No,No internet service,No internet service,No internet service,No internet service,No internet service,No internet service,Month-to-month,No,Credit card (automatic),19.65,169.75,2,0,No,0,New (0-12m),2,0.29846765095033656,Low
0254-KCJGT,Male,No,Yes,No,52,Yes,Yes,DSL,Yes,Yes,Yes,Yes,No,Yes,One year,Yes,Credit card (automatic),81.4,4354.45,0,0,No,0,Established (37-60m),0,0.007076693079810034,Low
5472-CVMDX,Female,No,No,No,68,No,No phone service,DSL,Yes,No,Yes,Yes,No,No,Two year,No,Mailed check,38.9,2719.2,0,0,No,0,Loyal (60m+),0,0.0030764166166598293,Low
6461-SZMCV,Female,No,Yes,No,71,Yes,Yes,DSL,Yes,Yes,Yes,Yes,Yes,Yes,Two year,No,Bank transfer (automatic),87.95,6365.35,0,0,No,0,Loyal (60m+),0,0.0004465674030271294,Low
8150-QUDFX,Male,No,No,No,2,Yes,No,No,No internet service,No internet service,No internet service,No internet service,No internet service,No internet service,Month-to-month,No,Mailed check,19.85,51.6,0,0,No,0,New (0-12m),0,0.40851867739985676,High
9508-ILZDG,Female,Yes,No,No,34,Yes,Yes,Fiber optic,No,Yes,No,Yes,Yes,No,Month-to-month,Yes,Electronic check,96.35,3190.25,0,0,No,0,Mid (13-36m),0,0.3720937741175059,Low
2346-DJQTB,Female,No,No,No,35,No,No phone service,DSL,No,No,No,No,No,No,Month-to-month,No,Electronic check,24.15,812.5,0,0,No,0,Mid (13-36m),0,0.3978338749161497,Low
1697-LYYYX,Female,No,Yes,Yes,61,Yes,No,No,No internet service,No internet service,No internet service,No internet service,No internet service,No internet service,One year,No,Credit card (automatic),19.1,1143.8,0,0,No,0,Loyal (60m+),0,0.009281805613160925,Low
1942-OQFRW,Male,No,No,No,1,Yes,No,DSL,No,No,No,No,No,No,Month-to-month,No,Electronic check,44.0,44.0,1,0,No,0,New (0-12m),1,0.7577896312782388,Critical
9640-ZSLDC,Female,No,Yes,Yes,53,Yes,No,DSL,No,No,Yes,No,No,Yes,One year,No,Credit card (automatic),60.6,3297.0,0,0,No,0,Established (37-60m),0,0.014407275807295287,Low
4231-LZUYM,Female,No,Yes,No,72,Yes,Yes,No,No internet service,No internet service,No internet service,No internet service,No internet service,No internet service,Two year,No,Bank transfer (automatic),25.65,1887.0,0,0,No,0,Loyal (60m+),0,0.0013884652887200088,Low
6128-AQBMT,Male,Yes,Yes,No,41,No,No phone service,DSL,No,Yes,Yes,No,Yes,Yes,Month-to-month,Yes,Electronic check,53.95,2215.4,4,0,No,0,Established (37-60m),4,0.18219705120112306,Low
3594-BDSOA,Female,No,Yes,No,24,Yes,No,No,No internet service,No internet service,No internet service,No internet service,No internet service,No internet service,One year,No,Credit card (automatic),20.4,482.8,0,0,No,0,Mid (13-36m),0,0.07504950698829725,Low
5133-VRSAB,Male,No,No,No,8,No,No phone service,DSL,Yes,No,No,No,No,No,Month-to-month,No,Mailed check,29.35,216.45,0,0,No,0,New (0-12m),0,0.6143267587181986,High
5996-DAOQL,Male,No,No,No,1,Yes,No,No,No internet service,No internet service,No internet service,No internet service,No internet service,No internet service,Month-to-month,Yes,Mailed check,20.45,20.45,0,0,No,0,New (0-12m),0,0.42092192745457413,High
6838-YAUVY,Female,No,No,No,54,Yes,Yes,Fiber optic,No,No,Yes,Yes,No,Yes,Two year,Yes,Bank transfer (automatic),95.1,5064.85,0,0,No,0,Established (37-60m),0,0.00719393203949136,Low
0484-JPBRU,Male,No,No,No,41,Yes,Yes,No,No internet service,No internet service,No internet service,No internet service,No internet service,No internet service,Month-to-month,Yes,Bank transfer (automatic),25.25,996.45,4,0,No,0,Established (37-60m),4,0.07297917181215774,Low
7883-ROJOC,Female,No,Yes,No,19,Yes,No,DSL,No,No,No,No,No,No,Month-to-month,No,Mailed check,44.9,839.65,0,0,No,0,Mid (13-36m),0,0.3903644077366355,Low
0244-LGNFY,Female,No,Yes,Yes,72,Yes,Yes,DSL,Yes,Yes,Yes,Yes,Yes,Yes,Two year,No,Bank transfer (automatic),92.65,6733.0,0,0,No,0,Loyal (60m+),0,0.00030467186187155813,Low
7274-CGTOD,Male,No,No,No,62,No,No phone service,DSL,Yes,Yes,Yes,Yes,No,No,Two year,Yes,Bank transfer (automatic),43.7,2618.3,0,0,No,0,Loyal (60m+),0,0.0040810017909206735,Low
4295-YURET,Female,Yes,Yes,Yes,56,Yes,No,DSL,Yes,No,No,Yes,Yes,Yes,Two year,Yes,Credit card (automatic),72.6,4084.35,0,0,No,0,Established (37-60m),0,0.0023996325456158265,Low
4635-EJYPD,Male,No,Yes,Yes,32,Yes,No,No,No internet service,No internet service,No internet service,No internet service,No internet service,No internet service,Two year,No,Mailed check,18.95,613.95,0,0,No,0,Mid (13-36m),0,0.011221387038942515,Low
1866-ZSLJM,Male,No,No,No,21,Yes,No,No,No internet service,No internet service,No internet service,No internet service,No internet service,No internet service,Month-to-month,No,Credit card (automatic),20.5,402.85,0,0,No,0,Mid (13-36m),0,0.20279558894495395,Low
4636-TVXVG,Male,No,Yes,Yes,62,Yes,No,No,No internet service,No internet service,No internet service,No internet service,No internet service,No internet service,One year,No,Bank transfer (automatic),19.95,1244.8,0,0,No,0,Loyal (60m+),0,0.00819384152674958,Low
4236-UJPWO,Female,No,No,No,2,No,No phone service,DSL,No,No,No,No,No,No,Month-to-month,No,Electronic check,24.5,46.4,0,0,No,0,New (0-12m),0,0.8091874849152899,Critical
9392-XBGTD,Male,No,No,Yes,27,Yes,No,No,No internet service,No internet service,No internet service,No internet service,No internet service,No internet service,Two year,No,Mailed check,20.6,581.85,0,0,No,0,Mid (13-36m),0,0.014952816088979824,Low
6402-SSEJG,Female,No,No,No,25,No,No phone service,DSL,Yes,Yes,Yes,No,Yes,Yes,One year,No,Electronic check,61.05,1540.2,0,0,No,0,Mid (13-36m),0,0.15951048018043115,Low
1169-SAOCL,Male,No,No,No,49,Yes,Yes,Fiber optic,No,Yes,No,Yes,Yes,Yes,One year,Yes,Bank transfer (automatic),106.65,5168.1,0,0,No,0,Established (37-60m),0,0.023853035474790105,Low
1110-KYLGQ,Female,No,No,No,63,Yes,Yes,Fiber optic,Yes,Yes,Yes,No,Yes,Yes,Month-to-month,No,Credit card (automatic),108.25,6780.1,1,0,No,0,Loyal (60m+),1,0.024070055001035325,Low
9929-PLVPA,Female,No,No,Yes,4,Yes,No,No,No internet service,No internet service,No internet service,No internet service,No internet service,No internet service,Month-to-month,No,Credit card (automatic),20.4,94.5,3,0,No,0,New (0-12m),3,0.3794512464380233,Low
3518-PZXZQ,Female,No,Yes,No,1,Yes,No,DSL,No,No,No,No,Yes,No,Month-to-month,Yes,Mailed check,55.3,55.3,0,0,No,0,New (0-12m),0,0.6347143455903633,High
2371-JUNGC,Male,No,No,No,11,Yes,No,No,No internet service,No internet service,No internet service,No internet service,No internet service,No internet service,Month-to-month,No,Mailed check,20.25,208.0,5,0,No,0,New (0-12m),5,0.2959693254969732,Low
7693-QPEFS,Male,Yes,No,No,52,Yes,Yes,Fiber optic,No,No,No,No,No,No,Month-to-month,Yes,Bank transfer (automatic),72.95,3829.75,0,0,No,0,Established (37-60m),0,0.17507086447197295,Low
0924-BJCRC,Female,Yes,Yes,No,60,Yes,Yes,Fiber optic,No,Yes,No,No,No,Yes,Month-to-month,No,Electronic check,89.45,5294.6,0,0,No,0,Established (37-60m),0,0.09559715091188176,Low
5074-FBGHB,Male,No,No,No,64,Yes,Yes,Fiber optic,No,No,Yes,Yes,Yes,Yes,One year,Yes,Credit card (automatic),104.65,6889.8,0,0,No,0,Loyal (60m+),0,0.006409847356395949,Low
2351-BKRZW,Female,No,Yes,Yes,43,Yes,No,DSL,Yes,No,Yes,No,Yes,Yes,Two year,No,Bank transfer (automatic),75.2,3254.35,0,0,No,0,Established (37-60m),0,0.006014251464457309,Low
4455-BFSPD,Female,No,Yes,No,61,Yes,Yes,Fiber optic,No,No,No,Yes,Yes,Yes,One year,No,Bank transfer (automatic),101.15,6383.9,5,0,No,0,Loyal (60m+),5,0.010091459292305038,Low
3948-KXDUF,Male,No,No,No,66,Yes,Yes,DSL,Yes,Yes,Yes,Yes,No,No,Two year,No,Bank transfer (automatic),68.75,4447.55,5,0,No,0,Loyal (60m+),5,0.0013266398037940998,Low
2323-ARSVR,Male,No,Yes,No,67,Yes,No,Fiber optic,Yes,Yes,Yes,Yes,Yes,Yes,Two year,Yes,Electronic check,111.05,7321.05,0,0,No,0,Loyal (60m+),0,0.001815514046078562,Low
0815-MFZGM,Female,No,Yes,No,42,Yes,No,Fiber optic,No,No,Yes,Yes,Yes,Yes,Two year,Yes,Credit card (automatic),99.0,4135.0,2,0,No,0,Established (37-60m),2,0.014652363304329872,Low
5480-XTFFL,Female,No,Yes,Yes,31,Yes,No,No,No internet service,No internet service,No internet service,No internet service,No internet service,No internet service,Two year,No,Mailed check,21.0,697.7,0,0,No,0,Mid (13-36m),0,0.012252671491511455,Low
8295-FHIVV,Male,No,No,No,7,Yes,No,No,No internet service,No internet service,No internet service,No internet service,No internet service,No internet service,Month-to-month,Yes,Mailed check,19.4,168.65,1,0,No,0,New (0-12m),1,0.34370229275460257,Low
9086-YJYXS,Male,No,Yes,Yes,34,Yes,Yes,DSL,No,No,Yes,No,Yes,Yes,One year,No,Bank transfer (automatic),77.2,2753.8,0,0,No,0,Mid (13-36m),0,0.033177898124400314,Low
1179-INLAT,Male,No,No,No,3,Yes,No,No,No internet service,No internet service,No internet service,No internet service,No internet service,No internet service,One year,Yes,Mailed check,19.45,69.25,0,0,No,0,New (0-12m),0,0.19348875864440684,Low
7909-FIOIY,Female,No,Yes,Yes,19,No,No phone service,DSL,No,No,No,No,No,No,Month-to-month,Yes,Mailed check,24.85,434.8,0,0,No,0,Mid (13-36m),0,0.45067207949800125,High
6351-SCJKT,Male,No,No,No,3,No,No phone service,DSL,Yes,No,Yes,Yes,No,No,Month-to-month,No,Mailed check,41.35,107.25,0,0,No,0,New (0-12m),0,0.5950398251321531,High
5468-BPMMO,Male,No,Yes,No,46,Yes,No,No,No internet service,No internet service,No internet service,No internet service,No internet service,No internet service,Month-to-month,No,Electronic check,19.6,851.2,0,0,No,0,Established (37-60m),0,0.08579149912072995,Low
0197-PNKNK,Female,No,Yes,Yes,69,Yes,Yes,Fiber optic,Yes,No,Yes,No,No,No,One year,No,Bank transfer (automatic),84.45,5848.6,0,0,No,0,Loyal (60m+),0,0.0106687827669752,Low
2439-QKJUL,Male,No,No,No,5,Yes,No,No,No internet service,No internet service,No internet service,No internet service,No internet service,No internet service,Month-to-month,No,Mailed check,20.25,109.8,0,0,No,0,New (0-12m),0,0.3679292805854466,Low
1194-SPVSP,Male,No,No,No,1,Yes,No,No,No internet service,No internet service,No internet service,No internet service,No internet service,No internet service,Month-to-month,No,Bank transfer (automatic),19.65,19.65,0,0,No,0,New (0-12m),0,0.4520546641712921,High
9534-NSXEM,Male,No,No,No,26,Yes,No,No,No internet service,No internet service,No internet service,No internet service,No internet service,No internet service,One year,Yes,Credit card (automatic),20.65,595.5,0,0,No,0,Mid (13-36m),0,0.06378029434404679,Low
8929-KSWIH,Male,No,No,No,25,Yes,No,Fiber optic,No,No,Yes,Yes,Yes,Yes,Two year,No,Bank transfer (automatic),99.3,2513.5,0,0,No,0,Mid (13-36m),0,0.055943064970274785,Low
2250-IVBWA,Male,No,Yes,Yes,64,Yes,No,Fiber optic,Yes,Yes,No,No,No,No,Month-to-month,No,Electronic check,81.05,5135.35,0,0,No,0,Loyal (60m+),0,0.060760091118981084,Low
1810-MVMAI,Male,No,Yes,Yes,30,Yes,Yes,DSL,Yes,Yes,Yes,Yes,No,No,Month-to-month,No,Electronic check,67.6,2000.2,2,0,No,0,Mid (13-36m),2,0.16238661813242333,Low
9506-UXUSK,Male,No,No,No,13,Yes,No,Fiber optic,No,No,No,No,No,No,Month-to-month,Yes,Electronic check,70.15,931.75,3,0,No,0,Mid (13-36m),3,0.8150583862422358,Critical
1229-RCALF,Female,No,Yes,No,64,Yes,Yes,Fiber optic,Yes,Yes,Yes,Yes,Yes,Yes,One year,Yes,Electronic check,115.0,7396.15,0,0,No,0,Loyal (60m+),0,0.007449174831742579,Low
3572-UOLYZ,Female,No,No,Yes,46,Yes,Yes,Fiber optic,No,No,Yes,Yes,No,No,Month-to-month,Yes,Bank transfer (automatic),84.8,3958.85,0,0,No,0,Established (37-60m),0,0.12702142346523745,Low
1429-UYJSV,Female,No,No,No,12,Yes,No,No,No internet service,No internet service,No internet service,No internet service,No internet service,No internet service,One year,No,Mailed check,19.7,260.9,0,0,No,0,New (0-12m),0,0.13719229891434495,Low
6366-XIVKZ,Female,No,Yes,Yes,13,Yes,No,DSL,Yes,No,Yes,No,No,Yes,Month-to-month,Yes,Mailed check,63.15,816.8,0,0,No,0,Mid (13-36m),0,0.36855315600060595,Low
3470-OBUET,Female,No,Yes,Yes,67,Yes,Yes,DSL,Yes,Yes,No,Yes,Yes,No,Two year,No,Credit card (automatic),74.0,4868.4,0,0,No,0,Loyal (60m+),0,0.0008612694061684657,Low
2770-NSVDG,Male,No,Yes,No,24,No,No phone service,DSL,No,No,Yes,No,No,No,Month-to-month,No,Electronic check,29.1,688.0,0,0,No,0,Mid (13-36m),0,0.4864315144965472,High
9375-MHRRS,Male,No,No,No,6,Yes,No,DSL,No,No,No,Yes,No,No,Month-to-month,No,Mailed check,50.05,288.35,0,0,No,0,New (0-12m),0,0.5158322660630272,High
4860-YZGZM,Male,No,No,No,10,Yes,No,No,No internet service,No internet service,No internet service,No internet service,No internet service,No internet service,Month-to-month,No,Electronic check,20.0,185.4,4,0,No,0,New (0-12m),4,0.416818342925632,High
6599-GZWCM,Female,No,No,No,13,Yes,No,Fiber optic,No,Yes,No,No,No,No,One year,Yes,Mailed check,74.65,966.25,0,0,No,0,Mid (13-36m),0,0.5069153826408568,High
5533-NHFRF,Male,Yes,No,No,7,No,No phone service,DSL,No,Yes,No,Yes,No,Yes,Month-to-month,Yes,Electronic check,44.4,265.8,0,0,No,0,New (0-12m),0,0.6860018209581242,High
7037-MTYVW,Male,No,Yes,Yes,38,Yes,Yes,DSL,Yes,No,Yes,Yes,Yes,Yes,Two year,Yes,Bank transfer (automatic),85.4,3297.0,0,0,No,0,Established (37-60m),0,0.004923961707403938,Low
4760-THGOT,Female,No,Yes,No,43,Yes,Yes,Fiber optic,Yes,Yes,No,No,No,Yes,Month-to-month,Yes,Electronic check,94.1,4107.3,0,0,No,0,Established (37-60m),0,0.21364763905668832,Low
4016-BJKTZ,Female,No,No,No,25,Yes,Yes,Fiber optic,No,Yes,Yes,Yes,Yes,Yes,Two year,No,Electronic check,108.9,2809.05,1,0,No,0,Mid (13-36m),1,0.06914125337518431,Low
6584-VQMYT,Male,No,No,Yes,27,Yes,No,DSL,Yes,Yes,No,No,No,No,One year,No,Mailed check,56.2,1567.55,0,0,No,0,Mid (13-36m),0,0.08159128580004436,Low
9838-BFCQT,Male,No,Yes,Yes,72,Yes,Yes,No,No internet service,No internet service,No internet service,No internet service,No internet service,No internet service,Two year,No,Mailed check,26.1,1851.45,2,0,No,0,Loyal (60m+),2,0.0009732432008229067,Low
2790-XUYMV,Male,No,No,Yes,71,Yes,Yes,Fiber optic,Yes,Yes,No,No,No,No,One year,Yes,Credit card (automatic),85.45,6028.95,0,0,No,0,Loyal (60m+),0,0.008172839132977039,Low
0581-MDMPW,Female,No,No,No,24,Yes,Yes,Fiber optic,No,No,Yes,No,Yes,No,Month-to-month,Yes,Credit card (automatic),88.95,2072.75,0,0,No,0,Mid (13-36m),0,0.4999370858286181,High
1023-BQXZE,Male,No,No,No,57,Yes,No,DSL,Yes,No,Yes,No,Yes,Yes,Two year,Yes,Bank transfer (automatic),74.35,4317.35,0,0,No,0,Established (37-60m),0,0.0024378366115216676,Low
9163-GHAYE,Female,No,No,No,15,Yes,No,DSL,No,Yes,No,No,No,No,Month-to-month,No,Electronic check,48.85,736.8,0,0,No,0,Mid (13-36m),0,0.5646038424927647,High
3904-UKFRE,Male,No,No,No,4,Yes,Yes,Fiber optic,Yes,No,No,No,No,No,Month-to-month,Yes,Electronic check,80.1,336.15,0,0,No,0,New (0-12m),0,0.8792918607467763,Critical
5353-WILCI,Female,No,No,No,28,Yes,No,DSL,Yes,Yes,No,No,No,No,Month-to-month,No,Electronic check,56.05,1522.65,0,0,No,0,Mid (13-36m),0,0.3255650801020178,Low
0058-EVZWM,Female,No,Yes,No,55,Yes,Yes,Fiber optic,Yes,No,No,No,Yes,No,Month-to-month,Yes,Bank transfer (automatic),89.8,4959.6,0,0,No,0,Established (37-60m),0,0.07822847587154308,Low
7009-PCARS,Male,No,No,Yes,55,Yes,No,No,No internet service,No internet service,No internet service,No internet service,No internet service,No internet service,One year,No,Bank transfer (automatic),19.1,1001.5,0,0,No,0,Established (37-60m),0,0.01331793992442042,Low
0519-DRGTI,Female,No,Yes,Yes,20,Yes,No,No,No internet service,No internet service,No internet service,No internet service,No internet service,No internet service,Month-to-month,No,Mailed check,20.35,442.6,0,0,No,0,Mid (13-36m),0,0.18261758209925083,Low
1017-FBQMM,Female,No,Yes,Yes,62,Yes,Yes,Fiber optic,No,Yes,No,Yes,Yes,Yes,One year,Yes,Credit card (automatic),106.05,6703.5,0,0,No,0,Loyal (60m+),0,0.006577516892741275,Low
1985-MBRYP,Female,No,No,No,43,Yes,No,No,No internet service,No internet service,No internet service,No internet service,No internet service,No internet service,Two year,Yes,Bank transfer (automatic),19.65,779.25,0,2,No,0,Established (37-60m),2,0.1168295762981453,Low
9372-TXXPS,Female,No,Yes,No,60,Yes,No,DSL,Yes,Yes,No,Yes,No,No,Two year,No,Bank transfer (automatic),59.85,3483.45,0,0,No,0,Established (37-60m),0,0.002842811657240802,Low
3259-QMXUN,Male,No,Yes,No,58,Yes,Yes,DSL,Yes,Yes,Yes,No,Yes,Yes,Two year,Yes,Electronic check,86.1,4890.5,0,0,No,0,Established (37-60m),0,0.0022177394343139423,Low
1015-JPFYW,Male,No,No,Yes,7,Yes,No,No,No internet service,No internet service,No internet service,No internet service,No internet service,No internet service,One year,No,Mailed check,19.45,136.75,0,0,No,0,New (0-12m),0,0.1423274485590146,Low
6645-MXQJT,Male,No,Yes,Yes,2,Yes,No,Fiber optic,Yes,No,No,No,Yes,Yes,Month-to-month,No,Electronic check,97.1,184.15,0,0,No,0,New (0-12m),0,0.8453421716283441,Critical
4360-QRAVE,Male,Yes,No,No,37,No,No phone service,DSL,No,Yes,Yes,No,No,No,Month-to-month,No,Electronic check,36.65,1315.0,0,0,No,0,Established (37-60m),0,0.3265371443760203,Low
8433-WPJTV,Female,Yes,Yes,Yes,65,Yes,Yes,Fiber optic,No,No,Yes,Yes,Yes,Yes,One year,Yes,Bank transfer (automatic),103.9,6767.1,0,0,No,0,Loyal (60m+),0,0.007533757469539882,Low
5804-JMYIO,Female,No,Yes,Yes,39,Yes,No,No,No internet service,No internet service,No internet service,No internet service,No internet service,No internet service,Two year,No,Mailed check,19.75,757.95,0,0,No,0,Established (37-60m),0,0.008293906931859798,Low
6484-LATFU,Male,No,No,No,68,Yes,Yes,No,No internet service,No internet service,No internet service,No internet service,No internet service,No internet service,Two year,No,Mailed check,24.55,1657.4,0,0,No,0,Loyal (60m+),0,0.0015851174733266685,Low
7599-NTMDP,Female,No,Yes,Yes,62,No,No phone service,DSL,Yes,Yes,No,Yes,Yes,No,Two year,No,Bank transfer (automatic),48.7,3008.55,0,4,No,0,Loyal (60m+),4,0.37055067098291544,Low
0536-ACXIP,Female,No,Yes,No,72,Yes,Yes,Fiber optic,Yes,Yes,Yes,No,Yes,Yes,Two year,Yes,Electronic check,109.55,8165.1,0,0,No,0,Loyal (60m+),0,0.0014804300523379747,Low
0936-NQLJU,Female,No,Yes,No,41,Yes,No,No,No internet service,No internet service,No internet service,No internet service,No internet service,No internet service,Two year,No,Credit card (automatic),20.65,875.55,0,0,No,0,Established (37-60m),0,0.00877060364921797,Low
1575-KRZZE,Female,No,No,No,4,Yes,No,DSL,Yes,Yes,No,No,No,No,Month-to-month,No,Electronic check,55.2,220.65,3,0,No,0,New (0-12m),3,0.7072444041617918,Critical
3251-YMVWZ,Male,No,No,No,53,Yes,Yes,No,No internet service,No internet service,No internet service,No internet service,No internet service,No internet service,One year,No,Bank transfer (automatic),24.05,1301.9,0,0,No,0,Established (37-60m),0,0.014478921388048498,Low
4884-LEVMQ,Male,No,Yes,No,39,Yes,No,No,No internet service,No internet service,No internet service,No internet service,No internet service,No internet service,Two year,Yes,Bank transfer (automatic),20.45,790.0,0,0,No,0,Established (37-60m),0,0.009644312529351953,Low
8857-CUPFQ,Male,No,Yes,No,63,Yes,No,No,No internet service,No internet service,No internet service,No internet service,No internet service,No internet service,Two year,No,Mailed check,19.25,1237.65,0,0,No,0,Loyal (60m+),0,0.0023494335057495904,Low
7610-TVOPG,Male,No,No,No,15,Yes,Yes,No,No internet service,No internet service,No internet service,No internet service,No internet service,No internet service,Month-to-month,Yes,Electronic check,26.35,378.6,0,0,No,0,Mid (13-36m),0,0.3256667478205514,Low
3638-DIMPH,Female,No,Yes,No,13,Yes,No,DSL,No,No,No,No,No,No,One year,No,Electronic check,43.8,592.65,0,0,No,0,Mid (13-36m),0,0.3557161425830038,Low
1845-ZLLIG,Male,No,No,No,1,Yes,No,DSL,No,Yes,No,No,No,No,Month-to-month,Yes,Mailed check,50.15,50.15,0,0,No,0,New (0-12m),0,0.6423894079456534,High
8559-WNQZS,Male,No,No,No,1,Yes,No,No,No internet service,No internet service,No internet service,No internet service,No internet service,No internet service,Two year,No,Mailed check,20.45,20.45,0,0,No,0,New (0-12m),0,0.07042930142370066,Low
1699-UOTXU,Male,No,No,No,60,Yes,No,DSL,Yes,Yes,Yes,No,No,No,Two year,No,Electronic check,61.4,3638.25,0,0,No,0,Established (37-60m),0,0.004445551808840538,Low
0635-WKOLD,Male,No,Yes,No,40,Yes,Yes,DSL,No,Yes,No,Yes,Yes,No,One year,No,Credit card (automatic),70.75,2921.75,0,0,No,0,Established (37-60m),0,0.02303926633829393,Low
5993-JSUWV,Female,No,No,No,66,Yes,No,DSL,Yes,Yes,Yes,No,No,No,Two year,Yes,Bank transfer (automatic),61.15,4017.45,0,0,No,0,Loyal (60m+),0,0.0022691259042390394,Low
4518-FZBSX,Male,No,Yes,Yes,42,Yes,No,No,No internet service,No internet service,No internet service,No internet service,No internet service,No internet service,One year,No,Mailed check,20.25,854.9,0,0,No,0,Established (37-60m),0,0.0216565970911556,Low
5387-ASZNZ,Female,Yes,No,No,66,Yes,Yes,DSL,Yes,Yes,No,Yes,No,No,One year,Yes,Credit card (automatic),63.85,4174.35,0,0,No,0,Loyal (60m+),0,0.00689353467971833,Low
6988-CJEYV,Male,No,No,No,49,Yes,Yes,Fiber optic,No,Yes,No,No,Yes,Yes,Month-to-month,No,Electronic check,98.7,4920.55,0,0,No,0,Established (37-60m),0,0.12343618883843349,Low
3097-FQTVJ,Female,No,No,No,41,Yes,No,No,No internet service,No internet service,No internet service,No internet service,No internet service,No internet service,Two year,No,Mailed check,20.0,810.3,5,0,No,0,Established (37-60m),5,0.00907300845929584,Low
5465-BUBFA,Female,No,Yes,Yes,41,Yes,No,No,No internet service,No internet service,No internet service,No internet service,No internet service,No internet service,Two year,No,Bank transfer (automatic),19.3,772.4,0,0,No,0,Established (37-60m),0,0.008453304450937178,Low
7299-GNVPL,Female,No,Yes,Yes,23,Yes,No,Fiber optic,Yes,Yes,No,Yes,No,No,Month-to-month,No,Mailed check,84.4,1936.85,0,0,No,0,Mid (13-36m),0,0.4230534456886739,High
9743-DQKQW,Male,No,No,No,3,No,No phone service,DSL,No,No,No,No,No,No,Month-to-month,No,Electronic check,25.1,79.8,2,0,No,0,New (0-12m),2,0.7828343684857605,Critical
1215-VFYVK,Female,No,No,No,4,No,No phone service,DSL,Yes,No,Yes,Yes,No,Yes,Month-to-month,No,Mailed check,48.25,202.25,0,0,No,0,New (0-12m),0,0.5763714526793845,High
9371-BITHB,Female,No,Yes,Yes,52,Yes,No,No,No internet service,No internet service,No internet service,No internet service,No internet service,No internet service,Two year,No,Mailed check,19.85,1070.5,0,0,No,0,Established (37-60m),0,0.003977924753416689,Low
9093-FPDLG,Female,No,No,No,11,Yes,No,Fiber optic,No,Yes,Yes,Yes,No,Yes,Month-to-month,Yes,Electronic check,94.2,999.9,0,0,No,0,New (0-12m),0,0.7562885038441063,Critical
0541-FITGH,Female,No,Yes,No,2,Yes,No,DSL,Yes,No,No,No,No,Yes,Month-to-month,Yes,Mailed check,62.15,113.1,0,0,No,0,New (0-12m),0,0.5971688627143988,High
6985-HAYWX,Female,No,Yes,No,26,Yes,Yes,Fiber optic,No,Yes,No,No,No,No,Month-to-month,No,Bank transfer (automatic),79.3,2015.8,0,0,No,0,Mid (13-36m),0,0.5132752420523489,High
7508-KBIMB,Male,No,Yes,Yes,24,Yes,No,DSL,Yes,No,Yes,No,No,No,One year,Yes,Credit card (automatic),56.25,1454.25,0,0,No,0,Mid (13-36m),0,0.09603281021075126,Low
6838-HVLXG,Female,No,No,No,12,Yes,No,No,No internet service,No internet service,No internet service,No internet service,No internet service,No internet service,Month-to-month,No,Mailed check,20.3,246.7,3,0,No,0,New (0-12m),3,0.302783092598953,Low
2277-DJJDL,Male,Yes,Yes,No,60,Yes,Yes,Fiber optic,No,No,No,Yes,Yes,Yes,Month-to-month,Yes,Electronic check,99.0,6017.9,4,0,No,0,Established (37-60m),4,0.05182895263638371,Low
1897-OKVMW,Female,No,Yes,Yes,64,Yes,Yes,DSL,Yes,Yes,Yes,Yes,Yes,Yes,Two year,Yes,Mailed check,90.6,5817.45,0,0,No,0,Loyal (60m+),0,0.0005560984952324271,Low
5485-ITNPC,Male,No,Yes,No,66,Yes,No,DSL,Yes,Yes,Yes,Yes,Yes,Yes,Two year,Yes,Bank transfer (automatic),85.9,5595.3,0,0,No,0,Loyal (60m+),0,0.0006854675809252665,Low
0233-FTHAV,Female,No,No,No,60,Yes,Yes,Fiber optic,No,No,Yes,No,No,No,One year,Yes,Bank transfer (automatic),79.2,4765.0,0,0,No,0,Established (37-60m),0,0.030564402312785753,Low
4644-PIZRT,Male,No,Yes,Yes,17,Yes,Yes,DSL,Yes,No,Yes,No,Yes,No,One year,Yes,Bank transfer (automatic),70.35,1201.65,0,0,No,0,Mid (13-36m),0,0.12537176899903774,Low
8922-NPKBJ,Male,No,Yes,Yes,42,Yes,No,No,No internet service,No internet service,No internet service,No internet service,No internet service,No internet service,Two year,No,Mailed check,19.35,867.3,0,0,No,0,Established (37-60m),0,0.006332488947232507,Low
2740-TVLFN,Male,No,No,No,1,Yes,Yes,DSL,No,No,No,No,No,No,Month-to-month,Yes,Electronic check,50.15,50.15,4,0,No,0,New (0-12m),4,0.7420910686267423,Critical
7771-CFQRQ,Female,No,Yes,Yes,47,Yes,No,DSL,No,Yes,No,Yes,No,Yes,Two year,No,Bank transfer (automatic),63.8,3007.25,1,0,No,0,Established (37-60m),1,0.005105656875988485,Low
9512-PHSMG,Female,No,Yes,No,10,Yes,No,No,No internet service,No internet service,No internet service,No internet service,No internet service,No internet service,Month-to-month,Yes,Mailed check,20.55,252.75,2,0,No,0,New (0-12m),2,0.31014826180660965,Low
6963-EZQEE,Male,Yes,Yes,No,70,Yes,Yes,DSL,Yes,Yes,Yes,Yes,Yes,Yes,Two year,Yes,Credit card (automatic),88.55,6306.5,0,0,No,0,Loyal (60m+),0,0.0005018683408575951,Low
2452-KDRRH,Male,Yes,No,No,67,Yes,Yes,Fiber optic,No,No,Yes,No,Yes,Yes,Month-to-month,Yes,Credit card (automatic),101.4,6841.05,0,0,No,0,Loyal (60m+),0,0.023936643860380646,Low
4146-SVFUD,Male,No,No,No,1,Yes,No,DSL,No,No,No,No,No,No,Month-to-month,No,Mailed check,44.6,44.6,0,0,No,0,New (0-12m),0,0.6595556364305527,High
1564-HJUVY,Male,No,No,No,4,Yes,No,DSL,No,Yes,No,Yes,Yes,No,Month-to-month,Yes,Bank transfer (automatic),63.75,226.2,1,0,No,0,New (0-12m),1,0.5287501320573559,High
3617-XLSGQ,Female,No,Yes,Yes,66,Yes,Yes,Fiber optic,Yes,Yes,Yes,No,Yes,Yes,Two year,No,Bank transfer (automatic),109.25,7082.5,0,0,No,0,Loyal (60m+),0,0.0017108890401895933,Low
7517-LDMPS,Female,No,No,No,12,Yes,No,Fiber optic,No,Yes,No,No,No,Yes,Month-to-month,Yes,Electronic check,84.6,1017.35,0,0,No,0,New (0-12m),0,0.8032616058581465,Critical
7244-KXYZN,Female,No,No,No,24,Yes,No,No,No internet service,No internet service,No internet service,No internet service,No internet service,No internet service,One year,No,Credit card (automatic),20.45,527.35,0,0,No,0,Mid (13-36m),0,0.0780608691932658,Low
5226-NOZFC,Male,No,No,No,26,Yes,No,Fiber optic,No,Yes,No,No,Yes,No,Month-to-month,Yes,Electronic check,85.75,2146.5,0,0,No,0,Mid (13-36m),0,0.5605025330926094,High
1400-WIVLL,Male,No,Yes,No,57,Yes,Yes,Fiber optic,No,No,Yes,Yes,Yes,Yes,Two year,No,Electronic check,107.95,5969.85,0,0,No,0,Established (37-60m),0,0.004783803919608906,Low
8148-NLEGT,Female,No,Yes,Yes,42,Yes,Yes,No,No internet service,No internet service,No internet service,No internet service,No internet service,No internet service,Two year,No,Electronic check,22.95,1014.25,2,0,No,0,Established (37-60m),2,0.010092908740871653,Low
8347-GDTMP,Female,No,Yes,No,64,Yes,No,No,No internet service,No internet service,No internet service,No internet service,No internet service,No internet service,Two year,No,Credit card (automatic),19.45,1225.65,0,0,No,0,Loyal (60m+),0,0.002597602971696941,Low
6746-WAUWT,Male,No,No,No,19,Yes,No,No,No internet service,No internet service,No internet service,No internet service,No internet service,No internet service,One year,Yes,Credit card (automatic),19.7,386.5,0,0,No,0,Mid (13-36m),0,0.09421591092122726,Low
0428-IKYCP,Male,No,Yes,No,22,Yes,No,Fiber optic,No,No,Yes,No,Yes,No,Month-to-month,Yes,Bank transfer (automatic),87.0,1850.65,0,0,No,0,Mid (13-36m),0,0.5263898470426055,High
2187-PKZAY,Male,No,No,No,12,Yes,No,Fiber optic,No,No,No,No,No,Yes,Month-to-month,Yes,Bank transfer (automatic),79.95,1043.4,4,0,No,0,New (0-12m),4,0.7330192811144236,Critical
4003-OCTMP,Female,No,Yes,No,31,Yes,No,DSL,Yes,No,No,Yes,No,Yes,One year,Yes,Electronic check,64.0,1910.75,0,0,No,0,Mid (13-36m),0,0.08511507330092451,Low
6652-YFFJO,Female,No,No,No,11,Yes,No,DSL,No,No,No,No,Yes,Yes,Month-to-month,Yes,Electronic check,64.9,716.1,0,0,No,0,New (0-12m),0,0.561912068230789,High
7225-IILWY,Male,No,Yes,Yes,68,Yes,Yes,No,No internet service,No internet service,No internet service,No internet service,No internet service,No internet service,Two year,No,Mailed check,25.75,1686.15,1,0,No,0,Loyal (60m+),1,0.001254648665950923,Low
5248-RPYWW,Female,Yes,Yes,Yes,72,Yes,Yes,DSL,Yes,Yes,Yes,Yes,Yes,Yes,Two year,Yes,Bank transfer (automatic),90.15,6716.45,0,0,No,0,Loyal (60m+),0,0.00039199446809922155,Low
7923-IYJWY,Male,Yes,No,No,67,Yes,Yes,Fiber optic,Yes,Yes,Yes,Yes,Yes,Yes,Two year,Yes,Credit card (automatic),116.1,7839.85,0,0,No,0,Loyal (60m+),0,0.0012386411065959636,Low
3170-GWYKC,Female,No,No,No,60,Yes,No,Fiber optic,Yes,No,Yes,Yes,Yes,Yes,Month-to-month,Yes,Bank transfer (automatic),104.95,6236.75,5,0,No,0,Established (37-60m),5,0.03007480735352971,Low
9830-ECLEN,Male,No,Yes,Yes,58,No,No phone service,DSL,Yes,Yes,Yes,No,Yes,No,One year,No,Mailed check,50.0,2919.85,2,4,No,0,Established (37-60m),6,0.7153429684769385,Critical
2668-TZSPS,Male,No,No,No,1,Yes,No,No,No internet service,No internet service,No internet service,No internet service,No internet service,No internet service,Month-to-month,No,Mailed check,20.45,20.45,0,0,No,0,New (0-12m),0,0.42092192745457413,High
7446-SFAOA,Female,No,Yes,No,37,Yes,No,No,No internet service,No internet service,No internet service,No internet service,No internet service,No internet service,One year,Yes,Bank transfer (automatic),19.85,717.5,0,0,No,0,Established (37-60m),0,0.040915179862024594,Low
9522-ZSINC,Male,No,No,No,13,Yes,No,No,No internet service,No internet service,No internet service,No internet service,No internet service,No internet service,One year,Yes,Electronic check,19.95,253.8,0,0,No,0,Mid (13-36m),0,0.1806011059783574,Low
8234-GSZYK,Male,No,No,No,43,Yes,Yes,No,No internet service,No internet service,No internet service,No internet service,No internet service,No internet service,Two year,No,Bank transfer (automatic),26.45,1110.05,0,0,No,0,Established (37-60m),0,0.007007142960558505,Low
6505-OZNPG,Female,No,No,No,6,No,No phone service,DSL,Yes,Yes,Yes,Yes,Yes,Yes,Two year,Yes,Mailed check,63.4,348.8,0,0,No,0,New (0-12m),0,0.09110306780022026,Low
6164-HAQTX,Male,No,No,No,71,No,No phone service,DSL,Yes,Yes,Yes,Yes,Yes,No,Two year,No,Bank transfer (automatic),53.95,3888.65,0,0,No,0,Loyal (60m+),0,0.0015179777600695553,Low
7765-LWVVH,Female,No,Yes,Yes,72,Yes,Yes,Fiber optic,Yes,Yes,No,No,Yes,No,Two year,Yes,Electronic check,95.1,6843.15,0,0,No,0,Loyal (60m+),0,0.002374207954582895,Low
1658-TJVOA,Female,Yes,No,No,6,Yes,No,Fiber optic,Yes,No,No,No,No,No,Month-to-month,Yes,Electronic check,74.1,450.9,0,0,No,0,New (0-12m),0,0.9036396823432227,Critical
0953-LGOVU,Male,No,Yes,Yes,12,No,No phone service,DSL,No,Yes,No,Yes,No,No,Month-to-month,No,Mailed check,35.5,432.25,3,0,No,0,New (0-12m),3,0.42739454920163783,High
4692-NNQRU,Female,No,Yes,No,21,Yes,No,Fiber optic,No,No,Yes,Yes,No,No,One year,No,Electronic check,79.2,1742.45,0,1,No,0,Mid (13-36m),1,0.7012161666962643,Critical
7742-MYPGI,Female,No,Yes,Yes,6,Yes,No,DSL,No,No,No,Yes,No,No,Month-to-month,Yes,Mailed check,48.8,297.35,0,0,No,0,New (0-12m),0,0.49073201062628813,High
9619-GSATL,Female,No,No,No,43,Yes,No,DSL,No,Yes,No,Yes,No,No,One year,No,Electronic check,55.45,2444.25,0,0,No,0,Established (37-60m),0,0.04905735824028643,Low
5622-UEJFI,Female,No,Yes,Yes,35,Yes,Yes,No,No internet service,No internet service,No internet service,No internet service,No internet service,No internet service,Two year,Yes,Credit card (automatic),25.4,949.8,0,0,No,0,Mid (13-36m),0,0.009261911355021645,Low
0674-DGMAQ,Male,Yes,Yes,No,32,Yes,Yes,Fiber optic,No,Yes,Yes,No,No,Yes,Month-to-month,Yes,Electronic check,93.5,2970.8,0,0,No,0,Mid (13-36m),0,0.4336497911833279,High
6203-HBZPA,Male,No,No,No,52,No,No phone service,DSL,Yes,Yes,Yes,Yes,Yes,Yes,Two year,No,Credit card (automatic),63.9,3334.95,0,0,No,0,Established (37-60m),0,0.003783774690744547,Low
0484-FFVBJ,Male,No,No,No,32,Yes,No,DSL,No,No,No,No,Yes,Yes,One year,Yes,Bank transfer (automatic),64.85,2010.95,0,0,No,0,Mid (13-36m),0,0.06546118369093819,Low
0301-FIDRB,Female,No,Yes,Yes,72,No,No phone service,DSL,Yes,Yes,Yes,Yes,Yes,Yes,Two year,Yes,Bank transfer (automatic),63.8,4684.3,0,0,No,0,Loyal (60m+),0,0.0008728741783677434,Low
4139-JPIAM,Male,No,No,No,51,No,No phone service,DSL,Yes,No,No,Yes,No,Yes,Month-to-month,Yes,Credit card (automatic),44.45,2181.55,0,0,No,0,Established (37-60m),0,0.06737672203788246,Low
2181-TIDSV,Male,No,Yes,Yes,68,Yes,No,No,No internet service,No internet service,No internet service,No internet service,No internet service,No internet service,Two year,Yes,Bank transfer (automatic),19.95,1303.25,0,0,No,0,Loyal (60m+),0,0.0017235057704288164,Low
2761-XECQW,Male,Yes,Yes,No,8,No,No phone service,DSL,No,Yes,Yes,No,No,Yes,Month-to-month,Yes,Mailed check,43.35,371.4,0,0,No,0,New (0-12m),0,0.5949536335792472,High
1936-CZAKF,Male,No,Yes,No,49,No,No phone service,DSL,No,Yes,No,No,Yes,Yes,Two year,No,Credit card (automatic),49.65,2409.9,0,0,No,0,Established (37-60m),0,0.008233911436920665,Low
9453-PATOS,Female,No,Yes,No,72,Yes,No,DSL,Yes,Yes,Yes,Yes,Yes,Yes,Two year,No,Mailed check,85.1,6155.4,1,0,No,0,Loyal (60m+),1,0.0004213678925700515,Low
4402-FTBXC,Male,No,No,No,54,Yes,No,Fiber optic,Yes,No,Yes,No,Yes,No,Month-to-month,No,Mailed check,89.8,4667.0,0,0,No,0,Established (37-60m),0,0.0776506102577199,Low
2931-XIQBR,Female,No,Yes,Yes,50,Yes,No,Fiber optic,No,No,Yes,Yes,Yes,Yes,One year,No,Mailed check,103.05,5153.5,0,0,No,0,Established (37-60m),0,0.01911836024455812,Low
0106-UGRDO,Female,No,Yes,No,69,Yes,Yes,Fiber optic,Yes,Yes,Yes,Yes,Yes,Yes,Two year,Yes,Electronic check,116.0,8182.85,0,0,No,0,Loyal (60m+),0,0.0012792846936854672,Low
5542-TBBWB,Male,No,No,No,1,Yes,No,Fiber optic,No,No,No,No,No,No,Month-to-month,Yes,Electronic check,69.9,69.9,0,0,No,0,New (0-12m),0,0.913330852047471,Critical
1930-QPBVZ,Male,No,Yes,Yes,68,Yes,No,Fiber optic,Yes,Yes,No,Yes,No,Yes,Two year,No,Bank transfer (automatic),95.1,6683.4,0,0,No,0,Loyal (60m+),0,0.001586872319591837,Low
2606-PKWJB,Male,No,No,Yes,40,No,No phone service,DSL,Yes,Yes,No,Yes,No,No,One year,No,Mailed check,40.25,1564.05,0,0,No,0,Established (37-60m),0,0.04544162965303492,Low
5322-ZSMZY,Male,No,Yes,Yes,31,Yes,Yes,No,No internet service,No internet service,No internet service,No internet service,No internet service,No internet service,Two year,No,Mailed check,25.75,755.6,0,0,No,0,Mid (13-36m),0,0.010288105945808442,Low
8059-UDZFY,Female,Yes,No,Yes,33,Yes,Yes,Fiber optic,No,Yes,Yes,No,Yes,Yes,Month-to-month,Yes,Bank transfer (automatic),105.35,3465.05,0,0,No,0,Mid (13-36m),0,0.2711616551429063,Low
7740-BTPUX,Male,Yes,Yes,No,55,Yes,Yes,Fiber optic,No,Yes,Yes,Yes,Yes,Yes,Two year,Yes,Electronic check,113.6,6292.7,0,0,No,0,Established (37-60m),0,0.005447717884666663,Low
5220-AGAAX,Male,No,Yes,Yes,68,Yes,Yes,No,No internet service,No internet service,No internet service,No internet service,No internet service,No internet service,Two year,Yes,Bank transfer (automatic),24.0,1664.3,0,0,No,0,Loyal (60m+),0,0.0014517667285482963,Low
0208-BPQEJ,Female,No,Yes,Yes,12,Yes,No,No,No internet service,No internet service,No internet service,No internet service,No internet service,No internet service,Month-to-month,No,Bank transfer (automatic),19.4,198.1,0,0,No,0,New (0-12m),0,0.28919522060507086,Low
9435-JMLSX,Male,No,Yes,No,71,Yes,No,DSL,Yes,Yes,Yes,Yes,Yes,Yes,Two year,Yes,Bank transfer (automatic),86.1,6045.9,0,0,No,0,Loyal (60m+),0,0.0004621537528437215,Low
3352-ALMCK,Male,No,No,No,40,Yes,Yes,Fiber optic,No,Yes,Yes,No,Yes,Yes,Month-to-month,Yes,Mailed check,102.65,4108.15,0,0,No,0,Established (37-60m),0,0.14451650038284958,Low
5312-IRCFR,Female,No,Yes,Yes,64,Yes,Yes,Fiber optic,No,Yes,Yes,No,No,Yes,One year,Yes,Electronic check,92.85,5980.75,3,4,No,0,Loyal (60m+),7,0.7669025498617951,Critical
5294-IMHHT,Male,No,Yes,No,53,Yes,Yes,Fiber optic,No,Yes,No,Yes,No,Yes,One year,No,Bank transfer (automatic),97.75,5043.2,0,0,No,0,Established (37-60m),0,0.021753176364238496,Low
6176-YJWAS,Male,No,Yes,No,72,Yes,Yes,Fiber optic,Yes,Yes,Yes,No,Yes,No,Two year,Yes,Credit card (automatic),97.95,7114.25,0,0,No,0,Loyal (60m+),0,0.0014591093156208937,Low
5310-NOOVA,Male,No,No,No,46,Yes,No,No,No internet service,No internet service,No internet service,No internet service,No internet service,No internet service,Two year,No,Electronic check,19.95,907.05,0,0,No,0,Established (37-60m),0,0.01002754784385178,Low
4526-EXKKN,Male,No,No,No,40,Yes,Yes,No,No internet service,No internet service,No internet service,No internet service,No internet service,No internet service,Two year,Yes,Mailed check,24.6,973.95,5,0,No,0,Established (37-60m),5,0.007738600600333168,Low
5311-IHLEI,Male,No,No,No,12,No,No phone service,DSL,Yes,Yes,No,Yes,Yes,No,Month-to-month,Yes,Bank transfer (automatic),50.95,605.75,0,0,No,0,New (0-12m),0,0.4427521774562574,High
3987-KQDDU,Male,No,No,No,9,Yes,No,Fiber optic,Yes,No,No,No,No,No,Month-to-month,No,Electronic check,75.6,661.55,3,0,No,0,New (0-12m),3,0.8448411961511578,Critical
3404-JNXAX,Female,No,Yes,Yes,51,Yes,Yes,Fiber optic,No,No,No,Yes,No,No,Month-to-month,Yes,Electronic check,80.75,4116.9,2,0,No,0,Established (37-60m),2,0.13327494858808955,Low
5131-PONJI,Male,No,Yes,Yes,49,Yes,No,Fiber optic,No,Yes,Yes,No,Yes,No,Month-to-month,Yes,Credit card (automatic),90.4,4494.65,0,0,No,0,Established (37-60m),0,0.08809931906829815,Low
3489-VSFRD,Female,No,No,No,56,Yes,No,DSL,Yes,No,Yes,Yes,No,No,One year,Yes,Credit card (automatic),60.25,3282.75,2,0,No,0,Established (37-60m),2,0.012673543770317739,Low
3345-JHUEO,Male,No,No,No,4,Yes,No,No,No internet service,No internet service,No internet service,No internet service,No internet service,No internet service,Month-to-month,Yes,Electronic check,20.2,55.7,0,0,No,0,New (0-12m),0,0.49931189655242164,High
5815-HGGHV,Male,No,Yes,No,20,Yes,No,DSL,Yes,No,No,Yes,No,Yes,One year,Yes,Mailed check,64.15,1274.45,0,0,No,0,Mid (13-36m),0,0.1000411900974451,Low
5260-UMPWX,Female,No,Yes,Yes,26,Yes,No,No,No internet service,No internet service,No internet service,No internet service,No internet service,No internet service,Month-to-month,Yes,Credit card (automatic),20.25,493.95,0,0,No,0,Mid (13-36m),0,0.14755250664403066,Low
5649-RXQTV,Male,No,No,No,51,Yes,No,Fiber optic,No,Yes,Yes,No,Yes,Yes,Month-to-month,Yes,Electronic check,99.0,5038.15,0,0,No,0,Established (37-60m),0,0.10904810903909905,Low
2674-MIAHT,Female,No,No,No,4,Yes,Yes,Fiber optic,No,Yes,No,No,No,No,Month-to-month,Yes,Mailed check,80.3,324.2,0,0,No,0,New (0-12m),0,0.8334904125847767,Critical
2576-HXMPA,Female,No,No,No,1,Yes,No,No,No internet service,No internet service,No internet service,No internet service,No internet service,No internet service,Month-to-month,No,Credit card (automatic),19.55,19.55,0,0,No,0,New (0-12m),0,0.4604711901837956,High
7587-AOVVU,Male,No,Yes,Yes,27,Yes,Yes,Fiber optic,Yes,Yes,No,Yes,Yes,No,Month-to-month,No,Electronic check,100.75,2793.55,0,2,No,0,Mid (13-36m),2,0.8819533455725191,Critical
6898-MDLZW,Male,No,No,No,12,Yes,No,DSL,No,Yes,No,Yes,No,No,Month-to-month,Yes,Mailed check,53.75,648.65,0,0,No,0,New (0-12m),0,0.40204360540426204,High
4707-YNOQA,Female,No,Yes,Yes,34,Yes,Yes,No,No internet service,No internet service,No internet service,No internet service,No internet service,No internet service,One year,Yes,Credit card (automatic),25.6,917.15,0,0,No,0,Mid (13-36m),0,0.0334860391293211,Low
9357-UJRUN,Male,No,Yes,No,24,Yes,Yes,DSL,Yes,No,No,Yes,No,No,One year,Yes,Electronic check,58.35,1346.9,0,0,No,0,Mid (13-36m),0,0.1337927029550215,Low
8648-PFRMP,Female,Yes,No,No,14,No,No phone service,DSL,No,No,No,No,Yes,Yes,Month-to-month,Yes,Electronic check,46.35,672.7,0,0,No,0,Mid (13-36m),0,0.6402397145770532,High
7663-CUXZB,Male,No,Yes,No,59,Yes,Yes,Fiber optic,Yes,Yes,Yes,Yes,Yes,Yes,Two year,No,Electronic check,113.75,6561.25,0,0,No,0,Established (37-60m),0,0.0033151904649837425,Low
0258-NOKBL,Male,No,No,No,3,Yes,No,Fiber optic,No,Yes,Yes,No,No,Yes,Month-to-month,No,Electronic check,90.4,268.45,0,0,No,0,New (0-12m),0,0.8721268287799208,Critical
1163-VIPRI,Female,No,Yes,Yes,65,Yes,Yes,Fiber optic,Yes,No,Yes,Yes,Yes,Yes,Two year,No,Electronic check,109.3,7337.55,0,0,No,0,Loyal (60m+),0,0.0019263711910737973,Low
9348-ROUAI,Female,No,Yes,Yes,59,Yes,Yes,DSL,Yes,Yes,Yes,Yes,Yes,Yes,Two year,No,Credit card (automatic),90.3,5194.05,0,0,No,0,Established (37-60m),0,0.000921886881930562,Low
9443-JUBUO,Male,No,Yes,Yes,72,No,No phone service,DSL,Yes,Yes,Yes,Yes,Yes,Yes,Two year,Yes,Credit card (automatic),65.25,4478.85,0,0,No,0,Loyal (60m+),0,0.0007828607881541938,Low
3043-TYBNO,Male,No,No,No,3,Yes,No,DSL,No,No,No,Yes,No,Yes,Month-to-month,No,Mailed check,60.65,196.9,0,0,No,0,New (0-12m),0,0.5247464492479039,High
4830-FAXFM,Male,No,No,Yes,19,Yes,Yes,No,No internet service,No internet service,No internet service,No internet service,No internet service,No internet service,Month-to-month,Yes,Credit card (automatic),24.1,439.2,0,1,No,0,Mid (13-36m),1,0.4593617430930167,High
5906-BFOZT,Male,No,No,No,1,Yes,No,No,No internet service,No internet service,No internet service,No internet service,No internet service,No internet service,Month-to-month,Yes,Mailed check,19.5,19.5,0,0,No,0,New (0-12m),0,0.4240778480897637,High
2960-NKRSO,Male,No,No,No,24,Yes,No,Fiber optic,No,Yes,Yes,Yes,No,No,Month-to-month,Yes,Electronic check,85.95,2107.15,2,0,No,0,Mid (13-36m),2,0.5373790941396784,High
8996-ZROXE,Male,Yes,No,No,57,Yes,No,DSL,No,No,Yes,Yes,No,No,One year,Yes,Electronic check,53.5,3035.8,0,0,No,0,Established (37-60m),0,0.024182318149937976,Low
5598-IKHQQ,Female,No,No,No,72,Yes,Yes,No,No internet service,No internet service,No internet service,No internet service,No internet service,No internet service,Two year,No,Credit card (automatic),25.45,1866.45,0,0,No,0,Loyal (60m+),0,0.0013955225165262492,Low
0397-ZXWQF,Male,No,No,No,67,Yes,No,No,No internet service,No internet service,No internet service,No internet service,No internet service,No internet service,Two year,No,Bank transfer (automatic),20.5,1430.95,1,0,No,0,Loyal (60m+),1,0.002122481176545474,Low
5266-PFRQK,Male,No,Yes,Yes,52,Yes,No,No,No internet service,No internet service,No internet service,No internet service,No internet service,No internet service,One year,Yes,Credit card (automatic),20.85,1071.6,2,0,No,0,Established (37-60m),2,0.013064691954737381,Low
4674-HGNUA,Male,No,Yes,Yes,71,Yes,Yes,DSL,Yes,Yes,Yes,Yes,Yes,Yes,Two year,No,Credit card (automatic),89.9,6457.15,0,0,No,0,Loyal (60m+),0,0.00031044940933559225,Low
6765-MBQNU,Female,No,Yes,No,26,Yes,Yes,No,No internet service,No internet service,No internet service,No internet service,No internet service,No internet service,One year,No,Mailed check,26.0,684.05,0,0,No,0,Mid (13-36m),0,0.05715262723179186,Low
9786-IJYDL,Female,No,No,No,35,Yes,Yes,Fiber optic,Yes,Yes,Yes,Yes,Yes,Yes,Two year,Yes,Mailed check,113.2,3914.05,0,0,No,0,Mid (13-36m),0,0.018372160832373162,Low
1303-SRDOK,Female,No,Yes,Yes,55,Yes,No,Fiber optic,No,No,No,No,No,No,Two year,Yes,Credit card (automatic),69.05,3842.6,0,3,No,0,Established (37-60m),3,0.41501123334647916,High
3769-MHZNV,Female,No,Yes,Yes,33,Yes,No,No,No internet service,No internet service,No internet service,No internet service,No internet service,No internet service,Two year,No,Mailed check,20.1,670.35,0,0,No,0,Mid (13-36m),0,0.01135624419563602,Low
6295-OSINB,Male,No,Yes,No,72,Yes,Yes,Fiber optic,Yes,Yes,Yes,No,Yes,Yes,Two year,Yes,Electronic check,109.65,7880.25,2,5,No,0,Loyal (60m+),7,0.519399844603904,High
3308-MHOOC,Male,No,No,Yes,1,Yes,No,No,No internet service,No internet service,No internet service,No internet service,No internet service,No internet service,Month-to-month,Yes,Mailed check,19.2,19.2,0,0,No,0,New (0-12m),0,0.3886645113754355,Low
2207-QPJED,Female,Yes,Yes,No,37,Yes,No,Fiber optic,No,No,Yes,Yes,Yes,No,Month-to-month,No,Electronic check,90.0,3371.75,0,0,No,0,Established (37-60m),0,0.3312124842247681,Low
4177-JPDFU,Male,No,No,No,12,No,No phone service,DSL,No,Yes,No,Yes,No,No,Month-to-month,No,Mailed check,34.0,442.45,3,0,No,0,New (0-12m),3,0.4832306921834959,High
2239-CFOUJ,Male,No,Yes,Yes,1,Yes,No,No,No internet service,No internet service,No internet service,No internet service,No internet service,No internet service,One year,No,Mailed check,20.4,20.4,0,0,No,0,New (0-12m),0,0.1772403622943196,Low
8046-DNVTL,Male,No,Yes,No,62,No,No phone service,DSL,Yes,Yes,No,Yes,No,No,Two year,Yes,Credit card (automatic),38.6,2345.55,0,0,No,0,Loyal (60m+),0,0.004234080295379355,Low
2209-XADXF,Female,No,No,No,1,No,No phone service,DSL,No,No,No,No,No,No,Month-to-month,No,Bank transfer (automatic),25.25,25.25,0,0,No,0,New (0-12m),0,0.7567952952578003,Critical
6620-JDYNW,Female,No,No,No,18,Yes,Yes,DSL,Yes,No,Yes,No,No,No,Month-to-month,Yes,Mailed check,60.6,1156.35,0,0,No,0,Mid (13-36m),0,0.3427147296869538,Low
4770-UEZOX,Male,No,No,No,2,Yes,No,Fiber optic,No,Yes,No,No,No,No,Month-to-month,Yes,Electronic check,74.75,144.8,0,0,No,0,New (0-12m),0,0.9017811454530678,Critical
1038-RQOST,Male,No,Yes,Yes,19,Yes,No,No,No internet service,No internet service,No internet service,No internet service,No internet service,No internet service,Month-to-month,No,Mailed check,20.6,414.95,0,0,No,0,Mid (13-36m),0,0.1767100815592986,Low
4568-TTZRT,Male,No,No,No,9,Yes,No,No,No internet service,No internet service,No internet service,No internet service,No internet service,No internet service,Month-to-month,No,Mailed check,20.4,181.8,0,0,No,0,New (0-12m),0,0.3181666372606995,Low
9513-DXHDA,Male,No,No,No,27,Yes,No,DSL,Yes,No,Yes,Yes,Yes,Yes,One year,No,Electronic check,81.7,2212.55,0,0,No,0,Mid (13-36m),0,0.07242937315914474,Low
0516-QREYC,Female,Yes,No,No,24,Yes,No,No,No internet service,No internet service,No internet service,No internet service,No internet service,No internet service,Month-to-month,Yes,Mailed check,20.3,459.95,0,0,No,0,Mid (13-36m),0,0.21805601260344862,Low
8084-OIVBS,Female,No,No,No,11,Yes,No,No,No internet service,No internet service,No internet service,No internet service,No internet service,No internet service,One year,No,Mailed check,20.0,211.95,0,0,No,0,New (0-12m),0,0.14456262425095318,Low
8896-BQTTI,Male,No,No,No,1,Yes,Yes,No,No internet service,No internet service,No internet service,No internet service,No internet service,No internet service,Month-to-month,Yes,Mailed check,25.0,25.0,1,0,No,0,New (0-12m),1,0.4059003701138619,High
3865-QBWSJ,Male,Yes,No,Yes,38,Yes,Yes,Fiber optic,Yes,No,No,No,No,No,Month-to-month,Yes,Mailed check,80.45,3162.65,5,0,No,0,Established (37-60m),5,0.2662217066655441,Low
3352-RICWQ,Female,No,Yes,Yes,9,Yes,No,No,No internet service,No internet service,No internet service,No internet service,No internet service,No internet service,Two year,No,Mailed check,19.75,210.65,0,0,No,0,New (0-12m),0,0.0415578677894903,Low
2160-GPFXD,Male,No,Yes,Yes,54,Yes,Yes,DSL,Yes,Yes,No,Yes,No,No,Two year,Yes,Credit card (automatic),65.65,3566.7,0,0,No,0,Established (37-60m),0,0.0025253852841365556,Low
2065-MMKGR,Female,No,No,No,29,Yes,Yes,DSL,No,No,No,No,Yes,Yes,One year,Yes,Credit card (automatic),71.0,2080.1,0,0,No,0,Mid (13-36m),0,0.0701958843036184,Low
5857-TYBCJ,Male,Yes,Yes,No,44,Yes,Yes,Fiber optic,No,No,Yes,No,Yes,No,Month-to-month,Yes,Electronic check,89.2,4040.2,0,0,No,0,Established (37-60m),0,0.24119375433008525,Low
1498-NHTLT,Male,No,Yes,Yes,59,Yes,No,DSL,Yes,Yes,Yes,Yes,Yes,Yes,Two year,Yes,Electronic check,86.75,5186.0,0,0,No,0,Established (37-60m),0,0.001337605926379055,Low
1402-PTHGN,Female,No,Yes,Yes,18,Yes,No,DSL,Yes,Yes,No,Yes,No,No,One year,Yes,Mailed check,61.5,1087.45,0,0,No,0,Mid (13-36m),0,0.11315624060024589,Low
4176-RELJR,Male,Yes,No,No,67,Yes,Yes,No,No internet service,No internet service,No internet service,No internet service,No internet service,No internet service,Two year,No,Credit card (automatic),25.1,1672.15,5,0,No,0,Loyal (60m+),5,0.0021466783635300675,Low
5199-FPUSP,Male,No,No,Yes,33,No,No phone service,DSL,Yes,No,No,Yes,No,No,One year,No,Credit card (automatic),34.05,1113.95,0,0,No,0,Mid (13-36m),0,0.0817017625152905,Low
6377-KSLXC,Male,No,No,No,5,Yes,No,No,No internet service,No internet service,No internet service,No internet service,No internet service,No internet service,Month-to-month,No,Mailed check,19.95,107.05,0,0,No,0,New (0-12m),0,0.3690661757300038,Low
1796-JANOW,Female,No,No,No,2,Yes,No,No,No internet service,No internet service,No internet service,No internet service,No internet service,No internet service,Month-to-month,No,Mailed check,19.95,38.15,0,0,No,0,New (0-12m),0,0.4323352079239598,High
0238-WHBIQ,Male,No,Yes,Yes,72,Yes,Yes,DSL,Yes,Yes,Yes,Yes,Yes,Yes,Two year,No,Credit card (automatic),89.7,6339.3,0,0,No,0,Loyal (60m+),0,0.00030806667017685185,Low
8735-NBLWT,Male,No,No,Yes,9,Yes,No,No,No internet service,No internet service,No internet service,No internet service,No internet service,No internet service,Month-to-month,No,Mailed check,20.4,184.1,0,0,No,0,New (0-12m),0,0.2861982696005206,Low
6651-RLGGM,Male,No,Yes,Yes,67,Yes,Yes,No,No internet service,No internet service,No internet service,No internet service,No internet service,No internet service,Two year,No,Mailed check,26.3,1688.9,0,0,No,0,Loyal (60m+),0,0.001306677855318337,Low
1614-JBEBI,Female,No,No,No,8,Yes,No,No,No internet service,No internet service,No internet service,No internet service,No internet service,No internet service,Month-to-month,Yes,Mailed check,20.7,137.6,0,0,No,0,New (0-12m),0,0.3524789680368084,Low
5696-EXCYS,Male,No,No,No,17,Yes,No,No,No internet service,No internet service,No internet service,No internet service,No internet service,No internet service,Two year,No,Credit card (automatic),19.45,369.05,0,0,No,0,Mid (13-36m),0,0.032000953226342554,Low
5795-KTGUD,Female,No,Yes,No,68,Yes,Yes,Fiber optic,Yes,Yes,Yes,No,Yes,Yes,Two year,Yes,Bank transfer (automatic),110.8,7553.6,0,0,No,0,Loyal (60m+),0,0.0015155453335709266,Low
7924-GJZFI,Female,Yes,Yes,No,25,Yes,No,Fiber optic,No,No,No,No,No,No,Month-to-month,Yes,Electronic check,69.3,1813.1,0,0,No,0,Mid (13-36m),0,0.7047485100941918,Critical
4702-HDRKD,Male,No,No,No,67,No,No phone service,DSL,Yes,No,Yes,Yes,Yes,No,One year,Yes,Bank transfer (automatic),49.35,3321.35,0,0,No,0,Loyal (60m+),0,0.008214240570154753,Low
8512-WIWYV,Male,No,No,No,32,Yes,No,No,No internet service,No internet service,No internet service,No internet service,No internet service,No internet service,One year,No,Credit card (automatic),20.35,707.5,0,0,No,0,Mid (13-36m),0,0.0468694217548723,Low
5897-ZYEKH,Female,Yes,Yes,No,67,Yes,Yes,Fiber optic,Yes,Yes,No,No,Yes,Yes,One year,Yes,Electronic check,105.6,7112.15,0,0,No,0,Loyal (60m+),0,0.01205400409813289,Low
5456-ITGIC,Male,Yes,Yes,No,72,No,No phone service,DSL,Yes,Yes,Yes,Yes,Yes,Yes,Two year,Yes,Credit card (automatic),64.45,4641.1,0,0,No,0,Loyal (60m+),0,0.001079952878301224,Low
1406-PUQVY,Male,No,No,Yes,1,Yes,No,DSL,No,Yes,No,No,No,No,Month-to-month,Yes,Electronic check,49.9,49.9,0,0,No,0,New (0-12m),0,0.7128591029339804,Critical
9114-AAFQH,Female,No,Yes,No,48,Yes,No,DSL,No,Yes,Yes,No,No,Yes,One year,Yes,Electronic check,65.65,3094.65,0,0,No,0,Established (37-60m),0,0.031875409578478155,Low
8715-KKTFG,Female,No,Yes,No,61,Yes,Yes,Fiber optic,No,No,Yes,Yes,Yes,Yes,One year,Yes,Bank transfer (automatic),103.3,6518.35,0,0,No,0,Loyal (60m+),0,0.009392125926130115,Low
1728-BQDMA,Female,No,No,No,2,Yes,No,DSL,No,No,No,No,No,No,Month-to-month,No,Electronic check,44.45,82.7,0,0,No,0,New (0-12m),0,0.7627417092855193,Critical
5117-ZSMHQ,Female,No,Yes,Yes,71,Yes,Yes,DSL,Yes,Yes,Yes,Yes,Yes,Yes,Two year,No,Bank transfer (automatic),89.9,6342.7,0,0,No,0,Loyal (60m+),0,0.00037698068056989505,Low
5151-HQRDG,Male,No,Yes,No,37,Yes,Yes,DSL,Yes,No,No,No,No,No,Month-to-month,Yes,Mailed check,55.05,2030.75,0,0,No,0,Established (37-60m),0,0.1251214621241131,Low
0960-HUWBM,Male,No,Yes,Yes,65,Yes,Yes,Fiber optic,No,No,Yes,Yes,Yes,Yes,Two year,Yes,Bank transfer (automatic),104.1,6700.05,0,0,No,0,Loyal (60m+),0,0.0016215269750461767,Low
6465-GSRCL,Female,No,No,Yes,67,Yes,Yes,Fiber optic,No,Yes,No,Yes,Yes,Yes,One year,Yes,Bank transfer (automatic),106.6,7244.7,0,0,No,0,Loyal (60m+),0,0.004838811996677968,Low
0263-FJTQO,Male,No,Yes,Yes,50,Yes,Yes,DSL,Yes,No,No,Yes,Yes,No,Two year,Yes,Credit card (automatic),70.5,3486.65,4,0,No,0,Established (37-60m),4,0.0029542745481363234,Low
7319-ZNRTR,Male,No,Yes,Yes,25,Yes,No,No,No internet service,No internet service,No internet service,No internet service,No internet service,No internet service,One year,No,Electronic check,19.6,411.15,0,0,No,0,Mid (13-36m),0,0.08670373722834845,Low
7503-EPSZW,Female,No,Yes,Yes,64,Yes,Yes,No,No internet service,No internet service,No internet service,No internet service,No internet service,No internet service,Two year,Yes,Mailed check,24.05,1559.15,0,0,No,0,Loyal (60m+),0,0.0017872773377085396,Low
7089-XXAYG,Male,No,Yes,No,25,No,No phone service,DSL,No,No,Yes,No,Yes,No,One year,Yes,Credit card (automatic),38.1,970.4,0,0,No,0,Mid (13-36m),0,0.14922728693966453,Low
8070-AAWZP,Male,Yes,Yes,No,24,No,No phone service,DSL,No,No,Yes,Yes,No,No,Month-to-month,No,Mailed check,34.25,828.2,0,0,No,0,Mid (13-36m),0,0.3480550252097961,Low
1666-JXLKU,Female,No,No,No,37,Yes,Yes,Fiber optic,No,No,Yes,No,Yes,Yes,Month-to-month,Yes,Electronic check,100.05,3810.55,0,0,No,0,Established (37-60m),0,0.28212468034253624,Low
7855-DIWPO,Female,No,No,No,21,Yes,No,Fiber optic,No,No,No,No,No,No,Month-to-month,Yes,Electronic check,68.65,1493.2,0,0,No,0,Mid (13-36m),0,0.7355880925545613,Critical
5133-POWUA,Male,No,No,No,1,Yes,No,DSL,No,No,No,No,No,No,Month-to-month,Yes,Mailed check,45.8,45.8,0,0,No,0,New (0-12m),0,0.6558774969842794,High
5652-MSDEY,Female,No,No,No,10,Yes,Yes,Fiber optic,No,No,No,No,No,No,Month-to-month,Yes,Mailed check,75.75,777.3,0,0,No,0,New (0-12m),0,0.773740243350109,Critical
1810-BOHSY,Male,No,Yes,No,51,Yes,Yes,Fiber optic,Yes,Yes,No,No,No,Yes,One year,Yes,Credit card (automatic),96.4,4911.05,0,0,No,0,Established (37-60m),0,0.029090840724454985,Low
1784-BXEFA,Female,No,No,No,10,Yes,No,No,No internet service,No internet service,No internet service,No internet service,No internet service,No internet service,Month-to-month,Yes,Mailed check,20.55,187.35,0,0,No,0,New (0-12m),0,0.3273455717183541,Low
7351-MHQVU,Female,No,No,No,6,No,No phone service,DSL,Yes,Yes,No,Yes,No,Yes,Month-to-month,No,Credit card (automatic),50.95,307.6,0,0,No,0,New (0-12m),0,0.548196861509056,High
9224-VTYID,Male,No,Yes,Yes,47,Yes,Yes,DSL,Yes,Yes,Yes,Yes,Yes,Yes,Two year,Yes,Mailed check,90.5,4318.35,0,0,No,0,Established (37-60m),0,0.0018959692332074262,Low
9500-IWPXQ,Female,No,Yes,Yes,61,Yes,Yes,DSL,Yes,Yes,Yes,Yes,No,Yes,One year,Yes,Electronic check,79.4,4820.55,1,0,No,0,Loyal (60m+),1,0.005775033926740421,Low
5762-TJXGK,Female,No,No,No,52,No,No phone service,DSL,Yes,Yes,Yes,No,Yes,Yes,Two year,Yes,Bank transfer (automatic),58.75,3038.55,0,0,No,0,Established (37-60m),0,0.0063704867826830875,Low
4504-YOULA,Female,No,Yes,Yes,35,Yes,Yes,DSL,Yes,Yes,No,No,No,No,Month-to-month,Yes,Credit card (automatic),59.45,2136.9,0,0,No,0,Mid (13-36m),0,0.12533452669446532,Low
5569-IDSEY,Male,No,Yes,No,71,Yes,Yes,Fiber optic,No,Yes,Yes,No,Yes,Yes,One year,Yes,Bank transfer (automatic),105.7,7472.15,1,0,No,0,Loyal (60m+),1,0.004566771869129502,Low
7284-ZZLOH,Male,No,Yes,No,45,Yes,No,DSL,Yes,No,Yes,No,No,No,Two year,No,Credit card (automatic),53.3,2296.25,0,0,No,0,Established (37-60m),0,0.009883008532917828,Low
1777-JYQPJ,Male,No,No,No,2,No,No phone service,DSL,No,No,No,No,No,No,Month-to-month,No,Mailed check,24.3,38.45,0,0,No,0,New (0-12m),0,0.7076889393185861,Critical
3401-URHDA,Male,No,No,No,51,Yes,Yes,DSL,Yes,No,No,Yes,No,No,One year,No,Credit card (automatic),59.9,3043.6,0,0,No,0,Established (37-60m),0,0.015939532707485226,Low
1599-EAHXY,Male,No,Yes,Yes,60,Yes,Yes,No,No internet service,No internet service,No internet service,No internet service,No internet service,No internet service,One year,No,Credit card (automatic),23.95,1506.4,0,0,No,0,Established (37-60m),0,0.007397669057419903,Low
8631-XVRZL,Male,No,No,No,9,Yes,No,No,No internet service,No internet service,No internet service,No internet service,No internet service,No internet service,One year,Yes,Mailed check,20.15,163.7,0,0,No,0,New (0-12m),0,0.14666140198313019,Low
3853-LYGAM,Male,No,No,No,17,Yes,Yes,Fiber optic,No,No,Yes,Yes,No,Yes,Month-to-month,Yes,Bank transfer (automatic),95.65,1640.0,0,0,No,0,Mid (13-36m),0,0.540032358656397,High
5751-USDBL,Male,No,Yes,Yes,46,Yes,No,DSL,Yes,No,Yes,Yes,Yes,Yes,Two year,No,Mailed check,81.0,3846.35,0,0,No,0,Established (37-60m),0,0.0026337982177262026,Low
5680-LQOGP,Female,No,No,No,68,Yes,No,DSL,Yes,Yes,Yes,Yes,Yes,Yes,Two year,Yes,Credit card (automatic),82.45,5646.6,0,0,No,0,Loyal (60m+),0,0.0007004839578697266,Low
8189-DUKMV,Female,No,Yes,No,4,Yes,No,No,No internet service,No internet service,No internet service,No internet service,No internet service,No internet service,One year,No,Bank transfer (automatic),20.5,79.05,0,0,No,0,New (0-12m),0,0.2073525938434178,Low
9931-DCEZH,Male,No,No,Yes,28,Yes,No,DSL,No,Yes,No,Yes,No,No,One year,Yes,Credit card (automatic),54.4,1516.6,0,0,No,0,Mid (13-36m),0,0.07063096151373047,Low
1898-JSNDC,Female,No,No,No,39,Yes,No,DSL,No,Yes,No,No,Yes,No,One year,Yes,Credit card (automatic),58.6,2224.5,0,1,No,0,Established (37-60m),1,0.16299093596900371,Low
0315-LVCRK,Male,No,No,No,11,Yes,No,Fiber optic,No,No,Yes,No,No,Yes,Month-to-month,No,Electronic check,84.8,888.75,0,0,No,0,New (0-12m),0,0.8022453156997932,Critical
3911-RSNHI,Female,No,Yes,No,71,No,No phone service,DSL,No,Yes,Yes,Yes,Yes,Yes,Two year,Yes,Credit card (automatic),61.4,4310.35,0,0,No,0,Loyal (60m+),0,0.0011683638404939721,Low
2410-CIYFZ,Male,No,No,Yes,2,Yes,No,No,No internet service,No internet service,No internet service,No internet service,No internet service,No internet service,Month-to-month,No,Mailed check,20.4,42.9,0,0,No,0,New (0-12m),0,0.3715634697977372,Low
5505-OVWQW,Female,No,No,No,17,Yes,No,No,No internet service,No internet service,No internet service,No internet service,No internet service,No internet service,One year,No,Mailed check,20.15,353.65,0,0,No,0,Mid (13-36m),0,0.10720923738134859,Low
7271-AJDTL,Female,No,Yes,No,55,Yes,Yes,Fiber optic,No,Yes,Yes,No,Yes,No,Month-to-month,Yes,Credit card (automatic),94.45,5073.1,0,3,No,0,Established (37-60m),3,0.7906750374878742,Critical
1867-TJHTS,Female,No,No,No,58,Yes,Yes,Fiber optic,Yes,No,No,No,No,No,Month-to-month,Yes,Bank transfer (automatic),79.8,4526.85,0,0,No,0,Established (37-60m),0,0.0926959914618661,Low
6860-YRJZP,Male,Yes,No,No,9,Yes,Yes,Fiber optic,No,No,No,No,No,No,Month-to-month,Yes,Electronic check,74.05,678.45,0,0,No,0,New (0-12m),0,0.8724992981042343,Critical
4429-WYGFR,Male,No,No,No,26,Yes,No,DSL,No,No,No,Yes,No,No,Month-to-month,No,Bank transfer (automatic),49.15,1237.3,0,1,No,0,Mid (13-36m),1,0.5552390191752812,High
2817-LVCPP,Female,No,No,No,50,Yes,No,No,No internet service,No internet service,No internet service,No internet service,No internet service,No internet service,Two year,No,Credit card (automatic),19.4,1023.95,0,0,No,0,Established (37-60m),0,0.005814075857071249,Low
5038-ETMLM,Female,No,Yes,No,72,Yes,Yes,Fiber optic,Yes,Yes,Yes,Yes,Yes,Yes,Two year,Yes,Bank transfer (automatic),113.65,8182.75,0,0,No,0,Loyal (60m+),0,0.0007992956483938711,Low
5056-FIMPT,Female,No,No,Yes,43,Yes,No,Fiber optic,Yes,Yes,No,Yes,Yes,Yes,One year,Yes,Credit card (automatic),106.0,4532.3,0,2,No,0,Established (37-60m),2,0.3357126793899881,Low
4521-WFJAI,Male,No,No,No,56,Yes,Yes,No,No internet service,No internet service,No internet service,No internet service,No internet service,No internet service,Two year,Yes,Bank transfer (automatic),25.95,1444.05,0,0,No,0,Established (37-60m),0,0.00336171607158836,Low
6569-KTMDU,Female,No,No,No,1,Yes,No,No,No internet service,No internet service,No internet service,No internet service,No internet service,No internet service,Month-to-month,No,Mailed check,19.1,19.1,0,0,No,0,New (0-12m),0,0.4487023885570937,High
8809-XKHMD,Male,No,Yes,No,72,Yes,Yes,Fiber optic,Yes,Yes,No,Yes,No,Yes,Two year,Yes,Bank transfer (automatic),100.55,7325.1,1,0,No,0,Loyal (60m+),1,0.0011449869962184102,Low
0396-YCHWO,Male,No,Yes,No,36,Yes,Yes,Fiber optic,No,No,No,No,Yes,Yes,Month-to-month,Yes,Electronic check,95.4,3474.2,0,0,No,0,Mid (13-36m),0,0.2961226946972857,Low
0867-LDTTC,Male,No,No,No,5,Yes,No,DSL,No,No,Yes,Yes,Yes,Yes,Month-to-month,No,Bank transfer (automatic),75.15,392.65,0,0,No,0,New (0-12m),0,0.46513992491889267,High
9391-DXGGG,Female,Yes,No,No,44,Yes,No,Fiber optic,No,Yes,Yes,No,No,Yes,One year,No,Credit card (automatic),89.15,3990.75,0,0,No,0,Established (37-60m),0,0.08299221872156018,Low
9844-FELAJ,Female,Yes,Yes,Yes,70,Yes,Yes,Fiber optic,No,Yes,Yes,Yes,Yes,Yes,One year,Yes,Electronic check,107.9,7475.85,0,0,No,0,Loyal (60m+),0,0.006338682619528189,Low
2122-SZZZD,Male,No,No,No,44,Yes,No,No,No internet service,No internet service,No internet service,No internet service,No internet service,No internet service,One year,No,Credit card (automatic),19.5,835.5,1,0,No,0,Established (37-60m),1,0.02584026574576293,Low
3148-AOIQT,Female,No,Yes,No,69,Yes,Yes,No,No internet service,No internet service,No internet service,No internet service,No internet service,No internet service,Two year,Yes,Credit card (automatic),24.95,1718.35,0,0,No,0,Loyal (60m+),0,0.0016111677437633642,Low
8395-ETZKQ,Male,Yes,Yes,Yes,68,Yes,No,No,No internet service,No internet service,No internet service,No internet service,No internet service,No internet service,One year,No,Bank transfer (automatic),19.5,1193.55,0,0,No,0,Loyal (60m+),0,0.0077422207539535395,Low
6692-YQHXC,Male,No,No,No,16,Yes,No,Fiber optic,No,No,No,No,No,No,Month-to-month,Yes,Credit card (automatic),69.95,1205.5,0,0,No,0,Mid (13-36m),0,0.6968173489578472,High
3889-VWBID,Male,No,Yes,Yes,68,Yes,No,DSL,Yes,Yes,No,Yes,Yes,Yes,Two year,No,Bank transfer (automatic),82.85,5776.45,0,0,No,0,Loyal (60m+),0,0.0005247005693236987,Low
5222-JCXZT,Male,No,No,No,4,Yes,No,No,No internet service,No internet service,No internet service,No internet service,No internet service,No internet service,Month-to-month,No,Mailed check,19.0,78.9,5,0,No,0,New (0-12m),5,0.3856803847319985,Low
9754-CLVZW,Female,No,Yes,Yes,26,No,No phone service,DSL,Yes,Yes,No,Yes,No,No,Month-to-month,No,Credit card (automatic),38.85,1025.15,0,0,No,0,Mid (13-36m),0,0.2559677344209936,Low
2739-CCZMB,Male,No,No,Yes,5,Yes,No,No,No internet service,No internet service,No internet service,No internet service,No internet service,No internet service,Month-to-month,No,Credit card (automatic),20.35,122.0,0,0,No,0,New (0-12m),0,0.34439023627297133,Low
7080-TNUWP,Male,No,Yes,No,70,Yes,Yes,Fiber optic,No,Yes,Yes,No,Yes,No,One year,Yes,Bank transfer (automatic),95.0,6602.9,0,0,No,0,Loyal (60m+),0,0.007324920676776751,Low
0496-AHOOK,Male,No,Yes,No,24,Yes,No,DSL,Yes,No,No,Yes,Yes,Yes,One year,No,Bank transfer (automatic),74.4,1712.9,0,0,No,0,Mid (13-36m),0,0.07201425629523155,Low
8336-TAVKX,Female,Yes,Yes,No,72,Yes,Yes,DSL,Yes,Yes,Yes,Yes,No,Yes,Two year,No,Bank transfer (automatic),78.45,5682.25,0,0,No,0,Loyal (60m+),0,0.0007465206179705124,Low
2468-SJFLM,Male,No,No,No,1,Yes,No,Fiber optic,No,No,No,Yes,No,No,Month-to-month,Yes,Mailed check,74.3,74.3,0,0,No,0,New (0-12m),0,0.835150794200045,Critical
3181-VTHOE,Male,No,Yes,No,70,No,No phone service,DSL,No,Yes,Yes,Yes,No,Yes,One year,Yes,Bank transfer (automatic),51.05,3635.15,0,0,No,0,Loyal (60m+),0,0.005920940676007229,Low
7168-HDQHG,Female,No,Yes,Yes,36,Yes,No,No,No internet service,No internet service,No internet service,No internet service,No internet service,No internet service,Month-to-month,No,Bank transfer (automatic),19.2,702.9,0,0,No,0,Mid (13-36m),0,0.0966446402545501,Low
4567-AKPIA,Female,No,Yes,Yes,41,Yes,Yes,Fiber optic,No,Yes,Yes,Yes,Yes,Yes,One year,Yes,Bank transfer (automatic),109.1,4454.25,0,0,No,0,Established (37-60m),0,0.03791171353169124,Low
7901-HXJVA,Male,No,No,No,14,Yes,No,Fiber optic,No,No,Yes,No,No,No,Month-to-month,No,Electronic check,76.45,1117.55,0,0,No,0,Mid (13-36m),0,0.7841251441811103,Critical
5924-IFQTT,Male,No,Yes,Yes,13,Yes,Yes,DSL,No,Yes,Yes,Yes,Yes,No,Month-to-month,Yes,Electronic check,72.8,930.05,0,0,No,0,Mid (13-36m),0,0.37082943658332357,Low
7968-QUXNS,Male,No,No,No,6,Yes,No,No,No internet service,No internet service,No internet service,No internet service,No internet service,No internet service,Month-to-month,No,Mailed check,18.95,110.15,0,0,No,0,New (0-12m),0,0.3605812663929256,Low
8903-WMRNW,Female,No,Yes,No,15,Yes,No,Fiber optic,Yes,No,Yes,No,Yes,Yes,Month-to-month,No,Electronic check,101.75,1669.4,0,0,No,0,Mid (13-36m),0,0.6816223235578377,High
2452-SNHFZ,Female,No,No,No,47,Yes,No,Fiber optic,Yes,No,No,No,No,No,Month-to-month,No,Credit card (automatic),75.45,3545.1,0,0,No,0,Established (37-60m),0,0.1936112655499222,Low
3629-WEAAM,Female,No,No,No,8,Yes,No,DSL,No,No,Yes,Yes,No,Yes,Month-to-month,No,Mailed check,64.1,504.05,5,0,No,0,New (0-12m),5,0.45091941370450234,High
6029-CSMJE,Male,No,No,No,17,No,No phone service,DSL,No,No,No,No,No,No,Month-to-month,Yes,Mailed check,25.65,440.2,0,0,No,0,Mid (13-36m),0,0.5003817673364392,High
7993-NQLJE,Male,No,Yes,Yes,15,Yes,No,Fiber optic,Yes,No,No,No,No,No,Month-to-month,No,Mailed check,75.1,1151.55,4,0,No,0,Mid (13-36m),4,0.638277857302734,High
9909-DFRJA,Female,No,No,No,26,Yes,No,Fiber optic,Yes,No,Yes,Yes,No,Yes,One year,Yes,Bank transfer (automatic),95.85,2475.35,0,0,No,0,Mid (13-36m),0,0.1871450639258731,Low
9099-FTUHS,Female,No,No,No,23,Yes,Yes,DSL,Yes,No,No,No,No,No,Month-to-month,No,Electronic check,54.4,1249.25,0,1,No,0,Mid (13-36m),1,0.7203802379545057,Critical
0581-BXBUB,Female,Yes,No,No,4,Yes,No,Fiber optic,No,Yes,No,No,No,No,Month-to-month,No,Electronic check,72.75,317.75,0,0,No,0,New (0-12m),0,0.9166432408712006,Critical
4962-CHQPW,Male,No,No,Yes,29,Yes,No,No,No internet service,No internet service,No internet service,No internet service,No internet service,No internet service,One year,No,Mailed check,19.85,535.05,0,0,No,0,Mid (13-36m),0,0.04709970305594499,Low
9467-ROOLM,Female,No,No,No,25,Yes,No,No,No internet service,No internet service,No internet service,No internet service,No internet service,No internet service,Month-to-month,No,Mailed check,19.05,461.3,0,0,No,0,Mid (13-36m),0,0.17898747160569364,Low
5150-ITWWB,Male,Yes,No,No,3,Yes,Yes,Fiber optic,No,No,No,No,Yes,Yes,Month-to-month,Yes,Electronic check,94.85,335.75,5,0,No,0,New (0-12m),5,0.8861727300079941,Critical
2253-KPMNB,Female,No,Yes,Yes,69,No,No phone service,DSL,Yes,Yes,Yes,Yes,No,No,Two year,No,Bank transfer (automatic),46.25,3121.4,0,0,No,0,Loyal (60m+),0,0.0021246530023392835,Low
1345-ZUKID,Male,No,No,No,14,Yes,No,No,No internet service,No internet service,No internet service,No internet service,No internet service,No internet service,One year,No,Mailed check,19.35,324.8,0,0,No,0,Mid (13-36m),0,0.11430261700750224,Low
6429-SHBCB,Male,No,No,No,19,Yes,Yes,DSL,No,No,No,No,Yes,Yes,Month-to-month,No,Mailed check,69.6,1394.55,0,0,No,0,Mid (13-36m),0,0.2704633704298632,Low
9281-OFDMF,Male,Yes,No,No,39,Yes,Yes,Fiber optic,No,Yes,No,No,No,Yes,Month-to-month,No,Electronic check,90.7,3413.25,0,0,No,0,Established (37-60m),0,0.34100325563005657,Low
2603-HVKCG,Male,No,No,No,31,Yes,No,Fiber optic,No,Yes,Yes,No,Yes,Yes,Month-to-month,Yes,Electronic check,101.4,3143.65,0,0,No,0,Mid (13-36m),0,0.3693033186664004,Low
1834-WULEG,Male,No,Yes,Yes,24,Yes,No,No,No internet service,No internet service,No internet service,No internet service,No internet service,No internet service,One year,No,Mailed check,20.25,439.75,2,0,No,0,Mid (13-36m),2,0.05760723505881732,Low
9097-ZUBYC,Male,No,Yes,No,14,Yes,No,DSL,No,No,No,Yes,No,No,Month-to-month,No,Bank transfer (automatic),48.8,664.4,0,0,No,0,Mid (13-36m),0,0.40703931984896763,High
5148-ORICT,Female,No,Yes,No,64,Yes,No,DSL,Yes,Yes,Yes,Yes,No,Yes,Two year,Yes,Mailed check,74.35,4759.55,0,0,No,0,Loyal (60m+),0,0.0011335477115721004,Low
4893-GYUJU,Female,No,No,No,50,Yes,No,No,No internet service,No internet service,No internet service,No internet service,No internet service,No internet service,One year,Yes,Mailed check,19.35,1033.0,0,2,No,0,Established (37-60m),2,0.21304359714395021,Low
4578-PHJYZ,Male,No,Yes,Yes,52,Yes,No,DSL,No,Yes,Yes,Yes,Yes,No,One year,Yes,Electronic check,68.75,3482.85,0,0,No,0,Established (37-60m),0,0.0144252213370526,Low
7272-QDCKA,Male,No,No,No,28,Yes,Yes,Fiber optic,No,Yes,No,No,Yes,Yes,One year,No,Electronic check,100.2,2688.45,3,0,No,0,Mid (13-36m),3,0.22586115284522182,Low
8908-SLFCJ,Female,No,No,No,21,Yes,No,No,No internet service,No internet service,No internet service,No internet service,No internet service,No internet service,Two year,Yes,Credit card (automatic),20.85,435.25,0,0,No,0,Mid (13-36m),0,0.027906705383591152,Low
9766-HGEDE,Female,No,Yes,No,17,Yes,No,No,No internet service,No internet service,No internet service,No internet service,No internet service,No internet service,One year,No,Mailed check,19.35,307.0,0,0,No,0,Mid (13-36m),0,0.1041893655866982,Low
6968-MHOMU,Male,No,Yes,No,58,No,No phone service,DSL,No,No,No,No,Yes,Yes,One year,Yes,Credit card (automatic),45.0,2689.35,0,0,No,0,Established (37-60m),0,0.01784971950863677,Low
5044-XDPYX,Female,No,Yes,No,51,Yes,Yes,No,No internet service,No internet service,No internet service,No internet service,No internet service,No internet service,Two year,No,Mailed check,25.5,1281.25,0,0,No,0,Established (37-60m),0,0.004205550742278445,Low
1814-WFGVS,Male,No,Yes,Yes,72,No,No phone service,DSL,Yes,No,Yes,Yes,Yes,No,Two year,No,Mailed check,48.9,3527.0,0,0,No,0,Loyal (60m+),0,0.0012580574226023255,Low
3721-WKIIL,Female,No,No,No,27,Yes,No,No,No internet service,No internet service,No internet service,No internet service,No internet service,No internet service,Two year,Yes,Mailed check,19.6,561.15,0,0,No,0,Mid (13-36m),0,0.01941541646693578,Low
6734-CKRSM,Female,No,No,No,3,Yes,No,No,No internet service,No internet service,No internet service,No internet service,No internet service,No internet service,Month-to-month,No,Mailed check,20.0,63.6,3,0,No,0,New (0-12m),3,0.41819041043350186,High
1265-ZFOSD,Female,No,Yes,No,64,Yes,Yes,DSL,Yes,Yes,Yes,Yes,No,Yes,Two year,Yes,Mailed check,81.3,5129.3,0,0,No,0,Loyal (60m+),0,0.0009160707078286977,Low
6568-POCUI,Female,No,Yes,No,45,Yes,No,Fiber optic,No,No,No,Yes,Yes,Yes,Two year,Yes,Credit card (automatic),95.2,4285.8,0,0,No,0,Established (37-60m),0,0.012693724641764253,Low
5197-LQXXH,Female,No,Yes,No,71,Yes,Yes,DSL,No,Yes,Yes,Yes,Yes,Yes,Two year,Yes,Credit card (automatic),83.3,5894.5,0,0,No,0,Loyal (60m+),0,0.0005206649568834794,Low
3457-PQBYH,Female,No,Yes,Yes,58,Yes,No,No,No internet service,No internet service,No internet service,No internet service,No internet service,No internet service,Two year,No,Credit card (automatic),20.3,1160.75,0,0,No,0,Established (37-60m),0,0.003023688539619289,Low
7682-AZNDK,Male,No,Yes,Yes,34,Yes,No,Fiber optic,No,Yes,Yes,No,Yes,No,Month-to-month,Yes,Electronic check,89.85,3091.75,0,0,No,0,Mid (13-36m),0,0.3273435118699481,Low
5384-ZTTWP,Female,No,Yes,Yes,15,Yes,No,No,No internet service,No internet service,No internet service,No internet service,No internet service,No internet service,Month-to-month,No,Mailed check,19.8,272.95,2,0,No,0,Mid (13-36m),2,0.23299390956713212,Low
3745-HRPHI,Male,No,Yes,Yes,66,No,No phone service,DSL,No,No,Yes,Yes,Yes,Yes,Two year,No,Bank transfer (automatic),54.65,3632.0,0,0,No,0,Loyal (60m+),0,0.0016946477423631493,Low
7636-OWBPG,Male,Yes,No,No,12,No,No phone service,DSL,No,Yes,No,No,No,No,Month-to-month,Yes,Credit card (automatic),29.35,381.2,0,0,No,0,New (0-12m),0,0.618496847864869,High
1231-YNDEK,Male,No,No,No,58,Yes,No,No,No internet service,No internet service,No internet service,No internet service,No internet service,No internet service,Two year,Yes,Bank transfer (automatic),19.15,1035.5,3,0,No,0,Established (37-60m),3,0.0038119410437109425,Low
1407-DIGZV,Female,No,Yes,Yes,3,Yes,No,No,No internet service,No internet service,No internet service,No internet service,No internet service,No internet service,Two year,No,Mailed check,19.1,52.0,0,0,No,0,New (0-12m),0,0.05817481407604567,Low
0570-BFQHT,Female,No,No,No,9,Yes,No,Fiber optic,No,Yes,Yes,No,No,No,Month-to-month,No,Electronic check,80.55,653.9,0,0,No,0,New (0-12m),0,0.8489151514758024,Critical
4393-OBCRR,Female,No,No,No,3,Yes,No,No,No internet service,No internet service,No internet service,No internet service,No internet service,No internet service,One year,No,Mailed check,20.25,71.2,0,0,No,0,New (0-12m),0,0.20684118955607506,Low
8564-LDKFL,Male,No,Yes,No,40,Yes,Yes,Fiber optic,No,Yes,Yes,No,Yes,Yes,One year,Yes,Bank transfer (automatic),106.0,4178.65,0,0,No,0,Established (37-60m),0,0.05754065468489967,Low
3696-DFHHB,Female,No,No,No,68,Yes,Yes,No,No internet service,No internet service,No internet service,No internet service,No internet service,No internet service,Two year,No,Bank transfer (automatic),25.5,1821.8,0,0,No,0,Loyal (60m+),0,0.0018302699775125078,Low
4717-GHADL,Female,No,No,No,50,Yes,Yes,DSL,No,Yes,No,Yes,Yes,Yes,Two year,Yes,Mailed check,79.6,4024.2,0,0,No,0,Established (37-60m),0,0.002819662475124476,Low
5501-TVMGM,Male,No,No,No,1,Yes,No,DSL,No,No,No,No,No,Yes,Month-to-month,Yes,Electronic check,55.25,55.25,0,0,No,0,New (0-12m),0,0.7285795423260785,Critical
5879-HMFFH,Female,No,Yes,No,72,Yes,Yes,DSL,Yes,Yes,Yes,Yes,Yes,Yes,Two year,No,Bank transfer (automatic),88.05,6520.8,0,0,No,0,Loyal (60m+),0,0.00040366810801163044,Low
6772-WFQRD,Male,No,No,Yes,40,Yes,No,No,No internet service,No internet service,No internet service,No internet service,No internet service,No internet service,One year,Yes,Bank transfer (automatic),20.4,854.9,0,0,No,0,Established (37-60m),0,0.028162318556230862,Low
3810-DVDQQ,Female,No,Yes,Yes,72,Yes,Yes,Fiber optic,Yes,Yes,Yes,Yes,Yes,Yes,Two year,Yes,Bank transfer (automatic),117.6,8308.9,1,0,No,0,Loyal (60m+),1,0.0006259161188573559,Low
6972-SNKKW,Female,No,No,No,6,Yes,No,No,No internet service,No internet service,No internet service,No internet service,No internet service,No internet service,Month-to-month,No,Mailed check,20.0,109.2,0,0,No,0,New (0-12m),0,0.3794719930867166,Low
3694-GLTJM,Female,No,No,No,5,Yes,No,No,No internet service,No internet service,No internet service,No internet service,No internet service,No internet service,Month-to-month,Yes,Credit card (automatic),19.65,92.05,0,0,No,0,New (0-12m),0,0.40635739042192637,High
8550-XSXUQ,Male,No,Yes,No,48,Yes,Yes,DSL,No,Yes,Yes,No,No,Yes,One year,Yes,Credit card (automatic),70.55,3420.5,5,0,No,0,Established (37-60m),5,0.016344588538188796,Low
9055-MOJJJ,Female,No,Yes,Yes,64,Yes,No,DSL,Yes,No,No,Yes,Yes,No,One year,No,Mailed check,65.8,4068.0,0,0,No,0,Loyal (60m+),0,0.0047755092324258674,Low
4359-INNWN,Female,No,No,No,17,Yes,No,No,No internet service,No internet service,No internet service,No internet service,No internet service,No internet service,One year,No,Credit card (automatic),20.05,337.9,0,0,No,0,Mid (13-36m),0,0.11309636226477499,Low
0585-EGDDA,Male,No,Yes,No,40,Yes,No,Fiber optic,No,Yes,Yes,No,No,No,Month-to-month,Yes,Electronic check,80.0,3168.75,0,0,No,0,Established (37-60m),0,0.31931944984336147,Low
4032-RMHCI,Female,No,Yes,Yes,41,No,No phone service,DSL,Yes,No,Yes,No,No,No,One year,No,Credit card (automatic),35.4,1412.4,0,0,No,0,Established (37-60m),0,0.06369529002910602,Low
0549-CYCQN,Male,Yes,No,No,51,Yes,Yes,Fiber optic,No,Yes,No,No,No,No,One year,Yes,Bank transfer (automatic),79.6,3974.7,0,0,No,0,Established (37-60m),0,0.0662961273728498,Low
3481-JHUZH,Male,No,Yes,No,41,Yes,Yes,Fiber optic,No,Yes,No,No,No,No,Month-to-month,Yes,Electronic check,80.25,3439.0,0,0,No,0,Established (37-60m),0,0.2895717720969496,Low
3594-IVHJZ,Female,No,No,No,2,Yes,No,No,No internet service,No internet service,No internet service,No internet service,No internet service,No internet service,Month-to-month,Yes,Mailed check,20.45,42.45,0,0,No,0,New (0-12m),0,0.4303606734723118,High
6869-FGJJC,Male,No,No,No,68,Yes,No,Fiber optic,No,Yes,Yes,No,No,No,One year,No,Credit card (automatic),79.6,5461.45,0,0,No,0,Loyal (60m+),0,0.014233300756729251,Low
3896-ZVNET,Female,No,Yes,Yes,24,Yes,Yes,No,No internet service,No internet service,No internet service,No internet service,No internet service,No internet service,Two year,No,Mailed check,24.7,571.75,0,0,No,0,Mid (13-36m),0,0.01703287864858245,Low
8205-VSLRB,Male,No,Yes,No,70,Yes,Yes,DSL,Yes,No,Yes,Yes,No,Yes,Two year,No,Credit card (automatic),77.3,5498.2,0,0,No,0,Loyal (60m+),0,0.0006130824268562066,Low
5960-MVTUK,Male,No,No,No,3,No,No phone service,DSL,No,No,No,Yes,No,No,Month-to-month,Yes,Electronic check,29.75,96.85,0,0,No,0,New (0-12m),0,0.7337044577141864,Critical
6817-WTYHE,Male,No,No,No,2,Yes,No,DSL,No,No,No,No,No,No,Month-to-month,No,Bank transfer (automatic),44.9,111.05,0,0,No,0,New (0-12m),0,0.6687280230039943,High
3082-VQXNH,Male,No,Yes,No,3,No,No phone service,DSL,No,Yes,No,No,No,No,Month-to-month,No,Credit card (automatic),29.8,94.4,0,0,No,0,New (0-12m),0,0.6769264573429224,High
4931-TRZWN,Female,No,No,No,13,Yes,No,DSL,Yes,No,No,No,Yes,Yes,Month-to-month,Yes,Electronic check,71.95,923.85,0,0,No,0,Mid (13-36m),0,0.49738546955889423,High
0750-EKNGL,Male,No,No,No,7,Yes,No,No,No internet service,No internet service,No internet service,No internet service,No internet service,No internet service,Month-to-month,No,Mailed check,20.75,141.1,0,0,No,0,New (0-12m),0,0.3416901670525036,Low
7669-LCRSD,Male,No,Yes,Yes,12,Yes,No,DSL,No,No,No,No,Yes,No,Month-to-month,Yes,Mailed check,56.3,628.65,0,0,No,0,New (0-12m),0,0.3937212804542795,Low
3567-PQTSO,Male,No,Yes,Yes,53,Yes,Yes,Fiber optic,No,Yes,Yes,No,Yes,Yes,One year,Yes,Electronic check,105.25,5576.3,3,0,No,0,Established (37-60m),3,0.02474401538598422,Low
8043-PNYSD,Male,No,Yes,Yes,63,Yes,No,No,No internet service,No internet service,No internet service,No internet service,No internet service,No internet service,Two year,No,Mailed check,19.55,1245.6,0,0,No,0,Loyal (60m+),0,0.002007665860567733,Low
9938-EKRGF,Female,No,No,No,15,Yes,No,DSL,Yes,Yes,Yes,Yes,Yes,Yes,Month-to-month,No,Mailed check,84.45,1287.85,0,0,No,0,Mid (13-36m),0,0.25619187311911495,Low
2703-AMTUL,Male,No,Yes,Yes,36,Yes,No,DSL,Yes,Yes,No,No,No,No,One year,No,Mailed check,53.65,1939.35,1,0,No,0,Mid (13-36m),1,0.047135704154276106,Low
0928-JMXNP,Male,Yes,Yes,No,4,No,No phone service,DSL,No,No,Yes,No,No,No,Month-to-month,Yes,Electronic check,29.9,118.25,0,0,No,0,New (0-12m),0,0.787956714037208,Critical
8173-RXAYP,Female,No,Yes,Yes,24,Yes,No,No,No internet service,No internet service,No internet service,No internet service,No internet service,No internet service,Two year,No,Mailed check,19.7,452.55,5,0,No,0,Mid (13-36m),5,0.018890592537463682,Low
4825-XJGDM,Female,No,No,No,61,No,No phone service,DSL,Yes,Yes,Yes,Yes,No,No,One year,No,Credit card (automatic),43.7,2696.55,0,0,No,0,Loyal (60m+),0,0.014944078091144888,Low
5402-HTOTQ,Male,No,No,No,16,Yes,Yes,DSL,No,Yes,No,No,No,No,Month-to-month,No,Electronic check,55.3,875.35,0,0,No,0,Mid (13-36m),0,0.4963194156517504,High
6734-JDTTV,Male,No,Yes,Yes,65,Yes,No,No,No internet service,No internet service,No internet service,No internet service,No internet service,No internet service,Two year,Yes,Credit card (automatic),19.85,1267.05,3,0,No,0,Loyal (60m+),3,0.0019000753500175982,Low
7850-THJMU,Female,No,Yes,Yes,26,Yes,No,No,No internet service,No internet service,No internet service,No internet service,No internet service,No internet service,Two year,No,Credit card (automatic),19.65,494.9,0,2,No,0,Mid (13-36m),2,0.20268503569466473,Low
3890-RTCMS,Male,No,No,No,16,Yes,No,DSL,No,No,No,Yes,No,No,Month-to-month,Yes,Mailed check,49.45,799.0,3,0,No,0,Mid (13-36m),3,0.357889132653142,Low
3717-FDJFU,Male,No,No,Yes,5,Yes,No,No,No internet service,No internet service,No internet service,No internet service,No internet service,No internet service,Two year,No,Mailed check,20.45,106.9,1,0,No,0,New (0-12m),1,0.04950533285897264,Low
3665-JATSN,Female,No,No,No,19,No,No phone service,DSL,No,Yes,No,No,No,Yes,Month-to-month,Yes,Electronic check,39.7,710.05,2,0,No,0,Mid (13-36m),2,0.5485052402134465,High
7966-YOTQW,Male,No,No,No,10,Yes,Yes,DSL,Yes,No,No,No,No,No,Month-to-month,Yes,Credit card (automatic),54.5,568.2,0,0,No,0,New (0-12m),0,0.493038850499892,High
8853-TZDGH,Female,No,No,No,72,Yes,Yes,Fiber optic,No,Yes,Yes,Yes,Yes,Yes,Two year,Yes,Bank transfer (automatic),111.6,8012.75,0,0,No,0,Loyal (60m+),0,0.000919893414078385,Low
4324-BZCKL,Female,No,Yes,Yes,10,Yes,No,DSL,No,Yes,Yes,No,No,No,Month-to-month,Yes,Mailed check,55.55,551.3,0,0,No,0,New (0-12m),0,0.44918485713694767,High
6924-TDGMT,Male,No,Yes,No,11,Yes,No,No,No internet service,No internet service,No internet service,No internet service,No internet service,No internet service,One year,Yes,Mailed check,20.55,184.95,0,0,No,0,New (0-12m),0,0.12687162870554763,Low
1536-YHDOE,Male,No,Yes,Yes,17,Yes,Yes,DSL,Yes,No,No,Yes,No,No,One year,Yes,Mailed check,62.1,1096.65,0,0,No,0,Mid (13-36m),0,0.10758190276230024,Low
8123-QBNAZ,Female,No,Yes,Yes,36,Yes,Yes,Fiber optic,Yes,No,Yes,No,Yes,Yes,Month-to-month,Yes,Credit card (automatic),104.5,3684.95,0,1,No,0,Mid (13-36m),1,0.4475587227216091,High
3629-ZNKXA,Male,Yes,No,No,17,Yes,No,Fiber optic,No,Yes,Yes,No,Yes,Yes,Month-to-month,Yes,Electronic check,101.8,1752.45,0,0,No,0,Mid (13-36m),0,0.6925872532987701,High
4827-LTQRJ,Female,Yes,Yes,Yes,66,Yes,Yes,Fiber optic,Yes,Yes,No,Yes,Yes,Yes,One year,Yes,Credit card (automatic),110.6,7210.85,0,0,No,0,Loyal (60m+),0,0.005346660764754121,Low
7711-YIJWC,Male,No,Yes,Yes,61,Yes,No,DSL,Yes,Yes,Yes,Yes,Yes,Yes,One year,No,Bank transfer (automatic),84.9,5264.5,0,0,No,0,Loyal (60m+),0,0.002968502337535466,Low
5482-VXSXJ,Male,No,No,No,22,Yes,No,Fiber optic,No,Yes,No,No,Yes,Yes,Month-to-month,Yes,Mailed check,93.2,2157.3,2,0,No,0,Mid (13-36m),2,0.46633247611563444,High
7365-BVCJH,Male,No,No,No,1,No,No phone service,DSL,No,No,No,No,No,No,Month-to-month,Yes,Electronic check,24.4,24.4,0,0,No,0,New (0-12m),0,0.8033646862821086,Critical
9620-ENEJV,Female,No,No,No,6,Yes,No,Fiber optic,No,No,No,No,No,No,Month-to-month,No,Credit card (automatic),70.55,433.95,0,0,No,0,New (0-12m),0,0.8402464740279922,Critical
2378-YIZKA,Female,No,Yes,Yes,68,Yes,No,DSL,Yes,Yes,Yes,Yes,Yes,Yes,Two year,Yes,Credit card (automatic),85.0,5607.75,0,0,No,0,Loyal (60m+),0,0.0005566529154740528,Low
0689-DSXGL,Female,No,Yes,Yes,52,Yes,No,Fiber optic,No,Yes,Yes,Yes,No,No,Month-to-month,No,Bank transfer (automatic),85.8,4433.3,2,0,No,0,Established (37-60m),2,0.07964849837644335,Low
6818-DJXAA,Female,No,No,Yes,10,Yes,No,Fiber optic,No,No,Yes,Yes,Yes,No,Month-to-month,Yes,Electronic check,91.1,964.35,0,0,No,0,New (0-12m),0,0.7470966372305868,Critical
0464-WJTKO,Female,No,Yes,Yes,72,Yes,No,No,No internet service,No internet service,No internet service,No internet service,No internet service,No internet service,Two year,No,Bank transfer (automatic),20.1,1460.85,0,0,No,0,Loyal (60m+),0,0.0014773025199944876,Low
8902-ZEOVF,Male,No,Yes,Yes,47,Yes,No,No,No internet service,No internet service,No internet service,No internet service,No internet service,No internet service,One year,No,Mailed check,20.05,951.55,0,0,No,0,Established (37-60m),0,0.01656190109154903,Low
6778-EICRF,Male,No,Yes,Yes,24,Yes,Yes,DSL,Yes,No,No,No,Yes,Yes,One year,No,Mailed check,74.8,1821.2,0,0,No,0,Mid (13-36m),0,0.06524347810784548,Low
2662-NNTDK,Male,No,No,No,65,Yes,Yes,No,No internet service,No internet service,No internet service,No internet service,No internet service,No internet service,One year,No,Credit card (automatic),24.8,1600.95,5,0,No,0,Loyal (60m+),5,0.006847221807261874,Low
4132-KALRO,Female,No,No,No,4,Yes,Yes,Fiber optic,No,No,No,Yes,Yes,Yes,Month-to-month,Yes,Mailed check,100.85,399.25,0,0,No,0,New (0-12m),0,0.7524202851162582,Critical
2874-YXVVA,Female,No,No,No,34,Yes,No,Fiber optic,No,Yes,Yes,Yes,Yes,Yes,Month-to-month,Yes,Electronic check,105.1,3634.8,0,0,No,0,Mid (13-36m),0,0.26927234652232906,Low
1245-HARPS,Female,No,Yes,No,14,Yes,No,No,No internet service,No internet service,No internet service,No internet service,No internet service,No internet service,Two year,No,Mailed check,20.4,292.4,0,0,No,0,Mid (13-36m),0,0.03671772090069539,Low
4323-ELYYB,Male,No,Yes,Yes,13,Yes,No,No,No internet service,No internet service,No internet service,No internet service,No internet service,No internet service,One year,No,Mailed check,20.0,218.55,0,0,No,0,Mid (13-36m),0,0.10144006970295626,Low
4293-ETKAP,Female,No,Yes,Yes,65,Yes,Yes,DSL,No,Yes,No,Yes,Yes,Yes,Two year,Yes,Bank transfer (automatic),79.4,5071.9,0,0,No,0,Loyal (60m+),0,0.0008800839326616436,Low
6064-PUPMC,Male,No,Yes,Yes,23,Yes,No,DSL,Yes,No,No,Yes,No,No,One year,No,Credit card (automatic),57.2,1423.35,0,0,No,0,Mid (13-36m),0,0.0833918213803427,Low
6504-VBLFL,Male,No,Yes,No,55,Yes,No,DSL,Yes,Yes,Yes,No,No,No,Two year,No,Electronic check,58.6,3068.6,0,0,No,0,Established (37-60m),0,0.006684014038254315,Low
6322-PJJDJ,Male,No,Yes,No,49,Yes,No,Fiber optic,No,Yes,No,No,Yes,Yes,Two year,Yes,Electronic check,94.8,4690.65,0,0,No,0,Established (37-60m),0,0.015485319458300294,Low
0330-BGYZE,Male,No,Yes,No,60,Yes,Yes,Fiber optic,No,Yes,Yes,No,Yes,Yes,One year,No,Bank transfer (automatic),102.5,6157.6,0,0,No,0,Established (37-60m),0,0.012440412021954561,Low
1085-LDWAM,Female,No,Yes,Yes,69,Yes,No,No,No internet service,No internet service,No internet service,No internet service,No internet service,No internet service,One year,Yes,Credit card (automatic),20.35,1442.65,0,0,No,0,Loyal (60m+),0,0.005619819076725837,Low
7586-ZATGZ,Male,No,No,No,40,Yes,Yes,Fiber optic,No,No,No,No,Yes,No,Month-to-month,Yes,Electronic check,84.9,3369.05,0,0,No,0,Established (37-60m),0,0.3037159094211459,Low
7197-VOJMM,Male,No,Yes,No,67,Yes,No,DSL,Yes,Yes,No,Yes,No,Yes,Two year,Yes,Credit card (automatic),69.2,4671.65,0,0,No,0,Loyal (60m+),0,0.0010354610893293145,Low
1843-TLSGD,Female,No,Yes,Yes,13,Yes,No,No,No internet service,No internet service,No internet service,No internet service,No internet service,No internet service,Two year,No,Mailed check,20.85,272.35,0,0,No,0,Mid (13-36m),0,0.03329202838985977,Low
9626-VFRGG,Female,No,No,Yes,41,Yes,Yes,Fiber optic,No,Yes,No,No,Yes,No,Month-to-month,Yes,Bank transfer (automatic),88.5,3645.05,0,0,No,0,Established (37-60m),0,0.19336705931912376,Low
7075-BNDVQ,Female,No,No,No,4,No,No phone service,DSL,Yes,No,Yes,No,No,No,Month-to-month,No,Mailed check,35.0,135.75,0,0,No,0,New (0-12m),0,0.6697605512265384,High
9143-CANJF,Female,No,Yes,Yes,24,Yes,No,DSL,Yes,No,No,Yes,No,No,Month-to-month,No,Electronic check,55.15,1319.85,2,0,No,0,Mid (13-36m),2,0.2963641962565818,Low
7284-BUYEC,Female,No,No,No,5,No,No phone service,DSL,No,Yes,No,No,Yes,Yes,Month-to-month,Yes,Credit card (automatic),50.95,229.4,0,0,No,0,New (0-12m),0,0.6152042149067695,High
2041-JIJCI,Female,No,No,No,5,Yes,Yes,DSL,No,Yes,No,No,No,Yes,Month-to-month,Yes,Electronic check,64.0,370.25,0,0,No,0,New (0-12m),0,0.6608987631733153,High
4900-MSOMT,Female,No,Yes,Yes,72,Yes,Yes,DSL,Yes,Yes,Yes,Yes,Yes,No,Two year,No,Bank transfer (automatic),80.2,5714.2,0,0,No,0,Loyal (60m+),0,0.000501469070708664,Low
2229-VWQJH,Female,No,No,No,24,Yes,No,DSL,No,No,Yes,No,No,No,Month-to-month,Yes,Credit card (automatic),49.3,1233.25,0,0,No,0,Mid (13-36m),0,0.3173541349434058,Low
9194-GFVOI,Female,No,Yes,No,42,Yes,Yes,DSL,Yes,No,Yes,Yes,Yes,Yes,Two year,No,Credit card (automatic),84.35,3571.6,2,0,No,0,Established (37-60m),2,0.004511655363867435,Low
1336-EZFZY,Female,No,No,No,4,Yes,No,No,No internet service,No internet service,No internet service,No internet service,No internet service,No internet service,Month-to-month,No,Mailed check,20.05,83.3,1,0,No,0,New (0-12m),1,0.40463165796557043,High
4282-MSACW,Male,No,No,No,68,Yes,Yes,Fiber optic,Yes,Yes,Yes,Yes,Yes,Yes,One year,Yes,Credit card (automatic),117.2,8035.95,4,0,No,0,Loyal (60m+),4,0.0030776002175475934,Low
1403-LKLIK,Female,No,Yes,Yes,33,Yes,No,No,No internet service,No internet service,No internet service,No internet service,No internet service,No internet service,One year,No,Mailed check,20.1,579.4,0,0,No,0,Mid (13-36m),0,0.03978112308031751,Low
0136-IFMYD,Male,Yes,Yes,No,69,Yes,Yes,Fiber optic,No,Yes,Yes,Yes,Yes,Yes,Two year,Yes,Electronic check,109.95,7634.25,0,0,No,0,Loyal (60m+),0,0.0018668044884214722,Low
5144-TVGLP,Male,Yes,No,No,38,Yes,Yes,Fiber optic,No,No,No,No,Yes,Yes,Month-to-month,No,Electronic check,94.75,3653.0,4,0,No,0,Established (37-60m),4,0.3225383761856351,Low
9643-AVVWI,Female,No,Yes,Yes,3,Yes,No,Fiber optic,No,Yes,No,Yes,No,No,Month-to-month,Yes,Electronic check,80.0,241.3,0,0,No,0,New (0-12m),0,0.8521392705536679,Critical
0253-ZTEOB,Female,No,Yes,Yes,48,Yes,Yes,DSL,No,Yes,No,Yes,Yes,Yes,Two year,No,Electronic check,79.65,3870.3,0,0,No,0,Established (37-60m),0,0.004241635407471639,Low
2706-QZIHY,Female,No,Yes,No,15,Yes,Yes,No,No internet service,No internet service,No internet service,No internet service,No internet service,No internet service,Two year,No,Mailed check,25.2,387.9,0,0,No,0,Mid (13-36m),0,0.031953956376766554,Low
6061-PQHMK,Female,No,No,No,25,Yes,No,No,No internet service,No internet service,No internet service,No internet service,No internet service,No internet service,One year,No,Credit card (automatic),19.9,527.5,0,0,No,0,Mid (13-36m),0,0.07511682906592765,Low
6137-MFAJN,Female,No,No,No,48,No,No phone service,DSL,Yes,Yes,No,No,Yes,No,Month-to-month,Yes,Electronic check,44.8,2104.55,3,0,No,0,Established (37-60m),3,0.1484394595178791,Low
9122-UMROB,Male,No,No,No,1,Yes,No,No,No internet service,No internet service,No internet service,No internet service,No internet service,No internet service,Month-to-month,No,Mailed check,20.3,20.3,0,0,No,0,New (0-12m),0,0.42141980821323716,High
4232-JGKIY,Male,No,No,No,1,Yes,No,No,No internet service,No internet service,No internet service,No internet service,No internet service,No internet service,Month-to-month,No,Electronic check,19.2,19.2,3,0,No,0,New (0-12m),3,0.5421856037398212,High
2402-TAIRZ,Female,No,No,No,37,Yes,No,Fiber optic,No,Yes,Yes,No,No,No,One year,No,Electronic check,80.05,3019.1,0,0,No,0,Established (37-60m),0,0.19505374734551442,Low
9659-ZTWSM,Male,Yes,Yes,No,66,Yes,Yes,Fiber optic,No,Yes,Yes,Yes,Yes,Yes,One year,Yes,Bank transfer (automatic),107.35,7051.95,3,0,No,0,Loyal (60m+),3,0.006610954691042002,Low
9139-TWBAS,Female,No,Yes,No,26,No,No phone service,DSL,Yes,Yes,Yes,No,Yes,No,One year,No,Bank transfer (automatic),47.85,1190.5,5,0,No,0,Mid (13-36m),5,0.13773174960768272,Low
6685-GBWJZ,Male,No,Yes,No,63,Yes,No,DSL,Yes,Yes,No,Yes,Yes,No,One year,No,Credit card (automatic),70.8,4448.8,0,0,No,0,Loyal (60m+),0,0.0046249796789965625,Low
2195-VVRJF,Male,Yes,Yes,No,18,Yes,No,DSL,Yes,No,No,No,No,Yes,Month-to-month,Yes,Credit card (automatic),59.1,1011.05,0,0,No,0,Mid (13-36m),0,0.38479457044341436,Low
3913-RDSJZ,Female,No,Yes,No,64,Yes,Yes,No,No internet service,No internet service,No internet service,No internet service,No internet service,No internet service,Two year,No,Mailed check,25.55,1714.95,0,0,No,0,Loyal (60m+),0,0.0019360244046339817,Low
4203-QGNZA,Female,No,No,Yes,28,Yes,No,No,No internet service,No internet service,No internet service,No internet service,No internet service,No internet service,Month-to-month,No,Mailed check,20.25,535.35,0,0,No,0,Mid (13-36m),0,0.1345852080458893,Low
5043-TRZWM,Female,No,No,No,1,Yes,No,Fiber optic,No,No,Yes,No,No,No,Month-to-month,No,Electronic check,75.55,75.55,2,0,No,0,New (0-12m),2,0.9147270554786202,Critical
9494-BDNNC,Male,No,Yes,No,66,Yes,Yes,Fiber optic,No,Yes,Yes,No,No,Yes,One year,No,Electronic check,95.3,6273.4,0,0,No,0,Loyal (60m+),0,0.014002334593183481,Low
1640-PLFMP,Female,No,No,No,1,Yes,No,Fiber optic,No,No,No,No,No,No,Month-to-month,Yes,Electronic check,70.25,70.25,0,0,No,0,New (0-12m),0,0.9201898478296555,Critical
5366-OBVMR,Female,No,Yes,No,18,Yes,No,DSL,No,No,No,Yes,No,No,Month-to-month,Yes,Mailed check,50.3,908.75,0,0,No,0,Mid (13-36m),0,0.33344777660770414,Low
7644-OMVMY,Male,No,Yes,Yes,0,Yes,No,No,No internet service,No internet service,No internet service,No internet service,No internet service,No internet service,Two year,No,Mailed check,19.85,0.0,0,0,No,0,New (0-12m),0,0.06149386572964829,Low
4573-JKNAE,Male,No,No,Yes,12,Yes,No,No,No internet service,No internet service,No internet service,No internet service,No internet service,No internet service,Two year,No,Bank transfer (automatic),19.35,212.3,0,0,No,0,New (0-12m),0,0.03911829335278107,Low
9817-APLHW,Male,No,No,No,12,Yes,Yes,No,No internet service,No internet service,No internet service,No internet service,No internet service,No internet service,Month-to-month,No,Electronic check,25.0,316.2,4,0,No,0,New (0-12m),4,0.3675283859111142,Low
8380-MQINP,Female,No,Yes,Yes,55,Yes,No,No,No internet service,No internet service,No internet service,No internet service,No internet service,No internet service,Two year,No,Mailed check,20.3,1079.05,0,0,No,0,Established (37-60m),0,0.0034071702840961973,Low
0840-DFEZH,Female,No,No,No,7,Yes,Yes,Fiber optic,No,No,No,No,No,No,Month-to-month,Yes,Electronic check,75.35,564.65,0,0,No,0,New (0-12m),0,0.8723811610746705,Critical
8690-ZVLCL,Female,No,Yes,Yes,68,Yes,Yes,DSL,Yes,Yes,Yes,Yes,Yes,Yes,Two year,No,Credit card (automatic),88.0,6161.9,0,0,No,0,Loyal (60m+),0,0.0004463153884344003,Low
1125-SNVCK,Female,Yes,No,No,49,Yes,No,DSL,No,No,No,No,No,No,Month-to-month,No,Mailed check,43.8,2106.05,0,0,No,0,Established (37-60m),0,0.11500214252694405,Low
0384-LPITE,Male,No,No,No,40,No,No phone service,DSL,Yes,Yes,Yes,No,Yes,Yes,One year,No,Credit card (automatic),62.05,2511.55,2,0,No,0,Established (37-60m),2,0.03774925747905498,Low
4616-EWBNJ,Female,No,No,No,16,Yes,No,No,No internet service,No internet service,No internet service,No internet service,No internet service,No internet service,One year,No,Bank transfer (automatic),20.1,318.6,0,0,No,0,Mid (13-36m),0,0.12533732645973958,Low
1335-HQMKX,Female,No,Yes,No,72,Yes,Yes,Fiber optic,No,Yes,Yes,No,Yes,Yes,One year,Yes,Electronic check,101.35,7323.15,1,0,No,0,Loyal (60m+),1,0.00756473814542366,Low
2545-EBUPK,Female,Yes,No,No,2,Yes,Yes,Fiber optic,No,No,No,No,No,Yes,Month-to-month,Yes,Electronic check,84.05,186.05,0,0,No,0,New (0-12m),0,0.91592842586196,Critical
6923-AQONU,Male,No,Yes,Yes,23,Yes,No,No,No internet service,No internet service,No internet service,No internet service,No internet service,No internet service,Two year,No,Mailed check,20.9,454.0,0,0,No,0,Mid (13-36m),0,0.017771248729617807,Low
2172-EJXVF,Female,Yes,No,No,71,Yes,Yes,Fiber optic,No,Yes,Yes,No,Yes,Yes,One year,Yes,Electronic check,105.9,7521.95,0,0,No,0,Loyal (60m+),0,0.009176176032164573,Low
4536-PLEQY,Male,No,Yes,No,12,Yes,No,Fiber optic,No,Yes,No,No,No,Yes,Month-to-month,Yes,Credit card (automatic),85.05,999.8,0,0,No,0,New (0-12m),0,0.6977315275147323,High
7029-IJEJK,Female,No,No,No,54,No,No phone service,DSL,Yes,No,No,Yes,No,Yes,One year,No,Bank transfer (automatic),44.1,2369.7,0,0,No,0,Established (37-60m),0,0.024543179997885255,Low
8871-JLMHM,Female,No,Yes,No,68,Yes,Yes,Fiber optic,No,Yes,Yes,Yes,No,No,Two year,No,Credit card (automatic),90.2,6297.65,5,5,No,0,Loyal (60m+),10,0.628274812358774,High
5447-VYTKW,Male,No,No,No,27,Yes,No,DSL,Yes,No,No,Yes,No,No,Month-to-month,No,Mailed check,53.45,1461.45,1,0,No,0,Mid (13-36m),1,0.1990774745994795,Low
3623-FQBOX,Male,No,No,No,21,Yes,No,No,No internet service,No internet service,No internet service,No internet service,No internet service,No internet service,Month-to-month,Yes,Mailed check,19.95,416.4,0,0,No,0,Mid (13-36m),0,0.19471964447931026,Low
8659-HDIYE,Female,Yes,No,No,64,Yes,Yes,DSL,No,Yes,Yes,Yes,No,Yes,Month-to-month,No,Credit card (automatic),74.65,4869.35,0,0,No,0,Loyal (60m+),0,0.014271274523775678,Low
3474-BAFSJ,Male,No,Yes,No,57,No,No phone service,DSL,No,Yes,Yes,Yes,Yes,Yes,Two year,Yes,Bank transfer (automatic),57.5,3265.95,4,0,No,0,Established (37-60m),4,0.0033155822579280622,Low
3865-ZFZIB,Male,No,No,No,19,Yes,No,No,No internet service,No internet service,No internet service,No internet service,No internet service,No internet service,Two year,No,Mailed check,19.65,358.15,1,0,No,0,Mid (13-36m),1,0.027654044260823477,Low
1855-AGAWH,Male,No,Yes,No,31,Yes,No,Fiber optic,No,No,Yes,No,Yes,Yes,One year,Yes,Electronic check,93.8,2939.8,0,0,No,0,Mid (13-36m),0,0.19255969102415021,Low
7109-CQYUZ,Male,No,No,No,52,Yes,Yes,DSL,Yes,Yes,Yes,Yes,Yes,Yes,Two year,Yes,Mailed check,89.25,4652.4,4,0,No,0,Established (37-60m),4,0.001668109191026177,Low
1370-GGAWX,Female,No,No,No,46,Yes,Yes,Fiber optic,No,Yes,Yes,No,No,Yes,One year,Yes,Electronic check,94.15,4408.45,0,0,No,0,Established (37-60m),0,0.07592148569963124,Low
4680-KUTAJ,Female,Yes,No,No,11,Yes,Yes,DSL,Yes,No,No,No,No,No,Month-to-month,Yes,Electronic check,55.6,580.8,1,0,No,0,New (0-12m),1,0.652536527573763,High
5307-UVGNB,Female,No,Yes,Yes,53,No,No phone service,DSL,Yes,Yes,Yes,No,No,Yes,Month-to-month,Yes,Bank transfer (automatic),48.7,2495.2,0,0,No,0,Established (37-60m),0,0.06093553729427454,Low
2883-ILGWO,Male,Yes,No,No,57,Yes,Yes,Fiber optic,No,Yes,No,Yes,Yes,Yes,Month-to-month,Yes,Bank transfer (automatic),104.9,5913.95,0,0,No,0,Established (37-60m),0,0.04302946623183763,Low
3642-BYHDO,Female,No,Yes,Yes,71,Yes,No,No,No internet service,No internet service,No internet service,No internet service,No internet service,No internet service,Two year,No,Bank transfer (automatic),19.9,1389.35,0,0,No,0,Loyal (60m+),0,0.001592057488890751,Low
9629-NHXFW,Female,No,Yes,Yes,1,Yes,No,No,No internet service,No internet service,No internet service,No internet service,No internet service,No internet service,Month-to-month,Yes,Mailed check,19.4,19.4,4,0,No,0,New (0-12m),4,0.3968066815176052,Low
2696-RZVZW,Male,No,Yes,No,68,Yes,Yes,No,No internet service,No internet service,No internet service,No internet service,No internet service,No internet service,Two year,No,Credit card (automatic),25.05,1629.2,0,0,No,0,Loyal (60m+),0,0.0015824930260519583,Low
5766-FTRTS,Male,No,Yes,No,72,Yes,No,DSL,Yes,Yes,Yes,Yes,Yes,Yes,Two year,No,Mailed check,84.45,6033.1,0,0,No,0,Loyal (60m+),0,0.00040240149439697864,Low
0396-HUJBP,Female,No,No,No,2,Yes,No,No,No internet service,No internet service,No internet service,No internet service,No internet service,No internet service,Month-to-month,No,Mailed check,19.3,44.4,0,0,No,0,New (0-12m),0,0.4339542768470018,High
8879-ZKJOF,Female,No,No,No,41,Yes,No,DSL,Yes,No,Yes,Yes,Yes,Yes,One year,Yes,Bank transfer (automatic),79.85,3320.75,3,0,No,0,Established (37-60m),3,0.021189171170335593,Low
6285-FTQBF,Male,No,Yes,Yes,72,Yes,Yes,No,No internet service,No internet service,No internet service,No internet service,No internet service,No internet service,Two year,No,Credit card (automatic),25.55,1867.7,0,0,No,0,Loyal (60m+),0,0.001028822738005474,Low
1474-JUWSM,Female,No,Yes,No,58,Yes,Yes,DSL,Yes,No,No,Yes,No,Yes,One year,Yes,Electronic check,68.4,3972.25,4,0,No,0,Established (37-60m),4,0.011805793540215853,Low
3530-CRZSB,Female,No,No,No,7,Yes,No,No,No internet service,No internet service,No internet service,No internet service,No internet service,No internet service,Month-to-month,No,Mailed check,20.65,155.9,0,0,No,0,New (0-12m),0,0.3624869075797501,Low
8498-XXGWA,Female,No,Yes,No,65,Yes,No,DSL,Yes,No,Yes,No,No,No,Month-to-month,Yes,Mailed check,55.15,3673.15,0,4,No,0,Loyal (60m+),4,0.8202795703327588,Critical
9617-INGJY,Male,No,No,No,1,Yes,No,Fiber optic,No,No,No,No,No,No,Month-to-month,Yes,Mailed check,70.6,70.6,0,0,No,0,New (0-12m),0,0.8669612839439074,Critical
0621-TSSMU,Male,No,Yes,No,56,Yes,No,No,No internet service,No internet service,No internet service,No internet service,No internet service,No internet service,One year,No,Credit card (automatic),19.95,1126.75,0,0,No,0,Established (37-60m),0,0.01242709829843126,Low
7234-KMNRQ,Male,No,No,No,4,Yes,No,No,No internet service,No internet service,No internet service,No internet service,No internet service,No internet service,Month-to-month,No,Mailed check,19.0,73.45,0,0,No,0,New (0-12m),0,0.386102611055877,Low
7636-PEPNS,Female,No,Yes,Yes,58,Yes,No,DSL,No,No,No,No,No,No,One year,Yes,Mailed check,44.1,2413.05,0,0,No,0,Established (37-60m),0,0.017717437893856002,Low
4683-WYDOU,Male,No,Yes,No,62,Yes,Yes,Fiber optic,No,No,Yes,Yes,Yes,Yes,Two year,Yes,Bank transfer (automatic),107.6,6912.7,0,0,No,0,Loyal (60m+),0,0.001943813594592398,Low
9052-DHNKM,Male,No,No,No,26,Yes,Yes,DSL,Yes,Yes,No,No,No,No,One year,No,Electronic check,61.55,1581.95,0,0,No,0,Mid (13-36m),0,0.1387448365475073,Low
6794-HKIAJ,Male,No,No,No,62,Yes,Yes,Fiber optic,Yes,Yes,Yes,No,No,No,Month-to-month,No,Bank transfer (automatic),90.7,5586.45,3,0,No,0,Loyal (60m+),3,0.04467405304683308,Low
5578-NKCXI,Female,No,Yes,Yes,58,Yes,No,Fiber optic,Yes,Yes,No,No,Yes,Yes,One year,No,Credit card (automatic),99.25,5846.65,0,0,No,0,Established (37-60m),0,0.014062879940954238,Low
1642-HMARX,Female,No,Yes,No,68,Yes,Yes,DSL,Yes,Yes,Yes,Yes,Yes,Yes,Two year,Yes,Electronic check,91.7,6424.7,0,0,No,0,Loyal (60m+),0,0.0006882698121820931,Low
3096-WPXBT,Female,No,Yes,Yes,61,Yes,Yes,Fiber optic,Yes,Yes,Yes,No,No,Yes,One year,Yes,Credit card (automatic),100.7,6018.65,0,0,No,0,Loyal (60m+),0,0.011292855201859285,Low
8434-PNQZX,Female,No,No,No,42,Yes,Yes,DSL,No,No,Yes,Yes,Yes,Yes,Two year,Yes,Credit card (automatic),78.45,3373.4,0,0,No,0,Established (37-60m),0,0.005510673376829129,Low
5950-AAAGJ,Male,No,No,No,18,Yes,Yes,Fiber optic,No,No,No,No,Yes,No,Month-to-month,No,Bank transfer (automatic),84.3,1537.9,0,0,No,0,Mid (13-36m),0,0.6217959847934149,High
4299-OPXEJ,Female,No,No,No,56,Yes,No,No,No internet service,No internet service,No internet service,No internet service,No internet service,No internet service,Two year,Yes,Bank transfer (automatic),19.55,1080.55,0,0,No,0,Established (37-60m),0,0.004526083048600757,Low
9618-LFJRU,Female,No,No,No,4,Yes,No,No,No internet service,No internet service,No internet service,No internet service,No internet service,No internet service,Month-to-month,No,Credit card (automatic),20.45,82.85,0,0,No,0,New (0-12m),0,0.4163499592826571,High
6693-DJWTY,Female,No,No,Yes,35,Yes,No,DSL,Yes,Yes,No,No,No,No,One year,No,Credit card (automatic),55.6,2016.45,0,0,No,0,Mid (13-36m),0,0.05718672617591296,Low
0744-GKNGE,Female,No,Yes,Yes,64,Yes,Yes,Fiber optic,Yes,No,No,Yes,No,No,Month-to-month,Yes,Bank transfer (automatic),86.8,5327.25,0,0,No,0,Loyal (60m+),0,0.03424487364431261,Low
6447-EGDIV,Female,No,No,No,31,Yes,No,No,No internet service,No internet service,No internet service,No internet service,No internet service,No internet service,One year,No,Mailed check,20.95,683.25,0,0,No,0,Mid (13-36m),0,0.05105530036522258,Low
1167-OYZJF,Female,Yes,Yes,No,67,Yes,No,No,No internet service,No internet service,No internet service,No internet service,No internet service,No internet service,Two year,Yes,Bank transfer (automatic),20.05,1263.05,3,0,No,0,Loyal (60m+),3,0.0028950801288577786,Low
4806-DXQCE,Female,Yes,Yes,No,70,Yes,Yes,Fiber optic,Yes,Yes,Yes,Yes,Yes,Yes,Two year,Yes,Electronic check,113.65,7714.65,1,3,No,0,Loyal (60m+),4,0.08669932085064508,Low
4854-SSLTN,Male,No,Yes,Yes,2,Yes,No,DSL,Yes,Yes,No,Yes,No,No,Two year,No,Mailed check,59.5,130.5,0,0,No,0,New (0-12m),0,0.09237584508276055,Low
5294-DMSFH,Female,No,Yes,Yes,29,Yes,No,Fiber optic,No,No,No,No,Yes,Yes,Month-to-month,Yes,Credit card (automatic),87.8,2621.75,0,0,No,0,Mid (13-36m),0,0.3503053833885952,Low
4837-PZTIC,Female,No,No,No,47,No,No phone service,DSL,Yes,No,Yes,Yes,No,No,Two year,No,Mailed check,41.9,1875.25,0,0,No,0,Established (37-60m),0,0.010791583594742743,Low
0603-OLQDC,Male,No,No,Yes,12,Yes,No,DSL,Yes,No,No,No,Yes,Yes,Month-to-month,Yes,Mailed check,69.85,837.5,0,0,No,0,New (0-12m),0,0.3492813446256403,Low
3272-VUHPV,Female,No,Yes,Yes,8,Yes,No,DSL,No,Yes,No,Yes,No,No,Month-to-month,No,Bank transfer (automatic),56.3,401.5,0,0,No,0,New (0-12m),0,0.4618627446683439,High
4176-FXYBO,Male,No,Yes,No,54,Yes,Yes,Fiber optic,Yes,Yes,Yes,No,Yes,Yes,Month-to-month,No,Electronic check,109.55,6118.95,3,0,No,0,Established (37-60m),3,0.057403529428145465,Low
1063-DHQJF,Male,No,Yes,Yes,69,Yes,No,Fiber optic,No,Yes,No,Yes,Yes,No,Two year,Yes,Mailed check,92.15,6480.9,5,0,No,0,Loyal (60m+),5,0.0014957687250465722,Low
8663-UPDGF,Female,No,No,No,26,Yes,Yes,DSL,Yes,Yes,No,No,Yes,No,Month-to-month,Yes,Bank transfer (automatic),69.5,1800.05,0,0,No,0,Mid (13-36m),0,0.22177820105509197,Low
6719-FGEDO,Female,No,Yes,No,72,Yes,Yes,Fiber optic,Yes,Yes,Yes,Yes,No,No,Two year,Yes,Bank transfer (automatic),97.0,7104.2,0,0,No,0,Loyal (60m+),0,0.0014179385208207729,Low
1837-YQUCE,Female,No,No,No,70,No,No phone service,DSL,Yes,No,Yes,Yes,Yes,Yes,Two year,Yes,Bank transfer (automatic),58.35,4214.25,0,0,No,0,Loyal (60m+),0,0.001485994796599959,Low
0369-ZGOVK,Female,No,Yes,Yes,28,Yes,No,Fiber optic,No,No,No,No,No,No,One year,Yes,Bank transfer (automatic),70.4,1992.2,0,0,No,0,Mid (13-36m),0,0.2539402128227455,Low
9919-KNPOO,Female,No,Yes,No,21,Yes,Yes,Fiber optic,No,No,No,No,Yes,Yes,Month-to-month,Yes,Electronic check,94.3,1948.35,0,0,No,0,Mid (13-36m),0,0.616729488208905,High
7872-BAAZR,Female,No,Yes,Yes,53,Yes,No,No,No internet service,No internet service,No internet service,No internet service,No internet service,No internet service,One year,No,Bank transfer (automatic),19.55,1007.9,0,0,No,0,Established (37-60m),0,0.01508789070307921,Low
9391-LMANN,Male,No,No,Yes,53,Yes,No,Fiber optic,Yes,Yes,Yes,No,No,Yes,One year,No,Electronic check,95.95,5036.9,0,0,No,0,Established (37-60m),0,0.03501402293763091,Low
8174-TBVCF,Female,No,Yes,No,70,Yes,Yes,DSL,Yes,Yes,Yes,Yes,Yes,Yes,Two year,Yes,Credit card (automatic),94.8,6859.05,2,0,No,0,Loyal (60m+),2,0.00034241821709120324,Low
1698-XFZCI,Male,No,No,No,61,Yes,Yes,Fiber optic,Yes,Yes,Yes,No,Yes,Yes,One year,Yes,Electronic check,107.75,6521.9,2,0,No,0,Loyal (60m+),2,0.01479124779528264,Low
1877-HKBQX,Female,No,No,No,11,Yes,No,DSL,Yes,No,No,Yes,No,No,One year,Yes,Mailed check,54.6,617.85,0,0,No,0,New (0-12m),0,0.22051701800604986,Low
4450-DLLMH,Male,No,No,No,2,Yes,No,Fiber optic,No,No,No,No,No,No,Month-to-month,Yes,Credit card (automatic),71.3,157.75,0,0,No,0,New (0-12m),0,0.863098284507623,Critical
0428-AXXLJ,Male,No,No,No,25,Yes,No,No,No internet service,No internet service,No internet service,No internet service,No internet service,No internet service,One year,Yes,Bank transfer (automatic),19.5,516.3,4,0,No,0,Mid (13-36m),4,0.07349439176270539,Low
2746-DIJLO,Female,No,No,No,41,Yes,Yes,DSL,No,Yes,No,No,No,No,One year,Yes,Credit card (automatic),56.3,2364.0,0,0,No,0,Established (37-60m),0,0.04445254097415918,Low
3508-VLHCZ,Female,No,Yes,Yes,71,Yes,Yes,DSL,Yes,Yes,Yes,Yes,Yes,Yes,Two year,Yes,Credit card (automatic),90.55,6239.05,0,0,No,0,Loyal (60m+),0,0.0003633351932540026,Low
4086-ATNFV,Female,No,Yes,Yes,34,Yes,No,DSL,Yes,Yes,Yes,No,No,No,One year,Yes,Mailed check,60.8,2042.05,0,0,No,0,Mid (13-36m),0,0.050089839281273564,Low
0468-YRPXN,Male,No,No,No,29,Yes,No,Fiber optic,No,No,Yes,Yes,Yes,Yes,Month-to-month,Yes,Credit card (automatic),98.8,2807.1,0,0,No,0,Mid (13-36m),0,0.28663881614104186,Low
5996-NRVXR,Male,Yes,Yes,No,40,Yes,No,Fiber optic,Yes,Yes,Yes,Yes,Yes,No,One year,Yes,Credit card (automatic),98.15,4116.8,0,0,No,0,Established (37-60m),0,0.061715078656650886,Low
3739-YBWAB,Male,No,Yes,No,36,No,No phone service,DSL,Yes,No,Yes,No,No,No,One year,No,Mailed check,35.35,1317.95,0,0,No,0,Mid (13-36m),0,0.08247684744185073,Low
7047-FWEYA,Female,No,Yes,No,46,Yes,Yes,Fiber optic,No,Yes,No,Yes,Yes,Yes,One year,Yes,Electronic check,103.15,4594.65,3,0,No,0,Established (37-60m),3,0.050268940574716196,Low
2000-MPKCA,Female,No,No,No,58,Yes,Yes,Fiber optic,Yes,Yes,Yes,No,Yes,Yes,One year,Yes,Electronic check,107.75,6332.75,0,0,No,0,Established (37-60m),0,0.01992583942586745,Low
9762-YAQAA,Male,No,No,No,39,Yes,Yes,Fiber optic,No,Yes,No,No,No,No,One year,No,Credit card (automatic),81.4,3213.75,0,0,No,0,Established (37-60m),0,0.10821818139591623,Low
5473-KHBPS,Female,No,Yes,Yes,52,Yes,Yes,Fiber optic,No,Yes,Yes,No,Yes,No,One year,Yes,Credit card (automatic),95.7,4976.15,0,0,No,0,Established (37-60m),0,0.025958718299894983,Low
0100-DUVFC,Male,Yes,Yes,No,70,Yes,Yes,Fiber optic,No,Yes,Yes,No,Yes,Yes,One year,Yes,Electronic check,104.8,7308.95,0,0,No,0,Loyal (60m+),0,0.009001619266111361,Low
5397-TUPSH,Male,Yes,Yes,No,65,Yes,No,Fiber optic,No,No,No,No,No,No,One year,Yes,Bank transfer (automatic),70.95,4555.2,0,0,No,0,Loyal (60m+),0,0.030407733053286798,Low
8950-MTZNV,Male,No,No,No,1,Yes,No,DSL,No,No,No,No,No,No,Month-to-month,Yes,Mailed check,44.95,44.95,0,0,No,0,New (0-12m),0,0.6584848063524766,High
0326-VDYXE,Female,No,Yes,No,70,Yes,Yes,Fiber optic,No,No,Yes,No,Yes,Yes,One year,Yes,Electronic check,97.65,6982.5,0,0,No,0,Loyal (60m+),0,0.009772633243843348,Low
6773-LQTVT,Female,Yes,Yes,Yes,29,No,No phone service,DSL,No,Yes,Yes,No,No,No,Month-to-month,Yes,Mailed check,35.65,1025.15,0,0,No,0,Mid (13-36m),0,0.30790810227895754,Low
0436-TWFFZ,Female,No,No,No,67,Yes,Yes,DSL,Yes,No,Yes,Yes,Yes,Yes,Two year,Yes,Mailed check,85.25,5714.2,0,0,No,0,Loyal (60m+),0,0.0006570788738360098,Low
8566-YPRGL,Female,No,No,No,1,Yes,No,No,No internet service,No internet service,No internet service,No internet service,No internet service,No internet service,Month-to-month,Yes,Mailed check,19.5,19.5,2,0,No,0,New (0-12m),2,0.44735557488183453,High
6609-MXJHJ,Female,No,Yes,Yes,30,Yes,Yes,No,No internet service,No internet service,No internet service,No internet service,No internet service,No internet service,Two year,Yes,Mailed check,25.1,789.55,0,0,No,0,Mid (13-36m),0,0.011829013953509637,Low
2669-OIDSD,Female,No,Yes,No,48,Yes,No,Fiber optic,No,No,Yes,Yes,Yes,Yes,Month-to-month,Yes,Credit card (automatic),100.05,4834.0,0,0,No,0,Established (37-60m),0,0.07705218070322974,Low
8400-WZICQ,Female,No,Yes,Yes,55,Yes,No,DSL,Yes,Yes,No,No,No,No,Month-to-month,No,Electronic check,55.7,3131.8,0,0,No,0,Established (37-60m),0,0.058491842771826966,Low
9576-SYUHJ,Male,No,No,No,37,Yes,Yes,Fiber optic,Yes,No,No,No,Yes,No,Month-to-month,Yes,Electronic check,91.15,3369.25,0,0,No,0,Established (37-60m),0,0.3173219940546112,Low
0410-IPFTY,Female,No,Yes,No,31,Yes,No,Fiber optic,No,Yes,No,No,No,Yes,Month-to-month,Yes,Bank transfer (automatic),83.85,2674.15,0,0,No,0,Mid (13-36m),0,0.3853182719776932,Low
2831-EBWRN,Male,No,No,No,4,Yes,No,DSL,No,No,No,No,No,No,Month-to-month,Yes,Electronic check,45.9,199.75,1,0,No,0,New (0-12m),1,0.7145850200775085,Critical
9430-NKQLY,Male,No,Yes,Yes,72,Yes,Yes,No,No internet service,No internet service,No internet service,No internet service,No internet service,No internet service,Two year,Yes,Credit card (automatic),25.1,1790.8,0,0,No,0,Loyal (60m+),0,0.0010613082855771756,Low
0247-SLUJI,Male,No,Yes,Yes,1,Yes,No,No,No internet service,No internet service,No internet service,No internet service,No internet service,No internet service,Month-to-month,No,Mailed check,19.7,19.7,0,0,No,0,New (0-12m),0,0.37342120895314374,Low
9402-ORRAH,Female,Yes,No,No,15,Yes,No,Fiber optic,No,No,No,No,Yes,Yes,Month-to-month,Yes,Electronic check,91.5,1400.3,0,0,No,0,Mid (13-36m),0,0.7784601402522534,Critical
6483-OATDN,Male,No,Yes,Yes,8,Yes,No,DSL,Yes,No,No,No,No,No,Month-to-month,Yes,Credit card (automatic),51.3,411.6,0,0,No,0,New (0-12m),0,0.4887185782044049,High
1293-HHSHJ,Female,No,No,No,35,Yes,No,No,No internet service,No internet service,No internet service,No internet service,No internet service,No internet service,One year,No,Mailed check,21.1,741.0,0,0,No,0,Mid (13-36m),0,0.04153159755820389,Low
4840-ORQXB,Female,Yes,No,No,56,Yes,Yes,Fiber optic,No,Yes,Yes,No,Yes,Yes,Month-to-month,No,Electronic check,104.75,5841.35,0,0,No,0,Established (37-60m),0,0.085037802267629,Low
3982-DQLUS,Male,Yes,Yes,Yes,65,Yes,Yes,Fiber optic,Yes,Yes,No,No,No,No,Month-to-month,Yes,Electronic check,85.75,5688.45,0,0,No,0,Loyal (60m+),0,0.056421210528430264,Low
8610-ZIKJJ,Female,No,Yes,Yes,2,Yes,No,No,No internet service,No internet service,No internet service,No internet service,No internet service,No internet service,One year,No,Mailed check,20.3,31.9,0,0,No,0,New (0-12m),0,0.1836538591008006,Low
3756-VNWDH,Male,Yes,Yes,No,65,Yes,Yes,Fiber optic,Yes,No,No,No,Yes,Yes,One year,Yes,Electronic check,100.75,6674.65,0,0,No,0,Loyal (60m+),0,0.014837241019391037,Low
7801-KICAO,Female,No,No,No,18,Yes,Yes,Fiber optic,No,No,No,No,No,No,Month-to-month,Yes,Electronic check,74.15,1345.75,0,0,No,0,Mid (13-36m),0,0.7585884987516893,Critical
7673-LPRNY,Female,No,No,No,23,Yes,Yes,DSL,Yes,No,Yes,No,Yes,Yes,One year,Yes,Electronic check,78.55,1843.05,0,0,No,0,Mid (13-36m),0,0.13060233651578088,Low
6060-QBMGV,Male,No,Yes,No,70,Yes,No,No,No internet service,No internet service,No internet service,No internet service,No internet service,No internet service,Two year,No,Credit card (automatic),19.85,1433.8,0,0,No,0,Loyal (60m+),0,0.001639087567954378,Low
7339-POGZN,Female,No,No,No,4,Yes,Yes,DSL,No,No,No,No,No,No,Month-to-month,No,Electronic check,50.7,214.55,0,0,No,0,New (0-12m),0,0.7198726189418839,Critical
2828-SLQPF,Male,No,No,No,19,Yes,No,DSL,No,No,No,No,No,No,Month-to-month,Yes,Bank transfer (automatic),45.0,865.85,0,0,No,0,Mid (13-36m),0,0.40689570986141554,High
4465-VDKIQ,Female,No,No,No,18,Yes,No,Fiber optic,No,Yes,Yes,No,No,No,Month-to-month,No,Electronic check,77.8,1358.6,0,0,No,0,Mid (13-36m),0,0.7488057826656047,Critical
2921-XWDJH,Female,Yes,Yes,No,38,Yes,No,Fiber optic,Yes,No,No,No,No,Yes,Month-to-month,Yes,Electronic check,83.45,3147.15,1,0,No,0,Established (37-60m),1,0.4037805011207504,High
2558-BUOZZ,Male,No,No,No,47,Yes,Yes,Fiber optic,Yes,Yes,No,No,Yes,No,One year,No,Bank transfer (automatic),94.8,4535.85,0,0,No,0,Established (37-60m),0,0.045288304491740844,Low
9257-AZMTZ,Female,No,Yes,Yes,52,Yes,No,No,No internet service,No internet service,No internet service,No internet service,No internet service,No internet service,Two year,No,Bank transfer (automatic),20.1,1078.75,0,0,No,0,Established (37-60m),0,0.00443711903992378,Low
0003-MKNFE,Male,No,No,No,9,Yes,Yes,DSL,No,No,No,No,No,Yes,Month-to-month,No,Mailed check,59.9,542.4,3,0,No,0,New (0-12m),3,0.4760501514194635,High
0975-UYDTX,Female,No,Yes,No,26,Yes,Yes,DSL,Yes,Yes,Yes,Yes,Yes,Yes,One year,Yes,Credit card (automatic),90.1,2312.55,0,0,No,0,Mid (13-36m),0,0.0462634918225668,Low
4682-BLBUC,Male,No,Yes,No,44,Yes,No,DSL,No,Yes,Yes,Yes,Yes,No,One year,Yes,Electronic check,70.95,3250.45,3,0,No,0,Established (37-60m),3,0.02569543313778994,Low
0975-VOOVL,Female,No,No,No,3,No,No phone service,DSL,No,Yes,No,No,No,No,Month-to-month,No,Mailed check,29.2,98.5,0,0,No,0,New (0-12m),0,0.6995685724789944,High
5968-VXZLG,Male,No,No,No,2,Yes,No,DSL,No,No,No,No,No,No,Month-to-month,Yes,Bank transfer (automatic),46.6,87.9,0,0,No,0,New (0-12m),0,0.6653917913656388,High
5201-FRKKS,Male,No,No,No,25,Yes,No,Fiber optic,Yes,No,No,No,No,No,Month-to-month,No,Bank transfer (automatic),74.3,1952.25,2,0,No,0,Mid (13-36m),2,0.5380162050232435,High
9799-CAYJJ,Female,Yes,Yes,No,2,Yes,No,Fiber optic,No,No,No,No,No,No,Month-to-month,Yes,Electronic check,69.3,153.8,1,0,No,0,New (0-12m),1,0.9266942815680476,Critical
5443-SCMKX,Female,No,Yes,No,58,Yes,Yes,Fiber optic,No,Yes,Yes,No,No,Yes,One year,Yes,Electronic check,94.3,5610.15,0,0,No,0,Established (37-60m),0,0.02823689351357627,Low
8295-KMENE,Female,No,Yes,Yes,59,Yes,Yes,DSL,Yes,No,Yes,Yes,Yes,No,Two year,Yes,Mailed check,76.45,4519.5,0,0,No,0,Established (37-60m),0,0.0013089816768574716,Low
6738-ISCBM,Male,No,No,No,44,No,No phone service,DSL,Yes,No,Yes,No,Yes,Yes,One year,Yes,Electronic check,54.0,2440.25,0,0,No,0,Established (37-60m),0,0.05284610035042881,Low
9821-BESNZ,Male,No,No,No,66,Yes,Yes,Fiber optic,No,Yes,No,Yes,Yes,Yes,One year,Yes,Electronic check,104.25,6860.6,0,0,No,0,Loyal (60m+),0,0.008934215189875975,Low
3678-MNGZX,Male,No,Yes,Yes,68,Yes,No,No,No internet service,No internet service,No internet service,No internet service,No internet service,No internet service,Two year,No,Bank transfer (automatic),19.95,1377.7,0,0,No,0,Loyal (60m+),0,0.0016821334031672942,Low
1335-NTIUC,Male,No,No,No,9,No,No phone service,DSL,No,No,No,No,No,No,Month-to-month,Yes,Electronic check,24.95,190.25,5,0,No,0,New (0-12m),5,0.7220782141060428,Critical
2916-BQZLN,Male,No,No,No,19,Yes,Yes,Fiber optic,Yes,No,Yes,No,No,No,Month-to-month,Yes,Electronic check,84.75,1651.95,0,0,No,0,Mid (13-36m),0,0.6814430898910276,High
4558-CGYCZ,Male,No,No,No,4,Yes,No,No,No internet service,No internet service,No internet service,No internet service,No internet service,No internet service,Month-to-month,No,Mailed check,19.75,78.3,1,0,No,0,New (0-12m),1,0.38336814734777086,Low
2368-GAKKQ,Female,No,No,No,70,Yes,Yes,Fiber optic,Yes,Yes,Yes,Yes,Yes,Yes,Two year,Yes,Bank transfer (automatic),113.65,7939.25,0,0,No,0,Loyal (60m+),0,0.0010110432931745338,Low
8710-YGLWG,Male,No,No,No,1,Yes,No,DSL,No,No,No,No,No,No,Month-to-month,Yes,Mailed check,44.9,44.9,4,0,No,0,New (0-12m),4,0.6586378813785083,High
3199-XGZCY,Female,No,No,No,8,Yes,Yes,Fiber optic,No,No,No,No,No,No,Month-to-month,Yes,Electronic check,75.25,576.7,1,0,No,0,New (0-12m),1,0.866536462105712,Critical
3785-KTYSH,Male,No,No,No,53,Yes,Yes,No,No internet service,No internet service,No internet service,No internet service,No internet service,No internet service,Two year,No,Mailed check,24.6,1279.0,0,0,No,0,Established (37-60m),0,0.0037245100413975094,Low
6814-ZPWFQ,Male,Yes,No,No,51,Yes,Yes,No,No internet service,No internet service,No internet service,No internet service,No internet service,No internet service,One year,No,Bank transfer (automatic),25.0,1260.7,0,0,No,0,Established (37-60m),0,0.01967801609065991,Low
4063-EIKNQ,Male,No,Yes,Yes,11,Yes,No,No,No internet service,No internet service,No internet service,No internet service,No internet service,No internet service,Month-to-month,No,Bank transfer (automatic),20.95,267.35,0,0,No,0,New (0-12m),0,0.2712412342875068,Low
6993-YCOBK,Male,No,Yes,Yes,60,Yes,Yes,Fiber optic,Yes,No,Yes,Yes,Yes,Yes,Two year,Yes,Electronic check,110.6,6586.85,0,0,No,0,Established (37-60m),0,0.00280853195126002,Low
5206-HPJKM,Male,No,No,No,17,Yes,No,DSL,Yes,Yes,No,No,No,No,Month-to-month,Yes,Credit card (automatic),55.5,934.15,2,0,No,0,Mid (13-36m),2,0.37683249689546444,Low
8393-JMVMB,Male,No,No,No,1,Yes,No,No,No internet service,No internet service,No internet service,No internet service,No internet service,No internet service,Month-to-month,No,Mailed check,19.45,19.45,2,0,No,0,New (0-12m),2,0.42424412319258975,High
5019-GQVCR,Male,Yes,No,No,43,Yes,Yes,Fiber optic,No,No,No,No,Yes,No,Month-to-month,Yes,Electronic check,84.85,3645.6,0,0,No,0,Established (37-60m),0,0.2988840931426865,Low
6036-TTFYU,Female,No,Yes,No,16,Yes,No,No,No internet service,No internet service,No internet service,No internet service,No internet service,No internet service,Month-to-month,No,Mailed check,19.6,314.45,0,0,No,0,Mid (13-36m),0,0.2496789260124297,Low
2550-AEVRU,Female,No,Yes,Yes,57,Yes,No,DSL,Yes,Yes,No,No,No,No,One year,No,Electronic check,53.45,3053.0,0,0,No,0,Established (37-60m),0,0.02127372891357907,Low
0969-RGKCU,Male,No,Yes,Yes,37,Yes,No,No,No internet service,No internet service,No internet service,No internet service,No internet service,No internet service,One year,No,Credit card (automatic),19.8,677.05,0,0,No,0,Established (37-60m),0,0.030817434552762975,Low
0378-CJKPV,Female,No,Yes,No,72,Yes,Yes,Fiber optic,Yes,Yes,Yes,Yes,Yes,Yes,Two year,No,Credit card (automatic),112.1,7965.95,3,0,No,0,Loyal (60m+),3,0.0008230775092015538,Low
2880-FPNAE,Male,Yes,Yes,No,2,Yes,No,Fiber optic,No,No,Yes,No,No,No,Month-to-month,Yes,Electronic check,74.2,140.1,0,0,No,0,New (0-12m),0,0.9154177954726467,Critical
1703-MGIAB,Female,No,No,No,17,Yes,Yes,DSL,No,No,Yes,Yes,Yes,No,Month-to-month,Yes,Mailed check,69.0,1108.0,0,0,No,0,Mid (13-36m),0,0.28914509302671665,Low
4311-QTTAI,Female,No,No,No,16,Yes,No,No,No internet service,No internet service,No internet service,No internet service,No internet service,No internet service,One year,No,Credit card (automatic),19.35,295.55,3,0,No,0,Mid (13-36m),3,0.12052612944855959,Low
4318-RAJVY,Female,No,No,No,10,Yes,No,No,No internet service,No internet service,No internet service,No internet service,No internet service,No internet service,One year,Yes,Mailed check,19.8,198.25,0,0,No,0,New (0-12m),0,0.1516302455437645,Low
3612-YUNGG,Male,No,Yes,Yes,64,Yes,Yes,Fiber optic,No,Yes,Yes,Yes,Yes,Yes,Two year,Yes,Credit card (automatic),109.2,6741.15,0,0,No,0,Loyal (60m+),0,0.001475608262325996,Low
2254-DLXRI,Female,No,No,No,1,Yes,Yes,Fiber optic,No,Yes,No,No,No,No,Month-to-month,Yes,Mailed check,79.15,79.15,5,0,No,0,New (0-12m),5,0.8644365609944894,Critical
5062-CJJKH,Male,No,Yes,Yes,25,Yes,No,DSL,No,Yes,Yes,No,No,No,One year,No,Mailed check,53.65,1355.45,5,0,No,0,Mid (13-36m),5,0.09298321174347632,Low
9028-LIHRP,Male,No,Yes,Yes,71,Yes,No,Fiber optic,Yes,Yes,Yes,Yes,Yes,No,Two year,No,Credit card (automatic),100.2,7209.0,0,0,No,0,Loyal (60m+),0,0.0010140321489289874,Low
1053-MXTTK,Female,No,Yes,Yes,72,Yes,No,Fiber optic,Yes,Yes,Yes,Yes,Yes,Yes,Two year,Yes,Bank transfer (automatic),108.65,7726.35,0,0,No,0,Loyal (60m+),0,0.0008526642934096893,Low
1530-ZTDOZ,Female,No,Yes,No,49,No,No phone service,DSL,Yes,No,No,No,Yes,No,Month-to-month,No,Bank transfer (automatic),40.65,2070.75,0,0,No,0,Established (37-60m),0,0.10500504523802653,Low
1301-LOPVR,Male,No,Yes,Yes,29,No,No phone service,DSL,Yes,Yes,Yes,Yes,No,Yes,One year,Yes,Credit card (automatic),55.35,1636.95,0,0,No,0,Mid (13-36m),0,0.060897738894593066,Low
0853-TWRVK,Male,No,Yes,No,72,Yes,Yes,Fiber optic,Yes,Yes,Yes,Yes,No,Yes,Two year,No,Bank transfer (automatic),105.6,7581.5,0,0,No,0,Loyal (60m+),0,0.0009847435116913364,Low
6212-ATMLK,Female,No,No,No,50,Yes,Yes,Fiber optic,No,No,No,No,Yes,Yes,Month-to-month,Yes,Electronic check,95.7,4729.75,0,0,No,0,Established (37-60m),0,0.14036738729327347,Low
8200-LGKSR,Male,No,Yes,No,71,Yes,Yes,DSL,Yes,No,Yes,Yes,Yes,Yes,Two year,No,Electronic check,83.2,6126.1,0,0,No,0,Loyal (60m+),0,0.0006674067609682491,Low
1568-BEKZM,Male,Yes,Yes,No,70,Yes,Yes,DSL,Yes,Yes,Yes,Yes,Yes,Yes,Two year,No,Credit card (automatic),90.05,6333.4,0,0,No,0,Loyal (60m+),0,0.0004876634183133695,Low
0670-ANMUU,Male,No,No,No,71,Yes,Yes,Fiber optic,Yes,No,No,Yes,No,Yes,One year,No,Credit card (automatic),97.65,6687.85,0,0,No,0,Loyal (60m+),0,0.005342555492412296,Low
6897-RWMUB,Male,No,Yes,Yes,61,Yes,No,DSL,Yes,Yes,Yes,Yes,No,No,Two year,Yes,Bank transfer (automatic),68.05,4158.25,0,0,No,0,Loyal (60m+),0,0.0015250100094656956,Low
6999-CHVCF,Male,No,No,No,68,Yes,Yes,Fiber optic,Yes,Yes,Yes,No,No,Yes,Two year,Yes,Bank transfer (automatic),102.1,7149.35,0,0,No,0,Loyal (60m+),0,0.0018707148302021864,Low
6134-KWTBV,Male,No,No,No,62,Yes,Yes,No,No internet service,No internet service,No internet service,No internet service,No internet service,No internet service,Two year,No,Bank transfer (automatic),23.4,1429.65,0,0,No,0,Loyal (60m+),0,0.0026076475850400397,Low
1077-HUUJM,Female,No,No,Yes,7,Yes,No,Fiber optic,No,No,No,No,No,No,Month-to-month,Yes,Electronic check,71.05,472.65,0,0,No,0,New (0-12m),0,0.8651145704278232,Critical
0895-LNKRC,Male,No,Yes,Yes,6,Yes,No,No,No internet service,No internet service,No internet service,No internet service,No internet service,No internet service,One year,No,Mailed check,19.45,113.5,0,0,No,0,New (0-12m),0,0.14216424004428962,Low
2045-BMBTJ,Female,Yes,No,No,33,No,No phone service,DSL,Yes,Yes,Yes,No,Yes,Yes,Month-to-month,Yes,Bank transfer (automatic),59.45,1884.65,0,2,No,0,Mid (13-36m),2,0.7956902711558261,Critical
8417-GSODA,Male,No,Yes,Yes,28,Yes,Yes,Fiber optic,No,No,No,No,Yes,Yes,One year,No,Bank transfer (automatic),92.2,2568.15,0,0,No,0,Mid (13-36m),0,0.16105826334255893,Low
5171-EPLKN,Male,No,No,No,27,Yes,No,No,No internet service,No internet service,No internet service,No internet service,No internet service,No internet service,Two year,No,Credit card (automatic),19.85,470.0,0,0,No,0,Mid (13-36m),0,0.019138983475853834,Low
4452-QIIEB,Male,No,No,No,7,Yes,No,DSL,No,No,No,No,No,No,Month-to-month,No,Mailed check,43.9,278.4,0,0,No,0,New (0-12m),0,0.5746456060930389,High
6741-EGCBI,Male,Yes,No,No,30,Yes,Yes,Fiber optic,Yes,No,No,No,No,Yes,Month-to-month,Yes,Credit card (automatic),90.5,2595.85,0,2,No,0,Mid (13-36m),2,0.906476692001959,Critical
7820-ZYGNY,Male,No,No,No,63,Yes,Yes,Fiber optic,No,Yes,No,No,No,Yes,One year,No,Credit card (automatic),90.45,5825.5,0,0,No,0,Loyal (60m+),0,0.01397284745239112,Low
9677-AVKED,Female,No,No,Yes,53,Yes,Yes,DSL,No,Yes,Yes,Yes,Yes,Yes,One year,Yes,Electronic check,84.6,4449.75,0,0,No,0,Established (37-60m),0,0.009496117896248638,Low
2227-JRSJX,Female,No,No,No,21,Yes,No,Fiber optic,No,Yes,No,Yes,Yes,Yes,Month-to-month,Yes,Bank transfer (automatic),99.15,1956.4,0,0,No,0,Mid (13-36m),0,0.47742866039094495,High
9847-HNVGP,Male,No,No,No,17,Yes,No,No,No internet service,No internet service,No internet service,No internet service,No internet service,No internet service,One year,No,Mailed check,19.95,310.6,0,0,No,0,Mid (13-36m),0,0.09997226718455836,Low
6696-YDAYZ,Male,No,Yes,Yes,16,Yes,No,No,No internet service,No internet service,No internet service,No internet service,No internet service,No internet service,Two year,No,Mailed check,20.5,290.55,0,0,No,0,Mid (13-36m),0,0.026307333160820852,Low
8980-WQFWL,Female,No,No,No,35,Yes,No,DSL,No,No,Yes,No,No,Yes,Month-to-month,Yes,Electronic check,62.1,2096.1,0,0,No,0,Mid (13-36m),0,0.20776960529508878,Low
1730-ZMAME,Female,Yes,No,No,32,Yes,No,Fiber optic,No,No,No,No,No,Yes,Month-to-month,Yes,Electronic check,79.5,2665.0,0,0,No,0,Mid (13-36m),0,0.5427845114539008,High
6506-EYCNH,Female,No,Yes,Yes,28,Yes,No,No,No internet service,No internet service,No internet service,No internet service,No internet service,No internet service,Month-to-month,Yes,Bank transfer (automatic),19.55,543.8,5,0,No,0,Mid (13-36m),5,0.14226822737813208,Low
4634-JLRJT,Female,No,No,No,1,Yes,No,No,No internet service,No internet service,No internet service,No internet service,No internet service,No internet service,Month-to-month,Yes,Mailed check,20.35,20.35,0,0,No,0,New (0-12m),0,0.4444961832995811,High
9501-UKKNL,Male,No,No,No,59,No,No phone service,DSL,No,No,No,Yes,Yes,Yes,Month-to-month,Yes,Electronic check,51.7,3005.8,0,0,No,0,Established (37-60m),0,0.04893353870390828,Low
2560-QTSBS,Female,No,Yes,Yes,72,Yes,Yes,No,No internet service,No internet service,No internet service,No internet service,No internet service,No internet service,One year,Yes,Bank transfer (automatic),23.3,1623.15,0,0,No,0,Loyal (60m+),0,0.004685546892537793,Low
4795-WRNVT,Female,No,No,No,40,Yes,No,DSL,Yes,Yes,No,No,Yes,No,Month-to-month,No,Mailed check,65.1,2586.0,0,0,No,0,Established (37-60m),0,0.09500326628404036,Low
6080-TCMYC,Male,No,Yes,Yes,40,Yes,Yes,Fiber optic,No,No,Yes,No,No,No,Month-to-month,Yes,Electronic check,81.2,3292.3,0,0,No,0,Established (37-60m),0,0.27603882300057314,Low
7860-UXCRM,Male,No,Yes,Yes,63,Yes,No,DSL,Yes,Yes,Yes,Yes,Yes,No,Two year,No,Credit card (automatic),74.5,4674.55,0,0,No,0,Loyal (60m+),0,0.0010081406300148593,Low
6357-JJPQT,Female,No,No,No,3,Yes,No,Fiber optic,No,No,No,No,Yes,No,Month-to-month,Yes,Electronic check,80.5,232.35,5,0,No,0,New (0-12m),5,0.8964090155932729,Critical
2292-XQWSV,Male,No,Yes,Yes,40,No,No phone service,DSL,No,Yes,Yes,Yes,Yes,Yes,One year,No,Mailed check,60.3,2448.5,0,0,No,0,Established (37-60m),0,0.025130434814085268,Low
9552-TGUZV,Male,No,Yes,No,8,Yes,No,Fiber optic,Yes,No,No,No,No,No,Month-to-month,Yes,Mailed check,75.0,658.1,4,0,No,0,New (0-12m),4,0.772722193182811,Critical
5913-INRQV,Male,Yes,Yes,No,34,Yes,No,Fiber optic,Yes,No,No,Yes,Yes,No,One year,No,Mailed check,90.15,3128.8,0,0,No,0,Mid (13-36m),0,0.11380327217304745,Low
9643-YBLUR,Male,No,Yes,No,9,Yes,Yes,DSL,No,Yes,Yes,No,No,Yes,Month-to-month,Yes,Credit card (automatic),69.05,653.95,0,0,No,0,New (0-12m),0,0.4358152829966375,High
8734-FNWVH,Male,No,Yes,Yes,31,Yes,Yes,DSL,No,No,No,No,No,Yes,Month-to-month,No,Bank transfer (automatic),59.7,1825.5,0,0,No,0,Mid (13-36m),0,0.15691389882399395,Low
9447-YPTBX,Female,No,Yes,No,50,Yes,No,No,No internet service,No internet service,No internet service,No internet service,No internet service,No internet service,One year,Yes,Bank transfer (automatic),19.85,943.1,1,0,No,0,Established (37-60m),1,0.02055609338045064,Low
9026-LHEVG,Female,No,No,No,9,No,No phone service,DSL,No,Yes,No,No,No,Yes,Month-to-month,No,Electronic check,40.75,359.4,0,0,No,0,New (0-12m),0,0.6865920158634256,High
7011-CVEUC,Male,No,Yes,No,25,Yes,No,Fiber optic,No,No,No,Yes,Yes,Yes,Month-to-month,Yes,Credit card (automatic),95.7,2338.35,0,0,No,0,Mid (13-36m),0,0.35902676381663395,Low
6185-TASNN,Male,Yes,No,No,1,Yes,No,DSL,No,No,No,No,No,No,Month-to-month,No,Electronic check,46.3,46.3,0,0,No,0,New (0-12m),0,0.7896392956956139,Critical
7925-PNRGI,Female,No,Yes,Yes,45,Yes,Yes,DSL,Yes,Yes,Yes,Yes,Yes,No,Month-to-month,No,Mailed check,81.3,3541.1,0,0,No,0,Established (37-60m),0,0.031183809102900844,Low
1552-CZCLL,Female,No,Yes,Yes,55,Yes,No,No,No internet service,No internet service,No internet service,No internet service,No internet service,No internet service,Month-to-month,No,Credit card (automatic),20.0,1087.25,0,0,No,0,Established (37-60m),0,0.03349031782084622,Low
3038-PQIUY,Female,No,No,No,38,Yes,Yes,DSL,Yes,Yes,Yes,No,No,No,Month-to-month,Yes,Bank transfer (automatic),66.15,2522.4,0,0,No,0,Established (37-60m),0,0.11571271909490159,Low
9313-CDOGY,Male,No,Yes,Yes,38,Yes,No,No,No internet service,No internet service,No internet service,No internet service,No internet service,No internet service,Month-to-month,No,Electronic check,19.6,717.3,5,0,No,0,Established (37-60m),5,0.11084028364336249,Low
8148-BPLZQ,Male,No,No,No,34,Yes,No,DSL,No,Yes,No,No,No,No,Month-to-month,Yes,Electronic check,49.8,1734.2,0,0,No,0,Mid (13-36m),0,0.2492779632642095,Low
2623-DRYAM,Female,No,Yes,No,70,Yes,Yes,Fiber optic,No,No,Yes,No,Yes,Yes,One year,Yes,Electronic check,101.75,7069.3,0,0,No,0,Loyal (60m+),0,0.009002522035719726,Low
9987-LUTYD,Female,No,No,No,13,Yes,No,DSL,Yes,No,No,Yes,No,No,One year,No,Mailed check,55.15,742.9,0,0,No,0,Mid (13-36m),0,0.19645027664963366,Low
4488-KQFDT,Female,No,No,No,61,Yes,Yes,Fiber optic,No,Yes,Yes,No,Yes,Yes,One year,Yes,Electronic check,103.95,6423.0,0,5,No,0,Loyal (60m+),5,0.9291157124475928,Critical
5693-PIPCS,Male,No,No,No,41,Yes,No,Fiber optic,No,Yes,No,Yes,Yes,Yes,Two year,Yes,Credit card (automatic),99.65,4220.35,1,0,No,0,Established (37-60m),1,0.014302649642439632,Low
0491-KAPQG,Male,No,No,No,21,Yes,Yes,Fiber optic,No,No,No,No,No,No,Month-to-month,Yes,Electronic check,73.7,1558.7,0,0,No,0,Mid (13-36m),0,0.6984543906744107,High
1925-LFCZZ,Male,Yes,No,No,55,No,No phone service,DSL,No,No,Yes,No,Yes,Yes,One year,Yes,Bank transfer (automatic),50.05,2743.45,5,0,No,0,Established (37-60m),5,0.026276705505231243,Low
8039-EQPIM,Male,No,Yes,No,69,No,No phone service,DSL,Yes,No,Yes,Yes,Yes,Yes,Two year,No,Bank transfer (automatic),60.25,4055.5,0,0,No,0,Loyal (60m+),0,0.0013760430779490363,Low
8707-RMEZH,Female,Yes,Yes,No,69,Yes,No,Fiber optic,Yes,Yes,No,No,No,Yes,One year,No,Credit card (automatic),87.3,6055.55,0,0,No,0,Loyal (60m+),0,0.012958795463790702,Low
3209-ZPKFI,Male,No,Yes,Yes,47,Yes,Yes,DSL,No,Yes,No,No,No,No,Month-to-month,No,Electronic check,54.25,2538.2,0,0,No,0,Established (37-60m),0,0.0937377846274281,Low
6479-VDGRK,Female,No,Yes,Yes,72,Yes,No,DSL,Yes,Yes,Yes,Yes,Yes,Yes,Two year,No,Bank transfer (automatic),85.3,6129.2,0,0,No,0,Loyal (60m+),0,0.00040919544973641814,Low
9373-WSLOY,Male,Yes,Yes,No,33,No,No phone service,DSL,No,Yes,Yes,Yes,Yes,No,Month-to-month,Yes,Electronic check,50.0,1750.85,1,0,No,0,Mid (13-36m),1,0.24834951652705162,Low
3569-JFODW,Female,No,Yes,Yes,72,Yes,Yes,DSL,Yes,Yes,Yes,Yes,Yes,Yes,Two year,No,Credit card (automatic),90.95,6652.45,0,0,No,0,Loyal (60m+),0,0.00030067601158720444,Low
9819-FBNSV,Male,Yes,Yes,No,37,Yes,No,Fiber optic,No,No,No,No,No,No,Month-to-month,Yes,Bank transfer (automatic),72.25,2575.45,0,0,No,0,Established (37-60m),0,0.38812470887139655,Low
9544-PYPSJ,Female,Yes,Yes,Yes,62,Yes,Yes,Fiber optic,No,Yes,Yes,No,No,Yes,Month-to-month,Yes,Credit card (automatic),96.1,6019.35,0,0,No,0,Loyal (60m+),0,0.03773525054251328,Low
1591-XWLGB,Female,No,Yes,No,71,Yes,No,No,No internet service,No internet service,No internet service,No internet service,No internet service,No internet service,Two year,No,Credit card (automatic),19.85,1379.6,0,0,No,0,Loyal (60m+),0,0.0017463947859143404,Low
0396-UKGAI,Male,No,No,Yes,23,Yes,No,DSL,No,Yes,No,Yes,No,No,Month-to-month,Yes,Bank transfer (automatic),55.3,1284.2,0,0,No,0,Mid (13-36m),0,0.2317648898560095,Low
3243-ZHOHY,Female,No,No,No,16,Yes,No,No,No internet service,No internet service,No internet service,No internet service,No internet service,No internet service,One year,No,Mailed check,20.1,296.15,3,0,No,0,Mid (13-36m),3,0.11392960907699957,Low
5186-EJEGL,Male,No,No,No,9,Yes,No,DSL,Yes,No,Yes,Yes,Yes,No,Month-to-month,Yes,Mailed check,69.5,653.25,0,0,No,0,New (0-12m),0,0.38673057140093614,Low
7527-QNRUS,Male,No,Yes,Yes,17,Yes,Yes,No,No internet service,No internet service,No internet service,No internet service,No internet service,No internet service,Two year,Yes,Mailed check,25.15,412.6,0,0,No,0,Mid (13-36m),0,0.022713263239037815,Low
2203-GHNWN,Female,No,Yes,No,24,Yes,Yes,Fiber optic,No,No,Yes,No,No,No,Month-to-month,Yes,Mailed check,79.65,1928.7,0,0,No,0,Mid (13-36m),0,0.514744681621289,High
3878-AVSOQ,Female,Yes,No,No,1,Yes,No,Fiber optic,No,No,No,No,No,No,Month-to-month,Yes,Electronic check,71.25,71.25,0,0,No,0,New (0-12m),0,0.9336886827900545,Critical
3258-SYSWS,Male,Yes,No,No,72,Yes,Yes,Fiber optic,Yes,Yes,Yes,Yes,Yes,Yes,Two year,No,Bank transfer (automatic),113.8,7845.8,4,0,No,0,Loyal (60m+),4,0.0010623448426188688,Low
5296-PSYVW,Female,No,Yes,No,72,Yes,Yes,No,No internet service,No internet service,No internet service,No internet service,No internet service,No internet service,Two year,No,Electronic check,24.55,1750.7,4,0,No,0,Loyal (60m+),4,0.0021002411026341842,Low
6319-QSUSR,Female,No,No,Yes,11,Yes,No,No,No internet service,No internet service,No internet service,No internet service,No internet service,No internet service,Month-to-month,No,Credit card (automatic),19.7,216.2,0,0,No,0,New (0-12m),0,0.2963778355280126,Low
0512-FLFDW,Female,Yes,Yes,No,60,Yes,Yes,Fiber optic,No,No,Yes,No,Yes,Yes,One year,Yes,Credit card (automatic),100.5,6029.0,0,0,No,0,Established (37-60m),0,0.01696262228122566,Low
0487-CRLZF,Female,No,No,No,49,Yes,No,DSL,No,No,Yes,Yes,Yes,Yes,Two year,Yes,Bank transfer (automatic),74.45,3721.9,0,0,No,0,Established (37-60m),0,0.003925083048317236,Low
2107-FBPTK,Female,Yes,No,No,30,Yes,Yes,Fiber optic,No,Yes,Yes,No,Yes,Yes,Month-to-month,Yes,Electronic check,104.1,3121.1,0,0,No,0,Mid (13-36m),0,0.44851850518836356,High
9451-WLYRI,Female,No,Yes,No,53,Yes,No,No,No internet service,No internet service,No internet service,No internet service,No internet service,No internet service,One year,No,Credit card (automatic),19.05,990.45,0,0,No,0,Established (37-60m),0,0.016667575771235125,Low
8219-VYBVI,Male,No,No,Yes,39,Yes,Yes,No,No internet service,No internet service,No internet service,No internet service,No internet service,No internet service,Two year,No,Mailed check,25.0,1004.35,0,0,No,0,Established (37-60m),0,0.006887842034467866,Low
1991-VOPLL,Female,No,No,No,9,Yes,No,No,No internet service,No internet service,No internet service,No internet service,No internet service,No internet service,Month-to-month,No,Mailed check,19.05,157.65,1,0,No,0,New (0-12m),1,0.3448665728184582,Low
9738-QLWTP,Male,No,No,No,39,Yes,No,Fiber optic,No,No,Yes,Yes,No,No,One year,No,Electronic check,81.9,3219.75,0,0,No,0,Established (37-60m),0,0.12993259357313455,Low
1016-DJTSV,Male,Yes,No,No,8,Yes,No,Fiber optic,No,No,No,No,No,No,Month-to-month,Yes,Electronic check,69.7,572.85,0,0,No,0,New (0-12m),0,0.8874004627530429,Critical
9419-IPPBE,Female,No,Yes,Yes,51,Yes,Yes,Fiber optic,No,No,Yes,No,No,Yes,One year,Yes,Electronic check,90.15,4554.85,0,0,No,0,Established (37-60m),0,0.049875933802484146,Low
0174-QRVVY,Male,No,Yes,Yes,71,Yes,Yes,No,No internet service,No internet service,No internet service,No internet service,No internet service,No internet service,Two year,No,Credit card (automatic),25.35,1847.55,3,0,No,0,Loyal (60m+),3,0.0010903412177081725,Low
5699-BNCAS,Male,Yes,No,No,71,Yes,Yes,No,No internet service,No internet service,No internet service,No internet service,No internet service,No internet service,Two year,Yes,Mailed check,24.65,1766.75,0,0,No,0,Loyal (60m+),0,0.0016328480210344577,Low
2900-PHPLN,Female,Yes,Yes,No,70,Yes,No,No,No internet service,No internet service,No internet service,No internet service,No internet service,No internet service,Two year,Yes,Credit card (automatic),19.55,1462.05,5,0,No,0,Loyal (60m+),5,0.0022177072756941955,Low
8106-GWQOK,Male,No,Yes,No,38,No,No phone service,DSL,Yes,Yes,No,Yes,Yes,Yes,Two year,Yes,Bank transfer (automatic),60.0,2193.2,0,0,No,0,Established (37-60m),0,0.011437302048127807,Low
8751-EDEKA,Female,No,Yes,No,28,Yes,No,Fiber optic,No,Yes,Yes,No,No,Yes,Month-to-month,No,Credit card (automatic),89.9,2433.5,0,0,No,0,Mid (13-36m),0,0.4051119386220936,High
6878-GGDWG,Female,No,Yes,No,32,Yes,No,No,No internet service,No internet service,No internet service,No internet service,No internet service,No internet service,Month-to-month,No,Bank transfer (automatic),19.4,641.15,0,0,No,0,Mid (13-36m),0,0.13342384641121582,Low
4039-PIMHX,Male,Yes,Yes,No,49,Yes,No,DSL,No,Yes,No,No,No,No,Two year,No,Mailed check,49.8,2398.4,0,0,No,0,Established (37-60m),0,0.00966447229960147,Low
8450-LUGUK,Female,No,Yes,Yes,37,Yes,Yes,No,No internet service,No internet service,No internet service,No internet service,No internet service,No internet service,Two year,Yes,Bank transfer (automatic),24.1,861.85,0,3,No,0,Established (37-60m),3,0.3305985630126268,Low
3604-WLABM,Female,No,No,No,10,Yes,No,DSL,No,No,Yes,Yes,No,No,Month-to-month,No,Electronic check,54.25,583.0,0,0,No,0,New (0-12m),0,0.569902804323264,High
0795-GMVQO,Male,No,Yes,No,67,Yes,Yes,Fiber optic,Yes,Yes,Yes,No,Yes,Yes,One year,No,Credit card (automatic),109.9,7332.4,0,2,No,0,Loyal (60m+),2,0.06765606091574827,Low
2259-OUUSZ,Male,No,No,No,7,No,No phone service,DSL,No,No,Yes,Yes,No,No,One year,Yes,Credit card (automatic),35.5,249.55,0,0,No,0,New (0-12m),0,0.32432294655418226,Low
1142-IHLOO,Female,No,No,No,51,Yes,No,Fiber optic,No,No,No,No,Yes,Yes,One year,No,Credit card (automatic),87.55,4475.9,0,0,No,0,Established (37-60m),0,0.04329637808725721,Low
4633-MKHYU,Female,No,No,No,9,Yes,No,Fiber optic,No,No,No,No,Yes,Yes,Month-to-month,Yes,Mailed check,88.4,788.6,0,0,No,0,New (0-12m),0,0.751504611265796,Critical
6257-RJOHI,Male,No,No,No,4,Yes,No,DSL,No,No,No,Yes,No,No,Month-to-month,Yes,Mailed check,50.8,202.3,0,0,No,0,New (0-12m),0,0.5447051364122993,High
1545-JFUML,Male,No,Yes,No,71,Yes,Yes,Fiber optic,Yes,Yes,Yes,No,Yes,No,Two year,Yes,Electronic check,99.0,6994.6,4,0,No,0,Loyal (60m+),4,0.0023832729897668723,Low
7826-VVKWT,Female,Yes,Yes,Yes,24,Yes,No,Fiber optic,No,No,Yes,No,Yes,Yes,Two year,Yes,Electronic check,96.55,2263.45,0,0,No,0,Mid (13-36m),0,0.11893956112713239,Low
1353-GHZOS,Male,No,Yes,No,22,Yes,No,DSL,Yes,No,No,No,Yes,No,One year,Yes,Bank transfer (automatic),59.75,1374.35,0,0,No,0,Mid (13-36m),0,0.12437686299426101,Low
2587-EKXTS,Male,No,No,No,44,Yes,Yes,Fiber optic,Yes,Yes,Yes,No,Yes,Yes,Month-to-month,Yes,Electronic check,111.5,4915.15,5,0,No,0,Established (37-60m),5,0.1319129018661255,Low
5442-BXVND,Female,No,Yes,Yes,33,Yes,Yes,No,No internet service,No internet service,No internet service,No internet service,No internet service,No internet service,Month-to-month,No,Bank transfer (automatic),24.25,838.5,0,0,No,0,Mid (13-36m),0,0.09976528638283874,Low
9753-OYLBX,Female,No,No,No,1,Yes,No,No,No internet service,No internet service,No internet service,No internet service,No internet service,No internet service,Month-to-month,No,Mailed check,20.5,20.5,3,0,No,0,New (0-12m),3,0.4439919606099371,High
2364-UFROM,Male,No,No,No,30,Yes,No,DSL,Yes,Yes,No,Yes,Yes,No,One year,No,Electronic check,70.4,2044.75,1,2,No,0,Mid (13-36m),3,0.5364785265085084,High
6656-JWRQX,Female,No,No,No,1,No,No phone service,DSL,No,No,No,Yes,No,No,Month-to-month,No,Mailed check,30.55,30.55,0,0,No,0,New (0-12m),0,0.6782861153039969,High
6473-ULUHT,Male,No,Yes,Yes,16,Yes,Yes,DSL,Yes,Yes,No,Yes,Yes,Yes,Month-to-month,No,Electronic check,84.9,1398.25,0,0,No,0,Mid (13-36m),0,0.2710725062062677,Low
7688-AWMDX,Male,No,Yes,No,71,Yes,No,DSL,Yes,No,No,Yes,No,No,Two year,No,Bank transfer (automatic),54.5,3778.2,0,0,No,0,Loyal (60m+),0,0.0014746068750764504,Low
2842-BCQGE,Male,No,No,No,43,Yes,Yes,Fiber optic,No,No,No,No,No,No,Month-to-month,Yes,Credit card (automatic),75.35,3161.4,0,0,No,0,Established (37-60m),0,0.23164023250423718,Low
7244-QWYHG,Male,No,Yes,No,50,No,No phone service,DSL,Yes,No,No,Yes,Yes,No,One year,Yes,Bank transfer (automatic),44.45,2188.45,3,0,No,0,Established (37-60m),3,0.02699268464994843,Low
5312-UXESG,Female,No,No,No,41,Yes,Yes,Fiber optic,No,No,Yes,No,Yes,Yes,Month-to-month,No,Bank transfer (automatic),98.05,3990.6,1,0,No,0,Established (37-60m),1,0.17987568664504908,Low
2150-WLKUW,Female,No,Yes,No,40,Yes,Yes,DSL,No,Yes,No,No,Yes,No,One year,No,Bank transfer (automatic),63.9,2635.0,0,0,No,0,Established (37-60m),0,0.0390058240515917,Low
7159-FVYPK,Female,No,Yes,Yes,3,Yes,Yes,DSL,No,Yes,Yes,No,Yes,No,Month-to-month,Yes,Bank transfer (automatic),69.15,235.0,1,0,No,0,New (0-12m),1,0.5440573718389239,High
7032-LMBHI,Female,No,No,No,37,Yes,Yes,DSL,Yes,No,No,No,Yes,No,One year,No,Bank transfer (automatic),64.65,2347.85,0,2,No,0,Established (37-60m),2,0.43093179517086516,High
6088-BXMRG,Female,No,Yes,Yes,32,Yes,Yes,Fiber optic,No,Yes,No,No,Yes,Yes,Month-to-month,Yes,Electronic check,98.85,3089.6,0,0,No,0,Mid (13-36m),0,0.34374750106045565,Low
4821-SJHJV,Female,No,Yes,Yes,32,Yes,Yes,Fiber optic,Yes,No,No,No,Yes,No,Month-to-month,No,Electronic check,89.6,2901.8,0,0,No,0,Mid (13-36m),0,0.38643416025081906,Low
7346-MEDWM,Female,No,No,No,59,Yes,Yes,Fiber optic,No,Yes,Yes,No,No,No,Month-to-month,Yes,Electronic check,83.25,4949.1,0,0,No,0,Established (37-60m),0,0.10353588058714357,Low
1137-DGOWI,Female,No,Yes,No,30,Yes,No,DSL,No,Yes,Yes,Yes,No,Yes,One year,No,Bank transfer (automatic),70.25,2198.9,0,0,No,0,Mid (13-36m),0,0.05424126213345624,Low
3812-LRZIR,Female,No,Yes,Yes,27,Yes,Yes,No,No internet service,No internet service,No internet service,No internet service,No internet service,No internet service,Two year,No,Electronic check,24.5,761.95,0,0,No,0,Mid (13-36m),0,0.022085240809822534,Low
9483-GCPWE,Male,No,No,Yes,9,Yes,No,No,No internet service,No internet service,No internet service,No internet service,No internet service,No internet service,One year,No,Mailed check,20.1,190.25,0,0,No,0,New (0-12m),0,0.1278611648446405,Low
4227-OJHAL,Female,No,Yes,Yes,68,Yes,Yes,DSL,Yes,Yes,Yes,No,Yes,No,One year,Yes,Credit card (automatic),73.0,5163.0,0,0,No,0,Loyal (60m+),0,0.0032246716481081866,Low
9220-CXRSC,Female,No,Yes,Yes,69,Yes,Yes,DSL,Yes,No,No,Yes,No,No,Two year,No,Credit card (automatic),61.4,4059.85,1,0,No,0,Loyal (60m+),1,0.0012023630287744094,Low
4993-JCRGJ,Male,No,No,No,26,Yes,Yes,Fiber optic,No,No,Yes,Yes,No,No,Month-to-month,Yes,Mailed check,84.3,2281.6,0,0,No,0,Mid (13-36m),0,0.38836057486736975,Low
9537-JALFH,Male,No,Yes,Yes,69,Yes,No,No,No internet service,No internet service,No internet service,No internet service,No internet service,No internet service,Two year,No,Bank transfer (automatic),19.9,1356.7,0,0,No,0,Loyal (60m+),0,0.0016140857204798803,Low
6698-OXETB,Male,No,No,No,11,Yes,No,No,No internet service,No internet service,No internet service,No internet service,No internet service,No internet service,Two year,No,Mailed check,20.4,231.45,0,0,No,0,New (0-12m),0,0.04159266241950989,Low
2103-ZRXFN,Male,No,No,No,1,Yes,Yes,DSL,No,No,No,No,No,No,Month-to-month,No,Mailed check,50.75,50.75,0,0,No,0,New (0-12m),0,0.6405105737215739,High
3724-BSCVH,Male,No,Yes,Yes,10,Yes,No,No,No internet service,No internet service,No internet service,No internet service,No internet service,No internet service,One year,No,Mailed check,20.45,242.4,0,0,No,0,New (0-12m),0,0.11421153814321998,Low
4877-TSOFF,Female,No,Yes,Yes,55,Yes,Yes,DSL,Yes,Yes,No,Yes,No,Yes,One year,Yes,Bank transfer (automatic),75.75,4264.25,0,0,No,0,Established (37-60m),0,0.006826518957979934,Low
9209-NWPGU,Male,No,No,No,44,Yes,No,DSL,Yes,No,No,Yes,Yes,No,One year,No,Electronic check,65.4,2774.55,0,0,No,0,Established (37-60m),0,0.033952524130371114,Low
7306-YDSOI,Male,No,Yes,Yes,69,Yes,No,DSL,Yes,Yes,Yes,No,No,No,Two year,Yes,Bank transfer (automatic),59.75,4069.9,0,0,No,0,Loyal (60m+),0,0.0014499262856521866,Low
5288-AHOUP,Male,Yes,No,No,11,Yes,No,Fiber optic,No,No,No,No,No,Yes,Month-to-month,Yes,Electronic check,78.5,874.2,0,0,No,0,New (0-12m),0,0.845838631299593,Critical
0655-YDGFJ,Male,No,No,No,29,Yes,No,DSL,No,No,Yes,No,No,No,Month-to-month,No,Bank transfer (automatic),48.95,1323.7,0,0,No,0,Mid (13-36m),0,0.25580228288710266,Low
8468-EHYJA,Female,No,Yes,No,57,Yes,Yes,Fiber optic,Yes,No,No,No,Yes,Yes,Month-to-month,Yes,Electronic check,99.65,5497.05,5,0,No,0,Established (37-60m),5,0.07476833985251026,Low
6823-SIDFQ,Male,No,No,No,28,Yes,No,No,No internet service,No internet service,No internet service,No internet service,No internet service,No internet service,One year,No,Credit card (automatic),18.25,534.7,0,0,No,0,Mid (13-36m),0,0.06108713451513397,Low
1097-FSPVW,Female,No,No,No,42,Yes,No,DSL,Yes,No,Yes,No,No,No,Month-to-month,No,Credit card (automatic),54.55,2455.05,0,0,No,0,Established (37-60m),0,0.10762759173946373,Low
8328-SKJNO,Male,No,No,Yes,23,No,No phone service,DSL,Yes,Yes,No,Yes,No,No,One year,No,Bank transfer (automatic),40.65,947.4,0,1,No,0,Mid (13-36m),1,0.35829877908525354,Low
7010-ZMVBF,Female,No,Yes,Yes,18,Yes,No,No,No internet service,No internet service,No internet service,No internet service,No internet service,No internet service,Month-to-month,No,Mailed check,20.45,357.0,0,0,No,0,Mid (13-36m),0,0.20193029165585138,Low
5201-CBWYG,Male,No,Yes,Yes,62,Yes,Yes,No,No internet service,No internet service,No internet service,No internet service,No internet service,No internet service,One year,No,Bank transfer (automatic),24.8,1476.25,3,0,No,0,Loyal (60m+),3,0.007130213533113909,Low
6352-GIGGQ,Male,No,No,No,67,Yes,Yes,DSL,Yes,Yes,Yes,Yes,Yes,Yes,One year,Yes,Bank transfer (automatic),88.8,5903.15,0,0,No,0,Loyal (60m+),0,0.002103811506183575,Low
3635-QQRQD,Male,No,No,No,62,Yes,No,No,No internet service,No internet service,No internet service,No internet service,No internet service,No internet service,Two year,Yes,Credit card (automatic),20.05,1201.65,0,0,No,0,Loyal (60m+),0,0.002759969189835268,Low
2897-DOVND,Male,No,No,No,2,Yes,No,Fiber optic,No,No,No,No,No,No,Month-to-month,Yes,Electronic check,69.8,146.65,0,0,No,0,New (0-12m),0,0.9074043565910234,Critical
3082-YVEKW,Female,No,Yes,Yes,23,Yes,Yes,DSL,Yes,No,Yes,Yes,Yes,No,Two year,Yes,Bank transfer (automatic),77.15,1759.4,0,0,No,0,Mid (13-36m),0,0.020465573162546644,Low
0191-EQUUH,Female,No,No,Yes,25,No,No phone service,DSL,Yes,No,No,Yes,No,No,Two year,No,Bank transfer (automatic),35.05,844.45,0,0,No,0,Mid (13-36m),0,0.04522892006570478,Low
7134-HBPBS,Female,Yes,No,No,72,Yes,Yes,Fiber optic,No,Yes,Yes,Yes,Yes,Yes,Two year,Yes,Bank transfer (automatic),108.1,7774.05,0,0,No,0,Loyal (60m+),0,0.001289359403034467,Low
3489-HHPFY,Female,No,Yes,No,2,Yes,Yes,Fiber optic,No,No,No,No,Yes,No,Month-to-month,Yes,Electronic check,84.05,134.05,2,0,No,0,New (0-12m),2,0.8941613498548769,Critical
2926-JEJJC,Female,No,No,No,8,Yes,No,No,No internet service,No internet service,No internet service,No internet service,No internet service,No internet service,One year,Yes,Bank transfer (automatic),20.2,140.95,0,0,No,0,New (0-12m),0,0.18318064783940205,Low
4950-BDEUX,Male,No,No,No,35,No,No phone service,DSL,No,No,Yes,No,Yes,Yes,Month-to-month,No,Electronic check,49.2,1701.65,5,0,No,0,Mid (13-36m),5,0.24365492478738754,Low
5789-LDFXO,Male,No,No,No,24,Yes,Yes,No,No internet service,No internet service,No internet service,No internet service,No internet service,No internet service,One year,No,Electronic check,24.6,592.65,0,0,No,0,Mid (13-36m),0,0.09773403300528152,Low
0508-OOLTO,Female,No,Yes,Yes,2,Yes,No,Fiber optic,No,No,No,No,No,No,Month-to-month,Yes,Electronic check,71.65,135.75,0,0,No,0,New (0-12m),0,0.8954097857739726,Critical
2984-TBYKU,Male,No,Yes,Yes,72,Yes,Yes,Fiber optic,Yes,Yes,Yes,Yes,No,Yes,Two year,Yes,Credit card (automatic),104.9,7732.65,5,0,No,0,Loyal (60m+),5,0.0007646374856384633,Low
9822-WMWVG,Female,No,No,No,41,Yes,Yes,Fiber optic,Yes,Yes,Yes,Yes,Yes,No,Month-to-month,Yes,Electronic check,106.5,4282.4,0,0,No,0,Established (37-60m),0,0.17209134732053508,Low
9040-KZVWO,Male,No,No,No,26,Yes,No,Fiber optic,No,Yes,No,No,No,No,One year,No,Bank transfer (automatic),75.5,2018.1,4,0,No,0,Mid (13-36m),4,0.28048324140888126,Low
1548-ARAGG,Female,No,Yes,Yes,4,Yes,Yes,DSL,No,Yes,No,Yes,No,No,Month-to-month,Yes,Mailed check,58.5,224.85,0,0,No,0,New (0-12m),0,0.48887999735194443,High
6339-RZCBJ,Male,No,No,No,48,Yes,No,DSL,No,Yes,Yes,Yes,Yes,Yes,Two year,No,Credit card (automatic),78.9,3771.5,0,0,No,0,Established (37-60m),0,0.0032699186504934813,Low
4415-WNGVR,Female,Yes,Yes,No,12,Yes,No,DSL,Yes,No,Yes,Yes,Yes,Yes,One year,Yes,Electronic check,79.2,943.85,0,0,No,0,New (0-12m),0,0.24633367691304864,Low
2522-AHJXR,Male,No,Yes,No,60,Yes,Yes,Fiber optic,Yes,No,Yes,Yes,Yes,Yes,Month-to-month,Yes,Bank transfer (automatic),109.45,6572.85,0,0,No,0,Established (37-60m),0,0.021972834693362486,Low
0412-UCCNP,Male,No,No,No,55,Yes,No,DSL,Yes,No,Yes,Yes,No,No,Two year,Yes,Electronic check,59.2,3175.85,0,0,No,0,Established (37-60m),0,0.005552543757857412,Low
1816-FLZDK,Male,No,No,No,1,No,No phone service,DSL,No,No,No,Yes,No,No,Month-to-month,No,Mailed check,29.15,29.15,2,0,No,0,New (0-12m),2,0.6615644074328827,High
7096-UCLNH,Male,No,No,No,1,Yes,No,No,No internet service,No internet service,No internet service,No internet service,No internet service,No internet service,Month-to-month,No,Mailed check,20.05,20.05,0,0,No,0,New (0-12m),0,0.4222499641773774,High
4615-PIVVU,Female,No,No,No,42,Yes,No,DSL,No,No,Yes,Yes,No,Yes,Two year,No,Credit card (automatic),66.5,2762.75,0,0,No,0,Established (37-60m),0,0.00786751251331221,Low
8885-QSQBX,Female,No,No,No,1,Yes,No,DSL,Yes,No,No,No,No,No,Month-to-month,No,Bank transfer (automatic),49.55,49.55,0,0,No,0,New (0-12m),0,0.690901844573067,High
8617-ENBDS,Male,No,No,No,3,Yes,No,Fiber optic,No,No,Yes,No,No,No,Month-to-month,Yes,Credit card (automatic),73.6,232.5,0,0,No,0,New (0-12m),0,0.8503530820840711,Critical
9385-NXKDA,Female,No,Yes,No,72,Yes,Yes,DSL,Yes,Yes,Yes,No,Yes,Yes,Two year,Yes,Credit card (automatic),82.65,5919.35,0,0,No,0,Loyal (60m+),0,0.0006067026012568054,Low
0430-IHCDJ,Male,No,No,No,15,Yes,Yes,DSL,No,No,No,No,No,No,Month-to-month,Yes,Electronic check,49.0,749.25,0,0,No,0,Mid (13-36m),0,0.5396938495311341,High
6674-KVJHG,Female,No,No,No,11,Yes,Yes,No,No internet service,No internet service,No internet service,No internet service,No internet service,No internet service,One year,No,Electronic check,25.2,245.15,0,0,No,0,New (0-12m),0,0.19992908493418152,Low
1814-DKOLC,Female,No,No,No,5,Yes,Yes,No,No internet service,No internet service,No internet service,No internet service,No internet service,No internet service,Month-to-month,No,Mailed check,25.45,134.75,0,0,No,0,New (0-12m),0,0.3719939920699118,Low
9351-HXDMR,Male,No,Yes,No,72,Yes,Yes,Fiber optic,Yes,No,Yes,Yes,Yes,Yes,Two year,Yes,Credit card (automatic),110.9,8240.85,0,6,No,0,Loyal (60m+),6,0.6554587077300937,High
3537-HPKQT,Female,No,Yes,No,55,Yes,Yes,Fiber optic,No,Yes,No,No,No,No,Month-to-month,Yes,Credit card (automatic),77.75,4266.4,0,0,No,0,Established (37-60m),0,0.10507652240026809,Low
2129-ALKBS,Female,No,Yes,Yes,40,Yes,Yes,No,No internet service,No internet service,No internet service,No internet service,No internet service,No internet service,Month-to-month,Yes,Electronic check,26.2,1077.5,0,0,No,0,Established (37-60m),0,0.09189319599413182,Low
5821-MMEIL,Female,No,Yes,No,57,Yes,No,No,No internet service,No internet service,No internet service,No internet service,No internet service,No internet service,Two year,No,Bank transfer (automatic),19.9,1115.6,0,0,No,0,Established (37-60m),0,0.004005018692031086,Low
1309-XGFSN,Male,Yes,Yes,Yes,52,Yes,Yes,DSL,No,Yes,Yes,No,Yes,Yes,One year,Yes,Electronic check,80.85,4079.55,0,0,No,0,Established (37-60m),0,0.015288581335367283,Low
6968-URWQU,Male,No,Yes,No,43,Yes,No,DSL,No,No,No,No,Yes,No,One year,Yes,Mailed check,56.35,2391.15,0,0,No,0,Established (37-60m),0,0.032884787413759525,Low
4742-TXUEX,Female,No,Yes,Yes,47,Yes,No,No,No internet service,No internet service,No internet service,No internet service,No internet service,No internet service,Two year,No,Bank transfer (automatic),19.3,890.5,1,0,No,0,Established (37-60m),1,0.006079892270715925,Low
9631-XEYKE,Male,No,No,No,3,Yes,Yes,DSL,No,No,No,No,No,No,Month-to-month,No,Bank transfer (automatic),50.4,137.25,0,0,No,0,New (0-12m),0,0.6392002372727325,High
1335-MXCSE,Male,No,Yes,Yes,55,Yes,No,DSL,No,No,Yes,Yes,No,No,Two year,Yes,Credit card (automatic),55.25,3119.9,0,0,No,0,Established (37-60m),0,0.0031934348038480946,Low
8873-TMKGR,Male,No,No,No,29,Yes,No,No,No internet service,No internet service,No internet service,No internet service,No internet service,No internet service,One year,No,Mailed check,19.1,529.5,0,0,No,0,Mid (13-36m),0,0.05496608433839902,Low
8800-JOOCF,Female,No,No,Yes,12,Yes,Yes,Fiber optic,No,No,No,No,Yes,No,Month-to-month,Yes,Electronic check,84.05,966.55,0,0,No,0,New (0-12m),0,0.7824094441374012,Critical
1469-LBJQJ,Female,No,Yes,No,66,Yes,Yes,Fiber optic,No,Yes,Yes,No,Yes,Yes,Month-to-month,Yes,Electronic check,105.2,6936.85,0,0,No,0,Loyal (60m+),0,0.02930869171863806,Low
0064-YIJGF,Male,No,Yes,Yes,27,Yes,Yes,Fiber optic,No,No,No,No,No,No,Month-to-month,Yes,Bank transfer (automatic),75.75,1929.0,0,2,No,0,Mid (13-36m),2,0.9221490400974347,Critical
2386-OWURY,Female,No,No,No,58,Yes,No,Fiber optic,No,No,No,Yes,Yes,Yes,Month-to-month,Yes,Electronic check,95.3,5817.7,0,0,No,0,Established (37-60m),0,0.05979759773422286,Low
0310-VQXAM,Male,No,No,No,9,Yes,No,No,No internet service,No internet service,No internet service,No internet service,No internet service,No internet service,Month-to-month,No,Mailed check,19.85,178.8,0,0,No,0,New (0-12m),0,0.31996760135587937,Low
3453-RTHJQ,Male,No,No,No,6,Yes,No,Fiber optic,No,No,No,No,No,No,Month-to-month,Yes,Electronic check,69.1,435.0,2,0,No,0,New (0-12m),2,0.8809873002994758,Critical
6278-FEPBZ,Female,No,No,No,9,Yes,No,No,No internet service,No internet service,No internet service,No internet service,No internet service,No internet service,Month-to-month,No,Mailed check,20.25,186.15,0,0,No,0,New (0-12m),0,0.3391813621005452,Low
4280-DLSHD,Male,No,Yes,No,8,Yes,No,DSL,No,Yes,Yes,No,No,No,Month-to-month,Yes,Mailed check,54.75,445.85,0,0,No,0,New (0-12m),0,0.4987968885265029,High
1508-DFXCU,Male,No,No,No,12,Yes,No,Fiber optic,No,No,No,No,Yes,No,Month-to-month,Yes,Electronic check,81.45,912.0,0,0,No,0,New (0-12m),0,0.800338312909407,Critical
7868-BGSZA,Male,No,Yes,No,43,Yes,Yes,DSL,Yes,No,Yes,No,Yes,Yes,One year,Yes,Electronic check,80.2,3581.6,4,0,No,0,Established (37-60m),4,0.026178287884059855,Low
2800-QQUSO,Male,No,No,No,42,Yes,Yes,Fiber optic,No,No,No,Yes,Yes,Yes,Month-to-month,Yes,Electronic check,100.3,4222.95,0,0,No,0,Established (37-60m),0,0.16622227357086874,Low
7973-DZRKH,Female,No,No,Yes,66,Yes,Yes,Fiber optic,Yes,No,Yes,Yes,No,No,Two year,Yes,Credit card (automatic),90.95,5930.05,0,0,No,0,Loyal (60m+),0,0.0025866736547699,Low
7698-YFGEZ,Male,No,No,No,1,Yes,No,No,No internet service,No internet service,No internet service,No internet service,No internet service,No internet service,Month-to-month,No,Mailed check,20.0,20.0,0,0,No,0,New (0-12m),0,0.42241604825436585,High
9773-PEQBZ,Male,No,No,No,10,Yes,Yes,Fiber optic,No,Yes,No,No,No,No,Month-to-month,No,Electronic check,79.85,797.25,0,0,No,0,New (0-12m),0,0.8241859654686687,Critical
0650-BWOZN,Female,Yes,No,No,18,Yes,No,Fiber optic,No,Yes,No,No,No,No,Month-to-month,Yes,Electronic check,73.55,1359.45,0,0,No,0,Mid (13-36m),0,0.7960714378541637,Critical
7785-RDVIG,Female,No,Yes,Yes,3,Yes,No,No,No internet service,No internet service,No internet service,No internet service,No internet service,No internet service,Month-to-month,No,Mailed check,19.3,54.7,0,0,No,0,New (0-12m),0,0.3712672872659495,Low
9602-WCXPI,Male,No,No,No,50,Yes,No,No,No internet service,No internet service,No internet service,No internet service,No internet service,No internet service,One year,No,Credit card (automatic),20.15,989.05,0,0,No,0,Established (37-60m),0,0.01830998225083705,Low
2903-YYTBW,Male,No,Yes,Yes,1,Yes,No,DSL,No,No,No,No,No,No,Month-to-month,No,Electronic check,44.55,44.55,0,0,No,0,New (0-12m),0,0.7159218821732322,Critical
3620-MWJNE,Male,No,No,No,2,Yes,No,DSL,Yes,No,No,Yes,No,No,Month-to-month,Yes,Mailed check,54.45,87.3,0,0,No,0,New (0-12m),0,0.5661540231835259,High
8573-JGCZW,Male,No,No,No,17,Yes,No,No,No internet service,No internet service,No internet service,No internet service,No internet service,No internet service,One year,Yes,Bank transfer (automatic),19.65,351.55,0,0,No,0,Mid (13-36m),0,0.10995427714523073,Low
6837-HAEVO,Male,No,Yes,Yes,69,Yes,Yes,Fiber optic,No,Yes,Yes,No,Yes,Yes,Two year,Yes,Electronic check,105.0,7297.75,0,0,No,0,Loyal (60m+),0,0.0018907222280782534,Low
6701-YVNQG,Male,No,Yes,No,72,Yes,Yes,DSL,Yes,Yes,Yes,Yes,Yes,Yes,Two year,Yes,Credit card (automatic),88.7,6301.7,0,0,No,0,Loyal (60m+),0,0.0003675265822252107,Low
4304-XUMGI,Male,Yes,Yes,Yes,50,Yes,Yes,DSL,Yes,Yes,Yes,No,No,Yes,Two year,Yes,Bank transfer (automatic),75.15,3822.45,1,0,No,0,Established (37-60m),1,0.004005318627954144,Low
9504-YAZWB,Female,No,No,No,53,Yes,No,No,No internet service,No internet service,No internet service,No internet service,No internet service,No internet service,Two year,No,Mailed check,20.25,1048.45,0,0,No,0,Established (37-60m),0,0.0046732375295053035,Low
8819-ZBYNA,Female,No,Yes,No,58,Yes,Yes,Fiber optic,Yes,Yes,No,Yes,Yes,Yes,Two year,Yes,Credit card (automatic),109.1,6393.65,0,0,No,0,Established (37-60m),0,0.002833880451243854,Low
6174-NRBTZ,Male,No,No,No,46,No,No phone service,DSL,Yes,No,No,No,No,No,One year,Yes,Bank transfer (automatic),30.75,1489.3,0,0,No,0,Established (37-60m),0,0.061837347970279476,Low
9481-IEBZY,Male,Yes,Yes,No,72,Yes,Yes,Fiber optic,Yes,Yes,Yes,Yes,Yes,Yes,Month-to-month,Yes,Credit card (automatic),112.9,8061.5,0,0,No,0,Loyal (60m+),0,0.008462544376534074,Low
6137-NICCO,Female,No,Yes,Yes,6,Yes,Yes,Fiber optic,No,Yes,Yes,No,Yes,No,Month-to-month,Yes,Mailed check,94.05,518.75,0,0,No,0,New (0-12m),0,0.7422469214379274,Critical
9065-ZCPQX,Male,No,Yes,No,72,Yes,Yes,DSL,Yes,Yes,Yes,Yes,No,Yes,Two year,No,Bank transfer (automatic),78.85,5763.15,0,0,No,0,Loyal (60m+),0,0.0005315049801591264,Low
6402-EJMWF,Male,No,No,No,4,Yes,No,DSL,No,No,No,No,No,Yes,Month-to-month,Yes,Mailed check,55.3,238.5,0,0,No,0,New (0-12m),0,0.5766567898524761,High
3620-EHIMZ,Female,No,Yes,Yes,52,Yes,No,No,No internet service,No internet service,No internet service,No internet service,No internet service,No internet service,Two year,No,Mailed check,19.35,1031.7,0,0,No,0,Established (37-60m),0,0.004055245402516533,Low
3213-VVOLG,Male,No,Yes,Yes,0,Yes,Yes,No,No internet service,No internet service,No internet service,No internet service,No internet service,No internet service,Two year,No,Mailed check,25.35,0.0,0,0,No,0,New (0-12m),0,0.05740865484147456,Low
6870-ECSHE,Female,No,No,No,2,Yes,No,No,No internet service,No internet service,No internet service,No internet service,No internet service,No internet service,One year,No,Mailed check,20.45,34.8,0,0,No,0,New (0-12m),0,0.2165411423513506,Low
8747-UDCOI,Female,No,Yes,No,65,Yes,No,No,No internet service,No internet service,No internet service,No internet service,No internet service,No internet service,Two year,No,Bank transfer (automatic),19.35,1319.95,0,0,No,0,Loyal (60m+),0,0.0025558090687259837,Low
4626-OZDTJ,Female,No,Yes,No,51,Yes,Yes,DSL,No,Yes,No,Yes,Yes,Yes,One year,Yes,Credit card (automatic),78.65,3950.85,0,0,No,0,Established (37-60m),0,0.009643571687612096,Low
9169-BSVIN,Male,No,No,No,12,Yes,Yes,DSL,No,No,Yes,No,Yes,Yes,Month-to-month,No,Bank transfer (automatic),74.75,827.05,0,0,No,0,New (0-12m),0,0.3971840042066453,Low
8194-PEEBY,Female,No,Yes,Yes,24,Yes,No,No,No internet service,No internet service,No internet service,No internet service,No internet service,No internet service,One year,No,Mailed check,19.9,533.5,0,0,No,0,Mid (13-36m),0,0.061452024611699026,Low
6872-HXFNF,Female,No,Yes,No,64,Yes,Yes,DSL,No,No,Yes,Yes,No,No,One year,No,Bank transfer (automatic),58.35,3756.45,0,0,No,0,Loyal (60m+),0,0.007600326905475084,Low
7714-YXSMB,Female,No,No,No,26,Yes,Yes,Fiber optic,No,No,Yes,No,Yes,Yes,Month-to-month,Yes,Bank transfer (automatic),100.5,2599.95,0,0,No,0,Mid (13-36m),0,0.4105390199210006,High
8387-UGUSU,Female,No,Yes,Yes,15,Yes,No,No,No internet service,No internet service,No internet service,No internet service,No internet service,No internet service,Month-to-month,No,Mailed check,20.05,284.3,0,0,No,0,Mid (13-36m),0,0.23173949045440942,Low
1080-BWSYE,Male,Yes,Yes,No,64,Yes,Yes,No,No internet service,No internet service,No internet service,No internet service,No internet service,No internet service,Two year,No,Credit card (automatic),25.65,1740.8,0,0,No,0,Loyal (60m+),0,0.0022770600205348347,Low
1194-HVAIF,Female,No,Yes,No,27,Yes,Yes,Fiber optic,No,No,No,No,Yes,Yes,Month-to-month,No,Credit card (automatic),95.0,2462.55,0,0,No,0,Mid (13-36m),0,0.39829239678053646,Low
1767-TGTKO,Female,No,Yes,Yes,8,Yes,No,DSL,No,No,No,No,No,No,Month-to-month,Yes,Electronic check,45.45,411.75,0,0,No,0,New (0-12m),0,0.6329209272332068,High
8439-LTUGF,Male,No,No,No,10,Yes,No,No,No internet service,No internet service,No internet service,No internet service,No internet service,No internet service,Month-to-month,Yes,Credit card (automatic),20.0,198.6,0,0,No,0,New (0-12m),0,0.31914951566782124,Low
8805-JNRAZ,Female,No,No,No,2,Yes,No,DSL,No,Yes,No,No,No,No,Month-to-month,No,Mailed check,49.2,103.7,0,0,No,0,New (0-12m),0,0.6517339747045275,High
6418-HNFED,Male,No,Yes,No,51,Yes,No,DSL,Yes,Yes,Yes,Yes,Yes,Yes,Two year,Yes,Credit card (automatic),83.25,4089.45,3,0,No,0,Established (37-60m),3,0.0022693967387270586,Low
0206-OYVOC,Female,No,Yes,Yes,46,Yes,No,No,No internet service,No internet service,No internet service,No internet service,No internet service,No internet service,Two year,Yes,Mailed check,19.25,864.2,0,0,No,0,Established (37-60m),0,0.005741705235038881,Low
7291-CDTMJ,Male,No,No,No,1,Yes,No,No,No internet service,No internet service,No internet service,No internet service,No internet service,No internet service,Month-to-month,Yes,Bank transfer (automatic),19.65,19.65,4,0,No,0,New (0-12m),4,0.4520546641712921,High
7128-GGCNO,Male,No,No,No,46,Yes,Yes,Fiber optic,No,No,No,No,No,No,Month-to-month,No,Bank transfer (automatic),72.8,3249.4,0,0,No,0,Established (37-60m),0,0.21780517441802608,Low
0237-YFUTL,Female,No,Yes,No,50,Yes,Yes,Fiber optic,Yes,Yes,No,Yes,Yes,Yes,Month-to-month,Yes,Bank transfer (automatic),109.65,5405.8,0,0,No,0,Established (37-60m),0,0.055553945911060595,Low
7691-KGKGP,Male,No,Yes,Yes,53,Yes,No,DSL,No,Yes,No,Yes,Yes,No,Month-to-month,No,Credit card (automatic),65.0,3363.8,0,0,No,0,Established (37-60m),0,0.026756719176208768,Low
6710-HSJRD,Male,No,Yes,No,61,Yes,Yes,Fiber optic,No,Yes,Yes,Yes,Yes,Yes,Month-to-month,Yes,Electronic check,114.1,7132.15,0,0,No,0,Loyal (60m+),0,0.023342317207308713,Low
3675-EQOZA,Male,No,No,No,5,Yes,No,No,No internet service,No internet service,No internet service,No internet service,No internet service,No internet service,Month-to-month,No,Bank transfer (automatic),20.65,93.55,0,0,No,0,New (0-12m),0,0.39522813930261125,Low
0840-DCNZE,Male,No,No,No,47,Yes,No,DSL,Yes,Yes,Yes,Yes,Yes,Yes,One year,Yes,Bank transfer (automatic),86.95,4138.9,0,0,No,0,Established (37-60m),0,0.010123610911563233,Low
1732-FEKLD,Female,No,No,No,54,Yes,Yes,Fiber optic,No,Yes,Yes,No,Yes,No,One year,Yes,Bank transfer (automatic),94.75,5121.75,0,0,No,0,Established (37-60m),0,0.029690522859625892,Low
9862-KJTYK,Male,No,No,Yes,19,No,No phone service,DSL,No,No,No,No,No,No,Month-to-month,Yes,Credit card (automatic),25.35,566.1,0,0,No,0,Mid (13-36m),0,0.4425567473401621,High
0479-HMSWA,Female,No,No,Yes,26,Yes,No,Fiber optic,No,Yes,Yes,Yes,Yes,Yes,Two year,Yes,Electronic check,105.45,2715.3,0,0,No,0,Mid (13-36m),0,0.06161163123491316,Low
5854-KSRBJ,Male,No,Yes,Yes,70,Yes,Yes,No,No internet service,No internet service,No internet service,No internet service,No internet service,No internet service,Two year,No,Mailed check,25.4,1782.05,0,0,No,0,Loyal (60m+),0,0.00110795710079641,Low
0365-BZUWY,Male,No,Yes,No,17,Yes,Yes,Fiber optic,No,Yes,Yes,No,Yes,Yes,Month-to-month,Yes,Electronic check,102.55,1742.5,0,1,No,0,Mid (13-36m),1,0.8644937830199978,Critical
5701-SVCWR,Female,No,No,Yes,1,Yes,Yes,No,No internet service,No internet service,No internet service,No internet service,No internet service,No internet service,Month-to-month,No,Mailed check,24.0,24.0,2,0,No,0,New (0-12m),2,0.39565846304006613,Low
3129-AAQOU,Female,No,Yes,Yes,19,Yes,Yes,No,No internet service,No internet service,No internet service,No internet service,No internet service,No internet service,Two year,No,Mailed check,25.6,485.9,0,0,No,0,Mid (13-36m),0,0.021991473960020803,Low
4922-CVPDX,Female,No,Yes,No,26,Yes,No,DSL,No,Yes,Yes,No,Yes,Yes,Two year,Yes,Credit card (automatic),73.5,1905.7,0,0,No,0,Mid (13-36m),0,0.023565833289603003,Low
1357-BIJKI,Male,No,Yes,No,50,Yes,Yes,Fiber optic,No,Yes,No,No,Yes,Yes,One year,Yes,Electronic check,98.25,4858.7,0,0,No,0,Established (37-60m),0,0.04526640214045851,Low
1099-BTKWT,Female,No,Yes,No,68,No,No phone service,DSL,Yes,No,Yes,No,Yes,Yes,One year,Yes,Electronic check,54.4,3723.65,0,0,No,0,Loyal (60m+),0,0.011572263723737741,Low
2018-PZKMU,Male,No,Yes,Yes,9,Yes,No,Fiber optic,No,No,Yes,Yes,Yes,Yes,Month-to-month,No,Electronic check,103.1,970.45,0,0,No,0,New (0-12m),0,0.6938328953113385,High
7340-KEFQE,Female,No,Yes,Yes,51,No,No phone service,DSL,Yes,No,No,Yes,No,No,Two year,No,Bank transfer (automatic),34.2,1782.0,0,0,No,0,Established (37-60m),0,0.009248841002669006,Low
4570-QHXHL,Female,No,No,No,9,Yes,No,DSL,No,No,No,No,No,No,Month-to-month,Yes,Electronic check,43.75,405.7,0,0,No,0,New (0-12m),0,0.6746369759474816,High
7392-YYPYJ,Male,No,No,No,22,Yes,Yes,Fiber optic,No,Yes,No,No,Yes,Yes,Month-to-month,Yes,Electronic check,100.65,2415.95,0,0,No,0,Mid (13-36m),0,0.5380974959614825,High
2223-GDSHL,Male,No,Yes,Yes,71,Yes,Yes,Fiber optic,Yes,Yes,Yes,Yes,Yes,Yes,Two year,Yes,Bank transfer (automatic),116.05,8297.5,0,0,No,0,Loyal (60m+),0,0.0006126238180017194,Low
9470-RTWDV,Male,No,Yes,Yes,26,Yes,Yes,DSL,No,No,Yes,Yes,Yes,Yes,One year,Yes,Credit card (automatic),82.0,2083.1,0,0,No,0,Mid (13-36m),0,0.043561595918479266,Low
2176-OSJUV,Male,No,Yes,No,71,Yes,Yes,DSL,Yes,Yes,No,Yes,No,No,Two year,No,Bank transfer (automatic),65.15,4681.75,5,0,No,0,Loyal (60m+),5,0.0009531398058781747,Low
9348-YVOMK,Male,No,No,No,4,Yes,No,DSL,No,No,No,No,No,No,Month-to-month,Yes,Credit card (automatic),44.8,176.2,0,0,No,0,New (0-12m),0,0.6277448698168592,High
8104-OSKWT,Female,No,No,No,12,Yes,Yes,Fiber optic,Yes,No,No,No,No,No,Month-to-month,Yes,Electronic check,79.8,1001.2,0,0,No,0,New (0-12m),0,0.8139478421828862,Critical
4521-YEEHE,Female,No,Yes,No,18,Yes,Yes,Fiber optic,No,No,No,Yes,Yes,No,Month-to-month,Yes,Electronic check,88.85,1594.75,0,0,No,0,Mid (13-36m),0,0.6477100292776548,High
4090-KPJIP,Female,No,No,No,3,Yes,Yes,Fiber optic,No,No,No,No,No,No,Month-to-month,Yes,Electronic check,74.95,212.4,0,0,No,0,New (0-12m),0,0.9036294496502986,Critical
3786-WOVKF,Female,Yes,Yes,No,72,Yes,Yes,Fiber optic,Yes,Yes,No,No,Yes,Yes,One year,Yes,Bank transfer (automatic),106.85,7677.4,0,0,No,0,Loyal (60m+),0,0.005445625702552464,Low
2592-HODOV,Male,No,No,No,13,Yes,No,No,No internet service,No internet service,No internet service,No internet service,No internet service,No internet service,One year,No,Credit card (automatic),19.3,259.65,0,0,No,0,Mid (13-36m),0,0.12751907854124284,Low
7995-ZHHNZ,Male,No,Yes,No,42,Yes,Yes,DSL,Yes,No,No,No,No,No,One year,No,Credit card (automatic),56.1,2386.85,0,0,No,0,Established (37-60m),0,0.03647077102042829,Low
3824-RHKVR,Female,No,No,No,17,Yes,No,No,No internet service,No internet service,No internet service,No internet service,No internet service,No internet service,Month-to-month,No,Credit card (automatic),19.7,340.35,5,0,No,0,Mid (13-36m),5,0.2596887294624807,Low
5816-SCGFC,Female,Yes,No,No,7,Yes,No,DSL,No,Yes,No,No,No,No,Month-to-month,Yes,Mailed check,51.3,419.35,0,0,No,0,New (0-12m),0,0.6141003518964311,High
5989-AXPUC,Female,No,Yes,No,68,Yes,Yes,Fiber optic,Yes,Yes,Yes,Yes,Yes,Yes,Two year,No,Mailed check,118.6,7990.05,0,0,No,0,Loyal (60m+),0,0.0008632717660077955,Low
4979-HPRFL,Male,No,Yes,Yes,56,Yes,Yes,No,No internet service,No internet service,No internet service,No internet service,No internet service,No internet service,Two year,No,Bank transfer (automatic),24.15,1402.25,0,0,No,0,Established (37-60m),0,0.0028342457195698677,Low
8590-OHDIW,Female,No,Yes,Yes,38,Yes,No,No,No internet service,No internet service,No internet service,No internet service,No internet service,No internet service,One year,No,Mailed check,20.3,749.35,2,0,No,0,Established (37-60m),2,0.029700344746166823,Low
8015-IHCGW,Female,No,Yes,Yes,72,Yes,Yes,Fiber optic,Yes,Yes,Yes,Yes,Yes,Yes,Two year,Yes,Electronic check,115.5,8425.15,0,0,No,0,Loyal (60m+),0,0.0008838166721841769,Low
2332-TODQS,Female,No,No,No,48,Yes,Yes,No,No internet service,No internet service,No internet service,No internet service,No internet service,No internet service,One year,No,Credit card (automatic),25.05,1171.5,0,0,No,0,Established (37-60m),0,0.019567770701084303,Low
9278-VZKCD,Female,Yes,Yes,No,52,Yes,Yes,Fiber optic,Yes,Yes,Yes,No,Yes,Yes,Month-to-month,Yes,Electronic check,109.1,5647.95,3,0,No,0,Established (37-60m),3,0.0968585479843325,Low
8008-OTEZX,Female,No,Yes,Yes,35,Yes,No,No,No internet service,No internet service,No internet service,No internet service,No internet service,No internet service,One year,No,Mailed check,19.65,708.8,0,0,No,0,Mid (13-36m),0,0.03496299458863004,Low
2773-OVBPK,Male,No,Yes,No,67,Yes,Yes,Fiber optic,No,Yes,Yes,Yes,Yes,Yes,Two year,Yes,Bank transfer (automatic),111.3,7567.2,0,0,No,0,Loyal (60m+),0,0.0011709684937377012,Low
5999-LCXAO,Female,No,No,No,1,No,No phone service,DSL,Yes,No,No,No,No,No,Month-to-month,No,Mailed check,29.9,29.9,4,0,No,0,New (0-12m),4,0.7223509307054718,Critical
5206-XZZQI,Male,No,No,No,53,Yes,No,Fiber optic,No,Yes,No,Yes,No,No,Month-to-month,Yes,Mailed check,80.6,4348.1,0,0,No,0,Established (37-60m),0,0.08311913823380754,Low
4803-LBYPN,Male,No,Yes,Yes,34,Yes,No,No,No internet service,No internet service,No internet service,No internet service,No internet service,No internet service,Month-to-month,No,Mailed check,20.8,635.9,0,0,No,0,Mid (13-36m),0,0.08729904717392936,Low
2139-FQHLM,Male,No,No,No,19,Yes,No,Fiber optic,No,No,Yes,Yes,Yes,No,Month-to-month,No,Mailed check,89.95,1682.4,0,0,No,0,Mid (13-36m),0,0.5022114001174804,High
8261-GWDBQ,Female,Yes,Yes,No,60,Yes,Yes,Fiber optic,Yes,Yes,Yes,Yes,Yes,Yes,Two year,Yes,Bank transfer (automatic),116.05,6925.9,0,0,No,0,Established (37-60m),0,0.0025943734224844173,Low
1093-YSWCA,Male,No,No,No,11,Yes,No,No,No internet service,No internet service,No internet service,No internet service,No internet service,No internet service,Two year,No,Credit card (automatic),19.55,223.15,0,1,No,0,New (0-12m),1,0.14794018934403874,Low
3882-IYOIJ,Female,No,Yes,Yes,60,Yes,Yes,Fiber optic,Yes,Yes,Yes,Yes,Yes,Yes,Two year,No,Credit card (automatic),115.25,6758.45,0,0,No,0,Established (37-60m),0,0.001809315408364509,Low
8749-TZYEC,Male,No,Yes,No,72,Yes,Yes,No,No internet service,No internet service,No internet service,No internet service,No internet service,No internet service,Two year,No,Credit card (automatic),24.8,1874.3,0,0,No,0,Loyal (60m+),0,0.0012056335881318262,Low
1755-FZQEC,Male,No,No,No,39,Yes,No,No,No internet service,No internet service,No internet service,No internet service,No internet service,No internet service,One year,No,Mailed check,19.9,791.15,0,0,No,0,Established (37-60m),0,0.03138328464037139,Low
3115-JPJDD,Female,No,Yes,No,59,Yes,No,Fiber optic,Yes,No,Yes,No,No,No,One year,Yes,Credit card (automatic),81.25,4639.45,0,0,No,0,Established (37-60m),0,0.02891250251668096,Low
5600-KTXFM,Male,No,Yes,Yes,2,Yes,No,Fiber optic,No,No,No,No,No,No,Month-to-month,No,Mailed check,69.95,143.9,0,0,No,0,New (0-12m),0,0.8322066241256161,Critical
6339-TBELP,Male,No,No,No,71,Yes,Yes,Fiber optic,No,No,Yes,Yes,No,No,Two year,Yes,Credit card (automatic),86.4,6172.0,0,0,No,0,Loyal (60m+),0,0.0021043868991580793,Low
7964-YESJC,Female,No,Yes,No,24,Yes,Yes,DSL,Yes,Yes,Yes,No,No,No,Month-to-month,No,Mailed check,66.3,1559.45,0,0,No,0,Mid (13-36m),0,0.2297140575739754,Low
6173-GOLSU,Male,Yes,Yes,No,67,Yes,Yes,Fiber optic,No,No,No,No,Yes,Yes,Month-to-month,Yes,Credit card (automatic),94.65,6079.0,0,0,No,0,Loyal (60m+),0,0.031458453536642825,Low
9938-ZREHM,Female,No,Yes,No,37,Yes,Yes,DSL,No,Yes,No,Yes,No,Yes,One year,No,Mailed check,72.1,2658.4,4,0,No,0,Established (37-60m),4,0.029560291628201313,Low
7950-XWOVN,Male,No,No,No,11,No,No phone service,DSL,No,Yes,Yes,No,No,No,Month-to-month,No,Mailed check,34.7,383.55,0,0,No,0,New (0-12m),0,0.5481354240818918,High
4647-MUZON,Female,No,Yes,No,18,Yes,No,Fiber optic,No,No,Yes,No,Yes,Yes,Month-to-month,Yes,Credit card (automatic),95.95,1745.5,0,0,No,0,Mid (13-36m),0,0.5619883525164723,High
9702-AIUJO,Male,No,Yes,Yes,50,Yes,No,DSL,No,No,No,No,No,No,One year,Yes,Bank transfer (automatic),44.8,2230.85,0,0,No,0,Established (37-60m),0,0.02784397177694235,Low
8849-PRIQJ,Female,No,Yes,Yes,67,Yes,Yes,Fiber optic,Yes,No,Yes,Yes,Yes,Yes,One year,Yes,Electronic check,109.4,7281.6,0,0,No,0,Loyal (60m+),0,0.006194088878515987,Low
8851-RAGOV,Female,No,Yes,No,25,Yes,No,DSL,Yes,Yes,No,Yes,No,Yes,Month-to-month,Yes,Mailed check,71.05,1837.7,0,0,No,0,Mid (13-36m),0,0.16599253512554343,Low
5396-IZEPB,Male,No,No,No,9,Yes,No,No,No internet service,No internet service,No internet service,No internet service,No internet service,No internet service,Month-to-month,No,Credit card (automatic),19.7,180.7,0,0,No,0,New (0-12m),0,0.332044475673119,Low
1729-VLAZJ,Female,No,No,Yes,10,No,No phone service,DSL,Yes,Yes,No,Yes,No,No,One year,No,Mailed check,40.25,411.45,4,0,No,0,New (0-12m),4,0.24851293234531113,Low
8285-ABVLB,Female,No,Yes,No,70,Yes,No,No,No internet service,No internet service,No internet service,No internet service,No internet service,No internet service,Two year,No,Credit card (automatic),19.85,1328.35,4,0,No,0,Loyal (60m+),4,0.0018646654102175244,Low
0701-TJSEF,Male,No,No,No,9,Yes,No,DSL,Yes,No,Yes,Yes,No,Yes,Month-to-month,Yes,Bank transfer (automatic),68.25,576.95,0,0,No,0,New (0-12m),0,0.42462964716471374,High
5712-VBOXD,Female,No,No,No,4,Yes,No,No,No internet service,No internet service,No internet service,No internet service,No internet service,No internet service,Month-to-month,Yes,Credit card (automatic),20.15,68.45,1,0,No,0,New (0-12m),1,0.4184641763701656,High
6629-LADHQ,Female,No,No,No,2,Yes,No,DSL,Yes,No,No,No,No,No,Month-to-month,No,Mailed check,50.95,123.05,0,0,No,0,New (0-12m),0,0.6449901264761897,High
1559-DTODC,Male,No,No,No,19,No,No phone service,DSL,No,No,No,No,No,No,Month-to-month,Yes,Bank transfer (automatic),25.15,468.35,4,0,No,0,Mid (13-36m),4,0.5042273341989275,High
4797-MIWUM,Male,No,Yes,Yes,7,Yes,No,No,No internet service,No internet service,No internet service,No internet service,No internet service,No internet service,Month-to-month,Yes,Bank transfer (automatic),20.25,174.7,0,0,No,0,New (0-12m),0,0.3201298226064319,Low
8720-RQSBJ,Male,Yes,No,No,1,Yes,No,DSL,No,No,No,No,No,No,Month-to-month,No,Electronic check,44.0,44.0,0,0,No,0,New (0-12m),0,0.7947938382506996,Critical
4537-CIBHB,Female,No,Yes,Yes,9,Yes,No,No,No internet service,No internet service,No internet service,No internet service,No internet service,No internet service,One year,No,Mailed check,20.25,172.35,0,0,No,0,New (0-12m),0,0.1324714649063801,Low
4324-AHJKS,Female,No,No,No,5,Yes,No,DSL,Yes,No,Yes,No,No,No,Month-to-month,No,Credit card (automatic),55.8,300.4,0,0,No,0,New (0-12m),0,0.5942545962620054,High
4355-CVPVS,Female,No,Yes,Yes,56,Yes,No,Fiber optic,No,No,No,No,Yes,Yes,One year,No,Bank transfer (automatic),88.9,4968.0,0,0,No,0,Established (37-60m),0,0.024956204122401716,Low
4495-LHSSK,Female,No,No,Yes,18,Yes,Yes,DSL,Yes,No,No,No,No,No,Month-to-month,No,Mailed check,57.65,992.7,3,0,No,0,Mid (13-36m),3,0.3297142957372738,Low
5915-ANOEI,Male,No,Yes,No,70,Yes,Yes,DSL,Yes,Yes,Yes,Yes,Yes,No,Two year,No,Mailed check,79.15,5536.5,0,0,No,0,Loyal (60m+),0,0.0005599526772997065,Low
9861-PDSZP,Female,No,No,No,72,Yes,Yes,Fiber optic,No,Yes,Yes,Yes,Yes,Yes,Two year,Yes,Credit card (automatic),108.05,7806.6,0,0,No,0,Loyal (60m+),0,0.0009693701582574162,Low
7225-CBZPL,Male,Yes,Yes,No,17,Yes,Yes,Fiber optic,No,No,No,No,Yes,Yes,Month-to-month,Yes,Electronic check,94.8,1563.9,0,1,No,0,Mid (13-36m),1,0.9027330016658833,Critical
6704-UTUKK,Male,No,Yes,No,29,No,No phone service,DSL,No,No,No,No,Yes,Yes,Month-to-month,Yes,Electronic check,45.9,1332.4,0,0,No,0,Mid (13-36m),0,0.32461190367586695,Low
2019-HDCZY,Male,No,Yes,No,63,Yes,Yes,Fiber optic,No,No,Yes,No,Yes,Yes,Two year,No,Electronic check,102.6,6296.75,0,0,No,0,Loyal (60m+),0,0.004212588455633809,Low
8788-DOXSU,Male,No,No,No,59,Yes,No,DSL,No,No,Yes,No,No,Yes,One year,Yes,Bank transfer (automatic),61.35,3645.5,0,0,No,0,Established (37-60m),0,0.011356593540016235,Low
7404-JLKQG,Female,No,No,No,3,Yes,No,DSL,No,No,Yes,No,Yes,No,Month-to-month,No,Electronic check,57.55,161.45,1,0,No,0,New (0-12m),1,0.7148497583624095,Critical
7421-ZLUPA,Female,No,No,No,8,No,No phone service,DSL,No,Yes,No,No,No,No,Month-to-month,Yes,Mailed check,29.25,226.95,0,0,No,0,New (0-12m),0,0.6360190719089817,High
3274-NSDWE,Female,No,No,No,68,Yes,No,No,No internet service,No internet service,No internet service,No internet service,No internet service,No internet service,Two year,No,Credit card (automatic),19.6,1441.65,0,0,No,0,Loyal (60m+),0,0.0021058871645152515,Low
2632-IVXVF,Female,No,Yes,Yes,68,Yes,Yes,Fiber optic,Yes,No,Yes,Yes,Yes,Yes,Two year,No,Credit card (automatic),111.75,7511.3,0,0,No,0,Loyal (60m+),0,0.0010030132912433969,Low
3692-JHONH,Female,Yes,Yes,No,52,Yes,Yes,Fiber optic,No,Yes,Yes,No,Yes,Yes,One year,Yes,Electronic check,106.5,5621.85,4,0,No,0,Established (37-60m),4,0.039255970021992145,Low
8915-NNTRC,Male,No,Yes,Yes,72,Yes,Yes,Fiber optic,Yes,Yes,No,Yes,Yes,Yes,Two year,Yes,Credit card (automatic),107.7,7919.8,0,0,No,0,Loyal (60m+),0,0.0006930370960186791,Low
5914-GXMDA,Female,No,Yes,No,32,Yes,No,No,No internet service,No internet service,No internet service,No internet service,No internet service,No internet service,One year,No,Mailed check,19.3,593.2,1,0,No,0,Mid (13-36m),1,0.04843897602721713,Low
7463-IFMQU,Female,No,Yes,No,72,Yes,No,No,No internet service,No internet service,No internet service,No internet service,No internet service,No internet service,Two year,No,Bank transfer (automatic),20.05,1423.65,1,0,No,0,Loyal (60m+),1,0.0017397460729266358,Low
2920-RNCEZ,Male,No,Yes,Yes,1,Yes,No,Fiber optic,No,No,No,No,No,No,Month-to-month,Yes,Credit card (automatic),69.95,69.95,0,0,No,0,New (0-12m),0,0.8491578249980333,Critical
2541-YGPKE,Male,No,Yes,Yes,42,Yes,No,DSL,Yes,No,No,Yes,No,Yes,One year,No,Credit card (automatic),63.7,2763.35,0,0,No,0,Established (37-60m),0,0.02082568597703895,Low
5382-TEMLV,Male,No,No,No,45,Yes,No,DSL,Yes,No,No,No,No,No,Month-to-month,Yes,Bank transfer (automatic),50.9,2298.55,3,1,No,0,Established (37-60m),4,0.2940309080203536,Low
3441-CGZJH,Female,No,Yes,Yes,43,No,No phone service,DSL,Yes,No,Yes,Yes,Yes,Yes,One year,Yes,Credit card (automatic),60.4,2640.55,0,3,No,0,Established (37-60m),3,0.5587190245268451,High
9592-ERDKV,Male,No,Yes,No,37,Yes,Yes,DSL,Yes,No,Yes,No,Yes,Yes,One year,No,Mailed check,79.25,2911.8,0,0,No,0,Established (37-60m),0,0.027586150760040222,Low
4778-IZARL,Male,No,Yes,No,63,Yes,No,Fiber optic,Yes,Yes,Yes,Yes,Yes,Yes,Two year,Yes,Credit card (automatic),110.1,6705.7,0,0,No,0,Loyal (60m+),0,0.0018007888658911728,Low
0432-CAJZV,Male,No,No,No,3,Yes,No,Fiber optic,No,No,No,No,Yes,Yes,Month-to-month,No,Mailed check,90.7,237.65,0,0,No,0,New (0-12m),0,0.8107457403273116,Critical
7008-LZVOZ,Male,No,Yes,Yes,66,Yes,Yes,No,No internet service,No internet service,No internet service,No internet service,No internet service,No internet service,Two year,Yes,Credit card (automatic),25.3,1672.35,0,0,No,0,Loyal (60m+),0,0.001474776385038744,Low
1200-TUZHR,Female,Yes,No,No,8,Yes,Yes,Fiber optic,No,No,No,No,No,Yes,Month-to-month,No,Electronic check,85.2,695.75,0,0,No,0,New (0-12m),0,0.871356469876106,Critical
9365-CSLBQ,Male,No,No,Yes,71,Yes,Yes,No,No internet service,No internet service,No internet service,No internet service,No internet service,No internet service,Two year,No,Mailed check,24.35,1654.6,0,0,No,0,Loyal (60m+),0,0.0011817553048934588,Low
5884-FBCTL,Female,No,Yes,Yes,72,Yes,Yes,No,No internet service,No internet service,No internet service,No internet service,No internet service,No internet service,Two year,No,Bank transfer (automatic),25.1,1857.85,4,0,No,0,Loyal (60m+),4,0.0012144035795284367,Low
7130-CTCUS,Male,Yes,Yes,No,16,Yes,No,DSL,Yes,Yes,No,No,No,No,Month-to-month,Yes,Bank transfer (automatic),54.55,825.1,0,0,No,0,Mid (13-36m),0,0.4531178927965237,High
6242-FEGFD,Male,No,Yes,No,66,Yes,Yes,Fiber optic,Yes,Yes,Yes,Yes,No,No,Two year,No,Mailed check,96.6,6424.25,0,0,No,0,Loyal (60m+),0,0.0019332904276747884,Low
6194-HBGQN,Male,No,No,No,51,Yes,Yes,DSL,Yes,Yes,Yes,Yes,Yes,No,One year,Yes,Credit card (automatic),81.15,4126.2,0,0,No,0,Established (37-60m),0,0.008499744648510941,Low
7634-WSWDB,Female,No,No,Yes,8,No,No phone service,DSL,Yes,No,No,No,No,Yes,Month-to-month,Yes,Electronic check,38.5,330.8,0,0,No,0,New (0-12m),0,0.6729188847721089,High
6986-IXNDM,Male,No,No,No,14,Yes,No,Fiber optic,No,No,No,No,Yes,Yes,Month-to-month,Yes,Electronic check,92.9,1337.45,3,0,No,0,Mid (13-36m),3,0.7309381532943708,Critical
2987-BJXIK,Female,No,No,No,70,Yes,Yes,DSL,Yes,Yes,Yes,No,Yes,Yes,Two year,No,Mailed check,84.7,5991.05,0,0,No,0,Loyal (60m+),0,0.0006386422074169708,Low
9769-TSBZE,Female,No,No,Yes,70,Yes,Yes,DSL,Yes,Yes,No,Yes,No,No,Two year,No,Electronic check,66.0,4891.5,0,0,No,0,Loyal (60m+),0,0.0013199865610441666,Low
1395-WSWXR,Male,No,No,No,24,Yes,No,No,No internet service,No internet service,No internet service,No internet service,No internet service,No internet service,Two year,No,Mailed check,20.75,487.05,0,0,No,0,Mid (13-36m),0,0.0206099352484492,Low
6023-GSSXW,Female,No,Yes,No,69,Yes,No,DSL,No,Yes,No,No,No,Yes,Two year,Yes,Credit card (automatic),61.45,4131.2,3,0,No,0,Loyal (60m+),3,0.001668936551484475,Low
6752-APNJL,Male,No,Yes,Yes,42,Yes,No,DSL,Yes,Yes,No,No,No,No,Month-to-month,No,Mailed check,54.5,2301.15,0,0,No,0,Established (37-60m),0,0.08156216267619897,Low
0420-HLGXF,Female,Yes,No,No,39,Yes,Yes,Fiber optic,No,No,Yes,No,Yes,Yes,Month-to-month,Yes,Electronic check,99.75,4036.0,0,0,No,0,Established (37-60m),0,0.2915269525399983,Low
7446-KQISO,Male,No,Yes,Yes,45,Yes,Yes,Fiber optic,No,Yes,Yes,Yes,Yes,Yes,Two year,Yes,Bank transfer (automatic),109.75,4900.65,0,0,No,0,Established (37-60m),0,0.007162225278198344,Low
9823-EALYC,Male,No,Yes,Yes,72,Yes,Yes,DSL,Yes,Yes,Yes,Yes,Yes,No,Two year,Yes,Bank transfer (automatic),80.85,5727.45,0,3,No,0,Loyal (60m+),3,0.023012363353622146,Low
0582-AVCLN,Female,No,No,No,38,Yes,No,No,No internet service,No internet service,No internet service,No internet service,No internet service,No internet service,Two year,No,Mailed check,20.3,743.05,0,0,No,0,Established (37-60m),0,0.010679819237411068,Low
5803-NQJZO,Male,No,Yes,No,72,Yes,Yes,DSL,Yes,Yes,Yes,Yes,No,No,Two year,Yes,Bank transfer (automatic),67.8,4804.65,0,0,No,0,Loyal (60m+),0,0.0008418389262512299,Low
2607-DHDAK,Male,No,Yes,Yes,72,Yes,No,No,No internet service,No internet service,No internet service,No internet service,No internet service,No internet service,Two year,Yes,Credit card (automatic),19.8,1414.65,5,0,No,0,Loyal (60m+),5,0.0012874637541127763,Low
1073-XXCZD,Male,No,Yes,No,55,Yes,Yes,No,No internet service,No internet service,No internet service,No internet service,No internet service,No internet service,Two year,No,Bank transfer (automatic),25.7,1443.65,2,0,No,0,Established (37-60m),2,0.0033433869062496156,Low
0743-HRVFF,Female,No,Yes,Yes,51,No,No phone service,DSL,No,No,Yes,Yes,Yes,Yes,One year,Yes,Electronic check,56.15,2898.95,2,0,No,0,Established (37-60m),2,0.023606577635509517,Low
4006-HKYHO,Male,No,No,No,63,Yes,No,DSL,Yes,Yes,Yes,Yes,Yes,Yes,Two year,Yes,Bank transfer (automatic),86.7,5309.5,0,0,No,0,Loyal (60m+),0,0.0009134075475090985,Low
3727-JEZTU,Female,No,No,No,1,Yes,No,No,No internet service,No internet service,No internet service,No internet service,No internet service,No internet service,Month-to-month,No,Mailed check,20.4,20.4,0,0,No,0,New (0-12m),0,0.4443280963169184,High
8143-ETQTI,Female,No,Yes,Yes,23,Yes,No,No,No internet service,No internet service,No internet service,No internet service,No internet service,No internet service,Two year,Yes,Mailed check,19.65,451.55,4,0,No,0,Mid (13-36m),4,0.019837650348598804,Low
9667-TKTVZ,Female,No,No,No,2,Yes,Yes,DSL,No,No,No,Yes,No,No,Month-to-month,Yes,Mailed check,54.35,117.05,0,0,No,0,New (0-12m),0,0.5872173932822375,High
3657-COGMW,Female,Yes,No,No,52,Yes,Yes,Fiber optic,Yes,Yes,Yes,No,Yes,Yes,Month-to-month,No,Credit card (automatic),108.1,5839.3,0,0,No,0,Established (37-60m),0,0.06650962998948844,Low
8570-KLJYJ,Female,No,No,No,36,Yes,Yes,DSL,Yes,No,No,No,No,No,One year,No,Mailed check,54.45,1893.5,0,0,No,0,Mid (13-36m),0,0.06305602828590012,Low
7754-IXRMC,Female,No,No,No,1,Yes,No,DSL,No,No,No,No,No,No,Month-to-month,No,Mailed check,45.35,45.35,0,0,No,0,New (0-12m),0,0.6782623249727942,High
9473-CBZOP,Female,No,No,No,28,Yes,Yes,DSL,Yes,No,Yes,No,No,No,One year,No,Mailed check,59.0,1654.45,1,0,No,0,Mid (13-36m),1,0.09197328205737029,Low
2969-WGHQO,Female,No,Yes,Yes,7,Yes,No,DSL,Yes,Yes,Yes,No,Yes,No,One year,No,Electronic check,69.45,477.05,0,0,No,0,New (0-12m),0,0.31980535898172635,Low
4334-HOWRP,Male,Yes,Yes,No,72,No,No phone service,DSL,Yes,Yes,Yes,Yes,Yes,Yes,Two year,Yes,Credit card (automatic),64.95,4546.0,0,2,No,0,Loyal (60m+),2,0.015254337028275718,Low
5863-OOKCL,Female,No,No,No,10,Yes,No,No,No internet service,No internet service,No internet service,No internet service,No internet service,No internet service,Month-to-month,No,Mailed check,18.85,163.2,4,0,No,0,New (0-12m),4,0.33409311808233594,Low
1686-STUHN,Male,No,No,No,42,Yes,No,No,No internet service,No internet service,No internet service,No internet service,No internet service,No internet service,One year,No,Bank transfer (automatic),19.8,849.9,0,0,No,0,Established (37-60m),0,0.029932466700155442,Low
1329-VHWNP,Female,No,No,No,7,No,No phone service,DSL,No,No,No,No,No,No,Month-to-month,No,Bank transfer (automatic),25.05,189.95,0,0,No,0,New (0-12m),0,0.6879711753052108,High
0266-GMEAO,Male,No,Yes,Yes,72,Yes,Yes,Fiber optic,Yes,Yes,Yes,Yes,Yes,Yes,Two year,Yes,Credit card (automatic),114.3,8058.55,0,0,No,0,Loyal (60m+),0,0.000606744078852557,Low
5574-NXZIU,Male,No,No,No,63,Yes,No,Fiber optic,Yes,Yes,Yes,Yes,Yes,Yes,Two year,No,Credit card (automatic),109.2,7049.75,0,0,No,0,Loyal (60m+),0,0.0017256676888165732,Low
0019-GFNTW,Female,No,No,No,56,No,No phone service,DSL,Yes,Yes,Yes,Yes,No,No,Two year,No,Bank transfer (automatic),45.05,2560.1,2,0,No,0,Established (37-60m),2,0.006010675008841258,Low
4256-ZWTZI,Female,No,No,Yes,5,Yes,No,DSL,No,No,No,Yes,No,No,Month-to-month,Yes,Mailed check,51.0,286.8,0,0,No,0,New (0-12m),0,0.510963498591809,High
8309-PPCED,Female,No,Yes,No,72,Yes,Yes,Fiber optic,No,Yes,Yes,Yes,Yes,Yes,Two year,Yes,Bank transfer (automatic),110.45,7982.5,3,0,No,0,Loyal (60m+),3,0.0008903616087926686,Low
4098-NAUKP,Male,Yes,Yes,Yes,68,Yes,Yes,Fiber optic,No,Yes,Yes,No,No,No,Month-to-month,Yes,Electronic check,84.65,5683.6,0,0,No,0,Loyal (60m+),0,0.049863891585175825,Low
5196-WPYOW,Male,No,Yes,Yes,67,Yes,No,DSL,Yes,Yes,No,Yes,No,No,One year,No,Mailed check,60.05,3994.05,0,0,No,0,Loyal (60m+),0,0.0041509651595273474,Low
4608-LCIMN,Male,No,Yes,Yes,8,Yes,No,DSL,No,No,No,No,No,No,Month-to-month,No,Bank transfer (automatic),44.65,369.15,0,0,No,0,New (0-12m),0,0.5297749987529606,High
1485-YDHMM,Male,No,Yes,Yes,52,Yes,Yes,Fiber optic,No,Yes,No,Yes,No,Yes,Month-to-month,Yes,Bank transfer (automatic),93.25,4631.7,0,0,No,0,Established (37-60m),0,0.06263870630071981,Low
4054-CUMIA,Female,No,Yes,Yes,18,Yes,No,No,No internet service,No internet service,No internet service,No internet service,No internet service,No internet service,Month-to-month,Yes,Mailed check,20.25,401.95,0,0,No,0,Mid (13-36m),0,0.1999973876132577,Low
0603-TPMIB,Female,No,Yes,Yes,59,Yes,Yes,No,No internet service,No internet service,No internet service,No internet service,No internet service,No internet service,Two year,No,Mailed check,25.45,1534.05,0,0,No,0,Established (37-60m),0,0.0022575595177161648,Low
2525-GVKQU,Female,No,No,No,60,Yes,No,No,No internet service,No internet service,No internet service,No internet service,No internet service,No internet service,Two year,No,Mailed check,20.6,1093.0,0,1,No,0,Established (37-60m),1,0.01208320098424772,Low
8161-QYMTT,Male,No,No,No,7,Yes,Yes,Fiber optic,No,No,No,No,Yes,Yes,Month-to-month,Yes,Electronic check,94.1,701.3,0,0,No,0,New (0-12m),0,0.8225403986614189,Critical
9581-GVBXT,Male,No,Yes,Yes,59,No,No phone service,DSL,Yes,No,Yes,No,No,No,One year,No,Mailed check,34.8,1980.3,5,0,No,0,Established (37-60m),5,0.01996004115754623,Low
5862-BRIXZ,Male,No,No,No,46,No,No phone service,DSL,Yes,No,Yes,Yes,Yes,Yes,Two year,Yes,Bank transfer (automatic),60.75,2893.4,0,0,No,0,Established (37-60m),0,0.006486324361682541,Low
5404-GGUKR,Male,No,No,No,5,Yes,No,DSL,No,Yes,No,No,No,No,Month-to-month,Yes,Electronic check,51.35,262.3,0,0,No,0,New (0-12m),0,0.684816447752281,High
3308-JSGML,Male,Yes,Yes,No,59,No,No phone service,DSL,Yes,No,Yes,Yes,Yes,Yes,Two year,Yes,Credit card (automatic),64.05,3886.85,0,0,No,0,Established (37-60m),0,0.0026191894615334747,Low
2126-GSEGL,Female,No,Yes,No,70,Yes,Yes,DSL,No,Yes,Yes,Yes,Yes,Yes,Two year,Yes,Bank transfer (automatic),84.8,5917.55,0,5,No,0,Loyal (60m+),5,0.29279470353346354,Low
0440-QEXBZ,Female,No,No,No,44,Yes,Yes,DSL,No,No,No,No,No,No,Month-to-month,Yes,Mailed check,50.15,2139.1,0,0,No,0,Established (37-60m),0,0.10862843021004318,Low
2434-EEVDB,Female,No,Yes,No,64,Yes,Yes,Fiber optic,Yes,No,Yes,No,Yes,No,Two year,Yes,Credit card (automatic),94.6,5948.7,0,0,No,0,Loyal (60m+),0,0.0036220615333519505,Low
6762-QVYJO,Female,No,Yes,Yes,58,No,No phone service,DSL,Yes,No,Yes,Yes,Yes,Yes,Two year,No,Mailed check,59.75,3624.35,0,0,No,0,Established (37-60m),0,0.002297236703819653,Low
6199-IWKGC,Female,Yes,Yes,No,46,Yes,Yes,Fiber optic,No,No,No,Yes,Yes,Yes,One year,No,Electronic check,100.25,4753.85,0,0,No,0,Established (37-60m),0,0.060720474779196267,Low
2675-DHUTR,Male,Yes,Yes,No,58,Yes,Yes,Fiber optic,No,Yes,No,No,Yes,Yes,Month-to-month,Yes,Electronic check,98.9,5780.7,0,0,No,0,Established (37-60m),0,0.07388205698373741,Low
8152-VETUR,Female,No,Yes,No,72,Yes,Yes,Fiber optic,No,Yes,No,No,Yes,Yes,Two year,Yes,Credit card (automatic),97.7,6869.7,0,0,No,0,Loyal (60m+),0,0.0017428230573384024,Low
7446-YPODE,Male,Yes,No,No,11,Yes,Yes,DSL,Yes,Yes,No,No,No,No,Month-to-month,No,Bank transfer (automatic),60.25,662.95,0,0,No,0,New (0-12m),0,0.5228530842154813,High
9522-BNTHX,Female,Yes,No,No,34,No,No phone service,DSL,No,Yes,Yes,No,Yes,Yes,Month-to-month,Yes,Electronic check,56.25,1765.95,0,0,No,0,Mid (13-36m),0,0.29102865757622687,Low
4676-WLUHT,Male,No,No,No,54,No,No phone service,DSL,Yes,Yes,No,No,No,Yes,Two year,No,Bank transfer (automatic),46.2,2431.95,1,0,No,0,Established (37-60m),1,0.0075615394308605885,Low
7980-MHFLQ,Female,No,Yes,Yes,72,Yes,Yes,No,No internet service,No internet service,No internet service,No internet service,No internet service,No internet service,Two year,No,Mailed check,24.9,1859.2,4,0,No,0,Loyal (60m+),4,0.0010842347039628458,Low
0757-WCUUZ,Male,No,Yes,Yes,54,Yes,Yes,DSL,No,No,Yes,No,No,Yes,Two year,No,Credit card (automatic),63.35,3409.1,0,0,No,0,Established (37-60m),0,0.0033502945725620856,Low
1629-DQQVB,Female,No,No,No,14,Yes,No,DSL,Yes,No,No,No,No,No,Month-to-month,No,Bank transfer (automatic),50.1,709.5,1,0,No,0,Mid (13-36m),1,0.4864244362682342,High
0374-AACSZ,Female,No,No,No,1,Yes,No,DSL,Yes,No,No,No,No,No,Month-to-month,No,Electronic check,50.15,50.15,0,0,No,0,New (0-12m),0,0.7597957106057575,Critical
4872-VXRIL,Male,No,No,No,56,Yes,Yes,DSL,Yes,Yes,No,Yes,No,No,One year,Yes,Bank transfer (automatic),64.65,3665.55,0,0,No,0,Established (37-60m),0,0.010234923809552115,Low
9140-CZQZZ,Female,No,Yes,No,68,Yes,No,DSL,Yes,Yes,No,Yes,Yes,Yes,Two year,Yes,Bank transfer (automatic),79.6,5515.8,0,1,No,0,Loyal (60m+),1,0.0028453752940657056,Low
3423-HHXAO,Female,No,Yes,Yes,14,Yes,No,No,No internet service,No internet service,No internet service,No internet service,No internet service,No internet service,One year,Yes,Mailed check,19.5,272.0,0,0,No,0,Mid (13-36m),0,0.1046725644876621,Low
9938-TKDGL,Male,No,Yes,Yes,68,Yes,No,Fiber optic,Yes,No,No,Yes,Yes,Yes,Two year,Yes,Electronic check,99.55,6668.0,0,0,No,0,Loyal (60m+),0,0.0021436259493126716,Low
0531-ZZJWQ,Male,Yes,Yes,No,55,Yes,Yes,Fiber optic,No,No,No,No,No,No,Month-to-month,Yes,Electronic check,74.0,4052.4,0,2,No,0,Established (37-60m),2,0.7598446295165446,Critical
6537-QLGEX,Female,No,No,No,16,No,No phone service,DSL,Yes,No,No,No,Yes,No,Month-to-month,Yes,Electronic check,38.9,664.4,0,0,No,0,Mid (13-36m),0,0.5907009079499342,High
2688-BHGOG,Male,Yes,No,No,9,Yes,No,Fiber optic,No,No,No,No,No,Yes,Month-to-month,Yes,Electronic check,79.55,718.55,0,0,No,0,New (0-12m),0,0.8625988243298552,Critical
3160-TYXLT,Male,No,No,No,53,No,No phone service,DSL,Yes,Yes,No,No,No,Yes,Month-to-month,Yes,Bank transfer (automatic),46.3,2546.85,0,0,No,0,Established (37-60m),0,0.06875542424650806,Low
1325-USMEC,Male,No,Yes,No,70,Yes,Yes,Fiber optic,Yes,Yes,Yes,No,Yes,No,Two year,Yes,Credit card (automatic),99.35,6944.5,0,0,No,0,Loyal (60m+),0,0.001669110045711648,Low
0916-QOFDP,Female,Yes,Yes,Yes,14,Yes,Yes,Fiber optic,No,No,No,No,Yes,Yes,Month-to-month,Yes,Electronic check,95.8,1346.3,0,0,No,0,Mid (13-36m),0,0.7421803693333119,Critical
5606-AMZBO,Female,No,Yes,No,10,Yes,Yes,Fiber optic,Yes,No,No,No,No,No,Month-to-month,Yes,Credit card (automatic),78.15,765.15,0,0,No,0,New (0-12m),0,0.7680615750883194,Critical
6199-IPCAO,Female,No,Yes,Yes,29,Yes,Yes,No,No internet service,No internet service,No internet service,No internet service,No internet service,No internet service,Two year,No,Mailed check,26.1,692.55,0,0,No,0,Mid (13-36m),0,0.012642279608451198,Low
5640-CAXOA,Female,No,No,No,30,No,No phone service,DSL,No,No,No,Yes,No,Yes,One year,Yes,Credit card (automatic),40.35,1187.05,0,0,No,0,Mid (13-36m),0,0.10576662376472137,Low
2235-EZAIK,Female,No,Yes,No,72,Yes,Yes,DSL,Yes,Yes,Yes,Yes,Yes,No,Two year,No,Credit card (automatic),79.2,5401.9,4,0,No,0,Loyal (60m+),4,0.0006150122227077264,Low
3847-BAERP,Female,No,No,No,10,Yes,No,No,No internet service,No internet service,No internet service,No internet service,No internet service,No internet service,Month-to-month,Yes,Mailed check,20.9,247.0,0,0,No,0,New (0-12m),0,0.32204996860949897,Low
1453-RZFON,Female,No,No,Yes,1,Yes,No,DSL,Yes,No,No,No,No,No,Month-to-month,No,Mailed check,49.9,49.9,0,0,No,0,New (0-12m),0,0.6301568479078824,High
8263-OKETD,Female,No,No,No,20,Yes,Yes,DSL,No,Yes,No,Yes,No,Yes,Month-to-month,Yes,Credit card (automatic),68.9,1370.35,2,0,No,0,Mid (13-36m),2,0.2540631727425526,Low
0670-KDOMA,Female,No,No,No,1,Yes,No,No,No internet service,No internet service,No internet service,No internet service,No internet service,No internet service,Month-to-month,Yes,Mailed check,20.25,20.25,0,0,No,0,New (0-12m),0,0.4448323953357272,High
2476-YGEFM,Female,No,No,No,29,Yes,Yes,Fiber optic,No,No,No,No,No,No,Month-to-month,Yes,Credit card (automatic),76.0,2215.25,0,0,No,0,Mid (13-36m),0,0.47023179165806717,High
8687-BAFGU,Male,No,No,No,1,Yes,No,Fiber optic,No,No,No,Yes,No,No,Month-to-month,No,Electronic check,74.0,74.0,0,0,No,0,New (0-12m),0,0.8906873298794274,Critical
0641-EVBOJ,Male,No,No,No,3,Yes,No,Fiber optic,Yes,No,No,Yes,No,No,Month-to-month,Yes,Mailed check,82.3,214.4,0,0,No,0,New (0-12m),0,0.7978142998607128,Critical
0829-XXPLX,Female,No,No,No,20,Yes,No,Fiber optic,Yes,No,Yes,No,Yes,No,Month-to-month,Yes,Bank transfer (automatic),89.4,1871.15,0,0,No,0,Mid (13-36m),0,0.5786838456875142,High
9974-JFBHQ,Male,No,No,Yes,64,Yes,No,Fiber optic,No,Yes,No,Yes,Yes,Yes,Month-to-month,Yes,Credit card (automatic),99.15,6171.2,0,0,No,0,Loyal (60m+),0,0.02026514068788781,Low
6624-JDRDS,Female,No,No,No,6,No,No phone service,DSL,Yes,No,No,No,No,No,Month-to-month,No,Bank transfer (automatic),29.45,161.45,5,0,No,0,New (0-12m),5,0.6879154800558701,High
0608-JDVEC,Male,No,Yes,No,50,Yes,No,No,No internet service,No internet service,No internet service,No internet service,No internet service,No internet service,Two year,No,Electronic check,19.8,1013.2,2,0,No,0,Established (37-60m),2,0.0075513510003502845,Low
9780-FKVVF,Male,No,No,No,6,Yes,No,DSL,Yes,No,No,No,No,Yes,Month-to-month,Yes,Bank transfer (automatic),59.15,336.7,0,0,No,0,New (0-12m),0,0.5606355777423427,High
1919-RTPQD,Male,No,Yes,Yes,7,Yes,No,DSL,No,No,No,No,No,No,Month-to-month,No,Electronic check,44.75,333.65,0,0,No,0,New (0-12m),0,0.6303689551778011,High
5214-NLTIT,Male,No,Yes,Yes,72,Yes,Yes,Fiber optic,No,No,Yes,No,No,Yes,Two year,Yes,Credit card (automatic),90.8,6511.8,3,0,No,0,Loyal (60m+),3,0.0016796911305901263,Low
3345-PBBFH,Male,No,Yes,No,8,Yes,No,DSL,No,Yes,No,No,No,No,Month-to-month,Yes,Bank transfer (automatic),49.55,393.45,0,0,No,0,New (0-12m),0,0.5491266566909687,High
5055-BRMNE,Female,No,Yes,Yes,67,Yes,Yes,Fiber optic,Yes,No,No,Yes,Yes,Yes,Two year,No,Credit card (automatic),106.7,7009.5,0,0,No,0,Loyal (60m+),0,0.0013267469832841379,Low
2190-PHBHR,Female,No,Yes,No,72,Yes,Yes,Fiber optic,Yes,Yes,No,No,No,Yes,Two year,Yes,Credit card (automatic),94.45,6921.7,2,0,No,0,Loyal (60m+),2,0.0017889830667903726,Low
2650-GYRYL,Male,No,Yes,Yes,33,Yes,No,No,No internet service,No internet service,No internet service,No internet service,No internet service,No internet service,One year,Yes,Bank transfer (automatic),19.45,600.25,0,0,No,0,Mid (13-36m),0,0.04066328013980631,Low
5208-FVQKB,Male,No,Yes,No,70,Yes,No,DSL,Yes,Yes,No,Yes,No,Yes,Two year,No,Mailed check,67.95,4664.15,0,0,No,0,Loyal (60m+),0,0.0008639924057328246,Low
7184-LRUUR,Female,No,No,No,22,Yes,No,DSL,No,Yes,Yes,No,Yes,No,One year,No,Bank transfer (automatic),65.25,1441.8,0,0,No,0,Mid (13-36m),0,0.13076279591778986,Low
6627-CFOSN,Female,No,No,No,59,Yes,Yes,Fiber optic,Yes,Yes,Yes,No,No,Yes,Month-to-month,Yes,Bank transfer (automatic),99.45,5623.7,0,0,No,0,Established (37-60m),0,0.04974881373047018,Low
3982-JGSFD,Male,No,No,No,36,Yes,No,No,No internet service,No internet service,No internet service,No internet service,No internet service,No internet service,One year,Yes,Credit card (automatic),20.35,695.85,0,0,No,0,Mid (13-36m),0,0.039009998878161964,Low
1574-DYCWE,Female,No,Yes,Yes,51,Yes,No,No,No internet service,No internet service,No internet service,No internet service,No internet service,No internet service,Two year,No,Mailed check,19.95,1028.75,0,0,No,0,Established (37-60m),0,0.004227966807177166,Low
7247-XOZPB,Male,No,Yes,No,53,Yes,Yes,DSL,Yes,No,Yes,Yes,Yes,No,One year,No,Bank transfer (automatic),77.4,4155.95,0,0,No,0,Established (37-60m),0,0.008061488778749987,Low
2466-FCCPT,Female,No,Yes,Yes,20,Yes,No,No,No internet service,No internet service,No internet service,No internet service,No internet service,No internet service,One year,No,Bank transfer (automatic),19.7,395.6,1,0,No,0,Mid (13-36m),1,0.08572051887719945,Low
6211-WWLTF,Male,No,Yes,No,63,Yes,No,Fiber optic,Yes,No,Yes,No,Yes,Yes,Two year,No,Credit card (automatic),99.7,6330.4,0,6,No,0,Loyal (60m+),6,0.8867470150257055,Critical
4826-TZEVA,Female,No,No,No,40,Yes,No,Fiber optic,No,Yes,No,No,No,No,Month-to-month,No,Credit card (automatic),74.8,2971.7,0,0,No,0,Established (37-60m),0,0.2914448255072266,Low
6016-NXBNJ,Male,No,No,No,35,Yes,No,No,No internet service,No internet service,No internet service,No internet service,No internet service,No internet service,One year,Yes,Mailed check,19.15,638.0,0,0,No,0,Mid (13-36m),0,0.0401562772683836,Low
9138-EFSMO,Male,No,Yes,Yes,26,Yes,No,Fiber optic,No,No,No,No,No,Yes,One year,No,Bank transfer (automatic),78.95,2034.25,0,0,No,0,Mid (13-36m),0,0.23112330022939614,Low
4632-XJMEX,Male,No,No,Yes,53,Yes,No,DSL,Yes,Yes,No,Yes,No,No,One year,No,Credit card (automatic),62.85,3419.5,0,0,No,0,Established (37-60m),0,0.010626547742726106,Low
8910-LEDAG,Male,Yes,Yes,No,34,Yes,No,Fiber optic,No,No,No,No,No,No,Month-to-month,No,Credit card (automatic),71.55,2427.35,4,0,No,0,Mid (13-36m),4,0.4223980823595755,High
3452-GWUIN,Female,Yes,Yes,No,19,Yes,Yes,Fiber optic,No,No,No,No,Yes,Yes,Month-to-month,Yes,Electronic check,94.95,1760.25,0,0,No,0,Mid (13-36m),0,0.6984226292958593,High
2716-GFZOR,Male,No,Yes,No,43,Yes,No,Fiber optic,Yes,Yes,Yes,No,No,No,Month-to-month,Yes,Credit card (automatic),86.1,3551.65,0,0,No,0,Established (37-60m),0,0.17838433634846027,Low
3724-UCSHY,Male,No,Yes,Yes,6,Yes,No,No,No internet service,No internet service,No internet service,No internet service,No internet service,No internet service,Month-to-month,No,Mailed check,19.55,122.9,0,0,No,0,New (0-12m),0,0.3113592429289046,Low
8626-XHBIE,Male,No,No,Yes,56,Yes,Yes,No,No internet service,No internet service,No internet service,No internet service,No internet service,No internet service,Two year,Yes,Mailed check,24.8,1424.2,0,4,No,0,Established (37-60m),4,0.34045548832763595,Low
3192-LNKRK,Male,No,Yes,Yes,34,Yes,No,Fiber optic,No,No,Yes,No,Yes,No,Month-to-month,Yes,Mailed check,84.05,2909.95,0,0,No,0,Mid (13-36m),0,0.2582978940726364,Low
4439-YRNVD,Female,No,No,No,10,No,No phone service,DSL,No,Yes,No,Yes,No,No,Month-to-month,No,Electronic check,36.25,374.0,1,0,No,0,New (0-12m),1,0.6431288469288916,High
2208-UGTGR,Male,No,No,No,56,Yes,Yes,Fiber optic,No,Yes,No,No,Yes,Yes,Month-to-month,No,Electronic check,98.6,5581.05,0,0,No,0,Established (37-60m),0,0.07466600776334988,Low
3005-TYFRD,Female,No,Yes,No,55,Yes,Yes,Fiber optic,No,Yes,Yes,No,Yes,Yes,Month-to-month,Yes,Credit card (automatic),103.65,5676.65,0,0,No,0,Established (37-60m),0,0.049866514474599374,Low
8670-MEFCP,Female,No,Yes,Yes,36,Yes,Yes,DSL,Yes,Yes,Yes,Yes,Yes,Yes,Two year,Yes,Credit card (automatic),92.9,3379.25,0,0,No,0,Mid (13-36m),0,0.004942604158905832,Low
3079-BCHLN,Male,No,Yes,No,47,Yes,No,No,No internet service,No internet service,No internet service,No internet service,No internet service,No internet service,One year,No,Bank transfer (automatic),19.9,942.95,0,0,No,0,Established (37-60m),0,0.02161615301960825,Low
7777-UNYHB,Female,No,Yes,Yes,12,Yes,No,No,No internet service,No internet service,No internet service,No internet service,No internet service,No internet service,Month-to-month,Yes,Credit card (automatic),20.1,232.4,0,0,No,0,New (0-12m),0,0.2725069427823588,Low
7278-CKDNC,Male,Yes,No,No,24,Yes,Yes,Fiber optic,No,Yes,No,No,No,No,Month-to-month,Yes,Electronic check,80.5,2088.45,0,0,No,0,Mid (13-36m),0,0.6554754771191056,High
8450-UYIBU,Female,Yes,No,No,35,No,No phone service,DSL,No,No,Yes,No,Yes,No,Month-to-month,Yes,Electronic check,39.85,1434.6,4,0,No,0,Mid (13-36m),4,0.35136771817391316,Low
2969-VAPYH,Female,No,No,No,67,Yes,No,DSL,Yes,Yes,No,Yes,No,No,One year,No,Credit card (automatic),60.5,3870.0,0,0,No,0,Loyal (60m+),0,0.006128846132109953,Low
7181-OQCUT,Male,No,No,No,21,Yes,Yes,Fiber optic,Yes,No,Yes,No,Yes,Yes,Month-to-month,No,Mailed check,103.85,2215.0,0,0,No,0,Mid (13-36m),0,0.4387181593747111,High
8474-UMLNT,Female,No,No,No,13,Yes,No,DSL,Yes,Yes,No,Yes,No,Yes,Month-to-month,No,Bank transfer (automatic),67.8,842.25,0,0,No,0,Mid (13-36m),0,0.3809726538120988,Low
3836-FZSDJ,Male,Yes,Yes,No,71,Yes,Yes,No,No internet service,No internet service,No internet service,No internet service,No internet service,No internet service,Two year,No,Bank transfer (automatic),24.85,1901.0,0,0,No,0,Loyal (60m+),0,0.0016514530444502607,Low
9142-XMYJH,Female,No,No,No,29,Yes,No,No,No internet service,No internet service,No internet service,No internet service,No internet service,No internet service,Month-to-month,No,Credit card (automatic),19.35,601.6,0,0,No,0,Mid (13-36m),0,0.1525101312732065,Low
0187-QSXOE,Male,Yes,Yes,No,7,Yes,No,Fiber optic,No,No,No,No,Yes,Yes,Month-to-month,Yes,Electronic check,89.0,605.45,3,0,No,0,New (0-12m),3,0.8567307620306578,Critical
7733-UDMTP,Female,Yes,No,No,57,No,No phone service,DSL,No,Yes,Yes,No,Yes,Yes,Month-to-month,Yes,Electronic check,55.0,3094.05,0,0,No,0,Established (37-60m),0,0.08072927614592307,Low
2649-HWLYB,Male,No,Yes,No,65,Yes,Yes,DSL,Yes,No,Yes,Yes,No,Yes,Two year,No,Bank transfer (automatic),76.15,4929.55,0,0,No,0,Loyal (60m+),0,0.0010182765612602156,Low
5214-CHIWJ,Male,No,No,No,27,Yes,No,No,No internet service,No internet service,No internet service,No internet service,No internet service,No internet service,One year,No,Mailed check,20.3,595.05,0,0,No,0,Mid (13-36m),0,0.058189682065220474,Low
6904-JLBGY,Female,Yes,No,No,72,Yes,Yes,Fiber optic,Yes,Yes,Yes,Yes,Yes,Yes,Two year,Yes,Credit card (automatic),117.35,8436.25,0,0,No,0,Loyal (60m+),0,0.0008633290630044378,Low
2465-BLLEU,Male,No,No,No,1,Yes,No,No,No internet service,No internet service,No internet service,No internet service,No internet service,No internet service,Month-to-month,Yes,Mailed check,19.75,19.75,0,0,No,0,New (0-12m),0,0.4232467310966666,High
1685-VAYJF,Male,No,No,No,11,Yes,No,DSL,No,No,No,No,No,No,Month-to-month,No,Credit card (automatic),45.2,492.0,0,0,No,0,New (0-12m),0,0.517930839010645,High
8874-EJNSR,Male,No,Yes,Yes,39,Yes,Yes,No,No internet service,No internet service,No internet service,No internet service,No internet service,No internet service,Two year,No,Mailed check,25.2,987.95,0,0,No,0,Established (37-60m),0,0.006520822988838298,Low
6917-YACBP,Female,Yes,No,No,59,Yes,Yes,Fiber optic,Yes,Yes,Yes,No,No,No,Month-to-month,Yes,Electronic check,89.75,5496.9,0,0,No,0,Established (37-60m),0,0.09880875578106385,Low
5049-MUBWG,Male,No,No,No,26,Yes,No,DSL,Yes,No,No,Yes,Yes,Yes,One year,No,Bank transfer (automatic),75.0,1908.35,0,0,No,0,Mid (13-36m),0,0.06488974166587355,Low
4223-WOZCM,Male,Yes,No,No,2,Yes,No,DSL,No,No,Yes,No,No,No,Month-to-month,No,Mailed check,49.95,107.1,0,0,No,0,New (0-12m),0,0.675762653470964,High
0769-MURVM,Female,No,Yes,Yes,72,No,No phone service,DSL,Yes,Yes,Yes,Yes,Yes,Yes,Two year,No,Bank transfer (automatic),65.7,4575.35,3,0,No,0,Loyal (60m+),3,0.0008819648406937437,Low
9253-VIFJQ,Male,No,Yes,No,65,Yes,Yes,DSL,Yes,Yes,Yes,No,No,No,One year,No,Credit card (automatic),67.05,4309.55,3,1,No,0,Loyal (60m+),4,0.020759271671550804,Low
7030-FZTFM,Male,No,Yes,Yes,72,Yes,Yes,Fiber optic,No,Yes,Yes,Yes,Yes,Yes,Two year,No,Credit card (automatic),110.9,7922.75,4,0,No,0,Loyal (60m+),4,0.000663564439466067,Low
9741-YLNTD,Male,No,No,No,6,Yes,Yes,Fiber optic,No,No,No,Yes,No,Yes,Month-to-month,Yes,Bank transfer (automatic),87.95,522.35,0,0,No,0,New (0-12m),0,0.7624185399392346,Critical
5917-RYRMG,Male,Yes,No,No,32,Yes,No,No,No internet service,No internet service,No internet service,No internet service,No internet service,No internet service,One year,No,Credit card (automatic),19.8,587.7,0,0,No,0,Mid (13-36m),0,0.05994873287238174,Low
5120-ZBLAI,Female,No,Yes,No,50,Yes,Yes,DSL,No,No,Yes,No,Yes,Yes,One year,No,Bank transfer (automatic),75.7,3876.2,0,0,No,0,Established (37-60m),0,0.013984115857499096,Low
1194-BHJYC,Male,No,Yes,No,61,No,No phone service,DSL,Yes,No,Yes,Yes,Yes,Yes,Two year,Yes,Mailed check,62.15,3778.85,2,0,No,0,Loyal (60m+),2,0.0019333587767236258,Low
0906-QVPMS,Male,No,Yes,No,72,Yes,Yes,Fiber optic,Yes,Yes,Yes,Yes,Yes,Yes,Two year,No,Bank transfer (automatic),115.15,8349.45,4,0,No,0,Loyal (60m+),4,0.0006750124892849573,Low
1905-OEILC,Female,No,No,No,1,Yes,No,No,No internet service,No internet service,No internet service,No internet service,No internet service,No internet service,Month-to-month,No,Mailed check,19.5,19.5,0,0,No,0,New (0-12m),0,0.44735557488183453,High
7858-GTZSP,Female,No,No,No,12,Yes,Yes,Fiber optic,No,No,No,No,No,Yes,Month-to-month,Yes,Electronic check,86.55,1066.9,0,0,No,0,New (0-12m),0,0.7965216238599498,Critical
6248-BSHKG,Male,No,Yes,Yes,61,Yes,No,No,No internet service,No internet service,No internet service,No internet service,No internet service,No internet service,One year,No,Mailed check,20.4,1226.45,0,0,No,0,Loyal (60m+),0,0.0076683269752204405,Low
4685-TFLLS,Male,No,Yes,Yes,18,Yes,No,No,No internet service,No internet service,No internet service,No internet service,No internet service,No internet service,One year,No,Bank transfer (automatic),19.8,342.3,4,0,No,0,Mid (13-36m),4,0.0872361396521729,Low
3470-BTGQO,Male,No,No,Yes,21,Yes,No,DSL,No,No,No,No,No,No,Month-to-month,No,Mailed check,45.65,985.05,0,0,No,0,Mid (13-36m),0,0.31240765279479327,Low
1209-VFFOC,Male,No,Yes,Yes,68,No,No phone service,DSL,Yes,Yes,Yes,Yes,No,Yes,Two year,Yes,Mailed check,56.4,3948.45,0,0,No,0,Loyal (60m+),0,0.001206527772381838,Low
8224-DWCKX,Male,Yes,No,No,12,Yes,Yes,Fiber optic,No,No,No,No,No,No,Month-to-month,Yes,Credit card (automatic),73.3,828.05,0,0,No,0,New (0-12m),0,0.7891989612677213,Critical
4553-DVPZG,Female,No,Yes,No,62,Yes,Yes,Fiber optic,No,No,Yes,No,Yes,Yes,Month-to-month,Yes,Electronic check,101.35,6164.7,1,0,No,0,Loyal (60m+),1,0.04738222358868326,Low
6917-IAYHD,Male,No,No,Yes,1,No,No phone service,DSL,No,Yes,No,Yes,No,No,Month-to-month,No,Mailed check,33.6,33.6,0,0,No,0,New (0-12m),0,0.6127121975462595,High
8620-RJPZN,Female,No,No,No,1,Yes,No,No,No internet service,No internet service,No internet service,No internet service,No internet service,No internet service,Month-to-month,No,Electronic check,20.7,20.7,0,0,No,0,New (0-12m),0,0.5605553130108942,High
7572-KPVKK,Male,No,No,Yes,62,Yes,Yes,Fiber optic,No,No,Yes,Yes,Yes,Yes,Two year,Yes,Electronic check,104.05,6590.5,0,0,No,0,Loyal (60m+),0,0.0029400357834372384,Low
2642-MAWLJ,Female,No,Yes,Yes,36,Yes,No,No,No internet service,No internet service,No internet service,No internet service,No internet service,No internet service,Two year,No,Bank transfer (automatic),20.25,717.95,0,0,No,0,Mid (13-36m),0,0.010824371866095759,Low
7103-ZGVNT,Female,No,Yes,Yes,69,Yes,Yes,DSL,Yes,Yes,No,Yes,Yes,No,One year,No,Credit card (automatic),73.7,4885.85,0,0,No,0,Loyal (60m+),0,0.0027246702892840756,Low
2027-WKXMW,Female,No,Yes,No,63,Yes,Yes,Fiber optic,No,Yes,Yes,Yes,Yes,Yes,Month-to-month,Yes,Electronic check,108.75,6871.7,5,0,No,0,Loyal (60m+),5,0.027100734471306728,Low
7137-NAXML,Male,No,No,No,23,Yes,No,No,No internet service,No internet service,No internet service,No internet service,No internet service,No internet service,One year,No,Bank transfer (automatic),20.15,405.6,0,0,No,0,Mid (13-36m),0,0.08249846757033907,Low
2428-ZMCTB,Male,No,No,No,10,Yes,No,No,No internet service,No internet service,No internet service,No internet service,No internet service,No internet service,Month-to-month,No,Credit card (automatic),19.75,208.25,0,0,No,0,New (0-12m),0,0.3191858753554407,Low
2961-VNFKL,Female,No,Yes,No,71,Yes,Yes,No,No internet service,No internet service,No internet service,No internet service,No internet service,No internet service,Two year,Yes,Credit card (automatic),25.95,1801.9,0,0,No,0,Loyal (60m+),0,0.0014032361172004071,Low
1768-HNVGJ,Female,Yes,No,No,45,Yes,Yes,DSL,Yes,No,No,Yes,No,Yes,Month-to-month,Yes,Electronic check,70.05,3062.45,0,0,No,0,Established (37-60m),0,0.09649153658351826,Low
6963-KQYQB,Female,No,Yes,Yes,70,Yes,Yes,No,No internet service,No internet service,No internet service,No internet service,No internet service,No internet service,Two year,No,Mailed check,24.05,1764.75,0,0,No,0,Loyal (60m+),0,0.0012469094790100654,Low
5934-RMPOV,Female,No,No,Yes,22,Yes,Yes,Fiber optic,No,No,No,No,No,Yes,Month-to-month,Yes,Electronic check,84.75,1816.75,0,0,No,0,Mid (13-36m),0,0.6233038809878322,High
1207-BLKSA,Female,No,Yes,Yes,52,Yes,Yes,No,No internet service,No internet service,No internet service,No internet service,No internet service,No internet service,Two year,No,Mailed check,23.05,1255.1,2,0,No,0,Established (37-60m),2,0.0035904500231672388,Low
8316-BBQAY,Female,No,No,No,65,No,No phone service,DSL,Yes,No,Yes,Yes,Yes,Yes,Two year,No,Credit card (automatic),59.95,3921.1,0,0,No,0,Loyal (60m+),0,0.001920440683706709,Low
1166-PQLGG,Female,No,Yes,Yes,72,Yes,No,No,No internet service,No internet service,No internet service,No internet service,No internet service,No internet service,Two year,No,Bank transfer (automatic),19.55,1463.45,0,0,No,0,Loyal (60m+),0,0.0014868604614753857,Low
3146-JTQHR,Male,No,Yes,No,10,Yes,No,No,No internet service,No internet service,No internet service,No internet service,No internet service,No internet service,One year,No,Bank transfer (automatic),19.6,189.45,0,0,No,0,New (0-12m),0,0.14765200900661893,Low
4291-YZODP,Female,No,No,Yes,7,Yes,No,No,No internet service,No internet service,No internet service,No internet service,No internet service,No internet service,One year,No,Mailed check,20.05,96.8,0,0,No,0,New (0-12m),0,0.1549477842027502,Low
4395-PZMSN,Male,Yes,No,No,5,Yes,No,Fiber optic,No,Yes,No,No,No,Yes,Month-to-month,Yes,Electronic check,85.55,408.5,0,0,No,0,New (0-12m),0,0.8863757337873457,Critical
6427-FEFIG,Female,No,Yes,Yes,24,Yes,Yes,DSL,Yes,No,Yes,No,Yes,Yes,Two year,No,Credit card (automatic),78.6,1846.65,0,0,No,0,Mid (13-36m),0,0.0213368941261737,Low
0017-IUDMW,Female,No,Yes,Yes,72,Yes,Yes,Fiber optic,Yes,Yes,Yes,Yes,Yes,Yes,Two year,Yes,Credit card (automatic),116.8,8456.75,0,0,No,0,Loyal (60m+),0,0.0005664803015170271,Low
8706-HRADD,Male,No,No,No,21,No,No phone service,DSL,Yes,No,No,Yes,Yes,No,Month-to-month,Yes,Mailed check,43.55,1011.5,0,1,No,0,Mid (13-36m),1,0.6221841510130458,High
9955-QOPOY,Male,No,Yes,No,69,No,No phone service,DSL,No,Yes,Yes,Yes,Yes,Yes,One year,Yes,Credit card (automatic),60.8,4263.4,0,0,No,0,Loyal (60m+),0,0.00418728759960916,Low
4385-ZKVNW,Male,No,Yes,Yes,44,Yes,No,DSL,No,Yes,No,Yes,No,No,Month-to-month,Yes,Bank transfer (automatic),54.9,2549.1,4,0,No,0,Established (37-60m),4,0.0634982707184892,Low
5446-DKWYW,Female,Yes,Yes,Yes,61,Yes,Yes,DSL,No,No,Yes,No,Yes,No,One year,Yes,Electronic check,65.2,3965.05,0,0,No,0,Loyal (60m+),0,0.013854661877184543,Low
9031-ZVQPT,Male,No,Yes,No,72,Yes,Yes,Fiber optic,No,Yes,Yes,Yes,Yes,Yes,Two year,Yes,Electronic check,108.2,7840.6,0,0,No,0,Loyal (60m+),0,0.0012466995962969656,Low
2990-IAJSV,Male,No,No,No,72,Yes,Yes,DSL,Yes,Yes,Yes,Yes,Yes,Yes,Two year,No,Bank transfer (automatic),92.0,6632.75,3,0,No,0,Loyal (60m+),3,0.00035591416319857454,Low
8107-KNCIM,Male,Yes,Yes,No,14,Yes,Yes,Fiber optic,No,No,No,No,No,No,Month-to-month,Yes,Electronic check,75.1,1013.35,0,0,No,0,Mid (13-36m),0,0.8172030695577344,Critical
9027-YFHQJ,Male,No,No,No,7,Yes,Yes,No,No internet service,No internet service,No internet service,No internet service,No internet service,No internet service,Month-to-month,Yes,Bank transfer (automatic),25.05,152.95,0,0,No,0,New (0-12m),0,0.35410127432138416,Low
5176-LDKUH,Female,No,No,No,48,Yes,No,Fiber optic,No,Yes,No,No,No,No,One year,No,Electronic check,75.15,3772.65,0,0,No,0,Established (37-60m),0,0.10559488462671505,Low
4644-OBGFZ,Male,No,Yes,Yes,55,Yes,No,No,No internet service,No internet service,No internet service,No internet service,No internet service,No internet service,One year,No,Mailed check,19.5,1026.35,0,0,No,0,Established (37-60m),0,0.011071684430498711,Low
7926-IJOOU,Male,No,No,No,1,Yes,No,No,No internet service,No internet service,No internet service,No internet service,No internet service,No internet service,Month-to-month,No,Credit card (automatic),19.3,19.3,0,0,No,0,New (0-12m),0,0.4378883605370517,High
6480-YAGIY,Male,No,No,No,45,Yes,No,Fiber optic,Yes,Yes,Yes,Yes,Yes,Yes,One year,No,Credit card (automatic),112.2,5031.85,4,0,No,0,Established (37-60m),4,0.0264042660245799,Low
4029-HPFVY,Male,No,No,No,3,Yes,No,Fiber optic,No,No,No,No,No,No,Month-to-month,Yes,Mailed check,70.3,220.4,0,0,No,0,New (0-12m),0,0.8496149538226846,Critical
7602-DBTOU,Female,No,Yes,No,71,Yes,No,No,No internet service,No internet service,No internet service,No internet service,No internet service,No internet service,Two year,No,Mailed check,19.6,1416.5,0,0,No,0,Loyal (60m+),0,0.001641026531459951,Low
5345-BMKWB,Male,No,Yes,No,8,Yes,No,No,No internet service,No internet service,No internet service,No internet service,No internet service,No internet service,Month-to-month,No,Mailed check,20.25,158.35,0,0,No,0,New (0-12m),0,0.3183230666379374,Low
5457-COLHT,Male,No,Yes,Yes,69,Yes,No,DSL,Yes,Yes,No,Yes,Yes,Yes,Two year,No,Bank transfer (automatic),80.65,5542.55,0,0,No,0,Loyal (60m+),0,0.00055535382134878,Low
5451-YHYPW,Female,Yes,Yes,No,72,Yes,Yes,Fiber optic,Yes,Yes,Yes,Yes,Yes,Yes,Two year,Yes,Credit card (automatic),115.75,8443.7,0,0,No,0,Loyal (60m+),0,0.0008303308265212029,Low
7998-WNZEM,Male,No,No,No,71,Yes,Yes,DSL,Yes,Yes,Yes,Yes,No,Yes,Two year,No,Bank transfer (automatic),80.6,5708.2,0,0,No,0,Loyal (60m+),0,0.00058821230914867,Low
4664-NJCMS,Female,No,Yes,No,33,No,No phone service,DSL,Yes,No,Yes,Yes,Yes,Yes,Two year,No,Bank transfer (automatic),59.55,2016.3,0,0,No,0,Mid (13-36m),0,0.017016550744373242,Low
0307-BCOPK,Female,No,No,No,16,Yes,No,No,No internet service,No internet service,No internet service,No internet service,No internet service,No internet service,One year,No,Mailed check,19.05,326.65,0,0,No,0,Mid (13-36m),0,0.11433218373159124,Low
7629-WFGLW,Female,Yes,Yes,No,56,Yes,Yes,Fiber optic,Yes,Yes,Yes,Yes,No,No,One year,No,Electronic check,95.65,5471.75,3,0,No,0,Established (37-60m),3,0.03225422011792964,Low
2542-HYGIQ,Female,No,No,No,1,Yes,No,No,No internet service,No internet service,No internet service,No internet service,No internet service,No internet service,Month-to-month,No,Credit card (automatic),19.95,19.95,0,0,No,0,New (0-12m),0,0.4591184700395719,High
5016-LIPDW,Male,No,Yes,Yes,57,Yes,No,No,No internet service,No internet service,No internet service,No internet service,No internet service,No internet service,One year,No,Mailed check,19.4,1061.6,0,5,No,0,Established (37-60m),5,0.8801941659389552,Critical
6481-LXPWL,Male,No,Yes,Yes,56,No,No phone service,DSL,No,Yes,Yes,No,No,No,One year,Yes,Credit card (automatic),36.1,1971.5,0,0,No,0,Established (37-60m),0,0.02393968330508085,Low
6124-ACRHJ,Female,No,No,No,1,Yes,No,No,No internet service,No internet service,No internet service,No internet service,No internet service,No internet service,Month-to-month,No,Mailed check,19.75,19.75,0,0,No,0,New (0-12m),0,0.44651420717046486,High
9362-MWODR,Female,No,No,Yes,40,Yes,No,DSL,Yes,No,No,Yes,Yes,No,Month-to-month,Yes,Credit card (automatic),64.1,2460.35,4,0,No,0,Established (37-60m),4,0.07596946356359507,Low
9975-GPKZU,Male,No,Yes,Yes,46,Yes,No,No,No internet service,No internet service,No internet service,No internet service,No internet service,No internet service,Two year,No,Credit card (automatic),19.75,856.5,0,0,No,0,Established (37-60m),0,0.00548921242975246,Low
9625-RZFUK,Male,No,Yes,Yes,63,Yes,No,No,No internet service,No internet service,No internet service,No internet service,No internet service,No internet service,Two year,No,Mailed check,19.7,1275.85,0,0,No,0,Loyal (60m+),0,0.0019839979744420305,Low
5153-LXKDT,Male,No,Yes,Yes,68,Yes,Yes,Fiber optic,Yes,Yes,Yes,No,Yes,Yes,Two year,Yes,Electronic check,110.2,7467.5,0,0,No,0,Loyal (60m+),0,0.001753116743098401,Low
5161-UBZXI,Male,No,Yes,Yes,69,Yes,No,Fiber optic,Yes,Yes,No,Yes,Yes,Yes,Two year,Yes,Credit card (automatic),106.35,7261.75,0,0,No,0,Loyal (60m+),0,0.001012833425545008,Low
1020-JPQOW,Female,No,Yes,No,56,Yes,Yes,Fiber optic,No,Yes,Yes,Yes,No,No,Month-to-month,No,Electronic check,90.55,5116.6,0,0,No,0,Established (37-60m),0,0.08144644406161688,Low
7919-ZODZZ,Female,No,Yes,Yes,10,Yes,No,DSL,No,Yes,Yes,No,No,Yes,One year,Yes,Mailed check,65.9,660.05,1,0,No,0,New (0-12m),1,0.20018950632632296,Low
0565-JUPYD,Male,No,No,No,63,Yes,Yes,Fiber optic,Yes,Yes,Yes,Yes,Yes,No,One year,No,Credit card (automatic),104.5,6590.8,0,0,No,0,Loyal (60m+),0,0.00742938082184488,Low
6867-ACCZI,Female,No,Yes,Yes,24,No,No phone service,DSL,Yes,Yes,Yes,Yes,No,Yes,Two year,Yes,Mailed check,52.5,1208.15,0,0,No,0,Mid (13-36m),0,0.028604212906426788,Low
5939-XAIXZ,Female,No,No,No,19,Yes,Yes,DSL,No,No,Yes,No,No,No,Month-to-month,Yes,Mailed check,56.1,1033.9,0,0,No,0,Mid (13-36m),0,0.3542789023246355,Low
9054-FOWNV,Male,No,Yes,Yes,22,Yes,Yes,Fiber optic,No,No,Yes,No,Yes,No,Month-to-month,Yes,Electronic check,88.75,1885.15,0,0,No,0,Mid (13-36m),0,0.568456372049649,High
8207-VVMYB,Female,No,Yes,No,70,Yes,Yes,No,No internet service,No internet service,No internet service,No internet service,No internet service,No internet service,Two year,Yes,Bank transfer (automatic),26.0,2006.95,2,0,No,0,Loyal (60m+),2,0.0014652728827829905,Low
9732-EQMWY,Female,No,Yes,No,49,Yes,No,Fiber optic,No,Yes,Yes,No,Yes,Yes,Month-to-month,No,Electronic check,99.4,5025.0,0,0,No,0,Established (37-60m),0,0.12272551166024198,Low
5269-NRGDP,Male,No,Yes,Yes,42,Yes,No,DSL,No,No,Yes,Yes,Yes,Yes,One year,No,Electronic check,73.15,3088.25,0,0,No,0,Established (37-60m),0,0.02496999544581808,Low
6195-MELTI,Male,No,No,No,57,Yes,No,DSL,No,Yes,No,Yes,No,No,One year,Yes,Mailed check,54.65,3134.7,0,0,No,0,Established (37-60m),0,0.011775932224191486,Low
2121-JAFOM,Female,No,Yes,No,72,Yes,Yes,Fiber optic,Yes,Yes,Yes,Yes,Yes,Yes,Two year,Yes,Credit card (automatic),115.55,8312.4,0,0,No,0,Loyal (60m+),0,0.0007020931367909941,Low
8818-DOPVL,Female,Yes,No,No,46,Yes,Yes,Fiber optic,No,Yes,Yes,No,Yes,Yes,Month-to-month,Yes,Electronic check,104.45,4863.85,0,0,No,0,Established (37-60m),0,0.1731710737969865,Low
1227-UDMZR,Female,No,Yes,No,72,Yes,Yes,DSL,Yes,Yes,Yes,Yes,Yes,Yes,Two year,Yes,Bank transfer (automatic),91.15,6637.9,0,0,No,0,Loyal (60m+),0,0.00037283948270802397,Low
5198-HQAEN,Male,No,Yes,Yes,35,Yes,No,Fiber optic,No,Yes,No,Yes,Yes,No,One year,Yes,Electronic check,89.7,3165.6,0,0,No,0,Mid (13-36m),0,0.11912713114945868,Low
2167-FQSTQ,Female,No,Yes,No,72,Yes,Yes,DSL,Yes,Yes,Yes,Yes,Yes,Yes,Two year,Yes,Electronic check,92.4,6786.1,0,0,No,0,Loyal (60m+),0,0.0004983750302936994,Low
2819-GWENI,Female,No,Yes,Yes,28,Yes,No,No,No internet service,No internet service,No internet service,No internet service,No internet service,No internet service,One year,No,Mailed check,19.9,543.0,0,0,No,0,Mid (13-36m),0,0.050943504066508064,Low
3572-UUHRS,Male,No,No,No,45,Yes,No,No,No internet service,No internet service,No internet service,No internet service,No internet service,No internet service,One year,No,Bank transfer (automatic),18.85,867.3,0,0,No,0,Established (37-60m),0,0.026130794114718615,Low
2692-PFYTJ,Female,No,No,No,1,Yes,Yes,No,No internet service,No internet service,No internet service,No internet service,No internet service,No internet service,Month-to-month,Yes,Mailed check,25.75,25.75,0,0,No,0,New (0-12m),0,0.42642399107422874,High
5955-EPOAZ,Female,No,No,No,6,Yes,No,No,No internet service,No internet service,No internet service,No internet service,No internet service,No internet service,Month-to-month,Yes,Mailed check,20.95,109.5,0,0,No,0,New (0-12m),0,0.37648093581776254,Low
6821-JPCDC,Female,No,Yes,No,48,Yes,No,Fiber optic,No,Yes,Yes,No,Yes,Yes,One year,Yes,Electronic check,97.05,4692.95,0,0,No,0,Established (37-60m),0,0.05807140097889639,Low
8815-LMFLX,Male,No,Yes,Yes,25,Yes,Yes,No,No internet service,No internet service,No internet service,No internet service,No internet service,No internet service,Month-to-month,Yes,Bank transfer (automatic),25.4,546.85,0,0,No,0,Mid (13-36m),0,0.13903486086454403,Low
9135-HSWOC,Male,No,Yes,Yes,64,Yes,No,No,No internet service,No internet service,No internet service,No internet service,No internet service,No internet service,Two year,Yes,Bank transfer (automatic),19.7,1274.05,3,0,No,0,Loyal (60m+),3,0.002122081306627372,Low
8582-KRHPJ,Male,No,No,No,50,No,No phone service,DSL,Yes,Yes,No,No,No,No,Month-to-month,Yes,Mailed check,35.0,1782.4,0,0,No,0,Established (37-60m),0,0.10202309427925539,Low
5811-IWXYM,Female,No,Yes,Yes,52,Yes,Yes,Fiber optic,No,No,Yes,No,Yes,Yes,One year,No,Bank transfer (automatic),101.25,5301.1,0,0,No,0,Established (37-60m),0,0.023139586806573825,Low
7044-YAACC,Male,Yes,Yes,No,4,Yes,No,Fiber optic,No,No,No,No,No,No,Month-to-month,Yes,Electronic check,70.2,280.35,0,0,No,0,New (0-12m),0,0.9081435708109619,Critical
8189-XRIKE,Female,Yes,No,No,32,Yes,No,Fiber optic,No,No,No,No,Yes,Yes,Month-to-month,No,Electronic check,90.95,2897.95,0,0,No,0,Mid (13-36m),0,0.4858164962521284,High
1506-YJTYT,Male,No,Yes,Yes,45,Yes,Yes,DSL,Yes,Yes,No,Yes,Yes,No,Two year,No,Credit card (automatic),73.85,3371.0,2,0,No,0,Established (37-60m),2,0.003744218340357228,Low
4123-DVHPH,Male,No,Yes,No,9,Yes,Yes,Fiber optic,Yes,No,No,No,No,Yes,Month-to-month,Yes,Electronic check,88.05,801.3,0,0,No,0,New (0-12m),0,0.8062370974318338,Critical
2228-BZDEE,Female,No,No,No,54,Yes,No,No,No internet service,No internet service,No internet service,No internet service,No internet service,No internet service,Two year,No,Mailed check,20.1,1079.45,0,0,No,0,Established (37-60m),0,0.004415309596397684,Low
2789-CZANW,Female,No,Yes,Yes,64,Yes,Yes,Fiber optic,Yes,Yes,No,Yes,Yes,Yes,Two year,No,Bank transfer (automatic),110.3,6997.3,0,0,No,0,Loyal (60m+),0,0.0015643151165480118,Low
7596-LDUXP,Female,No,No,No,12,Yes,No,Fiber optic,Yes,No,No,No,Yes,No,One year,Yes,Credit card (automatic),85.15,979.05,3,0,No,0,New (0-12m),3,0.49660987432940856,High
3740-RLMVT,Male,Yes,Yes,No,67,Yes,No,DSL,Yes,Yes,No,Yes,No,No,One year,Yes,Bank transfer (automatic),60.95,4119.4,0,0,No,0,Loyal (60m+),0,0.006349299822888019,Low
2192-OZITF,Female,No,No,No,45,Yes,Yes,DSL,Yes,No,No,Yes,No,Yes,Two year,No,Mailed check,73.55,3349.1,0,0,No,0,Established (37-60m),0,0.0048555878530167195,Low
5651-CPDND,Male,No,No,No,10,Yes,No,DSL,No,No,No,No,No,No,Month-to-month,No,Mailed check,46.0,492.1,1,0,No,0,New (0-12m),1,0.5140929889468059,High
2186-QZEYA,Female,Yes,No,No,29,Yes,Yes,DSL,Yes,Yes,No,No,No,No,Month-to-month,Yes,Bank transfer (automatic),58.55,1718.95,0,0,No,0,Mid (13-36m),0,0.26570556959347813,Low
1131-ALZWV,Female,No,No,No,24,Yes,Yes,No,No internet service,No internet service,No internet service,No internet service,No internet service,No internet service,One year,No,Bank transfer (automatic),24.6,605.25,0,0,No,0,Mid (13-36m),0,0.07674095279198291,Low
7729-XBTWX,Male,No,Yes,Yes,66,Yes,No,No,No internet service,No internet service,No internet service,No internet service,No internet service,No internet service,Two year,Yes,Mailed check,19.75,1344.5,0,0,No,0,Loyal (60m+),0,0.001674710640926477,Low
9134-WYRVP,Male,No,No,No,51,Yes,No,Fiber optic,Yes,No,No,No,Yes,No,One year,No,Mailed check,86.35,4267.15,0,0,No,0,Established (37-60m),0,0.04071760615429015,Low
3284-SVCRO,Female,No,Yes,No,45,Yes,Yes,No,No internet service,No internet service,No internet service,No internet service,No internet service,No internet service,Two year,No,Mailed check,25.5,1121.05,0,0,No,0,Established (37-60m),0,0.005932194948751033,Low
9732-OUYRN,Female,No,Yes,No,49,Yes,No,No,No internet service,No internet service,No internet service,No internet service,No internet service,No internet service,One year,No,Credit card (automatic),19.0,918.7,0,1,No,0,Established (37-60m),1,0.07317594459346423,Low
0559-CKHUS,Female,No,Yes,No,29,Yes,No,No,No internet service,No internet service,No internet service,No internet service,No internet service,No internet service,Two year,Yes,Mailed check,19.55,521.8,0,0,No,0,Mid (13-36m),0,0.016887207599538316,Low
2931-SVLTV,Male,No,Yes,Yes,40,Yes,Yes,Fiber optic,Yes,Yes,No,Yes,Yes,Yes,Month-to-month,Yes,Credit card (automatic),110.1,4469.1,0,0,No,0,Established (37-60m),0,0.08691790291747878,Low
7504-UWHNB,Male,No,No,No,25,Yes,No,Fiber optic,No,No,No,No,No,No,Month-to-month,No,Electronic check,69.75,1729.35,1,0,No,0,Mid (13-36m),1,0.6549977380321338,High
2582-FFFZR,Female,No,No,No,22,No,No phone service,DSL,No,No,Yes,No,Yes,Yes,Month-to-month,Yes,Electronic check,50.6,1073.3,0,0,No,0,Mid (13-36m),0,0.4462982618840636,High
8908-NMQTX,Male,No,No,No,72,No,No phone service,DSL,Yes,Yes,Yes,Yes,Yes,Yes,Two year,Yes,Bank transfer (automatic),65.6,4566.5,0,0,No,0,Loyal (60m+),0,0.0009926300849716233,Low
1431-AIDJQ,Male,No,Yes,Yes,33,Yes,No,DSL,No,Yes,Yes,Yes,Yes,Yes,Two year,No,Credit card (automatic),82.1,2603.1,0,0,No,0,Mid (13-36m),0,0.007723951882271632,Low
6288-LBEAR,Female,No,No,No,23,Yes,No,Fiber optic,No,Yes,No,Yes,No,No,Month-to-month,Yes,Mailed check,79.1,1783.75,0,1,No,0,Mid (13-36m),1,0.7921465513582012,Critical
8413-YNHNV,Male,No,No,No,69,Yes,Yes,DSL,Yes,Yes,Yes,Yes,Yes,Yes,Two year,No,Mailed check,90.65,6322.1,0,0,No,0,Loyal (60m+),0,0.00041367425746105865,Low
5808-TOTXO,Female,No,No,Yes,3,Yes,No,No,No internet service,No internet service,No internet service,No internet service,No internet service,No internet service,One year,Yes,Credit card (automatic),20.55,57.4,2,0,No,0,New (0-12m),2,0.19140450796971972,Low
4369-NYSCF,Male,No,No,No,56,Yes,No,DSL,No,Yes,No,Yes,Yes,Yes,One year,Yes,Bank transfer (automatic),75.75,4284.65,4,0,No,0,Established (37-60m),4,0.0072350472029367625,Low
6333-YDVLT,Male,No,No,No,65,Yes,Yes,Fiber optic,Yes,No,Yes,Yes,Yes,Yes,One year,Yes,Credit card (automatic),110.0,7138.65,0,0,No,0,Loyal (60m+),0,0.005247055157536964,Low
5324-KTGCG,Male,No,Yes,No,71,Yes,No,No,No internet service,No internet service,No internet service,No internet service,No internet service,No internet service,One year,No,Electronic check,20.85,1539.75,0,0,No,0,Loyal (60m+),0,0.007858979155126075,Low
5599-HVLTW,Female,Yes,No,No,14,Yes,Yes,Fiber optic,No,No,Yes,No,No,No,Month-to-month,Yes,Bank transfer (automatic),80.35,1058.1,0,0,No,0,Mid (13-36m),0,0.7703437653622461,Critical
7394-LWLYN,Female,No,No,No,2,Yes,No,Fiber optic,No,No,No,No,No,No,Month-to-month,Yes,Electronic check,70.15,123.8,0,0,No,0,New (0-12m),0,0.9152785504071007,Critical
6873-UDNLD,Male,No,No,No,40,Yes,No,DSL,Yes,No,Yes,No,No,Yes,Month-to-month,No,Electronic check,67.45,2731.0,0,0,No,0,Established (37-60m),0,0.1238756611399349,Low
2700-LUEVA,Male,No,No,No,1,Yes,No,No,No internet service,No internet service,No internet service,No internet service,No internet service,No internet service,Month-to-month,No,Credit card (automatic),20.75,20.75,0,0,No,0,New (0-12m),0,0.4330351056373753,High
0958-YHXGP,Female,No,No,No,7,Yes,No,Fiber optic,No,No,No,No,No,No,Month-to-month,Yes,Mailed check,69.9,497.3,0,0,No,0,New (0-12m),0,0.824263176400736,Critical
1101-SSWAG,Female,No,Yes,No,15,Yes,Yes,DSL,No,No,No,No,No,No,Month-to-month,Yes,Electronic check,51.1,711.15,0,0,No,0,Mid (13-36m),0,0.5450088791921048,High
5743-KHMNA,Male,No,No,No,71,Yes,Yes,No,No internet service,No internet service,No internet service,No internet service,No internet service,No internet service,Two year,No,Bank transfer (automatic),25.55,1898.1,0,0,No,0,Loyal (60m+),0,0.001402019450777434,Low
4194-FJARJ,Female,No,Yes,Yes,54,Yes,Yes,DSL,Yes,No,No,Yes,No,No,Two year,No,Bank transfer (automatic),60.0,3273.95,4,0,No,0,Established (37-60m),4,0.003500910870580911,Low
5325-UWTWJ,Male,No,Yes,No,31,Yes,Yes,Fiber optic,Yes,Yes,No,Yes,No,No,Month-to-month,Yes,Credit card (automatic),90.55,2929.75,0,0,No,0,Mid (13-36m),0,0.269364878880266,Low
3969-GYXEL,Female,No,No,No,11,Yes,No,Fiber optic,Yes,No,No,No,No,No,Month-to-month,No,Electronic check,76.4,838.7,0,0,No,0,New (0-12m),0,0.8352174963147163,Critical
9208-OLGAQ,Female,Yes,No,No,18,Yes,No,Fiber optic,No,No,Yes,No,No,Yes,Month-to-month,Yes,Electronic check,84.95,1443.65,1,0,No,0,Mid (13-36m),1,0.765469870151806,Critical
3244-CQPHU,Female,Yes,No,No,72,Yes,Yes,Fiber optic,Yes,Yes,No,Yes,Yes,Yes,Two year,Yes,Bank transfer (automatic),110.1,7746.7,0,0,No,0,Loyal (60m+),0,0.0012668488497539336,Low
2674-MLXMN,Female,Yes,No,No,71,Yes,Yes,Fiber optic,No,Yes,No,No,Yes,Yes,Month-to-month,Yes,Credit card (automatic),99.65,6951.15,0,6,No,0,Loyal (60m+),6,0.9835629934841286,Critical
9708-HPXWZ,Male,Yes,No,No,5,No,No phone service,DSL,No,No,Yes,Yes,Yes,No,Month-to-month,No,Credit card (automatic),45.4,214.75,0,0,No,0,New (0-12m),0,0.6142372029457847,High
6992-TKNYO,Male,No,Yes,No,38,Yes,Yes,DSL,No,No,Yes,Yes,No,Yes,One year,No,Credit card (automatic),69.0,2669.45,4,0,No,0,Established (37-60m),4,0.028093360993533333,Low
4468-YDOVK,Male,No,No,Yes,5,Yes,No,DSL,No,No,No,Yes,No,No,Month-to-month,Yes,Bank transfer (automatic),48.65,235.2,0,0,No,0,New (0-12m),0,0.5282171044201255,High
5792-JALQC,Female,Yes,No,No,52,Yes,Yes,DSL,Yes,No,Yes,No,No,No,Two year,No,Bank transfer (automatic),59.85,3103.25,0,0,No,0,Established (37-60m),0,0.007599918390086878,Low
2200-DSAAL,Female,No,No,No,68,Yes,Yes,DSL,No,Yes,Yes,No,Yes,Yes,Two year,Yes,Electronic check,80.65,5330.2,0,0,No,0,Loyal (60m+),0,0.0014762593297212986,Low
4302-ZYFEL,Male,No,Yes,Yes,69,Yes,No,No,No internet service,No internet service,No internet service,No internet service,No internet service,No internet service,One year,Yes,Credit card (automatic),20.55,1403.1,0,0,No,0,Loyal (60m+),0,0.005167205750568658,Low
9351-LZYGF,Female,No,Yes,No,42,Yes,Yes,DSL,Yes,Yes,No,Yes,No,No,Month-to-month,Yes,Credit card (automatic),66.4,2727.8,0,0,No,0,Established (37-60m),0,0.06779482373962459,Low
4366-CTOUZ,Female,No,No,No,50,Yes,No,Fiber optic,No,Yes,No,Yes,Yes,Yes,Two year,Yes,Mailed check,100.2,5038.45,0,0,No,0,Established (37-60m),0,0.007343315382248904,Low
1518-OMDIK,Male,No,Yes,No,33,Yes,No,DSL,No,No,No,No,No,No,Month-to-month,Yes,Credit card (automatic),44.55,1462.6,0,0,No,0,Mid (13-36m),0,0.20256003130975178,Low
6671-NGWON,Female,No,No,No,7,Yes,No,No,No internet service,No internet service,No internet service,No internet service,No internet service,No internet service,Month-to-month,No,Mailed check,20.35,150.6,0,0,No,0,New (0-12m),0,0.3638095861911937,Low
0595-ITUDF,Male,No,Yes,Yes,64,Yes,Yes,Fiber optic,Yes,Yes,Yes,No,No,No,Month-to-month,Yes,Electronic check,91.8,5960.5,0,0,No,0,Loyal (60m+),0,0.041061993865474884,Low
1955-IBMMB,Male,No,No,No,59,Yes,No,No,No internet service,No internet service,No internet service,No internet service,No internet service,No internet service,Two year,Yes,Bank transfer (automatic),20.2,1192.3,0,0,No,0,Established (37-60m),0,0.0034022745086308755,Low
0096-BXERS,Female,No,Yes,No,6,Yes,Yes,DSL,No,No,No,No,No,No,Month-to-month,No,Electronic check,50.35,314.55,0,0,No,0,New (0-12m),0,0.6813915923049324,High
3806-YAZOV,Female,No,No,No,3,Yes,No,No,No internet service,No internet service,No internet service,No internet service,No internet service,No internet service,Month-to-month,No,Mailed check,18.8,56.0,0,0,No,0,New (0-12m),0,0.4226813440006212,High
7998-ZLXWN,Female,No,Yes,No,15,Yes,No,No,No internet service,No internet service,No internet service,No internet service,No internet service,No internet service,Month-to-month,No,Credit card (automatic),20.45,330.8,1,0,No,0,Mid (13-36m),1,0.26610448523756863,Low
6253-WRFHY,Male,No,Yes,Yes,13,Yes,No,DSL,No,No,No,No,Yes,Yes,One year,Yes,Electronic check,64.75,877.35,0,0,No,0,Mid (13-36m),0,0.2295023860053472,Low
9133-AYJZG,Female,No,No,No,23,Yes,Yes,Fiber optic,No,Yes,No,No,Yes,Yes,Month-to-month,Yes,Credit card (automatic),98.7,2249.1,0,0,No,0,Mid (13-36m),0,0.4654121445215696,High
2675-OTVVJ,Male,Yes,Yes,No,31,Yes,Yes,Fiber optic,Yes,No,No,No,Yes,No,Month-to-month,No,Electronic check,89.45,2807.65,0,0,No,0,Mid (13-36m),0,0.47229616247035733,High
8680-CGLTP,Male,No,No,No,29,Yes,No,DSL,Yes,Yes,No,Yes,No,No,One year,Yes,Electronic check,58.75,1696.2,0,0,No,0,Mid (13-36m),0,0.10211246378941564,Low
8430-TWCBX,Female,No,Yes,No,49,Yes,No,No,No internet service,No internet service,No internet service,No internet service,No internet service,No internet service,One year,No,Credit card (automatic),20.7,1032.05,0,0,No,0,Established (37-60m),0,0.019503993607425368,Low
5018-GWURO,Female,No,Yes,No,56,Yes,Yes,Fiber optic,No,No,No,No,Yes,No,Month-to-month,Yes,Bank transfer (automatic),85.6,4902.8,2,0,No,0,Established (37-60m),2,0.0800862447186125,Low
6741-QRLUP,Female,No,No,No,63,Yes,Yes,DSL,Yes,Yes,Yes,Yes,No,Yes,Two year,Yes,Credit card (automatic),80.3,4995.35,2,0,No,0,Loyal (60m+),2,0.001138274239206268,Low
4737-HOBAX,Male,No,Yes,No,63,Yes,Yes,DSL,No,No,Yes,Yes,Yes,Yes,Two year,No,Credit card (automatic),79.8,5034.05,0,0,No,0,Loyal (60m+),0,0.0009715599547495905,Low
0537-QYZZN,Male,Yes,Yes,Yes,24,Yes,Yes,Fiber optic,Yes,No,No,No,No,No,Month-to-month,Yes,Electronic check,79.85,1857.75,5,2,No,0,Mid (13-36m),7,0.9591545207437366,Critical
3340-QBBFM,Male,Yes,Yes,No,36,Yes,No,DSL,No,No,Yes,Yes,No,No,One year,No,Credit card (automatic),54.1,1992.85,0,0,No,0,Mid (13-36m),0,0.056610469781401294,Low
8200-KLNYW,Female,No,Yes,No,21,Yes,No,DSL,Yes,No,Yes,Yes,Yes,Yes,One year,No,Mailed check,80.9,1714.95,0,0,No,0,Mid (13-36m),0,0.07463688701817589,Low
3372-CDXFJ,Male,No,Yes,Yes,13,Yes,Yes,No,No internet service,No internet service,No internet service,No internet service,No internet service,No internet service,One year,No,Bank transfer (automatic),24.5,343.6,0,0,No,0,Mid (13-36m),0,0.10281983290914065,Low
4781-ZXYGU,Male,No,Yes,Yes,1,Yes,No,No,No internet service,No internet service,No internet service,No internet service,No internet service,No internet service,Month-to-month,Yes,Bank transfer (automatic),20.15,20.15,0,0,No,0,New (0-12m),0,0.39939920782445193,Low
7632-YUTXB,Female,No,Yes,Yes,25,Yes,No,No,No internet service,No internet service,No internet service,No internet service,No internet service,No internet service,One year,No,Mailed check,20.05,520.1,2,1,No,0,Mid (13-36m),3,0.18943497442654594,Low
2718-YSKCS,Male,No,Yes,Yes,71,Yes,No,No,No internet service,No internet service,No internet service,No internet service,No internet service,No internet service,Two year,Yes,Bank transfer (automatic),19.6,1387.45,3,0,No,0,Loyal (60m+),3,0.0014551043256403186,Low
9896-UYMIE,Male,No,No,No,66,Yes,Yes,Fiber optic,Yes,Yes,Yes,Yes,Yes,Yes,One year,Yes,Bank transfer (automatic),114.3,7383.7,0,0,No,0,Loyal (60m+),0,0.004637917819971747,Low
0853-NWIFK,Female,No,No,No,45,Yes,No,Fiber optic,Yes,Yes,No,No,Yes,Yes,One year,Yes,Electronic check,100.3,4483.95,5,0,No,0,Established (37-60m),5,0.07198362125779316,Low
8212-CRQXP,Female,No,Yes,No,22,Yes,No,Fiber optic,No,No,No,No,Yes,No,Month-to-month,Yes,Credit card (automatic),80.0,1706.45,0,0,No,0,Mid (13-36m),0,0.5691496022409162,High
6980-CDGFC,Female,No,Yes,No,67,Yes,No,No,No internet service,No internet service,No internet service,No internet service,No internet service,No internet service,One year,Yes,Bank transfer (automatic),20.85,1327.4,0,0,No,0,Loyal (60m+),0,0.007892527036594477,Low
7691-XVTZH,Female,No,Yes,No,68,Yes,Yes,Fiber optic,No,No,Yes,No,Yes,No,Two year,Yes,Bank transfer (automatic),89.95,5974.3,4,0,No,0,Loyal (60m+),4,0.003344458439112803,Low
2520-SGTTA,Female,No,Yes,Yes,0,Yes,No,No,No internet service,No internet service,No internet service,No internet service,No internet service,No internet service,Two year,No,Mailed check,20.0,0.0,5,0,No,0,New (0-12m),5,0.06706640269815593,Low
2277-VWCNI,Female,Yes,No,No,4,Yes,Yes,DSL,No,No,No,No,No,No,Month-to-month,No,Mailed check,48.75,179.85,0,0,No,0,New (0-12m),0,0.6733638925328119,High
1088-CNNKB,Male,No,Yes,No,63,Yes,Yes,DSL,Yes,Yes,Yes,Yes,No,Yes,One year,No,Credit card (automatic),80.0,5040.2,0,0,No,0,Loyal (60m+),0,0.00337748961452687,Low
1930-BZLHI,Male,No,No,No,21,Yes,No,No,No internet service,No internet service,No internet service,No internet service,No internet service,No internet service,One year,Yes,Mailed check,20.35,422.7,0,0,No,0,Mid (13-36m),0,0.08053769348292425,Low
5868-YTYKS,Male,No,No,Yes,1,Yes,No,No,No internet service,No internet service,No internet service,No internet service,No internet service,No internet service,Month-to-month,Yes,Mailed check,20.25,20.25,0,0,No,0,New (0-12m),0,0.3852731729346785,Low
3525-DVKFN,Female,No,No,No,17,Yes,No,No,No internet service,No internet service,No internet service,No internet service,No internet service,No internet service,Two year,No,Mailed check,19.4,358.05,0,0,No,0,Mid (13-36m),0,0.033436256247093094,Low
1482-OXZSY,Male,No,No,No,30,Yes,Yes,Fiber optic,Yes,No,No,No,Yes,Yes,Month-to-month,Yes,Bank transfer (automatic),100.4,2936.25,0,0,No,0,Mid (13-36m),0,0.31851303499792677,Low
0377-JBKKT,Male,No,Yes,Yes,22,Yes,No,DSL,Yes,Yes,No,Yes,No,No,Month-to-month,Yes,Mailed check,57.95,1271.8,0,0,No,0,Mid (13-36m),0,0.2051851493205306,Low
5778-BVOFB,Female,No,No,No,9,Yes,No,DSL,No,No,No,Yes,Yes,No,Month-to-month,Yes,Bank transfer (automatic),59.5,530.05,0,0,No,0,New (0-12m),0,0.4806354761890376,High
3373-YZZYM,Male,No,Yes,Yes,1,Yes,No,No,No internet service,No internet service,No internet service,No internet service,No internet service,No internet service,Month-to-month,No,Mailed check,19.2,19.2,5,0,No,0,New (0-12m),5,0.37501540897066166,Low
0228-MAUWC,Male,No,No,No,19,Yes,Yes,DSL,No,No,Yes,Yes,No,No,Month-to-month,No,Electronic check,59.55,1144.6,0,1,No,0,Mid (13-36m),1,0.692450931978184,High
7663-YJHSN,Female,No,Yes,No,72,Yes,Yes,Fiber optic,Yes,Yes,Yes,Yes,Yes,No,Two year,Yes,Bank transfer (automatic),103.95,7556.9,0,1,No,0,Loyal (60m+),1,0.004157870233865852,Low
4915-BFSXL,Male,No,Yes,Yes,70,Yes,Yes,DSL,Yes,No,Yes,No,Yes,No,Two year,No,Credit card (automatic),68.95,4858.7,0,0,No,0,Loyal (60m+),0,0.0008877445796046079,Low
3086-RUCRN,Female,No,No,No,66,Yes,Yes,Fiber optic,Yes,Yes,Yes,Yes,No,Yes,Month-to-month,Yes,Bank transfer (automatic),103.1,6595.0,3,0,No,0,Loyal (60m+),3,0.020645056824272857,Low
5215-LNLDJ,Female,No,Yes,Yes,7,No,No phone service,DSL,No,No,No,No,No,No,Month-to-month,Yes,Electronic check,24.7,149.05,0,0,No,0,New (0-12m),0,0.7221746474040871,Critical
7576-JMYWV,Female,Yes,Yes,Yes,46,Yes,Yes,Fiber optic,Yes,Yes,No,Yes,Yes,Yes,Month-to-month,Yes,Electronic check,110.2,4972.1,0,0,No,0,Established (37-60m),0,0.11053380053631416,Low
0257-KXZGU,Female,No,Yes,Yes,32,Yes,Yes,DSL,No,Yes,Yes,No,No,No,Month-to-month,No,Bank transfer (automatic),62.45,2045.55,0,0,No,0,Mid (13-36m),0,0.14879915871341406,Low
1307-ATKGB,Male,No,No,No,24,Yes,No,Fiber optic,No,Yes,Yes,No,No,Yes,Month-to-month,Yes,Electronic check,89.55,2187.15,0,0,No,0,Mid (13-36m),0,0.5688598895641443,High
3714-XPXBW,Female,No,No,No,37,Yes,Yes,DSL,Yes,Yes,Yes,Yes,Yes,No,Month-to-month,Yes,Credit card (automatic),78.9,2976.95,0,0,No,0,Established (37-60m),0,0.07133691998673021,Low
1850-AKQEP,Male,No,No,Yes,8,Yes,No,No,No internet service,No internet service,No internet service,No internet service,No internet service,No internet service,Month-to-month,No,Mailed check,20.35,178.7,0,0,No,0,New (0-12m),0,0.29679670947947095,Low
2824-DXNKN,Female,No,Yes,Yes,72,Yes,Yes,DSL,Yes,No,Yes,No,Yes,No,Two year,Yes,Bank transfer (automatic),71.45,5025.85,0,0,No,0,Loyal (60m+),0,0.0008625420420472546,Low
5227-JSCFE,Male,Yes,Yes,No,71,No,No phone service,DSL,Yes,Yes,Yes,Yes,No,No,Two year,No,Credit card (automatic),46.35,3353.4,0,0,No,0,Loyal (60m+),0,0.0021950026913355046,Low
0848-ZGQIJ,Female,No,Yes,No,16,Yes,No,Fiber optic,No,Yes,No,No,Yes,Yes,Month-to-month,Yes,Bank transfer (automatic),94.65,1461.15,0,0,No,0,Mid (13-36m),0,0.6270034782073983,High
3621-CHYVB,Female,No,Yes,No,57,No,No phone service,DSL,Yes,No,Yes,Yes,No,Yes,Month-to-month,Yes,Bank transfer (automatic),49.9,2782.4,3,0,No,0,Established (37-60m),3,0.04348374320510344,Low
8042-RNLKO,Male,No,No,No,66,Yes,Yes,No,No internet service,No internet service,No internet service,No internet service,No internet service,No internet service,One year,No,Bank transfer (automatic),25.45,1699.15,0,0,No,0,Loyal (60m+),0,0.006662703880922022,Low
5372-FBKBN,Female,No,No,Yes,21,Yes,No,No,No internet service,No internet service,No internet service,No internet service,No internet service,No internet service,Month-to-month,No,Mailed check,20.75,452.2,0,0,No,0,Mid (13-36m),0,0.1826899497043794,Low
0420-TXVSG,Male,No,Yes,No,66,Yes,Yes,DSL,Yes,Yes,Yes,No,No,No,Two year,Yes,Credit card (automatic),66.1,4428.45,2,0,No,0,Loyal (60m+),2,0.001499858356971455,Low
6217-TOWGS,Female,No,Yes,No,17,Yes,Yes,DSL,No,Yes,No,No,Yes,Yes,Month-to-month,Yes,Bank transfer (automatic),75.4,1322.55,3,0,No,0,Mid (13-36m),3,0.3110031131922971,Low
1045-LTCYT,Female,No,Yes,Yes,8,Yes,No,No,No internet service,No internet service,No internet service,No internet service,No internet service,No internet service,Month-to-month,No,Credit card (automatic),21.05,139.75,0,0,No,0,New (0-12m),0,0.3167588357140727,Low
1544-JJMYL,Male,No,No,No,27,Yes,No,DSL,Yes,No,Yes,Yes,Yes,No,One year,No,Credit card (automatic),69.35,1927.3,0,0,No,0,Mid (13-36m),0,0.062379277632081453,Low
4636-JGAAI,Male,No,Yes,No,34,Yes,Yes,Fiber optic,No,Yes,No,No,No,Yes,Month-to-month,No,Mailed check,88.85,3000.25,2,0,No,0,Mid (13-36m),2,0.26949616795265424,Low
6874-SGLHU,Male,No,No,No,30,Yes,No,Fiber optic,No,Yes,No,No,Yes,Yes,One year,Yes,Bank transfer (automatic),97.0,3021.3,0,0,No,0,Mid (13-36m),0,0.1478836943612955,Low
5951-AOFIH,Male,No,No,No,33,Yes,No,DSL,No,Yes,Yes,No,Yes,No,Month-to-month,Yes,Credit card (automatic),66.4,2245.4,0,0,No,0,Mid (13-36m),0,0.13484287952392435,Low
3059-NGMXB,Male,No,Yes,Yes,14,Yes,Yes,DSL,Yes,Yes,No,No,No,Yes,Month-to-month,No,Mailed check,69.2,944.65,1,0,No,0,Mid (13-36m),1,0.309126520667104,Low
8652-YHIYU,Female,No,No,Yes,16,Yes,Yes,Fiber optic,No,No,No,Yes,No,No,One year,Yes,Credit card (automatic),79.5,1264.2,0,0,No,0,Mid (13-36m),0,0.3590187724618275,Low
5278-PNYOX,Female,No,No,No,49,Yes,No,Fiber optic,No,No,Yes,Yes,Yes,Yes,Two year,No,Credit card (automatic),100.65,4917.75,0,0,No,0,Established (37-60m),0,0.008403839451863458,Low
3486-HOOGQ,Female,No,Yes,Yes,70,Yes,Yes,DSL,Yes,Yes,Yes,Yes,Yes,No,Two year,No,Bank transfer (automatic),79.7,5743.3,0,0,No,0,Loyal (60m+),0,0.0005513704698074153,Low
5061-PBXFW,Female,No,Yes,Yes,32,Yes,No,DSL,Yes,Yes,No,Yes,No,No,Month-to-month,No,Bank transfer (automatic),61.4,1864.65,0,0,No,0,Mid (13-36m),0,0.1332694576605768,Low
8630-FJLIB,Female,No,No,No,18,Yes,No,Fiber optic,No,No,No,No,No,No,Month-to-month,Yes,Electronic check,69.8,1221.65,0,0,No,0,Mid (13-36m),0,0.7761433305023571,Critical
3891-NLXJB,Male,No,No,No,37,No,No phone service,DSL,Yes,Yes,No,Yes,No,No,Two year,Yes,Mailed check,40.55,1390.85,0,0,No,0,Established (37-60m),0,0.01893522952485876,Low
4749-OJKQU,Female,No,No,No,4,Yes,Yes,Fiber optic,No,No,No,No,No,No,Month-to-month,Yes,Electronic check,75.65,302.35,0,0,No,0,New (0-12m),0,0.8957265679229237,Critical
0577-WHMEV,Female,No,Yes,No,16,Yes,Yes,Fiber optic,Yes,Yes,Yes,No,No,No,Month-to-month,No,Electronic check,90.7,1374.9,4,0,No,0,Mid (13-36m),4,0.7222116261961714,Critical
5453-AXEPF,Male,No,Yes,No,17,Yes,Yes,Fiber optic,No,Yes,No,No,No,No,Month-to-month,Yes,Bank transfer (automatic),80.5,1336.9,0,0,No,0,Mid (13-36m),0,0.6466727969036182,High
3639-XJHKQ,Female,No,No,Yes,19,Yes,No,DSL,Yes,Yes,Yes,No,No,No,Month-to-month,Yes,Electronic check,60.6,1297.8,0,0,No,0,Mid (13-36m),0,0.3950347377929657,Low
3716-LRGXK,Male,No,Yes,No,60,Yes,Yes,Fiber optic,No,No,Yes,No,Yes,Yes,Two year,No,Credit card (automatic),101.15,6067.4,0,0,No,0,Established (37-60m),0,0.003533054390203252,Low
2263-SFSQZ,Male,No,Yes,Yes,51,Yes,Yes,No,No internet service,No internet service,No internet service,No internet service,No internet service,No internet service,Two year,Yes,Mailed check,24.95,1222.25,0,0,No,0,Established (37-60m),0,0.0033810177788243727,Low
9950-MTGYX,Male,No,Yes,Yes,28,Yes,No,No,No internet service,No internet service,No internet service,No internet service,No internet service,No internet service,Two year,Yes,Credit card (automatic),20.3,487.95,0,2,No,0,Mid (13-36m),2,0.17243884163829734,Low
3397-AVTKU,Male,No,No,No,43,Yes,No,DSL,No,Yes,No,No,No,Yes,Two year,Yes,Electronic check,60.0,2548.55,0,0,No,0,Established (37-60m),0,0.014695850834904958,Low
4825-FUREZ,Male,No,Yes,No,42,Yes,No,No,No internet service,No internet service,No internet service,No internet service,No internet service,No internet service,Two year,No,Electronic check,20.25,835.5,0,2,No,0,Established (37-60m),2,0.14216702183989338,Low
2672-OJQZP,Female,No,No,No,1,Yes,No,DSL,No,No,No,No,No,No,Month-to-month,No,Mailed check,44.75,44.75,0,0,No,0,New (0-12m),0,0.6800424146842119,High
3134-DSHVC,Female,No,No,No,63,Yes,Yes,Fiber optic,Yes,Yes,Yes,No,Yes,No,Two year,No,Credit card (automatic),98.0,6218.45,0,0,No,0,Loyal (60m+),0,0.0035271662018219463,Low
7821-DPRQE,Male,No,Yes,No,68,Yes,Yes,Fiber optic,Yes,Yes,No,Yes,Yes,Yes,Month-to-month,Yes,Electronic check,107.7,7320.9,0,0,No,0,Loyal (60m+),0,0.017077423270077934,Low
2001-EWBQU,Female,No,No,No,60,Yes,Yes,Fiber optic,No,Yes,Yes,No,Yes,Yes,Two year,No,Electronic check,104.7,6333.8,5,0,No,0,Established (37-60m),5,0.005452176822097095,Low
1608-GMEWB,Male,Yes,No,No,45,Yes,Yes,Fiber optic,No,No,No,No,Yes,Yes,Month-to-month,Yes,Bank transfer (automatic),93.9,4200.25,0,0,No,0,Established (37-60m),0,0.16695326424804582,Low
6695-AMZUF,Female,No,Yes,No,70,Yes,No,DSL,Yes,Yes,Yes,Yes,Yes,Yes,Two year,No,Credit card (automatic),86.45,5950.2,0,0,No,0,Loyal (60m+),0,0.0005148816348746748,Low
8410-BGQXN,Male,No,No,No,4,Yes,No,No,No internet service,No internet service,No internet service,No internet service,No internet service,No internet service,Month-to-month,No,Mailed check,19.4,93.4,0,0,No,0,New (0-12m),0,0.38330064782017287,Low
1619-YWUBB,Female,No,Yes,No,68,Yes,Yes,No,No internet service,No internet service,No internet service,No internet service,No internet service,No internet service,Two year,Yes,Credit card (automatic),24.95,1614.9,0,0,No,0,Loyal (60m+),0,0.0017498533546538237,Low
7611-YKYTC,Male,No,Yes,Yes,22,Yes,No,Fiber optic,Yes,No,No,No,No,No,Month-to-month,No,Bank transfer (automatic),75.0,1573.95,0,0,No,0,Mid (13-36m),0,0.5509765544161515,High
0365-GXEZS,Male,No,Yes,No,18,Yes,No,Fiber optic,No,No,Yes,Yes,No,No,Month-to-month,No,Electronic check,78.2,1468.75,1,0,No,0,Mid (13-36m),1,0.6675237188711027,High
0082-OQIQY,Male,No,No,No,29,Yes,No,Fiber optic,No,No,No,Yes,Yes,Yes,Month-to-month,Yes,Electronic check,94.2,2607.6,3,0,No,0,Mid (13-36m),3,0.4090487861861853,High
3606-SBKRY,Male,No,No,No,31,No,No phone service,DSL,No,No,Yes,No,Yes,Yes,One year,Yes,Electronic check,50.05,1523.4,5,0,No,0,Mid (13-36m),5,0.13030579533610206,Low
0667-NSRGI,Female,No,Yes,No,48,Yes,Yes,DSL,No,No,Yes,Yes,No,Yes,One year,Yes,Mailed check,69.55,3435.6,0,0,No,0,Established (37-60m),0,0.014072989305328168,Low
6893-ODYYE,Male,No,No,No,50,Yes,No,Fiber optic,Yes,Yes,Yes,Yes,No,No,One year,Yes,Credit card (automatic),90.1,4549.45,0,0,No,0,Established (37-60m),0,0.03227816644259995,Low
8242-JSVBO,Male,No,No,No,7,Yes,No,DSL,No,No,No,No,No,No,Month-to-month,Yes,Bank transfer (automatic),44.65,322.5,0,0,No,0,New (0-12m),0,0.596805654338107,High
9541-ZPSEA,Male,No,Yes,Yes,68,Yes,No,Fiber optic,Yes,No,Yes,No,No,No,Two year,No,Credit card (automatic),80.35,5375.15,1,0,No,0,Loyal (60m+),1,0.0033970602643160065,Low
2665-NPTGL,Female,Yes,Yes,No,26,Yes,Yes,Fiber optic,No,No,Yes,No,Yes,Yes,Month-to-month,Yes,Bank transfer (automatic),98.1,2510.7,0,0,No,0,Mid (13-36m),0,0.46380586059230583,High
1139-WUOAH,Male,No,No,No,57,No,No phone service,DSL,No,No,Yes,Yes,Yes,Yes,Two year,No,Credit card (automatic),53.35,3090.05,0,0,No,0,Established (37-60m),0,0.0036936177437390996,Low
4693-VWVBO,Female,No,No,No,3,Yes,No,No,No internet service,No internet service,No internet service,No internet service,No internet service,No internet service,Month-to-month,No,Electronic check,19.55,61.05,0,0,No,0,New (0-12m),0,0.5368635954964273,High
6937-GCDGQ,Male,No,Yes,Yes,19,Yes,No,DSL,Yes,No,No,No,No,No,One year,Yes,Bank transfer (automatic),48.95,955.6,0,0,No,0,Mid (13-36m),0,0.1576934274118363,Low
0988-JRWWP,Female,No,No,No,3,Yes,No,DSL,No,No,No,No,Yes,No,Month-to-month,Yes,Electronic check,54.2,140.4,2,0,No,0,New (0-12m),2,0.7252099202421067,Critical
5075-JSDKI,Female,No,No,No,59,Yes,Yes,No,No internet service,No internet service,No internet service,No internet service,No internet service,No internet service,Two year,No,Electronic check,24.45,1493.1,0,0,No,0,Established (37-60m),0,0.004565593213721143,Low
8644-XYTSV,Male,No,Yes,No,42,No,No phone service,DSL,Yes,No,No,No,Yes,No,Month-to-month,Yes,Bank transfer (automatic),40.15,1626.05,0,0,No,0,Established (37-60m),0,0.14890245660631898,Low
3873-WOSBC,Male,No,Yes,No,67,Yes,Yes,No,No internet service,No internet service,No internet service,No internet service,No internet service,No internet service,Two year,No,Credit card (automatic),25.6,1784.9,0,5,No,0,Loyal (60m+),5,0.5344434854496088,High
7465-ZZRVX,Male,No,No,No,1,Yes,No,Fiber optic,No,No,No,No,No,No,Month-to-month,Yes,Electronic check,70.35,70.35,0,0,No,0,New (0-12m),0,0.9128446347133907,Critical
7975-JMZNT,Male,No,Yes,No,66,Yes,Yes,DSL,Yes,Yes,Yes,Yes,Yes,Yes,Two year,No,Bank transfer (automatic),91.7,6075.9,0,0,No,0,Loyal (60m+),0,0.0005424280044527664,Low
7251-XFOIL,Female,No,No,No,61,Yes,Yes,Fiber optic,No,No,Yes,No,No,Yes,Month-to-month,No,Mailed check,89.2,5500.6,0,0,No,0,Loyal (60m+),0,0.04802576988213493,Low
4116-IQRFR,Male,No,Yes,Yes,4,Yes,Yes,No,No internet service,No internet service,No internet service,No internet service,No internet service,No internet service,One year,No,Credit card (automatic),24.1,73.1,3,0,No,0,New (0-12m),3,0.1551675422039679,Low
8259-DZLIZ,Female,No,Yes,Yes,64,Yes,Yes,DSL,No,Yes,No,No,No,No,One year,Yes,Bank transfer (automatic),53.85,3399.85,0,0,No,0,Loyal (60m+),0,0.009516932326443584,Low
0442-ZXKVS,Female,Yes,Yes,No,54,Yes,Yes,Fiber optic,Yes,Yes,Yes,Yes,Yes,Yes,One year,Yes,Bank transfer (automatic),115.6,6431.05,3,0,No,0,Established (37-60m),3,0.014236030161654718,Low
7853-WNZSY,Male,No,No,No,1,Yes,No,No,No internet service,No internet service,No internet service,No internet service,No internet service,No internet service,Month-to-month,Yes,Credit card (automatic),19.75,19.75,5,0,No,0,New (0-12m),5,0.43638086055373365,High
3120-FAZKD,Male,No,Yes,Yes,54,Yes,Yes,No,No internet service,No internet service,No internet service,No internet service,No internet service,No internet service,Two year,Yes,Bank transfer (automatic),24.05,1230.9,0,3,No,0,Established (37-60m),3,0.14788043471487336,Low
8606-OEGQZ,Female,No,No,Yes,18,Yes,Yes,No,No internet service,No internet service,No internet service,No internet service,No internet service,No internet service,Two year,No,Credit card (automatic),25.3,454.65,0,0,No,0,Mid (13-36m),0,0.026075378544056067,Low
0225-ZORZP,Male,No,No,No,3,Yes,No,Fiber optic,No,Yes,No,No,No,Yes,Month-to-month,No,Electronic check,84.3,235.05,0,0,No,0,New (0-12m),0,0.8820381225261805,Critical
9489-JMTTN,Female,No,Yes,Yes,72,Yes,Yes,DSL,Yes,Yes,Yes,Yes,Yes,Yes,Two year,No,Credit card (automatic),89.75,6595.9,0,0,No,0,Loyal (60m+),0,0.00031120627894477517,Low
0575-CUQOV,Male,Yes,Yes,No,60,Yes,No,Fiber optic,No,Yes,Yes,No,Yes,Yes,One year,Yes,Electronic check,97.95,5867.0,0,0,No,0,Established (37-60m),0,0.025333594284643084,Low
0967-BMLBD,Female,No,Yes,Yes,11,Yes,No,No,No internet service,No internet service,No internet service,No internet service,No internet service,No internet service,One year,Yes,Mailed check,20.0,196.35,0,0,No,0,New (0-12m),0,0.12114953354702755,Low
2830-LEWOA,Male,No,Yes,Yes,61,Yes,No,Fiber optic,No,Yes,Yes,Yes,Yes,Yes,One year,No,Credit card (automatic),103.9,6449.15,0,0,No,0,Loyal (60m+),0,0.007022563211231708,Low
5006-MXVRN,Female,No,No,No,39,Yes,No,No,No internet service,No internet service,No internet service,No internet service,No internet service,No internet service,Two year,No,Credit card (automatic),20.7,762.45,0,0,No,0,Established (37-60m),0,0.010606598049180252,Low
8327-WKMIE,Male,No,No,No,37,Yes,No,No,No internet service,No internet service,No internet service,No internet service,No internet service,No internet service,One year,No,Credit card (automatic),20.15,785.75,0,0,No,0,Established (37-60m),0,0.03627174521618029,Low
6917-FIJHC,Female,No,Yes,No,72,Yes,Yes,No,No internet service,No internet service,No internet service,No internet service,No internet service,No internet service,Two year,Yes,Mailed check,26.0,1776.0,0,0,No,0,Loyal (60m+),0,0.00127662853743288,Low
5329-KRDTM,Male,Yes,Yes,No,72,Yes,Yes,DSL,No,Yes,Yes,Yes,Yes,No,Two year,No,Credit card (automatic),77.35,5396.25,0,0,No,0,Loyal (60m+),0,0.0007110555551348616,Low
7797-EJMDP,Female,No,No,No,8,Yes,No,DSL,Yes,No,No,Yes,No,Yes,Month-to-month,No,Bank transfer (automatic),66.05,574.5,2,0,No,0,New (0-12m),2,0.4675021664744105,High
3530-VWVGU,Female,No,Yes,Yes,22,Yes,No,No,No internet service,No internet service,No internet service,No internet service,No internet service,No internet service,Month-to-month,No,Mailed check,19.9,400.3,0,0,No,0,Mid (13-36m),0,0.1712649791802105,Low
6368-NWMCE,Female,No,No,No,38,Yes,Yes,DSL,No,Yes,No,Yes,No,Yes,Month-to-month,No,Credit card (automatic),68.15,2656.3,4,0,No,0,Established (37-60m),4,0.08568100576691678,Low
3633-CDBUW,Male,No,No,Yes,17,Yes,No,DSL,No,Yes,Yes,Yes,Yes,Yes,One year,No,Electronic check,80.85,1445.95,0,0,No,0,Mid (13-36m),0,0.1245441068237386,Low
0707-HOVVN,Female,Yes,No,No,70,Yes,Yes,DSL,No,Yes,Yes,Yes,Yes,No,Two year,Yes,Bank transfer (automatic),75.5,5212.65,0,2,No,0,Loyal (60m+),2,0.014582938742048265,Low
3956-MGXOG,Female,No,No,No,28,Yes,No,Fiber optic,No,No,No,No,No,Yes,Month-to-month,Yes,Electronic check,80.6,2244.95,0,0,No,0,Mid (13-36m),0,0.5686540836369675,High
9274-UARKJ,Female,No,No,No,15,Yes,No,Fiber optic,No,Yes,No,No,Yes,No,Month-to-month,Yes,Bank transfer (automatic),83.2,1130.0,0,0,No,0,Mid (13-36m),0,0.7081706135616234,Critical
4077-HWUYD,Male,No,Yes,Yes,72,Yes,Yes,DSL,Yes,Yes,Yes,Yes,Yes,Yes,Two year,Yes,Bank transfer (automatic),87.55,6463.15,3,0,No,0,Loyal (60m+),3,0.0003239246393816933,Low
0103-CSITQ,Female,No,Yes,No,57,Yes,Yes,Fiber optic,No,Yes,Yes,Yes,Yes,Yes,One year,Yes,Bank transfer (automatic),109.4,6252.7,0,0,No,0,Established (37-60m),0,0.011463108737424156,Low
8671-KKKOS,Female,No,Yes,No,46,No,No phone service,DSL,Yes,Yes,No,No,Yes,No,Month-to-month,No,Electronic check,45.55,2062.15,0,0,No,0,Established (37-60m),0,0.15406801845048732,Low
7305-ZWMAJ,Male,No,Yes,No,30,Yes,No,No,No internet service,No internet service,No internet service,No internet service,No internet service,No internet service,One year,No,Credit card (automatic),20.7,587.1,0,0,No,0,Mid (13-36m),0,0.05031997989894539,Low
9518-XXBXE,Male,Yes,Yes,No,10,Yes,No,Fiber optic,Yes,No,No,No,No,No,Month-to-month,No,Electronic check,75.3,720.45,3,0,No,0,New (0-12m),3,0.8564578596759852,Critical
6578-KRMAW,Male,No,No,No,32,Yes,No,Fiber optic,Yes,Yes,Yes,No,No,Yes,Month-to-month,Yes,Credit card (automatic),93.4,2979.3,0,0,No,0,Mid (13-36m),0,0.3012015467726417,Low
4860-IJUDE,Male,No,No,No,13,Yes,No,Fiber optic,Yes,No,No,No,No,No,Month-to-month,Yes,Credit card (automatic),73.75,956.65,0,0,No,0,Mid (13-36m),0,0.7329657132294781,Critical
9688-YGXVR,Female,No,No,No,44,Yes,No,Fiber optic,No,Yes,Yes,No,Yes,No,Month-to-month,Yes,Credit card (automatic),88.15,3973.2,0,0,No,0,Established (37-60m),0,0.16955945923963855,Low
0423-UDIJQ,Male,Yes,No,No,9,Yes,No,DSL,No,No,No,Yes,No,No,Month-to-month,No,Mailed check,49.2,447.9,0,0,No,0,New (0-12m),0,0.5223046644458111,High
1945-XISKS,Female,No,Yes,No,67,Yes,No,No,No internet service,No internet service,No internet service,No internet service,No internet service,No internet service,Two year,No,Mailed check,19.65,1335.2,0,0,No,0,Loyal (60m+),0,0.002047045169297643,Low
5360-LJCNJ,Female,No,Yes,No,71,Yes,Yes,Fiber optic,No,Yes,Yes,No,Yes,Yes,Two year,Yes,Bank transfer (automatic),105.15,7555.0,0,0,No,0,Loyal (60m+),0,0.001410333118442168,Low
2607-FBDFF,Male,No,No,No,1,Yes,No,DSL,No,No,No,Yes,No,No,Month-to-month,No,Credit card (automatic),49.0,49.0,0,0,No,0,New (0-12m),0,0.6114964588537833,High
1100-DDVRV,Male,No,Yes,No,17,No,No phone service,DSL,No,Yes,No,No,Yes,Yes,Month-to-month,Yes,Mailed check,49.8,836.35,0,0,No,0,Mid (13-36m),0,0.3759615761700871,Low
6728-WYQBC,Male,No,No,No,1,Yes,No,No,No internet service,No internet service,No internet service,No internet service,No internet service,No internet service,Month-to-month,No,Bank transfer (automatic),20.95,20.95,0,0,No,0,New (0-12m),0,0.4476742292102162,High
9029-FEGVJ,Female,Yes,Yes,No,32,Yes,Yes,Fiber optic,No,No,Yes,No,No,No,Month-to-month,No,Mailed check,79.3,2570.0,0,0,No,0,Mid (13-36m),0,0.41978074957384737,High
7216-KAOID,Male,No,Yes,Yes,41,Yes,No,No,No internet service,No internet service,No internet service,No internet service,No internet service,No internet service,One year,No,Bank transfer (automatic),19.5,798.2,0,1,No,0,Established (37-60m),1,0.09124438699066893,Low
6145-NNPNO,Female,No,No,No,1,Yes,No,DSL,No,No,No,No,No,No,Month-to-month,No,Bank transfer (automatic),44.15,44.15,0,0,No,0,New (0-12m),0,0.706378813172715,Critical
5339-TJFEK,Male,No,Yes,Yes,62,Yes,Yes,Fiber optic,Yes,Yes,No,No,Yes,Yes,Month-to-month,Yes,Electronic check,105.5,6487.2,0,0,No,0,Loyal (60m+),0,0.032071295381300886,Low
2074-GUHPQ,Female,No,No,Yes,17,Yes,Yes,Fiber optic,No,Yes,Yes,Yes,No,No,Month-to-month,Yes,Credit card (automatic),92.7,1556.85,0,0,No,0,Mid (13-36m),0,0.5270892533139191,High
4625-XMOYM,Female,No,Yes,Yes,72,Yes,Yes,No,No internet service,No internet service,No internet service,No internet service,No internet service,No internet service,Two year,Yes,Bank transfer (automatic),26.25,1988.05,0,0,No,0,Loyal (60m+),0,0.0011462262970113601,Low
5827-MWCZK,Male,No,Yes,Yes,56,Yes,Yes,Fiber optic,No,Yes,No,Yes,Yes,No,Month-to-month,Yes,Credit card (automatic),96.95,5432.2,3,0,No,0,Established (37-60m),3,0.03646529807682562,Low
1385-TQOZW,Female,No,No,No,9,Yes,No,No,No internet service,No internet service,No internet service,No internet service,No internet service,No internet service,Month-to-month,Yes,Credit card (automatic),20.45,147.55,0,0,No,0,New (0-12m),0,0.3535691416952991,Low
5914-XRFQB,Male,No,Yes,No,72,Yes,Yes,Fiber optic,Yes,Yes,Yes,Yes,Yes,Yes,Two year,Yes,Bank transfer (automatic),115.8,8424.9,0,0,No,0,Loyal (60m+),0,0.0006529169549728161,Low
4329-YPDDQ,Male,No,No,No,20,Yes,No,Fiber optic,Yes,Yes,Yes,Yes,Yes,Yes,Month-to-month,Yes,Bank transfer (automatic),108.2,2203.7,0,0,No,0,Mid (13-36m),0,0.4164763665785913,High
4804-NCPET,Male,No,Yes,Yes,19,Yes,No,No,No internet service,No internet service,No internet service,No internet service,No internet service,No internet service,Two year,No,Mailed check,20.2,387.4,0,0,No,0,Mid (13-36m),0,0.022191606568622797,Low
5944-UGLLK,Male,No,No,No,53,No,No phone service,DSL,No,No,Yes,Yes,Yes,Yes,One year,No,Credit card (automatic),54.9,3045.75,0,4,No,0,Established (37-60m),4,0.7541099772098502,Critical
7787-BNTZM,Male,No,No,No,6,Yes,No,No,No internet service,No internet service,No internet service,No internet service,No internet service,No internet service,Month-to-month,No,Bank transfer (automatic),20.15,130.5,0,0,No,0,New (0-12m),0,0.3823192795863157,Low
2252-ISRNH,Male,No,Yes,Yes,9,Yes,Yes,Fiber optic,No,No,Yes,No,Yes,No,One year,Yes,Electronic check,90.35,767.9,0,0,No,0,New (0-12m),0,0.5614578797915513,High
9415-TPKRV,Female,No,Yes,Yes,8,Yes,Yes,DSL,No,Yes,No,No,No,No,Month-to-month,No,Electronic check,55.75,446.8,5,0,No,0,New (0-12m),5,0.5978320297529148,High
5322-TEUJK,Female,No,Yes,Yes,71,Yes,Yes,Fiber optic,Yes,Yes,Yes,Yes,Yes,Yes,Two year,No,Bank transfer (automatic),114.6,8100.25,0,0,No,0,Loyal (60m+),0,0.000732218086710982,Low
1866-DIOQZ,Female,No,Yes,No,71,No,No phone service,DSL,Yes,Yes,Yes,Yes,Yes,Yes,One year,No,Bank transfer (automatic),66.8,4689.15,0,0,No,0,Loyal (60m+),0,0.003570824653188336,Low
8375-KVTHK,Male,No,Yes,No,68,Yes,No,Fiber optic,No,Yes,No,Yes,Yes,Yes,One year,Yes,Electronic check,100.3,6754.35,0,0,No,0,Loyal (60m+),0,0.008348554170518375,Low
2697-NQBPF,Male,No,No,No,34,Yes,Yes,Fiber optic,No,Yes,No,Yes,Yes,Yes,Month-to-month,Yes,Electronic check,105.35,3540.65,1,0,No,0,Mid (13-36m),1,0.2562493777216899,Low
3709-OIJEA,Male,No,No,No,26,Yes,No,Fiber optic,No,Yes,Yes,Yes,No,No,One year,Yes,Electronic check,85.2,2184.6,0,0,No,0,Mid (13-36m),0,0.27460136023470094,Low
1386-ZIKUV,Male,No,No,No,7,Yes,No,No,No internet service,No internet service,No internet service,No internet service,No internet service,No internet service,Month-to-month,Yes,Mailed check,18.95,130.55,0,0,No,0,New (0-12m),0,0.347872663709949,Low
0599-XNYDO,Female,No,Yes,No,20,Yes,No,Fiber optic,No,No,No,No,No,No,Month-to-month,Yes,Bank transfer (automatic),69.8,1540.35,0,0,No,0,Mid (13-36m),0,0.6520671039069711,High
6377-WHAOX,Female,No,Yes,No,60,Yes,Yes,Fiber optic,No,Yes,Yes,No,Yes,Yes,Month-to-month,Yes,Electronic check,106.15,6411.25,0,0,No,0,Established (37-60m),0,0.04532258271901569,Low
6855-VLGOS,Male,No,Yes,Yes,72,Yes,No,No,No internet service,No internet service,No internet service,No internet service,No internet service,No internet service,Two year,No,Electronic check,20.55,1432.55,4,0,No,0,Loyal (60m+),4,0.0019227171054314166,Low
8999-XXGNS,Female,Yes,Yes,No,72,Yes,Yes,Fiber optic,No,Yes,Yes,No,Yes,Yes,One year,Yes,Credit card (automatic),105.75,7629.85,0,3,No,0,Loyal (60m+),3,0.21708055681241145,Low
8746-OQQRW,Male,No,No,No,4,Yes,Yes,No,No internet service,No internet service,No internet service,No internet service,No internet service,No internet service,Month-to-month,No,Mailed check,25.25,101.9,2,0,No,0,New (0-12m),2,0.3644555407647611,Low
3181-MIZBN,Male,No,Yes,Yes,16,Yes,No,No,No internet service,No internet service,No internet service,No internet service,No internet service,No internet service,Month-to-month,No,Electronic check,19.75,313.4,0,0,No,0,Mid (13-36m),0,0.2939009201010511,Low
0471-ARVMX,Female,Yes,Yes,No,62,Yes,Yes,Fiber optic,Yes,No,Yes,No,Yes,Yes,One year,Yes,Electronic check,104.85,6312.9,0,0,No,0,Loyal (60m+),0,0.020025586709809244,Low
7766-CLTIC,Female,No,No,No,10,Yes,No,DSL,No,No,No,Yes,No,Yes,Month-to-month,Yes,Mailed check,60.95,629.55,0,0,No,0,New (0-12m),0,0.42704675509950957,High
5650-YLIBA,Male,No,No,No,31,Yes,Yes,Fiber optic,No,Yes,No,No,No,No,Month-to-month,Yes,Electronic check,81.15,2640.55,0,0,No,0,Mid (13-36m),0,0.47461040213411293,High
0825-CPPQH,Female,No,Yes,No,71,Yes,No,No,No internet service,No internet service,No internet service,No internet service,No internet service,No internet service,Two year,No,Credit card (automatic),19.1,1372.45,0,0,No,0,Loyal (60m+),0,0.0017679764207857438,Low
9084-OAYKL,Male,No,No,No,58,Yes,No,No,No internet service,No internet service,No internet service,No internet service,No internet service,No internet service,Two year,No,Mailed check,20.8,1212.25,0,0,No,0,Established (37-60m),0,0.0031373599836750075,Low
6122-LJADA,Male,No,Yes,Yes,70,Yes,Yes,DSL,Yes,Yes,Yes,Yes,Yes,Yes,Two year,Yes,Credit card (automatic),90.15,6237.05,0,0,No,0,Loyal (60m+),0,0.00034915180494888556,Low
2400-XIWIO,Female,No,Yes,No,71,Yes,Yes,DSL,Yes,Yes,Yes,Yes,Yes,Yes,Two year,No,Electronic check,90.1,6310.9,0,0,No,0,Loyal (60m+),0,0.0006301938586673021,Low
7524-VRLPL,Male,Yes,No,No,69,Yes,Yes,DSL,Yes,No,Yes,Yes,No,Yes,Two year,No,Credit card (automatic),74.1,5031.0,0,0,No,0,Loyal (60m+),0,0.0010261155555303055,Low
7569-NMZYQ,Female,No,Yes,Yes,72,Yes,Yes,Fiber optic,Yes,Yes,Yes,Yes,Yes,Yes,Two year,Yes,Bank transfer (automatic),118.75,8672.45,0,0,No,0,Loyal (60m+),0,0.0005473904833633563,Low
5201-USSQZ,Female,No,Yes,No,26,Yes,No,Fiber optic,No,No,No,Yes,No,Yes,Month-to-month,No,Credit card (automatic),85.9,2196.45,0,0,No,0,Mid (13-36m),0,0.41164403111427333,High
2105-PHWON,Female,No,Yes,No,33,Yes,Yes,Fiber optic,No,No,Yes,Yes,No,Yes,Month-to-month,Yes,Credit card (automatic),95.0,3008.15,0,0,No,0,Mid (13-36m),0,0.2524287891892464,Low
1494-EJZDW,Female,No,Yes,Yes,10,Yes,No,No,No internet service,No internet service,No internet service,No internet service,No internet service,No internet service,Two year,No,Mailed check,20.15,220.8,2,0,No,0,New (0-12m),2,0.03932605025673168,Low
4884-TVUQF,Female,Yes,No,No,57,Yes,Yes,Fiber optic,Yes,No,Yes,Yes,No,Yes,Two year,No,Credit card (automatic),101.3,5779.6,0,0,No,0,Established (37-60m),0,0.00527920474966798,Low
8003-EWNDZ,Female,No,No,No,10,Yes,No,No,No internet service,No internet service,No internet service,No internet service,No internet service,No internet service,Month-to-month,Yes,Electronic check,21.2,222.65,0,0,No,0,New (0-12m),0,0.43308447501539704,High
1897-RCFUM,Female,No,Yes,Yes,39,Yes,Yes,No,No internet service,No internet service,No internet service,No internet service,No internet service,No internet service,One year,Yes,Mailed check,24.2,914.6,0,0,No,0,Established (37-60m),0,0.02555124307112909,Low
9256-JTBNZ,Female,No,No,No,11,Yes,No,No,No internet service,No internet service,No internet service,No internet service,No internet service,No internet service,Month-to-month,No,Bank transfer (automatic),20.3,246.3,0,0,No,0,New (0-12m),0,0.33864648959458354,Low
2211-RMNHO,Female,No,Yes,Yes,68,Yes,Yes,DSL,No,Yes,Yes,Yes,Yes,Yes,Two year,No,Bank transfer (automatic),85.3,5560.0,0,2,No,0,Loyal (60m+),2,0.008313992998168361,Low
2432-TFSMK,Male,No,No,No,18,Yes,Yes,Fiber optic,No,No,Yes,No,Yes,No,One year,Yes,Credit card (automatic),89.6,1633.0,0,0,No,0,Mid (13-36m),0,0.33748362613399746,Low
4929-ROART,Male,No,No,No,18,Yes,Yes,DSL,Yes,No,No,No,No,No,Month-to-month,No,Mailed check,56.25,969.85,0,0,No,0,Mid (13-36m),0,0.34815937609447006,Low
1834-ABKHQ,Female,No,Yes,Yes,52,Yes,No,DSL,No,No,Yes,No,No,No,One year,Yes,Bank transfer (automatic),50.95,2610.65,0,0,No,0,Established (37-60m),0,0.022712264009046995,Low
1741-WTPON,Male,No,Yes,Yes,56,Yes,Yes,Fiber optic,Yes,Yes,Yes,Yes,Yes,Yes,Two year,No,Mailed check,115.85,6567.9,0,0,No,0,Established (37-60m),0,0.0020024152949126217,Low
3932-IJWDZ,Male,No,No,No,45,Yes,Yes,Fiber optic,No,No,Yes,Yes,Yes,Yes,Month-to-month,Yes,Bank transfer (automatic),103.65,4747.85,0,0,No,0,Established (37-60m),0,0.08860224657272175,Low
1240-HCBOH,Female,No,No,No,67,Yes,Yes,No,No internet service,No internet service,No internet service,No internet service,No internet service,No internet service,Two year,Yes,Mailed check,26.1,1759.55,4,0,No,0,Loyal (60m+),4,0.0017334347500142084,Low
3594-KADLU,Male,No,Yes,No,3,No,No phone service,DSL,Yes,No,No,Yes,No,No,Month-to-month,No,Mailed check,35.1,101.1,0,0,No,0,New (0-12m),0,0.6015845214489567,High
8065-BVEPF,Male,Yes,No,No,65,Yes,No,Fiber optic,No,Yes,Yes,No,Yes,Yes,Month-to-month,Yes,Bank transfer (automatic),99.1,6496.15,5,0,No,0,Loyal (60m+),5,0.03214310021763592,Low
3796-ENZGF,Male,No,Yes,No,63,Yes,Yes,DSL,No,Yes,No,Yes,No,Yes,Two year,No,Mailed check,67.25,4234.15,0,0,No,0,Loyal (60m+),0,0.001412526991134632,Low
1734-ZMNTZ,Female,No,Yes,Yes,11,Yes,Yes,No,No internet service,No internet service,No internet service,No internet service,No internet service,No internet service,Two year,No,Mailed check,25.0,300.7,0,0,No,0,New (0-12m),0,0.03438286569198178,Low
2853-CWQFQ,Male,No,No,Yes,1,Yes,No,DSL,No,No,No,Yes,No,Yes,Month-to-month,Yes,Mailed check,59.55,59.55,0,0,No,0,New (0-12m),0,0.5263285403093456,High
0813-TAXXS,Male,No,No,No,55,Yes,Yes,DSL,No,No,Yes,No,Yes,Yes,Two year,Yes,Bank transfer (automatic),77.8,4323.35,4,0,No,0,Established (37-60m),4,0.0025624502666558523,Low
2519-TWKFS,Male,No,Yes,Yes,25,Yes,Yes,DSL,No,No,No,Yes,No,No,One year,Yes,Mailed check,55.1,1466.1,0,0,No,0,Mid (13-36m),0,0.07346926174015993,Low
0626-QXNGV,Female,No,Yes,No,72,Yes,Yes,No,No internet service,No internet service,No internet service,No internet service,No internet service,No internet service,Two year,Yes,Credit card (automatic),24.15,1776.45,0,5,No,0,Loyal (60m+),5,0.5025642827771524,High
6723-CEGQI,Female,No,No,Yes,65,No,No phone service,DSL,No,Yes,No,Yes,Yes,No,Two year,No,Mailed check,45.25,2933.95,0,0,No,0,Loyal (60m+),0,0.002625703015938695,Low
4732-RRJZC,Male,No,Yes,Yes,7,Yes,No,No,No internet service,No internet service,No internet service,No internet service,No internet service,No internet service,Month-to-month,No,Mailed check,20.25,144.35,0,0,No,0,New (0-12m),0,0.29755278431592014,Low
9499-XPZXM,Female,No,Yes,No,72,Yes,Yes,DSL,Yes,Yes,No,Yes,No,No,Two year,No,Bank transfer (automatic),64.75,4804.75,0,0,No,0,Loyal (60m+),0,0.0009635823443230787,Low
4338-EYCER,Male,No,Yes,No,21,Yes,No,DSL,No,No,No,No,Yes,No,Month-to-month,No,Bank transfer (automatic),54.6,1125.2,2,0,No,0,Mid (13-36m),2,0.3219593392480925,Low
3007-FDPEA,Female,No,No,No,2,Yes,No,No,No internet service,No internet service,No internet service,No internet service,No internet service,No internet service,Month-to-month,Yes,Bank transfer (automatic),20.7,39.85,0,0,No,0,New (0-12m),0,0.45831534563836496,High
6350-XFYGW,Male,Yes,No,No,4,Yes,No,Fiber optic,No,No,Yes,No,Yes,Yes,Month-to-month,Yes,Electronic check,94.75,422.4,5,0,No,0,New (0-12m),5,0.8782903699577655,Critical
8513-OLYGY,Male,No,Yes,No,72,Yes,Yes,Fiber optic,Yes,Yes,Yes,Yes,Yes,Yes,Two year,No,Credit card (automatic),115.8,8332.15,0,0,No,0,Loyal (60m+),0,0.0006324888614900213,Low
0311-QYWSS,Female,No,No,No,6,Yes,No,DSL,Yes,No,No,No,No,No,Month-to-month,Yes,Electronic check,49.45,314.6,0,0,No,0,New (0-12m),0,0.6963439450905357,High
8705-DWKTI,Male,No,No,No,52,Yes,No,Fiber optic,No,No,Yes,No,No,Yes,Month-to-month,Yes,Credit card (automatic),83.8,4331.4,0,1,No,0,Established (37-60m),1,0.3068292218717845,Low
8755-IWJHN,Male,Yes,Yes,No,69,Yes,Yes,Fiber optic,No,Yes,Yes,No,No,Yes,Month-to-month,Yes,Bank transfer (automatic),95.35,6382.0,0,0,No,0,Loyal (60m+),0,0.02735456380246277,Low
4480-QQRHC,Female,Yes,No,No,8,Yes,No,Fiber optic,No,No,Yes,No,No,No,Month-to-month,Yes,Bank transfer (automatic),74.05,600.15,0,0,No,0,New (0-12m),0,0.8503099354672025,Critical
0929-PECLO,Female,Yes,No,No,63,Yes,Yes,Fiber optic,No,No,Yes,No,No,Yes,Month-to-month,Yes,Bank transfer (automatic),89.6,5538.8,0,2,No,0,Loyal (60m+),2,0.4662011092973472,High
3680-CTHUH,Male,No,No,No,60,Yes,Yes,Fiber optic,Yes,Yes,Yes,Yes,Yes,Yes,One year,Yes,Credit card (automatic),116.6,7049.5,0,0,No,0,Established (37-60m),0,0.006312283818373773,Low
1202-KKGFU,Female,No,Yes,No,12,Yes,No,DSL,Yes,No,No,Yes,No,No,Month-to-month,No,Bank transfer (automatic),54.2,690.5,0,0,No,0,New (0-12m),0,0.4343734688124572,High
6112-KTHFQ,Female,No,No,No,13,Yes,No,No,No internet service,No internet service,No internet service,No internet service,No internet service,No internet service,Month-to-month,Yes,Mailed check,19.3,279.3,0,0,No,0,Mid (13-36m),0,0.29310709655901046,Low
1852-XEMDW,Male,No,No,No,22,Yes,Yes,DSL,Yes,Yes,Yes,No,No,No,Month-to-month,No,Mailed check,65.05,1427.55,0,0,No,0,Mid (13-36m),0,0.2517547442772988,Low
1820-DJFPH,Female,No,Yes,Yes,72,Yes,Yes,No,No internet service,No internet service,No internet service,No internet service,No internet service,No internet service,Two year,Yes,Bank transfer (automatic),24.05,1709.15,0,0,No,0,Loyal (60m+),0,0.0012927090884158033,Low
9426-SXNHE,Female,No,No,No,2,Yes,No,No,No internet service,No internet service,No internet service,No internet service,No internet service,No internet service,Month-to-month,No,Bank transfer (automatic),18.75,53.15,0,0,No,0,New (0-12m),0,0.4636735415867208,High
9068-FHQHD,Female,No,Yes,Yes,40,Yes,No,No,No internet service,No internet service,No internet service,No internet service,No internet service,No internet service,Two year,No,Bank transfer (automatic),20.15,777.35,0,0,No,0,Established (37-60m),0,0.008760268161574868,Low
1269-FOYWN,Male,No,Yes,Yes,44,Yes,No,No,No internet service,No internet service,No internet service,No internet service,No internet service,No internet service,One year,No,Bank transfer (automatic),20.0,860.85,0,0,No,0,Established (37-60m),0,0.022069706968337606,Low
9470-YFUYI,Male,Yes,Yes,No,71,Yes,No,DSL,Yes,Yes,No,Yes,Yes,No,One year,Yes,Bank transfer (automatic),71.0,5012.1,5,0,No,0,Loyal (60m+),5,0.0034223605402435805,Low
7402-EYFXX,Male,Yes,No,No,26,Yes,Yes,Fiber optic,No,No,No,No,Yes,Yes,Month-to-month,Yes,Electronic check,93.6,2404.1,3,0,No,0,Mid (13-36m),3,0.5666369271248316,High
9895-VFOXH,Female,No,No,No,1,No,No phone service,DSL,No,No,No,No,No,No,Month-to-month,No,Mailed check,24.4,24.4,0,0,No,0,New (0-12m),0,0.7371168787430106,Critical
1230-QAJDW,Male,No,No,No,3,Yes,Yes,DSL,No,No,No,Yes,Yes,No,Month-to-month,Yes,Mailed check,65.25,209.9,0,0,No,0,New (0-12m),0,0.5084218307030175,High
5701-ZIKJE,Male,No,No,No,13,Yes,No,DSL,No,No,No,Yes,No,No,Month-to-month,Yes,Mailed check,50.55,610.75,0,0,No,0,Mid (13-36m),0,0.4034918793323387,High
5032-MIYKT,Female,No,No,No,1,Yes,No,Fiber optic,No,No,No,No,No,No,Month-to-month,Yes,Mailed check,70.7,70.7,0,0,No,0,New (0-12m),0,0.8773624586615186,Critical
7396-VJUZB,Male,No,Yes,Yes,4,Yes,No,DSL,No,No,No,No,No,No,Month-to-month,No,Mailed check,45.25,155.35,0,0,No,0,New (0-12m),0,0.5648835583311295,High
9717-QEBGU,Male,No,No,No,2,Yes,No,Fiber optic,No,No,No,No,No,No,Month-to-month,Yes,Electronic check,70.3,144.0,0,0,No,0,New (0-12m),0,0.9069177493947107,Critical
5172-RKOCB,Male,No,Yes,No,72,Yes,Yes,Fiber optic,Yes,Yes,No,Yes,Yes,Yes,Two year,Yes,Credit card (automatic),108.95,7875.0,5,5,No,0,Loyal (60m+),10,0.37045634782039477,Low
6509-TSGWN,Female,No,Yes,Yes,37,Yes,Yes,No,No internet service,No internet service,No internet service,No internet service,No internet service,No internet service,Month-to-month,No,Mailed check,26.45,911.6,0,0,No,0,Established (37-60m),0,0.07147425955393527,Low
3178-CIFOT,Female,No,No,No,23,Yes,No,No,No internet service,No internet service,No internet service,No internet service,No internet service,No internet service,One year,Yes,Credit card (automatic),19.65,478.1,0,1,No,0,Mid (13-36m),1,0.2545537792993607,Low
4530-NDRKU,Female,No,Yes,Yes,42,Yes,No,No,No internet service,No internet service,No internet service,No internet service,No internet service,No internet service,One year,Yes,Electronic check,19.05,761.85,0,0,No,0,Established (37-60m),0,0.03922691620315557,Low
5985-TBABQ,Female,No,No,No,32,Yes,Yes,DSL,Yes,No,No,No,Yes,Yes,One year,No,Mailed check,74.75,2282.95,0,0,No,0,Mid (13-36m),0,0.052148481962572484,Low
9800-ONTFE,Female,No,Yes,Yes,22,Yes,Yes,Fiber optic,No,No,No,No,No,No,Month-to-month,Yes,Bank transfer (automatic),75.8,1615.1,0,0,No,0,Mid (13-36m),0,0.568375974553672,High
6743-HHQPF,Male,No,Yes,No,42,No,No phone service,DSL,No,No,No,No,No,No,Month-to-month,Yes,Credit card (automatic),25.1,1097.15,0,0,No,0,Established (37-60m),0,0.19271433969659418,Low
8455-HIRAQ,Female,No,No,No,8,Yes,No,DSL,No,No,No,No,No,No,Month-to-month,No,Mailed check,44.45,369.3,0,0,No,0,New (0-12m),0,0.5767895221301813,High
6616-AALSR,Female,No,Yes,Yes,65,Yes,Yes,Fiber optic,Yes,No,Yes,No,Yes,Yes,Two year,Yes,Credit card (automatic),104.3,6725.3,0,0,No,0,Loyal (60m+),0,0.0020258967123538904,Low
9415-ZNBSX,Female,No,Yes,Yes,70,Yes,Yes,DSL,Yes,Yes,Yes,Yes,Yes,Yes,Two year,Yes,Bank transfer (automatic),89.0,6293.2,0,0,No,0,Loyal (60m+),0,0.0004071565343412652,Low
4018-KJYUY,Male,No,No,Yes,22,Yes,No,No,No internet service,No internet service,No internet service,No internet service,No internet service,No internet service,Month-to-month,No,Credit card (automatic),20.15,432.5,0,0,No,0,Mid (13-36m),0,0.17167459074159808,Low
3884-UEBXB,Female,No,Yes,Yes,67,No,No phone service,DSL,Yes,Yes,No,No,No,No,Two year,No,Bank transfer (automatic),36.15,2434.45,0,0,No,0,Loyal (60m+),0,0.004094323889500996,Low
8780-RSYYU,Female,No,No,No,25,Yes,No,No,No internet service,No internet service,No internet service,No internet service,No internet service,No internet service,Month-to-month,Yes,Credit card (automatic),19.2,532.1,0,0,No,0,Mid (13-36m),0,0.18320750522895612,Low
5537-UXXVS,Female,No,Yes,No,20,Yes,No,No,No internet service,No internet service,No internet service,No internet service,No internet service,No internet service,Month-to-month,No,Bank transfer (automatic),19.25,375.25,0,0,No,0,Mid (13-36m),0,0.2322956217536579,Low
1791-PQHBB,Female,No,No,Yes,2,Yes,No,DSL,Yes,No,No,No,No,Yes,Month-to-month,Yes,Credit card (automatic),61.2,125.95,0,0,No,0,New (0-12m),0,0.5896632518268551,High
8701-DGLVH,Male,No,No,No,51,Yes,No,No,No internet service,No internet service,No internet service,No internet service,No internet service,No internet service,Two year,No,Mailed check,20.45,1042.65,0,0,No,0,Established (37-60m),0,0.004684079122686493,Low
8741-LQOBK,Female,No,Yes,Yes,46,No,No phone service,DSL,Yes,Yes,No,No,No,No,Month-to-month,No,Bank transfer (automatic),35.05,1620.25,0,0,No,0,Established (37-60m),0,0.12726049912105233,Low
8082-GHXOP,Male,No,No,Yes,13,Yes,No,DSL,No,No,No,No,No,No,Month-to-month,No,Mailed check,44.0,659.35,0,0,No,0,Mid (13-36m),0,0.43306715503569304,High
0980-FEXWF,Male,No,Yes,Yes,26,Yes,No,DSL,No,No,Yes,No,No,No,One year,No,Mailed check,50.35,1285.8,0,0,No,0,Mid (13-36m),0,0.0944892784858309,Low
3011-WQKSZ,Male,No,No,Yes,19,Yes,No,No,No internet service,No internet service,No internet service,No internet service,No internet service,No internet service,Month-to-month,Yes,Electronic check,20.0,377.55,0,0,No,0,Mid (13-36m),0,0.2709807565287223,Low
8218-FFJDS,Female,No,Yes,No,72,Yes,Yes,DSL,Yes,Yes,No,Yes,Yes,Yes,Two year,Yes,Bank transfer (automatic),86.4,6058.95,0,0,No,0,Loyal (60m+),0,0.0004798288784719173,Low
1986-PHGZF,Male,Yes,No,No,18,Yes,Yes,DSL,Yes,Yes,No,No,No,No,Month-to-month,Yes,Credit card (automatic),58.4,964.9,1,0,No,0,Mid (13-36m),1,0.40443318714771803,High
9360-OMDZZ,Male,No,No,No,24,Yes,Yes,Fiber optic,No,No,No,No,Yes,Yes,Month-to-month,Yes,Electronic check,94.1,2322.85,0,0,No,0,Mid (13-36m),0,0.5429877145472912,High
0345-XMMUG,Female,No,Yes,No,46,Yes,Yes,Fiber optic,No,Yes,Yes,Yes,Yes,Yes,Two year,Yes,Credit card (automatic),108.9,4854.3,3,0,No,0,Established (37-60m),3,0.008403504822339656,Low
8024-XNAFQ,Female,Yes,No,No,72,Yes,Yes,Fiber optic,Yes,Yes,Yes,Yes,No,Yes,Two year,Yes,Bank transfer (automatic),107.4,7748.75,0,4,No,0,Loyal (60m+),4,0.2043764392468611,Low
2988-GBIVW,Female,Yes,Yes,No,70,Yes,Yes,Fiber optic,Yes,No,No,No,No,Yes,Month-to-month,Yes,Electronic check,90.85,6470.1,0,5,No,0,Loyal (60m+),5,0.9693957018017079,Critical
2832-SCUCO,Female,No,No,No,2,Yes,No,No,No internet service,No internet service,No internet service,No internet service,No internet service,No internet service,Month-to-month,No,Electronic check,19.9,57.4,0,0,No,0,New (0-12m),0,0.548139622164246,High
7036-ZZKBD,Male,No,Yes,No,31,Yes,No,DSL,No,No,Yes,Yes,No,Yes,Month-to-month,Yes,Credit card (automatic),66.4,2019.8,0,0,No,0,Mid (13-36m),0,0.1249364540522733,Low
0265-PSUAE,Female,No,Yes,Yes,16,Yes,No,Fiber optic,Yes,No,Yes,No,Yes,Yes,Month-to-month,No,Bank transfer (automatic),100.7,1522.7,0,0,No,0,Mid (13-36m),0,0.5665793383701334,High
0463-TXOAK,Male,No,No,Yes,52,Yes,Yes,No,No internet service,No internet service,No internet service,No internet service,No internet service,No internet service,Two year,No,Credit card (automatic),25.6,1334.5,0,0,No,0,Established (37-60m),0,0.0034394741648090445,Low
0594-UFTUL,Male,No,Yes,Yes,13,Yes,No,No,No internet service,No internet service,No internet service,No internet service,No internet service,No internet service,Month-to-month,Yes,Mailed check,19.85,252.0,5,0,No,0,Mid (13-36m),5,0.23465538162290864,Low
9509-MPYOD,Female,No,No,No,35,Yes,No,No,No internet service,No internet service,No internet service,No internet service,No internet service,No internet service,One year,No,Mailed check,20.75,700.45,0,0,No,0,Mid (13-36m),0,0.04225031511220032,Low
9128-CPXKI,Female,No,No,No,59,Yes,No,Fiber optic,No,No,Yes,No,Yes,Yes,Two year,No,Electronic check,95.8,5655.45,0,0,No,0,Established (37-60m),0,0.008023295042747774,Low
0129-KPTWJ,Male,No,Yes,No,72,Yes,No,Fiber optic,No,No,Yes,No,Yes,Yes,Month-to-month,Yes,Electronic check,94.65,6747.35,3,0,No,0,Loyal (60m+),3,0.024458180652786946,Low
5855-EIBDE,Female,No,Yes,No,49,Yes,Yes,Fiber optic,Yes,Yes,Yes,Yes,No,Yes,Two year,No,Credit card (automatic),106.65,5174.35,0,0,No,0,Established (37-60m),0,0.006745744449077929,Low
5365-LLFYV,Female,No,No,No,2,Yes,No,DSL,No,No,No,No,No,No,Month-to-month,Yes,Mailed check,45.85,105.6,1,0,No,0,New (0-12m),1,0.6616295675578477,High
5956-YHHRX,Male,Yes,No,No,21,Yes,Yes,Fiber optic,No,Yes,Yes,No,Yes,Yes,Month-to-month,Yes,Electronic check,104.35,2271.85,0,0,No,0,Mid (13-36m),0,0.6018042363778716,High
6008-NAIXK,Male,Yes,No,No,54,No,No phone service,DSL,No,Yes,Yes,No,Yes,Yes,One year,Yes,Electronic check,55.45,2966.95,0,0,No,0,Established (37-60m),0,0.033797542750374,Low
1928-BXYIV,Male,No,No,No,1,Yes,Yes,DSL,Yes,Yes,No,No,No,No,Month-to-month,No,Electronic check,61.15,61.15,0,0,No,0,New (0-12m),0,0.7124059047358678,Critical
5760-FXFVO,Male,No,No,No,6,Yes,No,Fiber optic,Yes,Yes,No,No,No,No,Month-to-month,Yes,Electronic check,78.95,494.95,0,0,No,0,New (0-12m),0,0.8642825128089924,Critical
0961-ZWLVI,Male,No,No,Yes,49,Yes,Yes,Fiber optic,Yes,Yes,Yes,No,Yes,Yes,One year,Yes,Credit card (automatic),109.2,5290.45,0,0,No,0,Established (37-60m),0,0.02193963489467171,Low
5181-OABFK,Female,No,Yes,Yes,56,Yes,No,DSL,Yes,Yes,Yes,No,No,No,Two year,Yes,Credit card (automatic),61.3,3346.8,0,0,No,0,Established (37-60m),0,0.00350227981181324,Low
4007-NHVHI,Female,Yes,No,No,56,Yes,Yes,Fiber optic,Yes,Yes,No,No,No,Yes,Month-to-month,Yes,Electronic check,96.85,5219.65,0,0,No,0,Established (37-60m),0,0.11228960025098883,Low
7816-VGHTO,Female,No,Yes,Yes,6,No,No phone service,DSL,No,Yes,Yes,Yes,No,No,Two year,No,Mailed check,40.55,217.5,0,0,No,0,New (0-12m),0,0.10317199314239715,Low
5871-DGTXZ,Male,No,No,No,32,Yes,No,No,No internet service,No internet service,No internet service,No internet service,No internet service,No internet service,One year,No,Mailed check,19.8,607.7,0,0,No,0,Mid (13-36m),0,0.04626291426254332,Low
7550-WIQVA,Male,No,Yes,Yes,50,Yes,Yes,Fiber optic,Yes,Yes,Yes,No,Yes,Yes,One year,Yes,Electronic check,108.25,5431.4,1,2,No,0,Established (37-60m),3,0.2927339512407635,Low
7544-ZVIKX,Male,No,Yes,Yes,58,Yes,Yes,Fiber optic,No,No,Yes,Yes,Yes,Yes,One year,Yes,Bank transfer (automatic),105.05,6004.85,0,0,No,0,Established (37-60m),0,0.009826414490041525,Low
0016-QLJIS,Female,No,Yes,Yes,65,Yes,Yes,DSL,Yes,Yes,Yes,Yes,Yes,Yes,Two year,Yes,Mailed check,90.45,5957.9,4,0,No,0,Loyal (60m+),4,0.0005068323756529492,Low
7508-DQAKK,Female,No,No,No,64,Yes,Yes,DSL,Yes,Yes,Yes,Yes,Yes,Yes,Two year,Yes,Credit card (automatic),86.4,5442.05,0,0,No,0,Loyal (60m+),0,0.0008639873586364972,Low
5176-OLSKT,Female,No,Yes,No,66,Yes,Yes,DSL,Yes,Yes,Yes,No,No,No,Two year,No,Bank transfer (automatic),66.9,4370.25,0,0,No,0,Loyal (60m+),0,0.0017688347797351518,Low
9356-AXGMP,Male,No,Yes,No,38,Yes,Yes,Fiber optic,Yes,No,Yes,Yes,Yes,Yes,One year,Yes,Electronic check,110.7,4428.6,0,0,No,0,Established (37-60m),0,0.06366182096425928,Low
3556-BVQGL,Female,No,Yes,No,20,Yes,No,No,No internet service,No internet service,No internet service,No internet service,No internet service,No internet service,One year,Yes,Mailed check,20.0,416.45,0,0,No,0,Mid (13-36m),0,0.08765467138333027,Low
8979-CAMGB,Male,Yes,No,No,64,Yes,Yes,Fiber optic,No,No,Yes,Yes,Yes,Yes,One year,No,Electronic check,102.1,6688.1,0,0,No,0,Loyal (60m+),0,0.013220514201819638,Low
7581-EBBOU,Female,No,No,No,60,Yes,No,DSL,No,Yes,Yes,Yes,Yes,No,One year,Yes,Credit card (automatic),70.15,4224.7,0,0,No,0,Established (37-60m),0,0.006755989872829242,Low
5073-RZGBK,Female,No,Yes,Yes,50,Yes,Yes,DSL,Yes,Yes,Yes,Yes,No,Yes,One year,Yes,Bank transfer (automatic),80.05,4042.2,0,0,No,0,Established (37-60m),0,0.008834841734557015,Low
2192-CKRLV,Female,No,Yes,No,72,No,No phone service,DSL,Yes,Yes,Yes,No,No,Yes,Two year,Yes,Electronic check,49.2,3580.95,0,0,No,0,Loyal (60m+),0,0.003078018521532931,Low
3154-HMWUU,Male,No,Yes,No,60,Yes,No,No,No internet service,No internet service,No internet service,No internet service,No internet service,No internet service,Two year,Yes,Bank transfer (automatic),20.5,1198.8,0,0,No,0,Established (37-60m),0,0.0030403518433988488,Low
6119-SPUDB,Male,No,No,No,46,No,No phone service,DSL,Yes,No,Yes,Yes,No,No,Two year,No,Mailed check,38.25,1755.35,0,0,No,0,Established (37-60m),0,0.011248135289786156,Low
6522-OIQSX,Female,No,Yes,Yes,69,No,No phone service,DSL,No,Yes,Yes,No,Yes,Yes,Two year,Yes,Credit card (automatic),54.95,3772.5,0,0,No,0,Loyal (60m+),0,0.0017590561730183472,Low
7813-ZGGAW,Male,Yes,No,No,31,Yes,Yes,Fiber optic,No,No,Yes,Yes,Yes,No,Month-to-month,Yes,Bank transfer (automatic),96.6,2877.95,0,0,No,0,Mid (13-36m),0,0.3256603465241353,Low
8748-HFWBO,Male,No,Yes,Yes,19,Yes,No,No,No internet service,No internet service,No internet service,No internet service,No internet service,No internet service,One year,No,Mailed check,19.9,357.7,0,0,No,0,Mid (13-36m),0,0.07454798672132405,Low
1052-QJIBV,Female,No,Yes,Yes,71,Yes,No,No,No internet service,No internet service,No internet service,No internet service,No internet service,No internet service,Two year,No,Credit card (automatic),19.9,1397.3,0,0,No,0,Loyal (60m+),0,0.0014924194479055961,Low
1319-YLZJG,Male,No,Yes,No,12,Yes,No,Fiber optic,Yes,Yes,Yes,No,No,No,Month-to-month,Yes,Electronic check,84.6,959.9,0,0,No,0,New (0-12m),0,0.7812664696891899,Critical
0723-FDLAY,Male,No,No,No,44,Yes,Yes,DSL,No,Yes,Yes,Yes,Yes,Yes,One year,Yes,Bank transfer (automatic),85.25,3704.15,0,0,No,0,Established (37-60m),0,0.013771105324575534,Low
3050-RLLXC,Female,No,Yes,Yes,56,Yes,Yes,DSL,Yes,Yes,Yes,Yes,Yes,No,Two year,No,Credit card (automatic),81.25,4620.4,0,0,No,0,Established (37-60m),0,0.0014515164494864677,Low
9298-WGMRW,Female,No,Yes,No,72,Yes,Yes,Fiber optic,Yes,Yes,Yes,Yes,Yes,Yes,Two year,Yes,Bank transfer (automatic),115.5,8312.75,3,0,No,0,Loyal (60m+),3,0.0007474743943815649,Low
3088-LHEFH,Female,No,No,No,11,Yes,Yes,Fiber optic,Yes,No,No,No,No,No,Month-to-month,Yes,Bank transfer (automatic),79.0,929.3,0,0,No,0,New (0-12m),0,0.7691481131224425,Critical
6583-KQJLK,Female,Yes,Yes,No,15,Yes,No,Fiber optic,No,Yes,No,No,Yes,Yes,Month-to-month,Yes,Electronic check,94.65,1285.05,0,0,No,0,Mid (13-36m),0,0.7675812766750728,Critical
8544-JNBOX,Male,No,No,No,72,Yes,No,No,No internet service,No internet service,No internet service,No internet service,No internet service,No internet service,Two year,Yes,Mailed check,20.8,1521.2,0,0,No,0,Loyal (60m+),0,0.0014327567261542779,Low
6681-ZSEXG,Male,No,Yes,No,56,Yes,Yes,DSL,No,Yes,Yes,No,No,No,Two year,No,Credit card (automatic),59.5,3389.25,0,0,No,0,Established (37-60m),0,0.003741473312338664,Low
6139-ZZRBQ,Male,Yes,No,No,64,Yes,No,No,No internet service,No internet service,No internet service,No internet service,No internet service,No internet service,Two year,Yes,Bank transfer (automatic),20.05,1198.05,0,0,No,0,Loyal (60m+),0,0.0032991648039783087,Low
6116-RFVHN,Female,No,Yes,No,34,Yes,Yes,Fiber optic,No,No,Yes,No,Yes,Yes,Month-to-month,Yes,Electronic check,100.45,3414.65,0,0,No,0,Mid (13-36m),0,0.32717506153172193,Low
8884-FEEWR,Male,No,No,No,35,Yes,No,No,No internet service,No internet service,No internet service,No internet service,No internet service,No internet service,One year,No,Bank transfer (automatic),20.6,754.0,0,0,No,0,Mid (13-36m),0,0.04247415588236454,Low
3125-RAHBV,Male,No,No,No,22,Yes,No,No,No internet service,No internet service,No internet service,No internet service,No internet service,No internet service,One year,No,Credit card (automatic),20.3,467.15,0,0,No,0,Mid (13-36m),0,0.07986174908991767,Low
0373-AIVNJ,Male,No,No,No,9,No,No phone service,DSL,Yes,Yes,Yes,No,No,No,One year,No,Mailed check,39.55,373.0,4,0,No,0,New (0-12m),4,0.31472206172985445,Low
1682-VCOIO,Male,No,No,No,23,Yes,No,No,No internet service,No internet service,No internet service,No internet service,No internet service,No internet service,One year,No,Mailed check,20.45,481.1,0,0,No,0,Mid (13-36m),0,0.07220720157127372,Low
2072-ZVJJX,Male,No,Yes,No,68,Yes,Yes,No,No internet service,No internet service,No internet service,No internet service,No internet service,No internet service,Two year,No,Bank transfer (automatic),25.25,1728.2,1,0,No,0,Loyal (60m+),1,0.0016259054528745326,Low
8849-AYPTR,Male,No,Yes,No,33,Yes,No,Fiber optic,No,No,No,No,Yes,Yes,Month-to-month,No,Electronic check,91.25,2964.05,1,0,No,0,Mid (13-36m),1,0.3781917532422496,Low
9518-IMLHK,Male,No,No,No,31,Yes,No,DSL,Yes,Yes,Yes,Yes,Yes,No,Month-to-month,Yes,Bank transfer (automatic),72.45,2156.25,0,0,No,0,Mid (13-36m),0,0.12438622605775314,Low
3646-ITDGM,Female,No,No,No,56,Yes,No,No,No internet service,No internet service,No internet service,No internet service,No internet service,No internet service,Two year,No,Bank transfer (automatic),19.7,1051.9,0,0,No,0,Established (37-60m),0,0.004559424219622338,Low
3569-VLDHH,Male,No,Yes,Yes,66,Yes,No,DSL,Yes,Yes,Yes,Yes,Yes,No,One year,Yes,Electronic check,75.1,5013.0,0,0,No,0,Loyal (60m+),0,0.004097185092899919,Low
8224-KDLKN,Male,No,Yes,Yes,72,Yes,Yes,No,No internet service,No internet service,No internet service,No internet service,No internet service,No internet service,Two year,No,Bank transfer (automatic),25.0,1738.9,0,0,No,0,Loyal (60m+),0,0.001150088349297558,Low
7594-LZNWR,Male,Yes,No,No,34,Yes,No,Fiber optic,No,No,No,No,No,No,Month-to-month,No,Credit card (automatic),69.15,2275.1,3,0,No,0,Mid (13-36m),3,0.45674812485186245,High
4001-TSBTV,Female,No,Yes,Yes,58,Yes,No,Fiber optic,No,Yes,Yes,No,Yes,No,Month-to-month,Yes,Electronic check,91.55,5511.65,0,5,No,0,Established (37-60m),5,0.9816902567624496,Critical
8727-XDPUD,Male,No,No,No,37,No,No phone service,DSL,No,No,No,No,Yes,No,Two year,No,Credit card (automatic),35.8,1316.9,0,0,No,0,Established (37-60m),0,0.02645943539233285,Low
1043-UXOVO,Female,No,No,No,71,Yes,Yes,Fiber optic,Yes,Yes,Yes,Yes,Yes,Yes,Two year,Yes,Credit card (automatic),113.15,7993.3,0,0,No,0,Loyal (60m+),0,0.0008949850606845785,Low
1064-FBXNK,Male,No,Yes,Yes,1,Yes,No,No,No internet service,No internet service,No internet service,No internet service,No internet service,No internet service,One year,No,Credit card (automatic),19.85,19.85,3,0,No,0,New (0-12m),3,0.18632432673923663,Low
3996-ZNWYK,Male,Yes,Yes,Yes,71,Yes,No,No,No internet service,No internet service,No internet service,No internet service,No internet service,No internet service,Two year,No,Credit card (automatic),19.8,1388.45,0,0,No,0,Loyal (60m+),0,0.0016874177126401833,Low
2878-DHMIN,Male,No,Yes,Yes,35,Yes,No,No,No internet service,No internet service,No internet service,No internet service,No internet service,No internet service,One year,No,Electronic check,19.9,666.0,0,0,No,0,Mid (13-36m),0,0.050652552247824265,Low
7762-ONLJY,Female,No,Yes,Yes,6,Yes,No,No,No internet service,No internet service,No internet service,No internet service,No internet service,No internet service,One year,No,Mailed check,19.7,94.45,3,0,No,0,New (0-12m),3,0.15448752866227425,Low
5795-BKOYE,Female,No,Yes,Yes,69,Yes,No,DSL,No,Yes,Yes,Yes,No,No,One year,No,Bank transfer (automatic),59.1,4134.7,0,0,No,0,Loyal (60m+),0,0.004491905620774188,Low
7402-PWYJJ,Female,No,Yes,No,53,Yes,Yes,Fiber optic,No,No,No,Yes,No,Yes,One year,Yes,Electronic check,91.15,4862.5,0,3,No,0,Established (37-60m),3,0.6786440492512468,High
0018-NYROU,Female,No,Yes,No,5,Yes,No,Fiber optic,No,No,No,No,No,No,Month-to-month,Yes,Electronic check,68.95,351.5,0,0,No,0,New (0-12m),0,0.8925310951998702,Critical
7501-VTYLJ,Female,No,No,Yes,2,Yes,No,DSL,No,Yes,No,No,No,No,Month-to-month,No,Mailed check,51.55,106.2,0,0,No,0,New (0-12m),0,0.6091323371804616,High
7608-RGIRO,Male,No,No,Yes,62,Yes,Yes,No,No internet service,No internet service,No internet service,No internet service,No internet service,No internet service,Two year,Yes,Mailed check,24.4,1413.0,0,0,No,0,Loyal (60m+),0,0.0019828709666073704,Low
0480-BIXDE,Female,No,Yes,No,19,Yes,No,Fiber optic,No,No,Yes,No,Yes,Yes,Month-to-month,Yes,Electronic check,96.8,1743.05,3,1,No,0,Mid (13-36m),4,0.872835433271361,Critical
5895-QSXOD,Male,No,No,No,9,Yes,No,Fiber optic,No,No,No,No,No,No,Month-to-month,No,Mailed check,70.05,657.5,0,0,No,0,New (0-12m),0,0.7856090996402922,Critical
9814-AOUDH,Male,No,No,No,53,Yes,No,No,No internet service,No internet service,No internet service,No internet service,No internet service,No internet service,Two year,No,Credit card (automatic),19.5,1050.5,0,0,No,0,Established (37-60m),0,0.004527617985080805,Low
6175-IRFIT,Male,No,No,No,5,Yes,No,Fiber optic,No,No,No,No,No,Yes,Month-to-month,No,Mailed check,78.75,426.35,1,0,No,0,New (0-12m),1,0.8106416929252758,Critical
8760-ZRHKE,Female,Yes,Yes,Yes,71,Yes,Yes,DSL,Yes,Yes,No,No,Yes,No,One year,No,Electronic check,69.2,4982.5,0,0,No,0,Loyal (60m+),0,0.005824282451988043,Low
1622-HSHSF,Female,No,No,No,1,Yes,No,No,No internet service,No internet service,No internet service,No internet service,No internet service,No internet service,Month-to-month,Yes,Mailed check,19.55,19.55,0,0,No,0,New (0-12m),0,0.44718727706188965,High
6749-UTDVX,Male,No,No,No,72,Yes,Yes,Fiber optic,No,Yes,Yes,No,Yes,Yes,Two year,Yes,Electronic check,103.65,7634.8,0,0,No,0,Loyal (60m+),0,0.0018346972815656173,Low
5542-DHSXL,Female,No,Yes,No,4,Yes,No,DSL,Yes,Yes,No,No,No,No,Month-to-month,No,Mailed check,54.7,235.05,0,0,No,0,New (0-12m),0,0.5878365141256261,High
9102-OXKFY,Male,No,No,No,59,Yes,Yes,DSL,No,No,Yes,No,No,No,Two year,No,Credit card (automatic),54.15,3116.15,0,0,No,0,Established (37-60m),0,0.004017783032709118,Low
5216-WASFJ,Female,Yes,Yes,No,31,Yes,Yes,Fiber optic,No,No,No,No,No,Yes,Month-to-month,Yes,Electronic check,84.85,2633.4,0,0,No,0,Mid (13-36m),0,0.5254422971956882,High
7808-DVWEP,Male,No,Yes,No,3,Yes,No,No,No internet service,No internet service,No internet service,No internet service,No internet service,No internet service,Month-to-month,No,Bank transfer (automatic),20.0,49.65,0,0,No,0,New (0-12m),0,0.41036771572963965,High
2284-VFLKH,Male,No,Yes,No,49,Yes,No,Fiber optic,No,No,Yes,Yes,Yes,Yes,One year,Yes,Credit card (automatic),99.25,4920.8,0,0,No,0,Established (37-60m),0,0.025271511660917945,Low
0366-NQSHS,Male,No,No,No,2,Yes,No,No,No internet service,No internet service,No internet service,No internet service,No internet service,No internet service,Month-to-month,No,Mailed check,19.35,46.35,0,0,No,0,New (0-12m),0,0.4105403647072056,High
3807-BPOMJ,Female,No,Yes,No,55,Yes,No,Fiber optic,Yes,No,No,No,Yes,Yes,One year,Yes,Electronic check,94.75,5276.1,0,0,No,0,Established (37-60m),0,0.0359650679025266,Low
3892-NXAZG,Male,No,Yes,Yes,72,Yes,Yes,Fiber optic,Yes,Yes,Yes,Yes,Yes,Yes,Two year,Yes,Credit card (automatic),114.05,8289.2,2,0,No,0,Loyal (60m+),2,0.0005645719212007734,Low
4948-WBBKL,Female,Yes,No,No,36,Yes,Yes,Fiber optic,No,No,No,No,No,No,Month-to-month,Yes,Bank transfer (automatic),74.9,2659.45,0,0,No,0,Mid (13-36m),0,0.42153872007601384,High
4182-BGSIQ,Female,No,Yes,Yes,10,Yes,No,No,No internet service,No internet service,No internet service,No internet service,No internet service,No internet service,Month-to-month,Yes,Bank transfer (automatic),19.8,196.75,0,0,No,0,New (0-12m),0,0.30866120136305947,Low
0988-AADSA,Female,No,Yes,Yes,72,Yes,Yes,DSL,Yes,Yes,Yes,Yes,No,Yes,Two year,No,Bank transfer (automatic),80.85,5824.75,0,0,No,0,Loyal (60m+),0,0.0004795200564523714,Low
9972-NKTFD,Female,No,No,No,28,Yes,No,DSL,No,Yes,No,Yes,No,No,Month-to-month,No,Bank transfer (automatic),54.65,1517.5,0,0,No,0,Mid (13-36m),0,0.22014661152008758,Low
3717-LNXKW,Male,No,Yes,No,38,Yes,Yes,Fiber optic,Yes,No,No,No,Yes,No,Month-to-month,No,Bank transfer (automatic),91.7,3479.05,0,0,No,0,Established (37-60m),0,0.2190137383614382,Low
5734-EJKXG,Female,No,No,No,61,Yes,Yes,Fiber optic,Yes,Yes,Yes,Yes,Yes,Yes,One year,Yes,Electronic check,118.6,7365.7,0,0,No,0,Loyal (60m+),0,0.008787909799717985,Low
2207-RYYRL,Male,No,Yes,Yes,52,Yes,Yes,No,No internet service,No internet service,No internet service,No internet service,No internet service,No internet service,Two year,No,Mailed check,24.55,1331.05,0,0,No,0,Established (37-60m),0,0.003124545175390063,Low
6729-FZWSY,Male,No,No,No,67,Yes,No,No,No internet service,No internet service,No internet service,No internet service,No internet service,No internet service,One year,Yes,Mailed check,19.45,1195.95,0,0,No,0,Loyal (60m+),0,0.007210879978615952,Low
9695-IDRZR,Female,No,No,Yes,34,Yes,Yes,Fiber optic,Yes,Yes,Yes,Yes,Yes,Yes,Two year,Yes,Credit card (automatic),116.15,3946.9,0,0,No,0,Mid (13-36m),0,0.016678985614256035,Low
8144-DGHXP,Female,No,No,No,54,Yes,No,DSL,Yes,No,Yes,Yes,Yes,Yes,Two year,No,Electronic check,80.6,4299.95,0,0,No,0,Established (37-60m),0,0.0033474508618621247,Low
7814-LEEVE,Female,No,Yes,No,1,Yes,No,No,No internet service,No internet service,No internet service,No internet service,No internet service,No internet service,Month-to-month,Yes,Bank transfer (automatic),20.3,20.3,0,0,No,0,New (0-12m),0,0.45900263739112146,High
8631-WUXGY,Female,No,No,Yes,46,Yes,No,Fiber optic,No,Yes,Yes,No,Yes,Yes,Month-to-month,Yes,Electronic check,99.8,4391.25,0,0,No,0,Established (37-60m),0,0.15297538790474877,Low
5906-DVAPM,Female,No,Yes,Yes,55,Yes,Yes,DSL,Yes,Yes,No,Yes,Yes,No,One year,Yes,Credit card (automatic),75.0,4213.9,0,0,No,0,Established (37-60m),0,0.0065886698422544,Low
6654-QGBZZ,Female,No,No,No,1,Yes,No,No,No internet service,No internet service,No internet service,No internet service,No internet service,No internet service,Month-to-month,No,Mailed check,19.9,19.9,2,0,No,0,New (0-12m),2,0.4460095332642444,High
8348-JLBUG,Male,Yes,Yes,No,64,Yes,No,Fiber optic,Yes,No,Yes,No,No,No,One year,No,Credit card (automatic),80.3,5017.7,0,0,No,0,Loyal (60m+),0,0.022958040861892345,Low
5641-DMBFJ,Female,No,Yes,No,58,Yes,Yes,DSL,Yes,No,Yes,Yes,Yes,Yes,Two year,Yes,Electronic check,84.3,4916.4,0,0,No,0,Established (37-60m),0,0.002024720095232757,Low
9200-NLNPD,Male,No,Yes,No,56,No,No phone service,DSL,No,No,Yes,Yes,Yes,Yes,One year,Yes,Bank transfer (automatic),54.05,2959.8,5,0,No,0,Established (37-60m),5,0.01395431510253399,Low
2664-XJZNO,Male,No,Yes,Yes,72,Yes,No,Fiber optic,Yes,No,Yes,Yes,Yes,Yes,Two year,Yes,Credit card (automatic),104.9,7559.55,0,0,No,0,Loyal (60m+),0,0.0008091196412096693,Low
3339-EAQNV,Male,Yes,Yes,No,72,Yes,Yes,Fiber optic,No,Yes,No,No,Yes,Yes,One year,Yes,Credit card (automatic),97.25,7133.1,2,0,No,0,Loyal (60m+),2,0.006313091741263204,Low
0921-OHLVP,Male,No,No,No,22,Yes,Yes,Fiber optic,No,No,No,No,No,Yes,Month-to-month,No,Electronic check,83.05,1799.3,0,0,No,0,Mid (13-36m),0,0.6429415442029032,High
8350-NYMVI,Female,No,No,No,39,No,No phone service,DSL,No,Yes,Yes,Yes,No,No,Month-to-month,No,Bank transfer (automatic),41.1,1597.05,5,0,No,0,Established (37-60m),5,0.16130175181541,Low
1600-DILPE,Female,No,No,No,12,Yes,No,DSL,No,No,No,No,No,No,Month-to-month,Yes,Bank transfer (automatic),45.0,524.35,0,0,No,0,New (0-12m),0,0.5428366709185297,High
0536-ESJEP,Male,No,Yes,No,54,Yes,No,DSL,Yes,Yes,No,No,Yes,Yes,Two year,Yes,Bank transfer (automatic),74.55,4191.45,0,0,No,0,Established (37-60m),0,0.0027680050510186967,Low
4654-GGUII,Female,No,No,No,18,No,No phone service,DSL,Yes,Yes,No,Yes,No,No,One year,Yes,Mailed check,40.2,711.95,0,0,No,0,Mid (13-36m),0,0.19087860067604692,Low
6478-HRRCZ,Male,No,Yes,No,32,Yes,No,DSL,Yes,Yes,No,Yes,No,Yes,One year,No,Mailed check,70.5,2201.75,0,0,No,0,Mid (13-36m),0,0.04027162424026102,Low
8510-BBWMU,Female,No,No,No,41,Yes,No,No,No internet service,No internet service,No internet service,No internet service,No internet service,No internet service,One year,Yes,Mailed check,19.75,806.95,0,0,No,0,Established (37-60m),0,0.031193495709643835,Low
6857-TKDJV,Male,No,Yes,Yes,67,Yes,Yes,No,No internet service,No internet service,No internet service,No internet service,No internet service,No internet service,Two year,No,Bank transfer (automatic),24.65,1620.45,0,0,No,0,Loyal (60m+),0,0.0015330968420083659,Low
2360-RDGRO,Male,No,Yes,No,65,Yes,Yes,Fiber optic,Yes,No,Yes,No,Yes,Yes,Month-to-month,Yes,Electronic check,104.25,6812.95,0,1,No,0,Loyal (60m+),1,0.10211872970187387,Low
0584-BJQGZ,Female,No,No,No,25,Yes,Yes,DSL,Yes,Yes,Yes,Yes,Yes,No,Month-to-month,Yes,Bank transfer (automatic),78.35,1837.9,0,0,No,0,Mid (13-36m),0,0.17685330122584728,Low
1360-XFJMR,Female,No,Yes,No,67,Yes,Yes,Fiber optic,No,Yes,Yes,Yes,Yes,Yes,One year,Yes,Credit card (automatic),109.7,7344.45,0,0,No,0,Loyal (60m+),0,0.00463699583019791,Low
5730-RIITO,Female,Yes,No,No,43,No,No phone service,DSL,Yes,Yes,No,No,No,No,Month-to-month,Yes,Credit card (automatic),33.45,1500.25,0,0,No,0,Established (37-60m),0,0.2045484063945236,Low
9058-MJLZC,Female,No,No,No,24,Yes,No,Fiber optic,Yes,No,No,No,Yes,Yes,Month-to-month,Yes,Electronic check,94.6,2283.15,0,2,No,0,Mid (13-36m),2,0.9483971953880552,Critical
0902-XKXPN,Male,No,Yes,Yes,69,Yes,No,No,No internet service,No internet service,No internet service,No internet service,No internet service,No internet service,Two year,No,Bank transfer (automatic),20.2,1376.5,1,0,No,0,Loyal (60m+),1,0.0015973180501913419,Low
5177-RVZNU,Female,No,No,Yes,37,Yes,No,No,No internet service,No internet service,No internet service,No internet service,No internet service,No internet service,One year,No,Bank transfer (automatic),20.3,755.4,0,0,No,0,Established (37-60m),0,0.0367570274140571,Low
0056-EPFBG,Male,No,Yes,Yes,20,No,No phone service,DSL,Yes,No,Yes,Yes,No,No,Two year,Yes,Credit card (automatic),39.4,825.4,0,0,No,0,Mid (13-36m),0,0.04429804940437039,Low
8993-IZEUX,Male,No,No,No,7,Yes,No,Fiber optic,No,No,No,No,No,No,Month-to-month,No,Bank transfer (automatic),69.15,488.65,0,0,No,0,New (0-12m),0,0.8291092286039123,Critical
8190-ZTQFB,Male,No,No,No,41,No,No phone service,DSL,No,No,Yes,No,Yes,Yes,One year,Yes,Electronic check,51.35,2075.1,0,0,No,0,Established (37-60m),0,0.07012221840225995,Low
0931-MHTEM,Female,No,No,No,54,Yes,No,Fiber optic,Yes,Yes,No,No,Yes,Yes,One year,Yes,Credit card (automatic),100.05,5299.65,0,0,No,0,Established (37-60m),0,0.024662411630280174,Low
7515-LODFU,Male,Yes,No,No,69,Yes,No,No,No internet service,No internet service,No internet service,No internet service,No internet service,No internet service,Two year,No,Credit card (automatic),20.3,1356.3,0,0,No,0,Loyal (60m+),0,0.0023002656780891965,Low
0440-UEDAI,Female,No,No,No,53,Yes,No,Fiber optic,No,Yes,Yes,Yes,No,Yes,One year,Yes,Credit card (automatic),94.45,5042.75,4,0,No,0,Established (37-60m),4,0.02480461516705709,Low
1337-BOZWO,Male,No,Yes,Yes,18,No,No phone service,DSL,No,Yes,Yes,No,Yes,No,One year,No,Credit card (automatic),46.4,812.4,0,0,No,0,Mid (13-36m),0,0.16686247734010182,Low
0868-VJRDR,Male,No,Yes,No,64,Yes,No,Fiber optic,Yes,Yes,No,Yes,Yes,Yes,Two year,Yes,Credit card (automatic),104.05,6605.55,0,0,No,0,Loyal (60m+),0,0.0019200447527430618,Low
6344-SFJVH,Female,No,No,No,20,No,No phone service,DSL,No,No,No,No,No,No,Month-to-month,No,Credit card (automatic),24.9,505.95,0,0,No,0,Mid (13-36m),0,0.49790318089808944,High
3950-VPYJB,Male,No,Yes,Yes,57,Yes,No,DSL,Yes,Yes,No,Yes,No,No,One year,No,Mailed check,59.6,3509.4,0,0,No,0,Established (37-60m),0,0.007947536786309174,Low
8041-TMEID,Male,Yes,Yes,No,63,Yes,Yes,Fiber optic,Yes,Yes,Yes,No,Yes,Yes,Two year,No,Credit card (automatic),108.5,6991.9,1,2,No,0,Loyal (60m+),3,0.03431107815779928,Low
7321-ZNSLA,Male,No,Yes,Yes,13,No,No phone service,DSL,Yes,Yes,No,Yes,No,No,Two year,No,Mailed check,40.55,590.35,0,0,No,0,Mid (13-36m),0,0.06172832456276571,Low
6941-KXRRV,Female,Yes,Yes,No,48,Yes,No,DSL,No,Yes,No,No,No,Yes,One year,Yes,Bank transfer (automatic),58.95,2789.7,0,0,No,0,Established (37-60m),0,0.03335182099867468,Low
8727-JQFHV,Male,No,Yes,Yes,57,Yes,No,No,No internet service,No internet service,No internet service,No internet service,No internet service,No internet service,Two year,No,Mailed check,20.75,1123.15,0,0,No,0,Established (37-60m),0,0.0027556692334497848,Low
9475-NNDGC,Male,No,Yes,No,71,Yes,Yes,Fiber optic,No,Yes,Yes,Yes,Yes,Yes,One year,Yes,Bank transfer (automatic),113.15,7953.25,4,0,No,0,Loyal (60m+),4,0.002894494172749855,Low
1355-KUSBG,Female,No,Yes,Yes,7,Yes,Yes,DSL,No,No,No,No,No,No,Month-to-month,No,Electronic check,48.8,349.8,0,0,No,0,New (0-12m),0,0.6386240057593654,High
3688-FTHLT,Female,No,No,No,16,Yes,Yes,DSL,No,No,No,No,No,Yes,Month-to-month,Yes,Bank transfer (automatic),63.05,1067.05,0,0,No,0,Mid (13-36m),0,0.3914853357335439,Low
0899-LIIBW,Male,No,Yes,No,34,Yes,Yes,Fiber optic,No,No,Yes,No,Yes,Yes,Month-to-month,No,Electronic check,100.85,3527.3,0,0,No,0,Mid (13-36m),0,0.2977935874319113,Low
1384-RCUXW,Male,No,No,No,16,Yes,Yes,Fiber optic,No,Yes,No,No,No,No,Month-to-month,Yes,Mailed check,80.55,1248.9,0,0,No,0,Mid (13-36m),0,0.6510249371288817,High
5825-XJOCM,Male,No,No,Yes,48,Yes,Yes,DSL,Yes,Yes,Yes,No,No,No,One year,Yes,Bank transfer (automatic),64.4,3035.35,0,0,No,0,Established (37-60m),0,0.01944093958578777,Low
6848-YLDFR,Male,No,Yes,Yes,58,Yes,No,DSL,No,Yes,No,Yes,Yes,Yes,One year,Yes,Credit card (automatic),75.2,4300.8,0,0,No,0,Established (37-60m),0,0.005025307438930628,Low
8125-QPFJD,Female,No,Yes,No,72,Yes,Yes,DSL,Yes,No,Yes,Yes,Yes,Yes,Two year,Yes,Bank transfer (automatic),84.9,6065.3,0,0,No,0,Loyal (60m+),0,0.0004884697050511369,Low
2320-YKQBO,Female,No,No,No,7,Yes,No,No,No internet service,No internet service,No internet service,No internet service,No internet service,No internet service,Month-to-month,No,Mailed check,19.3,144.95,0,0,No,0,New (0-12m),0,0.36747430003500914,Low
4973-RLZVI,Female,No,No,No,30,Yes,No,DSL,Yes,Yes,Yes,Yes,Yes,No,One year,No,Credit card (automatic),74.65,2308.6,0,0,No,0,Mid (13-36m),0,0.04939844847915149,Low
7869-ZYDST,Male,No,Yes,No,31,Yes,Yes,DSL,No,No,No,No,Yes,No,Month-to-month,Yes,Credit card (automatic),59.05,1882.8,0,0,No,0,Mid (13-36m),0,0.16761327545913432,Low
4501-UYKBC,Female,Yes,No,No,46,Yes,Yes,DSL,No,No,Yes,Yes,No,Yes,One year,Yes,Credit card (automatic),69.1,3255.35,0,0,No,0,Established (37-60m),0,0.022715298471326147,Low
1215-EXRMO,Male,No,Yes,No,50,Yes,No,No,No internet service,No internet service,No internet service,No internet service,No internet service,No internet service,Two year,No,Mailed check,20.55,1067.65,0,0,No,0,Established (37-60m),0,0.004598888607432566,Low
2305-MRGLV,Male,No,Yes,No,28,Yes,No,Fiber optic,No,No,No,Yes,No,No,Month-to-month,No,Bank transfer (automatic),76.55,2065.4,0,0,No,0,Mid (13-36m),0,0.42057002044542385,High
8404-VIOMB,Female,No,No,No,66,No,No phone service,DSL,Yes,Yes,Yes,Yes,Yes,Yes,Two year,Yes,Bank transfer (automatic),62.5,4136.4,0,0,No,0,Loyal (60m+),0,0.0017536310655660798,Low
2359-KLTEK,Female,No,Yes,Yes,41,Yes,No,Fiber optic,No,No,Yes,No,Yes,Yes,Month-to-month,Yes,Bank transfer (automatic),94.9,3848.0,0,0,No,0,Established (37-60m),0,0.16280521918670546,Low
5304-EFJLP,Male,Yes,Yes,No,72,Yes,Yes,Fiber optic,No,Yes,Yes,Yes,Yes,Yes,Two year,Yes,Bank transfer (automatic),111.65,8022.85,0,2,No,0,Loyal (60m+),2,0.013445645509514844,Low
2673-ZALNP,Female,No,No,No,7,Yes,No,No,No internet service,No internet service,No internet service,No internet service,No internet service,No internet service,One year,No,Mailed check,19.9,173.15,0,0,No,0,New (0-12m),0,0.1724562087619347,Low
9184-GALIL,Female,No,Yes,Yes,38,Yes,No,No,No internet service,No internet service,No internet service,No internet service,No internet service,No internet service,Month-to-month,No,Mailed check,20.45,781.25,0,0,No,0,Established (37-60m),0,0.07650501469035045,Low
4393-RYCRE,Male,No,No,No,44,Yes,No,Fiber optic,Yes,Yes,Yes,No,Yes,Yes,One year,Yes,Electronic check,106.05,4510.8,0,0,No,0,Established (37-60m),0,0.06370910360877266,Low
9746-MDMBK,Male,No,Yes,Yes,47,Yes,Yes,Fiber optic,Yes,Yes,Yes,Yes,Yes,Yes,One year,Yes,Bank transfer (automatic),113.45,5317.8,0,0,No,0,Established (37-60m),0,0.018669707710010586,Low
3162-ZJZFU,Male,No,Yes,Yes,53,Yes,No,Fiber optic,No,Yes,No,Yes,Yes,No,Month-to-month,Yes,Electronic check,92.55,4779.45,0,0,No,0,Established (37-60m),0,0.08030666853755905,Low
8404-GFGCZ,Male,No,Yes,No,4,Yes,Yes,DSL,No,No,Yes,No,Yes,No,Month-to-month,No,Electronic check,65.6,250.1,0,0,No,0,New (0-12m),0,0.6414554784039281,High
8875-AKBYH,Male,Yes,No,No,20,Yes,Yes,Fiber optic,No,No,No,No,Yes,No,Month-to-month,Yes,Electronic check,84.35,1745.2,3,0,No,0,Mid (13-36m),3,0.7109121515411227,Critical
0533-UCAAU,Male,Yes,Yes,No,57,Yes,Yes,DSL,No,Yes,Yes,No,Yes,No,One year,Yes,Credit card (automatic),71.1,4140.1,3,0,No,0,Established (37-60m),3,0.01028737401597409,Low
1394-SUIUH,Female,Yes,Yes,No,44,Yes,No,Fiber optic,Yes,Yes,No,Yes,No,No,Month-to-month,Yes,Electronic check,85.15,3670.5,0,0,No,0,Established (37-60m),0,0.253852698117739,Low
3521-MNKLV,Male,No,No,No,24,Yes,No,DSL,No,No,Yes,No,No,No,Month-to-month,Yes,Mailed check,49.7,1167.8,0,0,No,0,Mid (13-36m),0,0.28942736217185566,Low
2533-TIBIX,Male,No,Yes,Yes,15,No,No phone service,DSL,Yes,No,No,No,No,No,Month-to-month,Yes,Bank transfer (automatic),30.2,469.65,0,0,No,0,Mid (13-36m),0,0.4840448858211771,High
5092-STPKP,Female,No,No,No,24,Yes,No,DSL,Yes,No,No,Yes,No,No,Month-to-month,No,Credit card (automatic),56.35,1381.2,0,0,No,0,Mid (13-36m),0,0.24798188797235196,Low
0114-PEGZZ,Female,No,No,No,33,Yes,Yes,Fiber optic,No,Yes,Yes,No,Yes,Yes,Month-to-month,No,Electronic check,107.55,3645.5,1,0,No,0,Mid (13-36m),1,0.31344050792647216,Low
3359-DSRKA,Female,No,Yes,Yes,58,Yes,No,No,No internet service,No internet service,No internet service,No internet service,No internet service,No internet service,Two year,Yes,Mailed check,19.85,1158.85,0,0,No,0,Established (37-60m),0,0.0028852779662500755,Low
8639-NHQEI,Female,No,Yes,Yes,72,Yes,Yes,Fiber optic,Yes,Yes,No,No,Yes,No,Two year,Yes,Bank transfer (automatic),95.9,6954.15,0,0,No,0,Loyal (60m+),0,0.0015890589315466792,Low
7161-DFHUF,Female,No,Yes,No,71,Yes,Yes,No,No internet service,No internet service,No internet service,No internet service,No internet service,No internet service,Two year,No,Mailed check,23.85,1672.1,0,0,No,0,Loyal (60m+),0,0.0014268951714052891,Low
3720-DBRWL,Male,No,Yes,No,51,Yes,No,DSL,Yes,Yes,Yes,Yes,Yes,Yes,Two year,Yes,Credit card (automatic),83.85,4307.1,0,0,No,0,Established (37-60m),0,0.0020971096927335153,Low
8565-WUXZU,Male,Yes,Yes,No,72,Yes,No,Fiber optic,Yes,Yes,No,Yes,No,No,Two year,Yes,Credit card (automatic),84.8,6141.65,4,0,No,0,Loyal (60m+),4,0.0024148619971553855,Low
4994-OBRSZ,Male,No,No,Yes,14,Yes,No,DSL,Yes,Yes,Yes,Yes,No,Yes,Two year,No,Bank transfer (automatic),76.1,1054.8,0,0,No,0,Mid (13-36m),0,0.03838786528291056,Low
0562-FGDCR,Female,No,Yes,Yes,72,Yes,Yes,DSL,Yes,Yes,No,Yes,Yes,No,Two year,No,Mailed check,74.55,5430.65,0,0,No,0,Loyal (60m+),0,0.0005282482734079667,Low
2436-QBZFP,Female,No,Yes,Yes,22,No,No phone service,DSL,No,Yes,No,No,Yes,No,Month-to-month,No,Electronic check,39.2,849.9,4,0,No,0,Mid (13-36m),4,0.4501889381334428,High
3420-YJLQT,Female,No,No,No,2,Yes,Yes,Fiber optic,No,Yes,No,No,No,No,Month-to-month,No,Electronic check,79.55,151.75,2,0,No,0,New (0-12m),2,0.9042886757371916,Critical
6040-CGACY,Female,No,No,No,15,Yes,No,No,No internet service,No internet service,No internet service,No internet service,No internet service,No internet service,Month-to-month,No,Mailed check,19.6,299.4,0,0,No,0,Mid (13-36m),0,0.27117233941100305,Low
6582-PLFUU,Male,No,Yes,Yes,51,Yes,No,No,No internet service,No internet service,No internet service,No internet service,No internet service,No internet service,Two year,No,Credit card (automatic),19.55,1086.75,0,0,No,0,Established (37-60m),0,0.004003632606625332,Low
8242-PDSGJ,Male,No,Yes,No,70,No,No phone service,DSL,Yes,No,Yes,Yes,No,No,Two year,Yes,Credit card (automatic),39.15,2692.75,0,0,No,0,Loyal (60m+),0,0.0025419037620932434,Low
0264-CNITK,Female,No,Yes,Yes,71,Yes,No,No,No internet service,No internet service,No internet service,No internet service,No internet service,No internet service,Two year,No,Bank transfer (automatic),20.1,1389.6,0,0,No,0,Loyal (60m+),0,0.0015877090982853663,Low
0089-IIQKO,Female,No,Yes,Yes,39,Yes,Yes,Fiber optic,No,No,No,Yes,Yes,Yes,Month-to-month,Yes,Credit card (automatic),99.95,3767.4,0,0,No,0,Established (37-60m),0,0.13657883255814646,Low
7839-NUIAA,Female,No,Yes,Yes,61,Yes,Yes,DSL,Yes,Yes,No,No,No,No,Month-to-month,No,Electronic check,59.8,3641.5,4,0,No,0,Loyal (60m+),4,0.035810038466662586,Low
6075-QMNRR,Female,No,No,No,52,Yes,No,DSL,Yes,No,No,No,No,No,Month-to-month,Yes,Bank transfer (automatic),49.75,2535.55,0,0,No,0,Established (37-60m),0,0.07554119009263004,Low
5966-EMAZU,Male,No,Yes,No,64,Yes,Yes,Fiber optic,Yes,No,Yes,Yes,Yes,Yes,One year,Yes,Mailed check,108.5,6880.85,0,0,No,0,Loyal (60m+),0,0.005469138994673395,Low
0440-EKDCF,Male,No,Yes,No,62,Yes,No,DSL,No,Yes,Yes,Yes,No,No,Two year,Yes,Credit card (automatic),60.15,3753.2,0,0,No,0,Loyal (60m+),0,0.0020114312590693365,Low
4774-HHGGS,Male,No,Yes,No,30,Yes,No,No,No internet service,No internet service,No internet service,No internet service,No internet service,No internet service,Two year,No,Mailed check,19.05,637.55,0,0,No,0,Mid (13-36m),0,0.014217663460209399,Low
2055-BFOCC,Male,Yes,Yes,No,63,Yes,No,DSL,Yes,Yes,Yes,Yes,Yes,Yes,One year,Yes,Bank transfer (automatic),84.0,5329.55,0,0,No,0,Loyal (60m+),0,0.003836356438646407,Low
8180-AKMJV,Female,No,No,No,1,Yes,No,DSL,No,No,No,No,No,No,Month-to-month,Yes,Credit card (automatic),44.55,44.55,0,0,No,0,New (0-12m),0,0.6921703823832205,High
4298-OYIFC,Male,No,Yes,No,15,Yes,Yes,Fiber optic,No,No,Yes,Yes,Yes,Yes,Month-to-month,Yes,Electronic check,103.45,1539.8,0,0,No,0,Mid (13-36m),0,0.6189101150513178,High
5566-SOEZD,Male,No,Yes,Yes,27,Yes,No,Fiber optic,Yes,Yes,No,No,No,No,One year,Yes,Credit card (automatic),80.65,2209.75,0,0,No,0,Mid (13-36m),0,0.19893484206782192,Low
9842-EFSYY,Female,No,No,Yes,4,No,No phone service,DSL,Yes,Yes,Yes,No,Yes,Yes,Month-to-month,Yes,Mailed check,57.2,223.75,0,0,No,0,New (0-12m),0,0.5578335426565165,High
2272-WUSPA,Female,No,Yes,No,72,Yes,Yes,Fiber optic,Yes,Yes,Yes,No,Yes,Yes,Two year,Yes,Electronic check,110.75,7751.7,0,0,No,0,Loyal (60m+),0,0.0016675359073203206,Low
4584-LBNMK,Male,Yes,Yes,No,45,Yes,Yes,No,No internet service,No internet service,No internet service,No internet service,No internet service,No internet service,One year,No,Credit card (automatic),24.7,1174.35,2,0,No,0,Established (37-60m),2,0.024061868544680096,Low
3898-GUYTS,Female,Yes,No,No,45,Yes,Yes,Fiber optic,Yes,Yes,No,Yes,Yes,No,Month-to-month,Yes,Electronic check,97.05,4385.05,0,0,No,0,Established (37-60m),0,0.1883204555472993,Low
0930-EHUZA,Female,No,No,No,36,Yes,No,DSL,Yes,Yes,Yes,Yes,Yes,No,One year,Yes,Mailed check,76.35,2606.35,0,0,No,0,Mid (13-36m),0,0.03155211442373653,Low
9975-SKRNR,Male,No,No,No,1,Yes,No,No,No internet service,No internet service,No internet service,No internet service,No internet service,No internet service,Month-to-month,No,Mailed check,18.9,18.9,0,0,No,0,New (0-12m),0,0.426074273392359,High
3703-KBKZP,Male,Yes,No,No,16,Yes,Yes,Fiber optic,No,No,No,No,No,No,Month-to-month,Yes,Bank transfer (automatic),74.45,1261.35,0,0,No,0,Mid (13-36m),0,0.7368635297240579,Critical
4973-MGTON,Female,No,Yes,No,71,Yes,No,DSL,Yes,Yes,Yes,Yes,Yes,Yes,Two year,Yes,Credit card (automatic),84.4,5969.3,2,0,No,0,Loyal (60m+),2,0.0005007245259127657,Low
3682-YEUWS,Male,No,Yes,Yes,10,Yes,Yes,No,No internet service,No internet service,No internet service,No internet service,No internet service,No internet service,Month-to-month,Yes,Mailed check,24.4,253.9,2,0,No,0,New (0-12m),2,0.2503746520600679,Low
1223-UNPKS,Male,No,Yes,Yes,20,Yes,No,No,No internet service,No internet service,No internet service,No internet service,No internet service,No internet service,Two year,No,Mailed check,20.05,400.0,0,0,No,0,Mid (13-36m),0,0.021111133672160238,Low
3446-QDSZF,Female,No,No,No,4,Yes,No,DSL,No,No,No,No,Yes,No,Month-to-month,No,Credit card (automatic),55.5,227.35,0,0,No,0,New (0-12m),0,0.6126207416809589,High
5117-IFGPS,Male,Yes,Yes,No,29,Yes,Yes,Fiber optic,No,No,No,No,No,Yes,Month-to-month,Yes,Electronic check,84.3,2357.75,0,0,No,0,Mid (13-36m),0,0.5504206164312838,High
7379-FNIUJ,Male,No,No,No,2,Yes,No,Fiber optic,Yes,Yes,No,No,Yes,Yes,Month-to-month,No,Electronic check,100.2,198.5,0,0,No,0,New (0-12m),0,0.8654635717772882,Critical
1627-AFWVJ,Female,No,No,No,29,Yes,No,No,No internet service,No internet service,No internet service,No internet service,No internet service,No internet service,Two year,No,Mailed check,19.4,554.25,0,0,No,0,Mid (13-36m),0,0.0177240086455937,Low
4486-EFAEB,Male,No,No,No,13,Yes,No,No,No internet service,No internet service,No internet service,No internet service,No internet service,No internet service,Month-to-month,Yes,Electronic check,20.4,251.65,0,0,No,0,Mid (13-36m),0,0.3753112170650471,Low
0060-FUALY,Female,No,Yes,No,59,Yes,Yes,Fiber optic,Yes,Yes,No,No,Yes,No,Month-to-month,Yes,Electronic check,94.75,5597.65,0,0,No,0,Established (37-60m),0,0.07035762337558027,Low
6954-OOYZZ,Male,No,Yes,No,18,Yes,No,DSL,No,No,No,No,No,No,Month-to-month,Yes,Bank transfer (automatic),44.35,768.05,0,0,No,0,Mid (13-36m),0,0.41456100260634127,High
7088-FBAWU,Female,No,Yes,Yes,17,Yes,No,DSL,Yes,Yes,No,No,Yes,Yes,Month-to-month,No,Mailed check,74.55,1215.8,0,0,No,0,Mid (13-36m),0,0.2658221004103979,Low
8313-AFGBW,Male,No,Yes,No,47,Yes,No,DSL,No,Yes,Yes,No,Yes,Yes,Two year,No,Electronic check,73.6,3522.65,0,0,No,0,Established (37-60m),0,0.006978241065283376,Low
3097-IDVPU,Male,No,Yes,Yes,19,Yes,Yes,DSL,No,No,No,No,No,No,Month-to-month,No,Credit card (automatic),50.1,910.45,0,0,No,0,Mid (13-36m),0,0.3251765728108623,Low
2197-OMWGI,Female,Yes,Yes,Yes,68,No,No phone service,DSL,No,Yes,Yes,No,Yes,Yes,Two year,Yes,Electronic check,53.0,3656.25,2,0,No,0,Loyal (60m+),2,0.0036937191363618565,Low
2303-PJYHN,Female,No,Yes,No,2,Yes,No,No,No internet service,No internet service,No internet service,No internet service,No internet service,No internet service,Month-to-month,No,Bank transfer (automatic),19.85,52.0,5,0,No,0,New (0-12m),5,0.4458052318908327,High
9795-VOWON,Male,No,No,No,7,No,No phone service,DSL,No,No,No,No,No,No,One year,Yes,Credit card (automatic),24.35,150.85,0,0,No,0,New (0-12m),0,0.412861813483389,High
1237-WIYYZ,Female,No,No,No,18,Yes,No,No,No internet service,No internet service,No internet service,No internet service,No internet service,No internet service,Month-to-month,Yes,Mailed check,19.55,389.25,0,0,No,0,Mid (13-36m),0,0.23792889278642235,Low
1987-AUELQ,Female,No,Yes,No,71,Yes,Yes,No,No internet service,No internet service,No internet service,No internet service,No internet service,No internet service,Two year,No,Credit card (automatic),25.05,1873.7,0,0,No,0,Loyal (60m+),0,0.0013871953053327904,Low
7852-LECYP,Male,Yes,Yes,No,13,Yes,Yes,Fiber optic,Yes,Yes,No,No,No,Yes,Month-to-month,No,Credit card (automatic),93.8,1261.0,0,0,No,0,Mid (13-36m),0,0.6898528439175443,High
4822-LPTYJ,Male,No,Yes,No,72,Yes,Yes,Fiber optic,No,Yes,Yes,No,Yes,Yes,Two year,Yes,Bank transfer (automatic),103.75,7346.2,0,0,No,0,Loyal (60m+),0,0.0013326658660465622,Low
8165-CBKXO,Male,No,Yes,Yes,66,No,No phone service,DSL,No,Yes,Yes,No,Yes,Yes,Two year,Yes,Credit card (automatic),56.75,3708.4,0,0,No,0,Loyal (60m+),0,0.0018472668944302013,Low
6527-PZFPV,Male,No,Yes,Yes,24,Yes,No,No,No internet service,No internet service,No internet service,No internet service,No internet service,No internet service,One year,Yes,Credit card (automatic),20.8,469.65,0,0,No,0,Mid (13-36m),0,0.05962176592165574,Low
9593-CVZKR,Female,No,Yes,Yes,56,Yes,Yes,No,No internet service,No internet service,No internet service,No internet service,No internet service,No internet service,Two year,Yes,Mailed check,24.45,1385.85,0,0,No,0,Established (37-60m),0,0.0027792331398767177,Low
8595-SIZNC,Female,Yes,Yes,No,22,Yes,Yes,No,No internet service,No internet service,No internet service,No internet service,No internet service,No internet service,One year,No,Bank transfer (automatic),25.6,548.8,0,0,No,0,Mid (13-36m),0,0.09718632593320374,Low
5236-XMZJY,Female,No,No,No,42,Yes,No,DSL,Yes,Yes,Yes,No,No,No,Month-to-month,No,Bank transfer (automatic),59.65,2536.55,0,0,No,0,Established (37-60m),0,0.10456587886011359,Low
4827-DPADN,Female,No,Yes,Yes,72,Yes,Yes,DSL,Yes,No,Yes,Yes,Yes,Yes,Two year,Yes,Bank transfer (automatic),83.3,6042.7,0,0,No,0,Loyal (60m+),0,0.0004322589712769419,Low
2694-CIUMO,Female,No,No,No,12,Yes,Yes,Fiber optic,No,No,No,Yes,No,No,Month-to-month,Yes,Credit card (automatic),79.55,958.25,2,0,No,0,New (0-12m),2,0.7056430478043247,Critical
5846-ABOBJ,Male,No,Yes,No,71,Yes,Yes,No,No internet service,No internet service,No internet service,No internet service,No internet service,No internet service,Two year,No,Bank transfer (automatic),24.45,1730.65,0,0,No,0,Loyal (60m+),0,0.0014182538332250124,Low
1439-LCGVL,Female,No,Yes,No,26,Yes,No,No,No internet service,No internet service,No internet service,No internet service,No internet service,No internet service,One year,No,Mailed check,19.2,459.6,4,0,No,0,Mid (13-36m),4,0.06664275124786663,Low
0909-SDHNU,Female,No,No,Yes,7,No,No phone service,DSL,Yes,No,No,No,No,No,Month-to-month,No,Mailed check,29.8,201.95,0,0,No,0,New (0-12m),0,0.6122844503259688,High
4647-XXZAM,Female,No,Yes,Yes,6,Yes,No,DSL,No,No,No,No,No,No,Month-to-month,No,Mailed check,45.5,285.2,0,0,No,0,New (0-12m),0,0.5528379610754707,High
7740-KKCXF,Male,No,Yes,No,51,No,No phone service,DSL,No,Yes,No,No,No,No,Month-to-month,Yes,Credit card (automatic),30.05,1529.45,0,0,No,0,Established (37-60m),0,0.11109539011384419,Low
5360-XGYAZ,Male,No,Yes,Yes,72,No,No phone service,DSL,Yes,Yes,Yes,Yes,Yes,Yes,Two year,Yes,Bank transfer (automatic),65.65,4664.5,0,0,No,0,Loyal (60m+),0,0.0007798329302100691,Low
3557-HTYWR,Female,No,No,No,47,Yes,Yes,DSL,Yes,Yes,No,Yes,No,Yes,Two year,No,Mailed check,74.05,3496.3,0,0,No,0,Established (37-60m),0,0.004171463208227815,Low
8920-NAVAY,Male,Yes,No,No,62,Yes,Yes,Fiber optic,No,Yes,Yes,Yes,Yes,Yes,One year,Yes,Bank transfer (automatic),110.75,7053.35,4,0,No,0,Loyal (60m+),4,0.008125143095124833,Low
1699-TLDLZ,Female,No,Yes,Yes,16,Yes,No,No,No internet service,No internet service,No internet service,No internet service,No internet service,No internet service,Two year,No,Mailed check,19.7,301.55,0,0,No,0,Mid (13-36m),0,0.029042595934309932,Low
5600-PDUJF,Male,No,No,No,6,Yes,No,DSL,No,No,No,Yes,No,No,Month-to-month,Yes,Credit card (automatic),49.5,312.7,0,0,No,0,New (0-12m),0,0.5290408519886425,High
0567-XRHCU,Female,No,Yes,Yes,69,No,No phone service,DSL,Yes,No,Yes,No,No,Yes,Two year,Yes,Credit card (automatic),43.95,2960.1,0,0,No,0,Loyal (60m+),0,0.002652867651036742,Low
2067-QYTCF,Female,No,Yes,No,64,Yes,Yes,Fiber optic,No,Yes,Yes,Yes,Yes,Yes,Month-to-month,Yes,Electronic check,111.15,6953.4,0,4,No,0,Loyal (60m+),4,0.8302459325621355,Critical
7407-SUJIZ,Male,No,No,No,25,Yes,No,No,No internet service,No internet service,No internet service,No internet service,No internet service,No internet service,Month-to-month,No,Mailed check,20.6,541.5,0,0,No,0,Mid (13-36m),0,0.15912771501673573,Low
9150-KPBJQ,Female,No,No,No,6,Yes,No,No,No internet service,No internet service,No internet service,No internet service,No internet service,No internet service,Two year,No,Credit card (automatic),19.65,116.85,0,0,No,0,New (0-12m),0,0.06314069858064851,Low
0052-DCKON,Male,No,Yes,No,66,Yes,Yes,Fiber optic,Yes,Yes,Yes,Yes,Yes,Yes,One year,No,Bank transfer (automatic),115.8,7942.15,3,0,No,0,Loyal (60m+),3,0.003578697381951325,Low
3654-ARMGP,Female,No,No,No,61,Yes,Yes,DSL,No,Yes,Yes,Yes,Yes,Yes,Two year,No,Credit card (automatic),88.65,5321.25,0,0,No,0,Loyal (60m+),0,0.0010099752127630324,Low
9699-UBQFS,Female,Yes,Yes,No,43,Yes,Yes,Fiber optic,Yes,Yes,No,No,Yes,No,Month-to-month,Yes,Electronic check,94.5,4156.8,0,0,No,0,Established (37-60m),0,0.24766471727967382,Low
9367-TCUYN,Female,No,No,No,12,Yes,No,No,No internet service,No internet service,No internet service,No internet service,No internet service,No internet service,Month-to-month,No,Mailed check,20.1,223.6,0,0,No,0,New (0-12m),0,0.304942696386607,Low
1261-FWTTE,Male,Yes,No,No,23,No,No phone service,DSL,No,No,No,No,No,Yes,Month-to-month,Yes,Bank transfer (automatic),34.65,768.45,0,0,No,0,Mid (13-36m),0,0.4527570715286501,High
3528-HFRIQ,Male,Yes,Yes,No,71,No,No phone service,DSL,No,Yes,Yes,No,Yes,Yes,Month-to-month,Yes,Bank transfer (automatic),52.3,3765.05,0,0,No,0,Loyal (60m+),0,0.021702925721265025,Low
0708-SJDIS,Female,No,No,No,34,Yes,Yes,DSL,No,No,No,Yes,Yes,No,Month-to-month,No,Mailed check,65.0,2157.5,0,2,No,0,Mid (13-36m),2,0.6495679821203892,High
2073-QBVBI,Female,No,Yes,No,41,No,No phone service,DSL,No,Yes,No,Yes,No,No,One year,No,Mailed check,35.45,1391.65,0,0,No,0,Established (37-60m),0,0.058099353731298146,Low
6928-ONTRW,Female,No,Yes,Yes,72,Yes,No,No,No internet service,No internet service,No internet service,No internet service,No internet service,No internet service,Two year,No,Credit card (automatic),19.7,1379.8,0,0,No,0,Loyal (60m+),0,0.0014332499169826506,Low
3320-VEOYC,Male,Yes,No,No,14,Yes,Yes,Fiber optic,No,No,No,No,Yes,Yes,Month-to-month,Yes,Electronic check,95.6,1273.3,0,0,No,0,Mid (13-36m),0,0.7681597781458699,Critical
5231-FIQPA,Female,No,No,No,41,Yes,No,No,No internet service,No internet service,No internet service,No internet service,No internet service,No internet service,Two year,Yes,Mailed check,19.85,810.45,0,0,No,0,Established (37-60m),0,0.00909050495205136,Low
6617-WLBQC,Female,No,Yes,Yes,23,Yes,Yes,Fiber optic,Yes,No,No,No,No,No,One year,No,Credit card (automatic),81.85,1810.85,0,0,No,0,Mid (13-36m),0,0.2712596776804604,Low
2599-CIPQE,Male,No,Yes,Yes,71,Yes,No,Fiber optic,Yes,Yes,Yes,Yes,Yes,Yes,Two year,No,Credit card (automatic),109.3,7782.85,0,0,No,0,Loyal (60m+),0,0.0007450367880731623,Low
8774-GSBUN,Male,No,Yes,No,72,Yes,Yes,No,No internet service,No internet service,No internet service,No internet service,No internet service,No internet service,Two year,No,Mailed check,25.4,1797.1,0,0,No,0,Loyal (60m+),0,0.0011626680140948708,Low
7326-RIGQZ,Male,No,Yes,Yes,6,Yes,No,Fiber optic,No,No,No,No,No,No,Month-to-month,Yes,Electronic check,69.8,377.85,0,0,No,0,New (0-12m),0,0.8584415063366441,Critical
1401-FTHFQ,Male,No,Yes,Yes,23,Yes,No,No,No internet service,No internet service,No internet service,No internet service,No internet service,No internet service,One year,Yes,Credit card (automatic),20.0,445.3,0,0,No,0,Mid (13-36m),0,0.06351970460952158,Low
0254-FNMCI,Female,No,No,No,72,Yes,No,Fiber optic,Yes,Yes,Yes,Yes,Yes,Yes,Two year,Yes,Electronic check,109.9,7624.2,0,0,No,0,Loyal (60m+),0,0.0015233357319637676,Low
1848-LBZHY,Female,No,Yes,No,7,Yes,No,DSL,Yes,No,No,No,No,No,Month-to-month,Yes,Bank transfer (automatic),50.3,355.1,5,0,No,0,New (0-12m),5,0.5849919452088327,High
8118-TJAFG,Male,No,Yes,Yes,9,Yes,No,Fiber optic,No,Yes,No,Yes,Yes,Yes,Month-to-month,Yes,Electronic check,101.5,906.85,0,0,No,0,New (0-12m),0,0.7026927011619866,Critical
5429-LWCMV,Female,No,No,No,12,Yes,Yes,Fiber optic,No,Yes,No,No,No,Yes,Month-to-month,Yes,Electronic check,89.15,1057.55,0,0,No,0,New (0-12m),0,0.7913697191762529,Critical
7298-IZWLY,Female,No,No,No,1,Yes,No,No,No internet service,No internet service,No internet service,No internet service,No internet service,No internet service,Month-to-month,Yes,Mailed check,19.4,19.4,3,0,No,0,New (0-12m),3,0.44769220667439313,High
9758-MFWGD,Female,Yes,Yes,Yes,48,No,No phone service,DSL,No,Yes,No,No,No,No,One year,No,Bank transfer (automatic),29.9,1388.75,0,0,No,0,Established (37-60m),0,0.06454566369632433,Low
3955-JBZZM,Male,No,No,No,20,Yes,No,Fiber optic,No,No,No,No,Yes,No,Month-to-month,No,Electronic check,78.8,1641.3,0,0,No,0,Mid (13-36m),0,0.6887038777792127,High
4815-TUMEQ,Female,No,No,No,10,Yes,No,No,No internet service,No internet service,No internet service,No internet service,No internet service,No internet service,One year,Yes,Mailed check,19.3,185.2,0,0,No,0,New (0-12m),0,0.1530390891565702,Low
9909-IDLEK,Male,No,Yes,Yes,20,Yes,Yes,Fiber optic,No,Yes,No,Yes,Yes,No,Month-to-month,No,Mailed check,96.8,1826.7,1,1,No,0,Mid (13-36m),2,0.7174527693524784,Critical
4092-OFQZS,Male,No,Yes,No,20,Yes,No,No,No internet service,No internet service,No internet service,No internet service,No internet service,No internet service,One year,No,Mailed check,20.65,417.5,0,0,No,0,Mid (13-36m),0,0.07971037040532296,Low
1561-BWHIN,Male,No,Yes,Yes,19,Yes,No,No,No internet service,No internet service,No internet service,No internet service,No internet service,No internet service,One year,No,Mailed check,19.8,344.5,0,0,No,0,Mid (13-36m),0,0.07493831599156223,Low
9927-DSWDF,Male,No,Yes,No,22,Yes,No,Fiber optic,Yes,Yes,No,Yes,Yes,Yes,Month-to-month,Yes,Electronic check,104.6,2180.55,0,0,No,0,Mid (13-36m),0,0.4794931023650836,High
9500-LTVBP,Female,No,No,No,35,Yes,Yes,Fiber optic,No,No,No,Yes,No,No,Month-to-month,No,Credit card (automatic),80.05,2835.9,0,0,No,0,Mid (13-36m),0,0.2951124363657229,Low
7252-NTGSS,Female,No,No,No,1,Yes,No,DSL,No,No,No,No,No,No,Month-to-month,No,Mailed check,45.15,45.15,0,0,No,0,New (0-12m),0,0.6788562669190521,High
8149-AIQCG,Male,No,No,No,39,Yes,Yes,Fiber optic,No,No,No,No,No,No,Month-to-month,Yes,Credit card (automatic),73.15,2730.85,0,0,No,0,Established (37-60m),0,0.30290220715873567,Low
1360-JYXKQ,Female,Yes,Yes,No,54,Yes,No,Fiber optic,No,No,Yes,Yes,Yes,Yes,One year,Yes,Electronic check,99.1,5437.1,3,0,No,0,Established (37-60m),3,0.034288554122412565,Low
0899-WZRSD,Male,No,No,No,56,Yes,Yes,Fiber optic,Yes,No,No,Yes,Yes,Yes,Month-to-month,Yes,Mailed check,105.35,5794.45,0,0,No,0,Established (37-60m),0,0.03392457418034331,Low
3255-GRXMG,Male,No,No,Yes,18,Yes,No,DSL,No,No,No,No,No,No,Month-to-month,Yes,Credit card (automatic),45.65,747.2,0,0,No,0,Mid (13-36m),0,0.3749924603697062,Low
4828-FAZPK,Female,No,Yes,Yes,16,Yes,Yes,Fiber optic,No,Yes,No,No,No,No,Month-to-month,Yes,Credit card (automatic),79.95,1267.95,0,0,No,0,Mid (13-36m),0,0.637561057368033,High
6094-ZIVKX,Female,No,No,No,68,Yes,No,DSL,Yes,No,Yes,No,No,No,One year,Yes,Credit card (automatic),54.45,3674.95,0,0,No,0,Loyal (60m+),0,0.00822810952830539,Low
6925-BAYGL,Female,Yes,Yes,No,53,Yes,Yes,No,No internet service,No internet service,No internet service,No internet service,No internet service,No internet service,Two year,No,Credit card (automatic),25.1,1275.6,0,0,No,0,Established (37-60m),0,0.0050130111299579476,Low
3262-EIDHV,Female,No,Yes,Yes,72,Yes,Yes,DSL,Yes,No,Yes,Yes,Yes,Yes,Two year,No,Credit card (automatic),84.7,5893.9,0,0,No,0,Loyal (60m+),0,0.000418614662077643,Low
7354-OIJLX,Male,No,No,No,9,Yes,Yes,Fiber optic,No,No,No,No,No,No,Month-to-month,Yes,Electronic check,75.85,724.65,0,0,No,0,New (0-12m),0,0.8416756501546977,Critical
1376-HHBDV,Female,No,No,No,30,Yes,No,DSL,Yes,No,No,No,No,No,Month-to-month,Yes,Mailed check,48.8,1536.75,0,0,No,0,Mid (13-36m),0,0.23050152769605328,Low
6133-OZILE,Female,No,No,No,18,No,No phone service,DSL,No,No,Yes,Yes,No,No,Month-to-month,Yes,Electronic check,35.2,607.3,0,0,No,0,Mid (13-36m),0,0.5338274434095629,High
4135-FRWKJ,Female,Yes,Yes,Yes,55,Yes,Yes,DSL,Yes,No,Yes,Yes,Yes,No,One year,No,Electronic check,76.25,4154.55,0,0,No,0,Established (37-60m),0,0.012345842458374494,Low
6551-ZCOTS,Male,Yes,No,No,33,Yes,Yes,No,No internet service,No internet service,No internet service,No internet service,No internet service,No internet service,One year,Yes,Bank transfer (automatic),24.9,847.8,1,0,No,0,Mid (13-36m),1,0.052549999317529815,Low
7191-ADRGF,Male,No,Yes,No,44,No,No phone service,DSL,No,Yes,Yes,No,Yes,Yes,Two year,No,Bank transfer (automatic),54.3,2390.45,0,0,No,0,Established (37-60m),0,0.010559970467864005,Low
5018-LXQQG,Female,No,Yes,Yes,30,Yes,No,DSL,Yes,No,No,Yes,No,Yes,Month-to-month,No,Bank transfer (automatic),66.3,1923.5,0,0,No,0,Mid (13-36m),0,0.13482864789940183,Low
6892-BOGQE,Female,No,Yes,No,71,Yes,No,No,No internet service,No internet service,No internet service,No internet service,No internet service,No internet service,Two year,Yes,Bank transfer (automatic),20.9,1493.2,0,0,No,0,Loyal (60m+),0,0.0017657454561552095,Low
1746-TGTWV,Male,No,Yes,No,1,Yes,No,Fiber optic,No,No,Yes,No,No,No,Month-to-month,No,Credit card (automatic),75.35,75.35,0,0,No,0,New (0-12m),0,0.8588107179744209,Critical
5995-SNNEW,Male,Yes,Yes,No,23,Yes,Yes,Fiber optic,No,Yes,Yes,No,Yes,Yes,Month-to-month,Yes,Electronic check,104.45,2184.85,2,0,No,0,Mid (13-36m),2,0.5706458922610108,High
8050-WYBND,Female,No,No,Yes,22,No,No phone service,DSL,No,No,Yes,No,Yes,Yes,One year,Yes,Credit card (automatic),49.45,1031.4,0,0,No,0,Mid (13-36m),0,0.14639046999215213,Low
2821-WARNZ,Female,No,No,Yes,49,Yes,No,No,No internet service,No internet service,No internet service,No internet service,No internet service,No internet service,One year,No,Credit card (automatic),19.45,921.3,0,0,No,0,Established (37-60m),0,0.01874784359466895,Low
4879-GZLFH,Female,No,Yes,Yes,42,Yes,No,Fiber optic,No,No,Yes,No,Yes,Yes,Month-to-month,Yes,Electronic check,92.15,3875.4,0,0,No,0,Established (37-60m),0,0.21359019323121434,Low
8314-HTWVE,Female,No,Yes,Yes,7,Yes,No,No,No internet service,No internet service,No internet service,No internet service,No internet service,No internet service,Two year,No,Mailed check,19.85,144.15,3,0,No,0,New (0-12m),3,0.04652927460321273,Low
9402-ROUMJ,Female,No,Yes,Yes,67,Yes,Yes,Fiber optic,Yes,No,Yes,Yes,No,Yes,One year,Yes,Bank transfer (automatic),100.25,6689.0,5,0,No,0,Loyal (60m+),5,0.005952244113840952,Low
2507-QZPQS,Male,No,No,No,15,Yes,Yes,Fiber optic,No,Yes,No,Yes,No,Yes,Month-to-month,No,Electronic check,95.7,1451.1,4,0,No,0,Mid (13-36m),4,0.6625631384140199,High
7159-NOKYQ,Male,No,Yes,No,67,Yes,Yes,Fiber optic,No,Yes,Yes,No,No,Yes,Two year,Yes,Electronic check,93.15,6368.2,0,0,No,0,Loyal (60m+),0,0.003838574455118548,Low
5707-ZMDJP,Male,No,Yes,Yes,53,Yes,No,DSL,Yes,Yes,No,Yes,Yes,No,Two year,Yes,Mailed check,69.7,3729.6,0,0,No,0,Established (37-60m),0,0.0022589141709146924,Low
8779-YIQQA,Male,No,Yes,Yes,21,Yes,No,No,No internet service,No internet service,No internet service,No internet service,No internet service,No internet service,One year,No,Mailed check,19.8,350.1,0,0,No,0,Mid (13-36m),0,0.06831853208119126,Low
7136-IHZJA,Female,No,Yes,Yes,40,Yes,No,DSL,Yes,Yes,No,Yes,No,Yes,Month-to-month,Yes,Mailed check,71.35,2847.2,2,0,No,0,Established (37-60m),2,0.05558519459605381,Low
8966-OIQHG,Female,No,Yes,Yes,22,Yes,No,No,No internet service,No internet service,No internet service,No internet service,No internet service,No internet service,One year,No,Bank transfer (automatic),20.75,452.35,0,0,No,0,Mid (13-36m),0,0.07604532410281963,Low
7074-STDCN,Male,No,No,No,39,No,No phone service,DSL,No,No,No,Yes,No,Yes,Month-to-month,Yes,Electronic check,40.6,1494.5,0,0,No,0,Established (37-60m),0,0.2062451957036737,Low
8739-QOTTN,Female,No,Yes,No,2,Yes,No,No,No internet service,No internet service,No internet service,No internet service,No internet service,No internet service,Month-to-month,No,Mailed check,20.35,41.85,0,0,No,0,New (0-12m),0,0.4166148797109519,High
1399-OUPJN,Female,No,Yes,Yes,57,Yes,No,No,No internet service,No internet service,No internet service,No internet service,No internet service,No internet service,Two year,No,Bank transfer (automatic),19.75,1272.05,0,0,No,0,Established (37-60m),0,0.0032810495479680605,Low
0277-BKSQP,Male,No,Yes,Yes,8,Yes,No,DSL,No,No,No,No,Yes,No,Month-to-month,Yes,Electronic check,54.4,475.1,0,0,No,0,New (0-12m),0,0.5769909615112483,High
5774-XZTQC,Female,No,Yes,Yes,7,Yes,No,No,No internet service,No internet service,No internet service,No internet service,No internet service,No internet service,Month-to-month,No,Mailed check,20.45,150.75,0,0,No,0,New (0-12m),0,0.31668807346764805,Low
2676-SSLTO,Male,No,No,No,49,Yes,Yes,DSL,No,No,No,Yes,Yes,No,Two year,Yes,Bank transfer (automatic),66.15,3199.0,0,0,No,0,Established (37-60m),0,0.00472622547833323,Low
6266-QHOJZ,Female,No,No,No,65,Yes,Yes,Fiber optic,Yes,Yes,No,Yes,No,No,One year,Yes,Electronic check,89.85,5844.65,0,0,No,0,Loyal (60m+),0,0.017262217673439266,Low
7269-JISCY,Female,No,No,No,55,Yes,No,DSL,No,No,No,No,No,No,One year,No,Bank transfer (automatic),45.05,2462.6,0,0,No,0,Established (37-60m),0,0.027306031322687597,Low
0363-SVHYR,Male,No,Yes,Yes,71,Yes,Yes,DSL,Yes,Yes,Yes,Yes,Yes,Yes,Two year,No,Bank transfer (automatic),86.85,6263.8,0,0,No,0,Loyal (60m+),0,0.00036643944758990533,Low
8547-NSBBO,Male,No,No,No,35,Yes,Yes,Fiber optic,Yes,Yes,Yes,Yes,No,No,Month-to-month,Yes,Mailed check,96.75,3403.4,5,0,No,0,Mid (13-36m),5,0.19365818306068425,Low
6591-QGOYB,Male,No,No,No,17,Yes,Yes,Fiber optic,Yes,Yes,Yes,Yes,Yes,No,Month-to-month,Yes,Bank transfer (automatic),106.65,1672.1,0,0,No,0,Mid (13-36m),0,0.5009518172137826,High
9070-BCKQP,Female,No,Yes,No,72,Yes,Yes,Fiber optic,Yes,No,Yes,Yes,Yes,Yes,Two year,Yes,Credit card (automatic),110.15,7881.2,0,0,No,0,Loyal (60m+),0,0.0008683749185933349,Low
6421-SZVEM,Female,No,Yes,Yes,28,Yes,No,Fiber optic,Yes,No,No,No,No,Yes,One year,Yes,Bank transfer (automatic),82.85,2320.8,0,0,No,0,Mid (13-36m),0,0.20577691853008198,Low
1328-EUZHC,Female,No,Yes,No,18,Yes,No,No,No internet service,No internet service,No internet service,No internet service,No internet service,No internet service,Two year,No,Mailed check,20.1,370.5,0,0,No,0,Mid (13-36m),0,0.029765120246134716,Low
8878-RYUKI,Female,No,No,No,52,Yes,No,DSL,No,No,Yes,No,No,Yes,Month-to-month,Yes,Electronic check,59.45,3043.7,0,0,No,0,Established (37-60m),0,0.07986664120742533,Low
9633-DENPU,Female,No,Yes,No,47,Yes,No,DSL,No,Yes,No,No,Yes,No,Month-to-month,Yes,Bank transfer (automatic),58.6,2723.4,0,0,No,0,Established (37-60m),0,0.07607480848714124,Low
7811-JIVPF,Female,No,No,No,23,Yes,No,DSL,No,No,Yes,No,No,No,Month-to-month,No,Credit card (automatic),49.7,1081.25,0,0,No,0,Mid (13-36m),0,0.33789482929401704,Low
7113-HIPFI,Male,No,Yes,Yes,66,Yes,No,DSL,Yes,Yes,Yes,Yes,No,No,Two year,No,Mailed check,65.85,4097.05,0,0,No,0,Loyal (60m+),0,0.001117914351931459,Low
8541-QVFKM,Female,No,No,No,8,Yes,Yes,Fiber optic,No,No,No,No,No,No,Month-to-month,Yes,Electronic check,73.5,632.2,3,0,No,0,New (0-12m),3,0.8671264058383744,Critical
9258-CNWAC,Female,No,Yes,Yes,71,Yes,Yes,Fiber optic,Yes,Yes,Yes,Yes,Yes,Yes,Two year,No,Credit card (automatic),113.65,8166.8,0,0,No,0,Loyal (60m+),0,0.0006818890078500397,Low
5371-VYLSX,Female,Yes,No,No,50,Yes,Yes,Fiber optic,Yes,Yes,No,No,No,No,Month-to-month,Yes,Electronic check,83.4,4113.7,0,0,No,0,Established (37-60m),0,0.22549443157519775,Low
6374-AFWOX,Male,No,Yes,No,46,Yes,No,DSL,Yes,Yes,Yes,Yes,No,No,Two year,No,Mailed check,65.65,3047.15,4,1,No,0,Established (37-60m),5,0.01795818266321465,Low
5317-FLPJF,Female,No,No,No,66,No,No phone service,DSL,Yes,No,Yes,Yes,Yes,Yes,Two year,Yes,Bank transfer (automatic),61.35,4193.4,0,3,No,0,Loyal (60m+),3,0.08386339991115786,Low
7621-VPNET,Female,No,Yes,No,42,Yes,Yes,Fiber optic,No,No,Yes,Yes,No,No,Month-to-month,Yes,Credit card (automatic),85.9,3729.75,0,0,No,0,Established (37-60m),0,0.16236863380088962,Low
6034-YMTOB,Female,No,No,No,5,Yes,No,Fiber optic,No,No,No,Yes,No,No,Month-to-month,Yes,Mailed check,75.65,399.45,0,0,No,0,New (0-12m),0,0.8017822417827579,Critical
4903-CNOZC,Male,No,No,No,29,Yes,Yes,DSL,No,Yes,Yes,No,No,Yes,One year,No,Credit card (automatic),70.9,1964.6,0,0,No,0,Mid (13-36m),0,0.0666521396917973,Low
4353-HYOJD,Female,No,Yes,Yes,27,Yes,No,DSL,No,Yes,No,No,No,No,Month-to-month,No,Mailed check,49.85,1336.15,0,0,No,0,Mid (13-36m),0,0.2286468934237621,Low
7267-FRMJW,Female,No,Yes,Yes,25,Yes,No,No,No internet service,No internet service,No internet service,No internet service,No internet service,No internet service,Two year,No,Mailed check,20.1,486.05,0,0,No,0,Mid (13-36m),0,0.017720059312575084,Low
4188-FRABG,Male,No,Yes,No,57,Yes,Yes,Fiber optic,Yes,Yes,Yes,Yes,Yes,No,Month-to-month,Yes,Electronic check,103.05,5925.75,0,0,No,0,Established (37-60m),0,0.04755839112783691,Low
4128-ETESU,Female,Yes,Yes,No,47,Yes,Yes,Fiber optic,No,No,Yes,No,Yes,Yes,Month-to-month,No,Electronic check,99.7,4747.2,4,0,No,0,Established (37-60m),4,0.172389540252558,Low
0620-DLSLK,Female,No,No,No,13,Yes,No,Fiber optic,No,No,No,No,Yes,No,Month-to-month,Yes,Mailed check,81.9,1028.9,0,0,No,0,Mid (13-36m),0,0.7148180573348926,Critical
3850-OKINF,Male,No,Yes,Yes,71,Yes,Yes,DSL,Yes,No,No,No,Yes,No,One year,Yes,Electronic check,66.2,4692.55,0,2,No,0,Loyal (60m+),2,0.0644289427670105,Low
1156-ZFYDO,Female,No,No,No,1,Yes,No,No,No internet service,No internet service,No internet service,No internet service,No internet service,No internet service,Month-to-month,No,Electronic check,19.75,19.75,2,0,No,0,New (0-12m),2,0.563738965362639,High
3295-YVUSR,Male,Yes,No,No,2,Yes,Yes,Fiber optic,No,No,No,No,No,No,Month-to-month,Yes,Mailed check,72.6,154.3,5,0,No,0,New (0-12m),5,0.8792121869382132,Critical
8016-NCFVO,Male,Yes,No,No,55,Yes,Yes,Fiber optic,Yes,Yes,Yes,Yes,Yes,Yes,Month-to-month,Yes,Electronic check,116.5,6382.55,0,3,No,0,Established (37-60m),3,0.7311837206809516,Critical
4119-ZYPZY,Male,Yes,No,No,71,Yes,Yes,Fiber optic,No,Yes,No,Yes,Yes,Yes,Two year,Yes,Electronic check,106.8,7623.2,0,0,No,0,Loyal (60m+),0,0.0018771129289125166,Low
5549-ZGHFB,Male,No,Yes,Yes,50,Yes,Yes,No,No internet service,No internet service,No internet service,No internet service,No internet service,No internet service,Two year,No,Mailed check,24.95,1261.45,2,0,No,0,Established (37-60m),2,0.003504785958181889,Low
7577-SWIFR,Male,No,No,No,1,Yes,No,Fiber optic,No,No,No,No,Yes,Yes,Month-to-month,Yes,Electronic check,89.25,89.25,0,0,No,0,New (0-12m),0,0.8900787024776435,Critical
0303-WMMRN,Male,No,No,No,5,Yes,No,No,No internet service,No internet service,No internet service,No internet service,No internet service,No internet service,Month-to-month,Yes,Mailed check,19.25,86.05,0,0,No,0,New (0-12m),0,0.3728386912008022,Low
6408-OTUBZ,Female,No,No,No,66,Yes,Yes,Fiber optic,Yes,Yes,Yes,Yes,Yes,No,One year,Yes,Bank transfer (automatic),104.55,6779.05,0,0,No,0,Loyal (60m+),0,0.007055168417285929,Low
5204-HMGYF,Female,No,Yes,Yes,49,Yes,No,DSL,Yes,Yes,Yes,Yes,Yes,Yes,One year,Yes,Mailed check,87.2,4345.0,0,0,No,0,Established (37-60m),0,0.006820263807538389,Low
1078-TDCRN,Female,Yes,Yes,No,3,No,No phone service,DSL,No,Yes,No,No,No,No,Month-to-month,Yes,Electronic check,30.75,82.85,0,0,No,0,New (0-12m),0,0.8109993776299323,Critical
3727-OVPRY,Male,No,Yes,Yes,66,Yes,Yes,No,No internet service,No internet service,No internet service,No internet service,No internet service,No internet service,One year,Yes,Credit card (automatic),25.7,1714.55,0,0,No,0,Loyal (60m+),0,0.005047409729563306,Low
3797-FKOGQ,Male,No,No,Yes,11,Yes,Yes,Fiber optic,No,No,No,No,No,Yes,Month-to-month,No,Electronic check,86.2,893.2,0,0,No,0,New (0-12m),0,0.7737083312412322,Critical
7622-NXQZR,Male,No,No,No,28,No,No phone service,DSL,No,No,No,Yes,No,No,Month-to-month,Yes,Credit card (automatic),30.1,810.85,0,0,No,0,Mid (13-36m),0,0.29642272331346065,Low
6196-HBOBZ,Male,No,Yes,No,65,Yes,Yes,Fiber optic,Yes,Yes,Yes,No,Yes,No,Two year,Yes,Electronic check,99.35,6347.55,0,0,No,0,Loyal (60m+),0,0.00392419963552731,Low
3970-XGJDU,Female,No,No,No,62,Yes,No,No,No internet service,No internet service,No internet service,No internet service,No internet service,No internet service,Two year,Yes,Credit card (automatic),19.2,1123.65,2,5,No,0,Loyal (60m+),7,0.6976637155309375,High
7017-VFULY,Female,No,Yes,No,2,Yes,No,No,No internet service,No internet service,No internet service,No internet service,No internet service,No internet service,Month-to-month,No,Bank transfer (automatic),20.1,43.15,0,0,No,0,New (0-12m),0,0.4456992791217168,High
5562-YJQGT,Female,No,No,No,2,Yes,No,No,No internet service,No internet service,No internet service,No internet service,No internet service,No internet service,Month-to-month,No,Credit card (automatic),20.35,35.1,3,0,No,0,New (0-12m),3,0.4444670089804361,High
8807-OPMBM,Female,No,Yes,Yes,55,Yes,Yes,No,No internet service,No internet service,No internet service,No internet service,No internet service,No internet service,Two year,Yes,Credit card (automatic),25.65,1388.0,0,0,No,0,Established (37-60m),0,0.003027584378571072,Low
5439-WIKXB,Male,Yes,Yes,No,41,Yes,No,Fiber optic,No,Yes,No,No,Yes,Yes,Month-to-month,Yes,Electronic check,94.55,3851.45,0,3,No,0,Established (37-60m),3,0.9501609001016805,Critical
8294-UIMBA,Female,No,No,No,30,Yes,No,Fiber optic,No,No,No,Yes,Yes,Yes,One year,Yes,Bank transfer (automatic),94.4,2638.1,0,0,No,0,Mid (13-36m),0,0.1547038283206486,Low
8109-YUOHE,Male,No,No,No,17,Yes,No,DSL,Yes,Yes,No,No,No,No,One year,No,Mailed check,56.1,946.95,0,0,No,0,Mid (13-36m),0,0.17124530145239947,Low
5840-NVDCG,Female,No,Yes,Yes,16,Yes,No,DSL,Yes,Yes,No,Yes,No,Yes,Two year,No,Bank transfer (automatic),68.25,1114.85,0,0,No,0,Mid (13-36m),0,0.039274697643450034,Low
8092-NLTGF,Male,No,No,No,72,Yes,Yes,No,No internet service,No internet service,No internet service,No internet service,No internet service,No internet service,Two year,No,Bank transfer (automatic),24.75,1777.6,5,0,No,0,Loyal (60m+),5,0.001403605501040518,Low
5928-QLDHB,Male,No,No,No,9,Yes,Yes,Fiber optic,No,No,No,No,No,No,Month-to-month,Yes,Electronic check,76.25,684.85,2,0,No,0,New (0-12m),2,0.8426985066525885,Critical
9840-EFJQB,Female,No,No,No,1,Yes,No,Fiber optic,No,Yes,No,No,No,No,Month-to-month,No,Electronic check,74.35,74.35,0,0,No,0,New (0-12m),0,0.9159928611281534,Critical
0696-UKTOX,Male,No,No,Yes,23,Yes,No,DSL,No,Yes,No,Yes,No,No,Month-to-month,No,Electronic check,54.15,1312.45,0,0,No,0,Mid (13-36m),0,0.30218046286742595,Low
4801-KFYKL,Male,No,No,Yes,8,Yes,No,No,No internet service,No internet service,No internet service,No internet service,No internet service,No internet service,Month-to-month,No,Bank transfer (automatic),19.45,159.2,0,0,No,0,New (0-12m),0,0.3255154403570534,Low
3472-OAOOR,Male,No,Yes,Yes,19,No,No phone service,DSL,Yes,Yes,No,No,No,No,Month-to-month,Yes,Mailed check,34.95,610.2,0,0,No,0,Mid (13-36m),0,0.38126003202669484,Low
6135-OZQVA,Female,No,No,No,7,Yes,Yes,DSL,Yes,No,No,No,No,No,Month-to-month,Yes,Electronic check,53.65,404.35,0,0,No,0,New (0-12m),0,0.6672790493516024,High
2252-JHJGE,Male,No,No,No,61,Yes,Yes,Fiber optic,Yes,No,Yes,No,Yes,Yes,One year,No,Electronic check,104.0,6363.45,0,0,No,0,Loyal (60m+),0,0.016347679074956104,Low
4188-PCPIG,Female,No,Yes,No,57,Yes,No,DSL,Yes,Yes,No,Yes,Yes,No,Two year,Yes,Credit card (automatic),70.35,4124.65,0,0,No,0,Established (37-60m),0,0.0021833368034507167,Low
7105-BENQF,Male,No,No,Yes,15,Yes,No,DSL,Yes,No,Yes,No,No,Yes,One year,No,Mailed check,64.85,950.75,0,0,No,0,Mid (13-36m),0,0.14836068827187188,Low
7721-DVEKZ,Female,No,No,No,1,Yes,No,No,No internet service,No internet service,No internet service,No internet service,No internet service,No internet service,Month-to-month,No,Mailed check,19.65,19.65,0,0,No,0,New (0-12m),0,0.4468507177631517,High
3566-VVORZ,Female,No,Yes,No,12,Yes,No,DSL,No,No,No,No,No,No,Month-to-month,No,Bank transfer (automatic),45.9,505.95,0,0,No,0,New (0-12m),0,0.526972050217406,High
9507-HSMMZ,Male,No,No,No,54,Yes,No,No,No internet service,No internet service,No internet service,No internet service,No internet service,No internet service,Two year,No,Mailed check,20.0,1149.65,0,0,No,0,Established (37-60m),0,0.003932391250295528,Low
2480-SQIOB,Male,No,Yes,Yes,4,Yes,No,DSL,No,No,No,No,No,No,Month-to-month,No,Electronic check,44.8,169.65,0,0,No,0,New (0-12m),0,0.675556673118539,High
7813-TKCVO,Female,No,Yes,No,20,Yes,No,No,No internet service,No internet service,No internet service,No internet service,No internet service,No internet service,One year,No,Mailed check,20.35,393.15,5,0,No,0,Mid (13-36m),5,0.08789217824845143,Low
0128-MKWSG,Female,No,No,Yes,26,No,No phone service,DSL,Yes,No,No,Yes,No,Yes,Month-to-month,No,Mailed check,45.8,1147.0,0,0,No,0,Mid (13-36m),0,0.23236816611851288,Low
4350-ZTLPI,Female,No,Yes,No,53,Yes,Yes,Fiber optic,No,Yes,Yes,Yes,Yes,Yes,One year,Yes,Bank transfer (automatic),108.95,5718.2,0,3,No,0,Established (37-60m),3,0.4690101617950302,High
0361-HJRDX,Female,No,No,No,68,No,No phone service,DSL,Yes,Yes,Yes,Yes,Yes,Yes,Two year,No,Credit card (automatic),64.35,4539.6,3,0,No,0,Loyal (60m+),3,0.0012787129263805588,Low
5727-MYATE,Male,No,Yes,Yes,72,Yes,Yes,DSL,Yes,Yes,Yes,Yes,Yes,Yes,Two year,Yes,Credit card (automatic),90.8,6397.6,0,0,No,0,Loyal (60m+),0,0.0002978678581121093,Low
3823-KYNQY,Male,No,No,No,12,Yes,Yes,No,No internet service,No internet service,No internet service,No internet service,No internet service,No internet service,One year,No,Credit card (automatic),24.95,280.4,5,0,No,0,New (0-12m),5,0.123895669888227,Low
7570-WELNY,Female,No,Yes,No,68,Yes,Yes,Fiber optic,Yes,Yes,No,No,No,No,Two year,Yes,Bank transfer (automatic),84.7,5711.05,0,0,No,0,Loyal (60m+),0,0.003906202999872579,Low
3021-VLNRJ,Female,No,No,Yes,50,Yes,No,DSL,Yes,No,Yes,Yes,Yes,No,One year,Yes,Credit card (automatic),70.8,3478.15,0,0,No,0,Established (37-60m),0,0.011924524969623724,Low
2080-CAZNM,Female,Yes,No,No,41,Yes,Yes,Fiber optic,No,Yes,Yes,No,Yes,Yes,Month-to-month,Yes,Electronic check,104.4,4133.95,1,0,No,0,Established (37-60m),1,0.2535862733421518,Low
1028-FFNJK,Male,Yes,Yes,No,30,Yes,Yes,Fiber optic,No,No,No,Yes,Yes,Yes,Month-to-month,Yes,Electronic check,101.5,2917.65,0,0,No,0,Mid (13-36m),0,0.3870999870002189,Low
6907-FLBER,Male,No,No,No,1,Yes,Yes,DSL,No,Yes,No,No,No,No,Month-to-month,No,Electronic check,54.3,54.3,0,0,No,0,New (0-12m),0,0.7311297785884142,Critical
3001-UNBTL,Male,Yes,Yes,Yes,29,Yes,Yes,Fiber optic,No,No,Yes,No,Yes,Yes,Month-to-month,Yes,Electronic check,103.95,2964.8,2,0,No,0,Mid (13-36m),2,0.3993535912148871,Low
5982-PSMKW,Female,No,Yes,Yes,23,Yes,Yes,DSL,Yes,Yes,Yes,Yes,Yes,Yes,Two year,Yes,Credit card (automatic),91.1,2198.3,0,0,No,0,Mid (13-36m),0,0.013934994422447156,Low
3507-GASNP,Male,No,No,Yes,60,Yes,No,No,No internet service,No internet service,No internet service,No internet service,No internet service,No internet service,Two year,No,Mailed check,19.95,1189.9,0,0,No,0,Established (37-60m),0,0.0024939953717834896,Low
7096-ZNBZI,Female,No,Yes,No,72,Yes,Yes,No,No internet service,No internet service,No internet service,No internet service,No internet service,No internet service,Two year,No,Credit card (automatic),26.45,1914.5,0,0,No,0,Loyal (60m+),0,0.0012796130489526353,Low
1676-MQAOA,Male,No,No,No,72,Yes,No,DSL,Yes,Yes,Yes,Yes,Yes,No,Two year,Yes,Bank transfer (automatic),75.1,5336.35,0,0,No,0,Loyal (60m+),0,0.0006804496151154603,Low
0786-IVLAW,Female,Yes,No,No,66,Yes,Yes,Fiber optic,No,Yes,Yes,No,Yes,Yes,One year,No,Bank transfer (automatic),108.1,7238.6,0,0,No,0,Loyal (60m+),0,0.008753945893044316,Low
7566-DSRLQ,Female,No,Yes,No,72,Yes,Yes,Fiber optic,No,Yes,Yes,Yes,Yes,Yes,Two year,Yes,Electronic check,110.15,7998.8,0,0,No,0,Loyal (60m+),0,0.001268128329796123,Low
7245-JMTTQ,Female,No,No,No,51,Yes,Yes,Fiber optic,No,Yes,Yes,Yes,Yes,Yes,One year,Yes,Electronic check,111.5,5703.25,0,0,No,0,Established (37-60m),0,0.02662808701675547,Low
6050-IJRHS,Female,No,Yes,Yes,70,Yes,Yes,Fiber optic,No,Yes,Yes,No,Yes,Yes,One year,Yes,Electronic check,106.5,7397.0,5,4,No,0,Loyal (60m+),9,0.5629560890475153,High
6202-JVYEU,Male,No,No,No,9,Yes,No,No,No internet service,No internet service,No internet service,No internet service,No internet service,No internet service,One year,Yes,Electronic check,19.9,164.6,0,0,No,0,New (0-12m),0,0.2163802512133219,Low
8591-TKMZH,Male,No,Yes,Yes,59,Yes,Yes,Fiber optic,Yes,Yes,No,Yes,Yes,Yes,Two year,Yes,Mailed check,111.1,6555.2,0,4,No,0,Established (37-60m),4,0.2659600548828976,Low
0734-OXWBT,Male,No,No,Yes,3,Yes,No,DSL,No,No,No,Yes,Yes,Yes,Month-to-month,No,Mailed check,70.7,225.65,0,0,No,0,New (0-12m),0,0.4514439359253774,High
4282-ACRXS,Male,Yes,Yes,No,38,No,No phone service,DSL,No,No,No,No,No,No,Month-to-month,Yes,Electronic check,24.85,955.75,0,0,No,0,Established (37-60m),0,0.36438911947637814,Low
0365-TRTPY,Female,No,No,No,37,Yes,Yes,Fiber optic,Yes,Yes,Yes,No,No,No,Month-to-month,No,Bank transfer (automatic),91.2,3382.3,0,0,No,0,Established (37-60m),0,0.2627483265226923,Low
7349-ALMUX,Male,No,No,No,37,Yes,No,DSL,Yes,Yes,Yes,Yes,No,No,Two year,No,Bank transfer (automatic),65.6,2313.8,0,0,No,0,Established (37-60m),0,0.011357097831877315,Low
6502-KUGLL,Female,No,Yes,Yes,14,Yes,No,DSL,Yes,Yes,No,Yes,No,No,Month-to-month,No,Bank transfer (automatic),59.45,780.85,0,0,No,0,Mid (13-36m),0,0.35158655110269194,Low
1841-YSJGV,Male,No,Yes,No,72,Yes,Yes,Fiber optic,Yes,Yes,No,Yes,Yes,Yes,Two year,Yes,Credit card (automatic),109.95,7852.4,0,0,No,0,Loyal (60m+),0,0.0007995674667125457,Low
3511-BFTJW,Male,No,Yes,Yes,72,No,No phone service,DSL,Yes,Yes,Yes,No,No,No,Two year,No,Credit card (automatic),38.5,2763.0,0,0,No,0,Loyal (60m+),0,0.002390232946818808,Low
7668-XCFYV,Female,Yes,Yes,No,17,Yes,Yes,Fiber optic,No,No,No,No,Yes,Yes,Month-to-month,Yes,Electronic check,92.55,1614.7,0,0,No,0,Mid (13-36m),0,0.7343988932051561,Critical
5018-HEKFO,Female,No,No,No,10,Yes,Yes,No,No internet service,No internet service,No internet service,No internet service,No internet service,No internet service,Month-to-month,Yes,Mailed check,24.5,270.15,2,0,No,0,New (0-12m),2,0.31007408075514376,Low
2923-ARZLG,Male,No,Yes,Yes,0,Yes,No,No,No internet service,No internet service,No internet service,No internet service,No internet service,No internet service,One year,Yes,Mailed check,19.7,0.0,0,0,No,0,New (0-12m),0,0.18689788291222936,Low
3976-NLDEZ,Male,No,No,No,1,Yes,No,No,No internet service,No internet service,No internet service,No internet service,No internet service,No internet service,Month-to-month,No,Mailed check,20.6,20.6,0,0,No,0,New (0-12m),0,0.42042420748545706,High
2282-YGNOR,Female,No,No,No,29,Yes,No,DSL,Yes,No,Yes,Yes,No,No,One year,No,Credit card (automatic),58.0,1734.5,0,0,No,0,Mid (13-36m),0,0.07590377228542913,Low
5336-UFNZP,Female,Yes,Yes,Yes,65,Yes,Yes,Fiber optic,No,Yes,Yes,No,Yes,Yes,One year,Yes,Electronic check,107.45,7047.5,0,0,No,0,Loyal (60m+),0,0.011398002476603948,Low
6854-EXGSF,Female,No,No,No,8,Yes,Yes,DSL,Yes,Yes,Yes,No,No,No,Month-to-month,Yes,Bank transfer (automatic),65.5,573.15,0,0,No,0,New (0-12m),0,0.5197326603662707,High
1241-EZFMJ,Male,No,Yes,No,61,Yes,Yes,No,No internet service,No internet service,No internet service,No internet service,No internet service,No internet service,Two year,No,Bank transfer (automatic),25.45,1538.6,0,0,No,0,Loyal (60m+),0,0.002427427226015732,Low
9233-PSYHO,Female,Yes,No,No,45,Yes,Yes,Fiber optic,No,No,Yes,No,Yes,Yes,One year,Yes,Bank transfer (automatic),100.15,4459.8,0,0,No,0,Established (37-60m),0,0.0636467761423872,Low
5376-PCKNB,Male,No,Yes,Yes,72,Yes,Yes,Fiber optic,No,Yes,Yes,No,Yes,Yes,One year,Yes,Credit card (automatic),104.45,7459.0,2,0,No,0,Loyal (60m+),2,0.003592020245473806,Low
8044-BGWPI,Male,No,Yes,Yes,12,Yes,No,No,No internet service,No internet service,No internet service,No internet service,No internet service,No internet service,Month-to-month,Yes,Electronic check,21.15,306.05,0,0,No,0,New (0-12m),0,0.33244540846545134,Low
4060-LDNLU,Male,No,No,No,7,Yes,Yes,Fiber optic,No,No,No,No,Yes,Yes,Month-to-month,No,Electronic check,96.2,639.7,0,0,No,0,New (0-12m),0,0.8214037746074867,Critical
3589-PPVKW,Male,No,No,No,9,Yes,No,DSL,No,No,No,No,No,No,Month-to-month,Yes,Mailed check,44.4,348.15,0,0,No,0,New (0-12m),0,0.5432913483639052,High
5887-IKKYO,Male,No,Yes,Yes,58,Yes,Yes,Fiber optic,No,No,Yes,Yes,No,Yes,Two year,No,Bank transfer (automatic),94.35,5563.65,3,5,No,0,Established (37-60m),8,0.7340035397273882,Critical
1755-RMCXH,Male,No,Yes,Yes,2,Yes,No,No,No internet service,No internet service,No internet service,No internet service,No internet service,No internet service,Month-to-month,No,Mailed check,20.3,40.25,0,0,No,0,New (0-12m),0,0.3586678611362228,Low
3858-XHYJO,Female,No,Yes,No,40,Yes,Yes,Fiber optic,Yes,No,Yes,No,Yes,Yes,One year,No,Bank transfer (automatic),105.75,4228.55,0,0,No,0,Established (37-60m),0,0.06213493111295622,Low
4299-SIMNS,Male,No,No,No,9,Yes,Yes,Fiber optic,Yes,No,No,No,No,No,Month-to-month,Yes,Electronic check,81.15,784.45,0,0,No,0,New (0-12m),0,0.8293137025949106,Critical
7025-IWFHT,Male,No,No,No,41,Yes,No,Fiber optic,No,Yes,No,Yes,Yes,No,One year,Yes,Electronic check,89.55,3729.75,0,0,No,0,Established (37-60m),0,0.09383166447575084,Low
6261-LHRTG,Female,No,No,No,26,Yes,No,DSL,No,Yes,Yes,No,No,No,Month-to-month,Yes,Credit card (automatic),54.75,1406.9,0,0,No,0,Mid (13-36m),0,0.27033321204898575,Low
7841-FCRQD,Female,No,Yes,No,33,Yes,No,DSL,No,Yes,No,Yes,No,No,One year,Yes,Credit card (automatic),53.75,1857.3,0,0,No,0,Mid (13-36m),0,0.06085827342140448,Low
2056-EVGZL,Male,No,Yes,Yes,68,Yes,No,Fiber optic,No,Yes,Yes,Yes,Yes,Yes,One year,No,Credit card (automatic),105.75,7322.5,0,0,No,0,Loyal (60m+),0,0.0036698752739197176,Low
8777-MBMTS,Female,Yes,Yes,No,65,Yes,No,Fiber optic,No,Yes,Yes,Yes,Yes,Yes,Two year,Yes,Credit card (automatic),105.85,6725.5,5,0,No,0,Loyal (60m+),5,0.002335136968451295,Low
7753-USQYQ,Male,No,No,No,55,Yes,No,DSL,No,Yes,No,Yes,No,Yes,One year,Yes,Electronic check,64.2,3627.3,2,0,No,0,Established (37-60m),2,0.015536643283472895,Low
7661-CPURM,Male,No,No,No,19,Yes,No,Fiber optic,No,No,No,Yes,No,Yes,One year,Yes,Credit card (automatic),87.7,1725.95,0,0,No,0,Mid (13-36m),0,0.2829336224485163,Low
6233-HXJMX,Female,No,No,No,45,Yes,Yes,Fiber optic,No,No,Yes,No,No,Yes,Month-to-month,Yes,Credit card (automatic),89.3,4192.15,0,0,No,0,Established (37-60m),0,0.1512918092446681,Low
5902-WBLSE,Female,No,Yes,Yes,70,Yes,No,No,No internet service,No internet service,No internet service,No internet service,No internet service,No internet service,Two year,Yes,Credit card (automatic),20.15,1411.2,0,0,No,0,Loyal (60m+),0,0.0015548232865155,Low
3239-TPHPZ,Female,No,Yes,No,12,Yes,No,No,No internet service,No internet service,No internet service,No internet service,No internet service,No internet service,Two year,Yes,Electronic check,20.05,264.55,0,0,No,0,New (0-12m),0,0.06389826656365752,Low
5115-GZDEL,Male,No,No,Yes,72,No,No phone service,DSL,Yes,Yes,Yes,Yes,Yes,Yes,Two year,No,Credit card (automatic),67.2,4671.7,4,0,No,0,Loyal (60m+),4,0.0007588856274135627,Low
3338-CVVEH,Male,No,No,No,12,Yes,Yes,Fiber optic,No,No,No,No,Yes,Yes,Month-to-month,No,Electronic check,94.55,1173.55,0,0,No,0,New (0-12m),0,0.7556224994774627,Critical
2615-YVMYX,Male,Yes,Yes,No,71,Yes,Yes,Fiber optic,Yes,Yes,Yes,No,Yes,Yes,Month-to-month,Yes,Electronic check,107.5,7713.55,0,0,No,0,Loyal (60m+),0,0.019641171071412666,Low
2851-STERV,Male,Yes,No,No,35,Yes,No,DSL,No,No,Yes,Yes,Yes,Yes,One year,Yes,Electronic check,73.0,2471.25,5,0,No,0,Mid (13-36m),5,0.06317486715897751,Low
4393-GEADV,Male,No,Yes,Yes,70,Yes,Yes,Fiber optic,Yes,Yes,Yes,Yes,Yes,Yes,Two year,No,Credit card (automatic),114.75,7842.3,0,0,No,0,Loyal (60m+),0,0.0007137268552354074,Low
8486-AYEQH,Female,No,No,No,31,Yes,Yes,Fiber optic,No,No,No,No,No,No,Month-to-month,Yes,Electronic check,76.05,2227.8,0,0,No,0,Mid (13-36m),0,0.5487829086203577,High
5419-JKZNQ,Male,Yes,Yes,No,30,Yes,Yes,Fiber optic,No,No,No,No,No,No,Month-to-month,No,Mailed check,77.9,2351.45,0,0,No,0,Mid (13-36m),0,0.4426208221400094,High
2495-KZNFB,Female,No,No,No,33,Yes,Yes,Fiber optic,Yes,No,No,No,No,Yes,Month-to-month,Yes,Electronic check,90.65,2989.6,0,0,No,0,Mid (13-36m),0,0.4145747431907349,High
1409-PHXTF,Male,Yes,Yes,No,54,Yes,Yes,Fiber optic,No,Yes,Yes,Yes,Yes,Yes,Two year,Yes,Electronic check,110.45,6077.75,1,0,No,0,Established (37-60m),1,0.006393403189110938,Low
4560-WQAQW,Female,No,No,No,59,Yes,Yes,DSL,Yes,No,No,Yes,No,Yes,One year,No,Bank transfer (automatic),68.7,4070.95,0,0,No,0,Established (37-60m),0,0.008082058772492167,Low
9591-YVTEB,Male,Yes,No,No,55,No,No phone service,DSL,Yes,Yes,No,No,Yes,No,Month-to-month,Yes,Electronic check,44.85,2479.05,0,0,No,0,Established (37-60m),0,0.10973422210481054,Low
9309-BZGNT,Male,Yes,Yes,No,69,No,No phone service,DSL,No,No,Yes,No,No,No,One year,Yes,Credit card (automatic),29.8,2134.3,4,0,No,0,Loyal (60m+),4,0.018915771191509237,Low
4274-DRSQT,Female,No,No,No,66,Yes,Yes,Fiber optic,No,Yes,No,No,Yes,No,One year,Yes,Bank transfer (automatic),88.9,6000.1,0,0,No,0,Loyal (60m+),0,0.013614616569881444,Low
2027-DNKIV,Male,No,Yes,Yes,37,Yes,No,DSL,Yes,No,Yes,Yes,No,No,One year,Yes,Mailed check,58.75,2203.1,1,0,No,0,Established (37-60m),1,0.03196194627250668,Low
8075-GXIUB,Male,Yes,Yes,No,9,Yes,No,No,No internet service,No internet service,No internet service,No internet service,No internet service,No internet service,One year,No,Credit card (automatic),19.85,183.15,0,0,No,0,New (0-12m),0,0.1744850821685678,Low
2885-HIJDH,Male,No,Yes,Yes,69,Yes,Yes,DSL,Yes,No,Yes,Yes,Yes,Yes,Two year,No,Bank transfer (automatic),86.9,6194.1,1,0,No,0,Loyal (60m+),1,0.00041310113557268597,Low
5424-RLQLC,Male,No,No,No,10,Yes,No,DSL,No,Yes,No,No,Yes,No,Month-to-month,Yes,Mailed check,59.65,638.95,0,0,No,0,New (0-12m),0,0.45685590171842305,High
6507-DTJZV,Male,No,No,Yes,13,Yes,No,DSL,No,No,No,No,Yes,Yes,Month-to-month,No,Credit card (automatic),66.4,831.75,0,0,No,0,Mid (13-36m),0,0.36128960970626073,Low
7673-BQGKU,Female,No,Yes,Yes,69,Yes,No,No,No internet service,No internet service,No internet service,No internet service,No internet service,No internet service,Two year,No,Bank transfer (automatic),20.15,1337.5,0,0,No,0,Loyal (60m+),0,0.0017793573646982099,Low
6723-WSNTY,Female,Yes,Yes,No,66,Yes,Yes,Fiber optic,No,Yes,Yes,Yes,Yes,Yes,One year,Yes,Credit card (automatic),108.1,7181.95,0,0,No,0,Loyal (60m+),0,0.006481537773595846,Low
2725-IWWBA,Male,No,Yes,Yes,46,Yes,No,DSL,Yes,No,Yes,Yes,No,No,One year,No,Mailed check,56.9,2560.1,0,0,No,0,Established (37-60m),0,0.01902337793188662,Low
1061-PNTHC,Female,No,Yes,Yes,56,Yes,Yes,Fiber optic,Yes,No,Yes,Yes,Yes,Yes,Month-to-month,Yes,Mailed check,109.6,5953.0,2,0,No,0,Established (37-60m),2,0.027344752661121293,Low
0394-YONDK,Male,No,Yes,Yes,70,Yes,Yes,No,No internet service,No internet service,No internet service,No internet service,No internet service,No internet service,Two year,No,Credit card (automatic),25.15,1790.15,0,0,No,0,Loyal (60m+),0,0.0011696751409972946,Low
6574-MCOEH,Female,No,Yes,Yes,33,Yes,Yes,DSL,No,No,Yes,Yes,Yes,Yes,One year,Yes,Electronic check,79.15,2531.4,2,0,No,0,Mid (13-36m),2,0.04618756873683965,Low
7399-QHBJS,Female,No,Yes,Yes,72,Yes,Yes,DSL,Yes,Yes,No,Yes,No,No,Two year,No,Credit card (automatic),66.75,4760.3,0,0,No,0,Loyal (60m+),0,0.0007694832489325491,Low
0997-YTLNY,Female,No,No,Yes,19,Yes,No,DSL,No,No,No,Yes,No,No,Month-to-month,No,Mailed check,48.8,953.65,0,1,No,0,Mid (13-36m),1,0.6199880957374518,High
9479-HYNYL,Female,No,Yes,No,71,Yes,No,DSL,No,Yes,Yes,Yes,Yes,Yes,Two year,Yes,Credit card (automatic),80.7,5705.05,0,5,No,0,Loyal (60m+),5,0.2954793711692182,Low
9708-KFDBY,Male,No,No,No,1,Yes,No,No,No internet service,No internet service,No internet service,No internet service,No internet service,No internet service,Month-to-month,No,Credit card (automatic),20.55,20.55,3,0,No,0,New (0-12m),3,0.43370377838203505,High
3642-GKTCT,Female,No,No,No,61,Yes,Yes,Fiber optic,Yes,Yes,Yes,Yes,Yes,Yes,One year,Yes,Mailed check,115.1,6993.65,3,0,No,0,Loyal (60m+),3,0.006505838647802647,Low
0774-RMNUW,Female,No,Yes,Yes,71,No,No phone service,DSL,Yes,Yes,No,Yes,Yes,Yes,Two year,No,Bank transfer (automatic),59.7,4122.65,0,0,No,0,Loyal (60m+),0,0.001162686843508708,Low
1334-PDUKM,Female,No,Yes,No,68,Yes,Yes,Fiber optic,No,Yes,Yes,No,No,No,One year,No,Credit card (automatic),86.45,5762.95,0,0,No,0,Loyal (60m+),0,0.012242034307097702,Low
0756-MPZRL,Male,No,No,No,46,No,No phone service,DSL,No,No,Yes,Yes,No,No,One year,No,Credit card (automatic),33.7,1537.85,0,0,No,0,Established (37-60m),0,0.045737763461539654,Low
2242-MFOTG,Male,No,No,No,33,Yes,Yes,Fiber optic,Yes,No,No,No,No,No,One year,No,Bank transfer (automatic),80.1,2603.3,0,0,No,0,Mid (13-36m),0,0.1770084152472911,Low
2927-CVULT,Female,No,Yes,Yes,53,Yes,Yes,Fiber optic,Yes,Yes,Yes,Yes,No,Yes,Two year,Yes,Bank transfer (automatic),104.05,5566.4,0,0,No,0,Established (37-60m),0,0.004632153323176828,Low
2144-BFDSO,Female,Yes,Yes,No,50,Yes,Yes,Fiber optic,Yes,Yes,Yes,No,Yes,Yes,Month-to-month,No,Bank transfer (automatic),108.75,5431.9,0,0,No,0,Established (37-60m),0,0.08203961059183103,Low
8745-PVESG,Female,No,No,No,57,No,No phone service,DSL,Yes,No,Yes,Yes,No,No,One year,Yes,Credit card (automatic),41.1,2258.25,0,0,No,0,Established (37-60m),0,0.021563001639403598,Low
7647-GYYKX,Female,No,Yes,Yes,54,Yes,No,No,No internet service,No internet service,No internet service,No internet service,No internet service,No internet service,Two year,Yes,Bank transfer (automatic),20.35,1092.35,0,3,No,0,Established (37-60m),3,0.17333590014202918,Low
5647-FXOTP,Female,Yes,Yes,No,60,Yes,Yes,Fiber optic,No,Yes,Yes,No,Yes,Yes,Month-to-month,Yes,Electronic check,105.9,6401.25,0,0,No,0,Established (37-60m),0,0.055855650379507606,Low
9700-ISPUP,Female,No,Yes,Yes,10,Yes,No,DSL,No,Yes,No,Yes,No,Yes,Month-to-month,Yes,Electronic check,65.5,616.9,5,0,No,0,New (0-12m),5,0.4780365013210323,High
9839-ETQOE,Male,No,No,Yes,43,No,No phone service,DSL,Yes,Yes,Yes,No,No,No,Month-to-month,Yes,Electronic check,40.45,1912.85,0,0,No,0,Established (37-60m),0,0.16415779445680337,Low
6078-VESFR,Male,Yes,Yes,No,13,Yes,No,Fiber optic,No,No,No,No,No,No,Month-to-month,No,Bank transfer (automatic),70.45,849.1,0,0,No,0,Mid (13-36m),0,0.7869270006009035,Critical
9027-TMATR,Female,No,Yes,No,43,Yes,No,DSL,Yes,No,Yes,Yes,Yes,Yes,Two year,Yes,Electronic check,78.8,3460.3,0,0,No,0,Established (37-60m),0,0.007262042021775149,Low
1941-HOSAM,Male,No,Yes,Yes,1,Yes,No,Fiber optic,No,No,No,No,Yes,Yes,Month-to-month,Yes,Electronic check,90.1,90.1,0,0,No,0,New (0-12m),0,0.8665951360672246,Critical
9110-HSGTV,Female,No,No,No,69,Yes,No,DSL,Yes,No,Yes,Yes,Yes,Yes,Two year,Yes,Credit card (automatic),82.45,5555.3,0,0,No,0,Loyal (60m+),0,0.0006872789354900348,Low
0704-VCUMB,Female,No,Yes,No,61,Yes,No,No,No internet service,No internet service,No internet service,No internet service,No internet service,No internet service,Two year,No,Credit card (automatic),20.25,1278.8,0,0,No,0,Loyal (60m+),0,0.002923938852770186,Low
6171-ZTVYB,Male,No,Yes,No,43,Yes,Yes,DSL,Yes,Yes,No,Yes,No,No,Month-to-month,No,Bank transfer (automatic),66.25,2907.35,0,0,No,0,Established (37-60m),0,0.05956754390316903,Low
1935-IMVBB,Male,No,Yes,No,56,Yes,No,Fiber optic,No,No,No,No,Yes,Yes,Month-to-month,No,Mailed check,89.7,4952.95,2,3,No,0,Established (37-60m),5,0.7745555370936928,Critical
2535-PBCGC,Female,No,Yes,No,70,No,No phone service,DSL,Yes,Yes,Yes,Yes,Yes,Yes,Two year,No,Bank transfer (automatic),64.55,4504.9,0,0,No,0,Loyal (60m+),0,0.0011748719830522126,Low
1470-PSXNM,Male,No,Yes,Yes,49,Yes,Yes,Fiber optic,No,Yes,Yes,No,Yes,No,One year,Yes,Electronic check,93.65,4520.15,0,0,No,0,Established (37-60m),0,0.048377693543847855,Low
2498-XLDZR,Female,No,Yes,Yes,32,Yes,No,DSL,Yes,Yes,Yes,Yes,No,Yes,Two year,No,Mailed check,73.6,2316.85,2,0,No,0,Mid (13-36m),2,0.010362412677880465,Low
9866-OCCKE,Female,Yes,Yes,No,72,Yes,Yes,Fiber optic,Yes,No,Yes,Yes,Yes,Yes,Two year,Yes,Mailed check,109.75,8075.35,0,0,No,0,Loyal (60m+),0,0.0009612623302150488,Low
5338-YHWYT,Male,No,No,Yes,37,Yes,No,DSL,Yes,Yes,No,Yes,No,No,Two year,No,Credit card (automatic),61.45,2302.35,0,0,No,0,Established (37-60m),0,0.009750016897520246,Low
7718-UPSKJ,Female,No,Yes,No,69,Yes,No,Fiber optic,Yes,Yes,No,Yes,Yes,Yes,One year,Yes,Credit card (automatic),106.4,7251.9,0,0,No,0,Loyal (60m+),0,0.004528989483001943,Low
8731-WBBMB,Female,No,Yes,No,26,Yes,No,DSL,No,Yes,Yes,Yes,Yes,Yes,Month-to-month,No,Bank transfer (automatic),81.9,2078.55,3,0,No,0,Mid (13-36m),3,0.14549473902353285,Low
1448-CYWKC,Female,No,Yes,Yes,58,Yes,Yes,Fiber optic,No,Yes,Yes,No,Yes,Yes,One year,Yes,Credit card (automatic),105.2,6225.4,0,0,No,0,Established (37-60m),0,0.011510259178510403,Low
7901-IIDQV,Male,No,No,No,24,Yes,Yes,DSL,No,No,No,Yes,No,No,One year,No,Bank transfer (automatic),54.6,1242.25,0,0,No,0,Mid (13-36m),0,0.11092285535098831,Low
2690-DVRVK,Male,No,Yes,Yes,5,Yes,No,No,No internet service,No internet service,No internet service,No internet service,No internet service,No internet service,One year,No,Electronic check,20.55,99.45,0,0,No,0,New (0-12m),0,0.2162853886888992,Low
1270-XKUCC,Female,No,Yes,Yes,30,Yes,No,No,No internet service,No internet service,No internet service,No internet service,No internet service,No internet service,Two year,No,Mailed check,19.7,599.25,0,0,No,0,Mid (13-36m),0,0.013501899613389597,Low
0334-ZFJSR,Female,No,Yes,No,55,Yes,Yes,DSL,Yes,Yes,No,Yes,No,No,One year,Yes,Credit card (automatic),66.05,3462.1,1,0,No,0,Established (37-60m),1,0.010985556614708701,Low
5583-EJXRD,Male,No,Yes,Yes,44,No,No phone service,DSL,Yes,Yes,Yes,Yes,No,Yes,Two year,Yes,Credit card (automatic),54.05,2375.2,0,0,No,0,Established (37-60m),0,0.00705985720802033,Low
4565-EVZMJ,Female,No,No,No,47,Yes,No,DSL,Yes,Yes,No,Yes,No,No,One year,Yes,Mailed check,58.9,2813.05,0,0,No,0,Established (37-60m),0,0.021933572606420954,Low
3327-YBAKM,Female,No,Yes,No,64,Yes,No,Fiber optic,Yes,No,No,Yes,Yes,Yes,One year,Yes,Mailed check,96.9,6314.35,0,0,No,0,Loyal (60m+),0,0.008416475464126598,Low
9441-QHEVC,Male,No,No,No,1,Yes,No,No,No internet service,No internet service,No internet service,No internet service,No internet service,No internet service,Month-to-month,No,Mailed check,19.1,19.1,0,0,No,0,New (0-12m),0,0.42540852713184457,High
6705-LNMDD,Male,No,No,No,20,Yes,No,DSL,No,No,No,Yes,No,No,Month-to-month,No,Mailed check,50.0,1003.05,0,0,No,0,Mid (13-36m),0,0.2985688813925725,Low
2580-ASVVY,Female,No,Yes,No,37,No,No phone service,DSL,Yes,No,No,Yes,Yes,No,Two year,No,Electronic check,45.4,1593.1,0,0,No,0,Established (37-60m),0,0.027379417812677515,Low
3370-GQEAL,Male,No,Yes,Yes,30,Yes,Yes,Fiber optic,No,No,No,No,Yes,No,Month-to-month,No,Electronic check,85.45,2509.95,0,0,No,0,Mid (13-36m),0,0.4314378617686071,High
5032-USPKF,Female,No,No,No,38,Yes,Yes,DSL,Yes,Yes,Yes,No,Yes,Yes,One year,No,Bank transfer (automatic),84.1,3187.65,0,0,No,0,Established (37-60m),0,0.029376658356567126,Low
4254-QPEDE,Female,No,Yes,No,52,No,No phone service,DSL,Yes,Yes,Yes,Yes,Yes,Yes,Two year,No,Credit card (automatic),66.25,3330.1,0,0,No,0,Established (37-60m),0,0.0038110949907710304,Low
6283-GITPX,Male,No,No,Yes,71,Yes,No,DSL,Yes,Yes,Yes,Yes,Yes,No,Two year,Yes,Credit card (automatic),76.9,5522.7,3,0,No,0,Loyal (60m+),3,0.0005305254067611768,Low
0771-CHWSK,Male,No,No,No,66,Yes,Yes,DSL,Yes,Yes,Yes,No,No,Yes,Two year,Yes,Credit card (automatic),74.6,4798.4,0,0,No,0,Loyal (60m+),0,0.0012580329625410363,Low
9788-HNGUT,Male,No,Yes,No,72,Yes,Yes,Fiber optic,Yes,Yes,Yes,Yes,Yes,Yes,Two year,Yes,Credit card (automatic),116.95,8594.4,0,0,No,0,Loyal (60m+),0,0.0005717533113198169,Low
9495-REDIY,Male,No,No,Yes,25,No,No phone service,DSL,Yes,No,No,No,Yes,No,One year,Yes,Credit card (automatic),40.65,970.55,0,0,No,0,Mid (13-36m),0,0.13380382579956213,Low
5375-XLDOF,Male,No,Yes,Yes,69,Yes,Yes,Fiber optic,Yes,Yes,Yes,Yes,Yes,Yes,Two year,Yes,Bank transfer (automatic),114.35,7665.8,1,0,No,0,Loyal (60m+),1,0.0008492914546722722,Low
1172-VIYBP,Male,No,Yes,Yes,53,Yes,Yes,DSL,Yes,Yes,No,No,No,Yes,Two year,No,Bank transfer (automatic),69.7,3686.05,0,0,No,0,Established (37-60m),0,0.003143561452406232,Low
6559-PDZLR,Male,No,No,No,26,Yes,No,Fiber optic,No,No,Yes,Yes,Yes,Yes,Month-to-month,Yes,Electronic check,98.65,2537.0,0,0,No,0,Mid (13-36m),0,0.4360335513133599,High
8992-OBVDG,Male,No,No,No,21,Yes,No,DSL,No,No,Yes,No,No,Yes,Month-to-month,No,Mailed check,61.65,1393.6,0,0,No,0,Mid (13-36m),0,0.2720781757280838,Low
4273-MBHYA,Female,No,No,Yes,1,Yes,No,Fiber optic,No,No,No,No,Yes,Yes,Month-to-month,Yes,Electronic check,89.35,89.35,0,0,No,0,New (0-12m),0,0.8843126783451017,Critical
4724-WXVWF,Male,No,No,No,48,Yes,Yes,Fiber optic,Yes,No,No,Yes,No,Yes,Month-to-month,Yes,Electronic check,95.4,4445.3,0,0,No,0,Established (37-60m),0,0.12858024784066632,Low
5701-GUXDC,Female,No,Yes,No,26,No,No phone service,DSL,Yes,No,Yes,No,No,No,One year,No,Credit card (automatic),35.4,978.6,1,0,No,0,Mid (13-36m),1,0.1595373653045494,Low
1460-UZPRJ,Male,No,Yes,No,60,Yes,No,No,No internet service,No internet service,No internet service,No internet service,No internet service,No internet service,Two year,No,Mailed check,19.95,1258.15,0,0,No,0,Established (37-60m),0,0.0026765236420967383,Low
6082-GLJIX,Male,No,No,No,18,Yes,No,No,No internet service,No internet service,No internet service,No internet service,No internet service,No internet service,Month-to-month,No,Mailed check,19.25,331.35,0,0,No,0,Mid (13-36m),0,0.22515963734877045,Low
2495-TTHBQ,Female,No,No,Yes,4,Yes,No,No,No internet service,No internet service,No internet service,No internet service,No internet service,No internet service,One year,Yes,Mailed check,20.4,84.75,1,0,No,0,New (0-12m),1,0.17503634864286532,Low
0485-ZBSLN,Male,No,Yes,Yes,65,Yes,Yes,No,No internet service,No internet service,No internet service,No internet service,No internet service,No internet service,Two year,No,Credit card (automatic),24.75,1715.1,0,0,No,0,Loyal (60m+),0,0.0015382842272435842,Low
3810-PJUHR,Male,No,Yes,Yes,70,Yes,Yes,No,No internet service,No internet service,No internet service,No internet service,No internet service,No internet service,Two year,No,Mailed check,25.35,1715.15,5,0,No,0,Loyal (60m+),5,0.0011331799927122713,Low
0847-HGRML,Male,No,No,Yes,62,Yes,No,No,No internet service,No internet service,No internet service,No internet service,No internet service,No internet service,Two year,No,Bank transfer (automatic),20.0,1250.1,4,0,No,0,Loyal (60m+),4,0.0024880228414817197,Low
8232-CTLKO,Female,No,Yes,Yes,66,Yes,No,DSL,Yes,No,No,No,Yes,No,Two year,Yes,Electronic check,59.75,3996.8,0,0,No,0,Loyal (60m+),0,0.00269372404985761,Low
9227-YBAXE,Female,No,Yes,Yes,65,Yes,Yes,DSL,Yes,Yes,No,Yes,Yes,Yes,Two year,Yes,Bank transfer (automatic),82.5,5215.1,1,0,No,0,Loyal (60m+),1,0.0008059993967508515,Low
9860-LISIZ,Female,No,No,No,34,Yes,No,No,No internet service,No internet service,No internet service,No internet service,No internet service,No internet service,Month-to-month,No,Mailed check,20.35,673.2,4,0,No,0,Mid (13-36m),4,0.11407262985953819,Low
0112-QAWRZ,Male,No,Yes,Yes,16,Yes,Yes,Fiber optic,No,No,Yes,No,Yes,No,Month-to-month,Yes,Bank transfer (automatic),90.8,1442.2,0,0,No,0,Mid (13-36m),0,0.5820234148741013,High
2786-GCDPI,Female,Yes,No,No,50,Yes,Yes,Fiber optic,No,No,Yes,Yes,Yes,Yes,Month-to-month,Yes,Electronic check,104.95,5222.35,0,0,No,0,Established (37-60m),0,0.11064921478772473,Low
4043-MKDTV,Male,No,Yes,No,71,Yes,No,Fiber optic,No,Yes,Yes,Yes,Yes,Yes,Two year,Yes,Electronic check,105.25,7291.75,0,0,No,0,Loyal (60m+),0,0.0016284666001451012,Low
9229-RQABD,Male,No,No,No,18,Yes,Yes,No,No internet service,No internet service,No internet service,No internet service,No internet service,No internet service,One year,No,Mailed check,23.75,424.5,0,1,No,0,Mid (13-36m),1,0.2659516581091221,Low
8313-KTIHG,Male,No,No,No,4,Yes,No,DSL,No,No,No,Yes,Yes,No,Month-to-month,Yes,Electronic check,61.3,249.4,4,0,No,0,New (0-12m),4,0.6213987673737986,High
5320-BRKGK,Female,No,Yes,Yes,58,Yes,Yes,DSL,Yes,No,Yes,Yes,Yes,No,Two year,No,Mailed check,75.8,4415.75,0,0,No,0,Established (37-60m),0,0.0014341485394572938,Low
6284-KMNUF,Female,No,Yes,No,56,Yes,Yes,Fiber optic,Yes,No,No,No,Yes,Yes,One year,Yes,Electronic check,98.0,5270.6,1,0,No,0,Established (37-60m),1,0.03296269989264582,Low
6229-UOLQL,Male,No,Yes,Yes,56,No,No phone service,DSL,Yes,Yes,No,Yes,Yes,No,One year,Yes,Mailed check,52.0,2884.9,0,0,No,0,Established (37-60m),0,0.01128568309829434,Low
3137-LUPIX,Female,No,No,No,4,Yes,Yes,DSL,No,No,No,Yes,Yes,No,Month-to-month,Yes,Mailed check,64.4,253.0,3,0,No,0,New (0-12m),3,0.5191650539175771,High
6143-JQKEA,Male,No,No,No,10,Yes,No,DSL,No,No,No,No,No,No,Month-to-month,Yes,Credit card (automatic),45.8,436.2,0,0,No,0,New (0-12m),0,0.532682131431857,High
8676-OOQEJ,Male,No,No,No,4,No,No phone service,DSL,No,No,No,Yes,No,No,Month-to-month,No,Electronic check,30.5,118.4,0,0,No,0,New (0-12m),0,0.7206314945484656,Critical
9701-CDXHR,Female,No,Yes,No,51,Yes,No,Fiber optic,No,No,No,No,No,No,Month-to-month,No,Mailed check,69.15,3649.6,0,0,No,0,Established (37-60m),0,0.15654611124537607,Low
8124-NZVGJ,Female,No,No,No,6,No,No phone service,DSL,No,No,No,Yes,Yes,Yes,One year,Yes,Mailed check,49.25,255.6,3,0,No,0,New (0-12m),3,0.30392482549678035,Low
2162-FRZAA,Male,No,Yes,Yes,63,No,No phone service,DSL,No,Yes,Yes,Yes,No,No,Two year,No,Bank transfer (automatic),39.35,2395.05,0,0,No,0,Loyal (60m+),0,0.0035964114327493813,Low
5118-MUEYH,Female,No,Yes,No,48,Yes,Yes,Fiber optic,No,Yes,No,Yes,Yes,Yes,Month-to-month,Yes,Credit card (automatic),105.1,5083.55,2,0,No,0,Established (37-60m),2,0.06712102089683346,Low
5627-TVBPP,Female,No,No,Yes,35,Yes,No,No,No internet service,No internet service,No internet service,No internet service,No internet service,No internet service,One year,Yes,Credit card (automatic),20.1,644.5,0,0,No,0,Mid (13-36m),0,0.039490310517486624,Low
3936-QQFLL,Male,No,No,No,2,Yes,No,No,No internet service,No internet service,No internet service,No internet service,No internet service,No internet service,Month-to-month,No,Mailed check,19.75,39.3,0,0,No,0,New (0-12m),0,0.409812014971049,High
2589-AYCRP,Female,No,No,No,50,Yes,No,No,No internet service,No internet service,No internet service,No internet service,No internet service,No internet service,One year,No,Bank transfer (automatic),19.75,989.05,3,2,No,0,Established (37-60m),5,0.23471110333311043,Low
4067-HLYQI,Female,No,No,No,33,Yes,No,Fiber optic,No,No,No,No,No,No,Month-to-month,Yes,Bank transfer (automatic),70.4,2406.1,0,0,No,0,Mid (13-36m),0,0.4401310501506119,High
5124-EOGYE,Male,No,No,No,31,Yes,No,No,No internet service,No internet service,No internet service,No internet service,No internet service,No internet service,Two year,No,Mailed check,20.45,638.55,0,2,No,0,Mid (13-36m),2,0.1664289439097311,Low
5057-RKGLH,Female,No,Yes,Yes,9,Yes,No,No,No internet service,No internet service,No internet service,No internet service,No internet service,No internet service,Two year,No,Mailed check,20.35,191.1,0,0,No,0,New (0-12m),0,0.04149491093668245,Low
0292-WEGCH,Female,No,Yes,Yes,54,Yes,Yes,DSL,No,Yes,Yes,Yes,Yes,Yes,Month-to-month,Yes,Electronic check,86.2,4524.05,0,0,No,0,Established (37-60m),0,0.02206295264912659,Low
8910-ICHIU,Female,No,No,No,46,Yes,No,Fiber optic,Yes,Yes,Yes,No,Yes,No,One year,Yes,Credit card (automatic),95.65,4664.2,0,0,No,0,Established (37-60m),0,0.04652344248121436,Low
4097-YODCF,Male,No,No,Yes,34,Yes,Yes,Fiber optic,Yes,Yes,No,No,Yes,Yes,One year,Yes,Electronic check,103.8,3470.8,0,0,No,0,Mid (13-36m),0,0.12134617212327223,Low
9715-WZCLW,Male,No,Yes,Yes,71,Yes,Yes,Fiber optic,Yes,No,No,No,Yes,Yes,Two year,Yes,Electronic check,97.2,6910.3,0,0,No,0,Loyal (60m+),0,0.002158082577825184,Low
9786-YWNHU,Female,No,Yes,Yes,63,Yes,No,DSL,Yes,Yes,Yes,Yes,No,No,Two year,No,Mailed check,63.55,4014.2,0,0,No,0,Loyal (60m+),0,0.001506959460051884,Low
6407-GSJNL,Female,No,No,No,51,Yes,Yes,No,No internet service,No internet service,No internet service,No internet service,No internet service,No internet service,Two year,No,Bank transfer (automatic),24.95,1288.0,0,0,No,0,Established (37-60m),0,0.005024071562589965,Low
4049-ZPALD,Female,No,Yes,No,64,Yes,No,Fiber optic,Yes,No,Yes,No,Yes,Yes,Two year,Yes,Bank transfer (automatic),99.0,6375.8,0,0,No,0,Loyal (60m+),0,0.003163054288144501,Low
3733-UOCWF,Male,Yes,Yes,No,61,Yes,Yes,Fiber optic,No,Yes,No,Yes,No,No,One year,Yes,Bank transfer (automatic),85.55,5251.75,0,0,No,0,Loyal (60m+),0,0.0200409867154116,Low
6833-JMZYP,Female,No,No,No,15,Yes,No,Fiber optic,No,No,Yes,No,Yes,Yes,Month-to-month,Yes,Credit card (automatic),94.0,1505.45,0,0,No,0,Mid (13-36m),0,0.6360200054372429,High
1310-QRITU,Female,No,No,No,18,Yes,Yes,DSL,No,No,No,No,No,No,Month-to-month,Yes,Electronic check,50.3,913.3,0,0,No,0,Mid (13-36m),0,0.509054714362989,High
8961-QDZZJ,Female,No,Yes,Yes,57,Yes,No,Fiber optic,No,Yes,No,No,Yes,Yes,One year,Yes,Electronic check,95.0,5535.8,1,0,No,0,Established (37-60m),1,0.025943591849826503,Low
9715-SBVSU,Male,No,Yes,Yes,14,Yes,No,DSL,Yes,Yes,No,No,No,Yes,Two year,Yes,Bank transfer (automatic),61.4,815.55,0,0,No,0,Mid (13-36m),0,0.0571218554729936,Low
8490-BXHEO,Male,Yes,No,No,18,Yes,Yes,Fiber optic,No,Yes,No,No,No,No,Month-to-month,Yes,Credit card (automatic),80.55,1411.65,1,0,No,0,Mid (13-36m),1,0.6769131704881236,High
7173-TETGO,Female,Yes,Yes,No,72,Yes,Yes,Fiber optic,Yes,No,No,No,No,No,Two year,No,Bank transfer (automatic),78.5,5602.25,0,0,No,0,Loyal (60m+),0,0.004472082101089112,Low
7929-SKFGK,Male,No,Yes,No,70,Yes,Yes,Fiber optic,Yes,Yes,Yes,Yes,Yes,Yes,Two year,No,Credit card (automatic),114.3,8244.3,3,4,No,0,Loyal (60m+),7,0.1252972930329294,Low
2300-RQGOI,Female,No,No,No,38,Yes,No,No,No internet service,No internet service,No internet service,No internet service,No internet service,No internet service,Two year,No,Mailed check,20.05,741.5,0,0,No,0,Established (37-60m),0,0.010720349348537061,Low
3563-SVYLG,Male,No,Yes,Yes,68,Yes,No,DSL,Yes,Yes,Yes,Yes,No,No,Two year,No,Credit card (automatic),62.65,4375.8,0,0,No,0,Loyal (60m+),0,0.0010189472591751714,Low
6435-VWCCY,Male,Yes,Yes,No,65,Yes,Yes,Fiber optic,Yes,Yes,No,No,Yes,No,Two year,Yes,Credit card (automatic),92.7,5968.4,0,0,No,0,Loyal (60m+),0,0.003956647311797452,Low
4998-IKFSE,Female,No,No,No,30,Yes,Yes,Fiber optic,No,No,Yes,No,Yes,Yes,Month-to-month,No,Electronic check,100.45,3096.9,0,0,No,0,Mid (13-36m),0,0.41006105491137845,High
8630-QSGXK,Male,No,Yes,No,51,Yes,Yes,DSL,No,No,No,Yes,Yes,Yes,Two year,Yes,Bank transfer (automatic),75.2,3901.25,0,0,No,0,Established (37-60m),0,0.002856370910415417,Low
2455-USLMV,Female,No,No,No,31,Yes,Yes,Fiber optic,Yes,No,Yes,No,No,No,Month-to-month,Yes,Credit card (automatic),84.75,2613.4,0,0,No,0,Mid (13-36m),0,0.3861717227789489,Low
9488-FVZCC,Female,No,Yes,Yes,72,Yes,Yes,DSL,Yes,Yes,Yes,Yes,No,Yes,Two year,Yes,Bank transfer (automatic),79.5,5661.7,0,0,No,0,Loyal (60m+),0,0.000514910703377213,Low
5995-WWKKG,Female,No,No,No,37,Yes,No,No,No internet service,No internet service,No internet service,No internet service,No internet service,No internet service,One year,Yes,Electronic check,19.8,695.05,0,0,No,0,Established (37-60m),0,0.06103939526282268,Low
7879-CGSFV,Male,No,No,No,55,Yes,No,Fiber optic,Yes,Yes,No,No,Yes,Yes,One year,Yes,Mailed check,100.9,5552.05,0,0,No,0,Established (37-60m),0,0.018551209394356796,Low
9921-EZKBY,Male,No,No,Yes,33,Yes,Yes,Fiber optic,Yes,No,Yes,No,No,Yes,Month-to-month,Yes,Bank transfer (automatic),95.3,3275.15,0,0,No,0,Mid (13-36m),0,0.24950195652272644,Low
7432-FFVAR,Female,No,Yes,Yes,46,Yes,No,Fiber optic,No,No,Yes,Yes,No,Yes,One year,No,Bank transfer (automatic),90.95,4236.6,0,0,No,0,Established (37-60m),0,0.04046662533867988,Low
7246-ZGQDF,Female,No,No,Yes,1,Yes,No,DSL,Yes,No,No,Yes,No,No,Month-to-month,No,Electronic check,54.5,54.5,0,0,No,0,New (0-12m),0,0.6769911456212511,High
4456-RHSNB,Female,No,Yes,Yes,19,Yes,No,DSL,No,No,Yes,No,No,No,Month-to-month,Yes,Bank transfer (automatic),49.6,962.9,0,0,No,0,Mid (13-36m),0,0.3580675089099593,Low
2481-SBOYW,Female,No,No,Yes,61,Yes,Yes,No,No internet service,No internet service,No internet service,No internet service,No internet service,No internet service,Two year,Yes,Credit card (automatic),25.0,1498.35,0,0,No,0,Loyal (60m+),0,0.002329155336588597,Low
7109-MFBYV,Male,No,No,No,26,Yes,No,DSL,No,No,No,No,No,No,Month-to-month,No,Electronic check,45.45,1233.15,0,0,No,0,Mid (13-36m),0,0.3799585466415004,Low
1833-TCXKK,Male,No,Yes,No,45,Yes,Yes,Fiber optic,No,Yes,Yes,No,Yes,Yes,Month-to-month,Yes,Bank transfer (automatic),107.75,4882.8,2,0,No,0,Established (37-60m),2,0.09230116967825376,Low
1832-PEUTS,Male,No,Yes,Yes,62,Yes,Yes,Fiber optic,No,No,Yes,No,Yes,No,Two year,Yes,Credit card (automatic),89.1,5411.65,0,0,No,0,Loyal (60m+),0,0.004004615267227101,Low
8660-BUETV,Female,No,No,No,3,Yes,No,DSL,No,No,No,No,No,No,Month-to-month,No,Mailed check,44.75,148.05,0,0,No,0,New (0-12m),0,0.6507669311339143,High
0580-PIQHM,Female,No,Yes,Yes,41,Yes,Yes,Fiber optic,Yes,Yes,Yes,No,No,Yes,One year,Yes,Bank transfer (automatic),101.6,3930.55,0,0,No,0,Established (37-60m),0,0.05943596437724554,Low
5696-CEIQJ,Male,No,Yes,Yes,67,Yes,No,Fiber optic,No,Yes,Yes,Yes,Yes,Yes,Two year,No,Bank transfer (automatic),103.15,6895.5,0,0,No,0,Loyal (60m+),0,0.0013972927394636735,Low
1696-HXOWK,Female,No,Yes,No,71,Yes,Yes,Fiber optic,Yes,Yes,No,No,Yes,No,One year,No,Mailed check,95.65,6856.95,0,0,No,0,Loyal (60m+),0,0.006238639886946244,Low
3026-ATZYV,Female,No,Yes,Yes,37,Yes,No,DSL,Yes,Yes,No,No,Yes,Yes,One year,No,Bank transfer (automatic),75.1,2658.8,3,0,No,0,Established (37-60m),3,0.033402558191427525,Low
4012-YCFAI,Male,No,Yes,No,60,Yes,No,DSL,Yes,Yes,No,Yes,No,No,Two year,Yes,Mailed check,61.35,3766.2,0,0,No,0,Established (37-60m),0,0.0020601729439556045,Low
9970-QBCDA,Female,No,No,No,6,Yes,No,No,No internet service,No internet service,No internet service,No internet service,No internet service,No internet service,Month-to-month,No,Credit card (automatic),19.7,129.55,0,0,No,0,New (0-12m),0,0.39153599612709405,Low
9496-IVVRP,Female,No,Yes,Yes,11,Yes,No,DSL,Yes,No,No,No,No,No,Month-to-month,No,Bank transfer (automatic),51.0,581.7,0,0,No,0,New (0-12m),0,0.47836155369132793,High
2657-VPXTA,Female,No,Yes,Yes,10,Yes,No,Fiber optic,No,No,No,No,Yes,Yes,Month-to-month,Yes,Electronic check,88.85,929.45,0,0,No,0,New (0-12m),0,0.7804106973114213,Critical
6551-VLJMV,Male,No,Yes,No,34,Yes,No,No,No internet service,No internet service,No internet service,No internet service,No internet service,No internet service,Two year,No,Credit card (automatic),20.05,679.0,0,0,No,0,Mid (13-36m),0,0.012035789708435786,Low
1221-GHZEP,Female,No,No,No,62,Yes,No,DSL,Yes,No,No,Yes,No,Yes,Two year,Yes,Mailed check,65.1,3846.75,0,0,No,0,Loyal (60m+),0,0.0020165940918439695,Low
9289-LBQVU,Male,No,Yes,No,64,Yes,Yes,DSL,No,Yes,No,Yes,No,Yes,One year,Yes,Mailed check,70.15,4480.7,2,0,No,0,Loyal (60m+),2,0.00416889431047612,Low
3458-IDMFK,Male,No,No,No,25,Yes,No,No,No internet service,No internet service,No internet service,No internet service,No internet service,No internet service,Two year,Yes,Mailed check,20.75,499.4,0,0,No,0,Mid (13-36m),0,0.019568220529617174,Low
6933-FHBZC,Female,No,No,No,26,Yes,No,DSL,No,Yes,Yes,No,No,No,One year,Yes,Mailed check,56.05,1553.2,0,0,No,0,Mid (13-36m),0,0.10719767709087762,Low
0221-NAUXK,Male,No,No,Yes,10,Yes,No,No,No internet service,No internet service,No internet service,No internet service,No internet service,No internet service,One year,Yes,Bank transfer (automatic),19.95,219.5,0,0,No,0,New (0-12m),0,0.1346168906390488,Low
9770-KXGQU,Female,No,No,No,53,Yes,Yes,Fiber optic,Yes,Yes,Yes,No,Yes,No,One year,No,Mailed check,98.6,5311.85,0,0,No,0,Established (37-60m),0,0.024918086540351752,Low
6538-POCHL,Male,No,No,No,33,Yes,No,Fiber optic,No,Yes,Yes,No,No,No,Month-to-month,Yes,Credit card (automatic),79.0,2576.8,0,0,No,0,Mid (13-36m),0,0.3618050011585731,Low
6726-NNFWD,Female,Yes,Yes,No,71,Yes,No,Fiber optic,No,Yes,Yes,No,No,Yes,Two year,No,Credit card (automatic),89.45,6435.25,0,0,No,0,Loyal (60m+),0,0.0029105857593461986,Low
3002-WQZWT,Female,No,No,No,29,Yes,Yes,Fiber optic,No,No,No,No,No,No,Month-to-month,Yes,Electronic check,74.2,1993.25,0,0,No,0,Mid (13-36m),0,0.5974377616237059,High
4277-UDIEF,Male,No,Yes,Yes,24,Yes,Yes,DSL,Yes,No,No,Yes,Yes,Yes,Month-to-month,No,Bank transfer (automatic),81.0,1923.85,2,0,No,0,Mid (13-36m),2,0.13520295212699213,Low
1208-NBVFH,Male,No,Yes,Yes,20,Yes,No,DSL,No,No,Yes,No,No,No,Month-to-month,Yes,Electronic check,49.6,939.8,3,0,No,0,Mid (13-36m),3,0.4098933800711494,High
4912-PIGUY,Female,No,No,No,1,Yes,Yes,Fiber optic,No,No,No,No,Yes,No,Month-to-month,Yes,Electronic check,84.6,84.6,0,0,No,0,New (0-12m),0,0.9046117586594902,Critical
2725-TTRIQ,Female,No,Yes,Yes,72,Yes,Yes,DSL,Yes,No,Yes,Yes,Yes,Yes,Two year,Yes,Bank transfer (automatic),84.2,5986.55,2,0,No,0,Loyal (60m+),2,0.00043503176184146806,Low
3374-TTZTK,Male,No,Yes,No,52,Yes,No,Fiber optic,Yes,Yes,Yes,Yes,Yes,Yes,Two year,Yes,Electronic check,106.3,5487.0,4,5,No,0,Established (37-60m),9,0.8430361626125876,Critical
8990-ZXLSU,Female,No,No,No,9,Yes,No,Fiber optic,No,No,No,No,No,No,Month-to-month,No,Electronic check,69.05,651.5,0,0,No,0,New (0-12m),0,0.8675787323766712,Critical
2275-RBYQS,Female,No,No,No,1,Yes,No,DSL,No,No,No,No,No,No,Month-to-month,Yes,Mailed check,45.4,45.4,0,0,No,0,New (0-12m),0,0.6781137492925465,High
4419-UJMUS,Male,No,Yes,Yes,69,Yes,Yes,Fiber optic,No,No,No,Yes,Yes,Yes,Two year,Yes,Electronic check,99.35,6856.45,1,0,No,0,Loyal (60m+),1,0.0019249036302574115,Low
7794-JASDG,Male,No,No,No,1,Yes,No,DSL,Yes,No,No,No,No,No,Month-to-month,Yes,Mailed check,50.75,50.75,0,0,No,0,New (0-12m),0,0.6405105737215739,High
7609-YBPXG,Male,No,No,No,54,Yes,Yes,DSL,Yes,No,Yes,Yes,Yes,Yes,Two year,No,Bank transfer (automatic),87.1,4735.2,3,0,No,0,Established (37-60m),3,0.0017008027874287172,Low
5519-TEEUH,Male,No,No,Yes,33,Yes,No,No,No internet service,No internet service,No internet service,No internet service,No internet service,No internet service,One year,Yes,Mailed check,20.15,682.15,0,0,No,0,Mid (13-36m),0,0.037151646147180487,Low
7856-GANIL,Male,Yes,Yes,No,45,Yes,Yes,Fiber optic,No,Yes,Yes,Yes,Yes,No,One year,Yes,Bank transfer (automatic),98.7,4525.8,0,0,No,0,Established (37-60m),0,0.04543928905277359,Low
0804-XBFBV,Female,No,No,Yes,11,No,No phone service,DSL,No,No,No,No,No,No,Month-to-month,No,Electronic check,25.2,321.05,0,0,No,0,New (0-12m),0,0.6801938187001252,High
2676-OXPPQ,Male,No,No,No,6,Yes,No,DSL,Yes,Yes,No,No,No,No,Month-to-month,Yes,Bank transfer (automatic),55.7,335.65,0,0,No,0,New (0-12m),0,0.5719789714095441,High
3703-TTEPD,Male,No,No,No,21,Yes,No,DSL,Yes,No,Yes,No,Yes,No,Month-to-month,No,Bank transfer (automatic),65.35,1424.4,0,0,No,0,Mid (13-36m),0,0.28340887610073046,Low
2799-TSLAG,Female,No,Yes,Yes,65,Yes,Yes,No,No internet service,No internet service,No internet service,No internet service,No internet service,No internet service,Two year,Yes,Bank transfer (automatic),25.3,1748.55,1,0,No,0,Loyal (60m+),1,0.0017665329746496413,Low
2208-NKVVH,Male,No,Yes,Yes,43,Yes,Yes,No,No internet service,No internet service,No internet service,No internet service,No internet service,No internet service,Two year,No,Mailed check,24.25,1077.95,0,0,No,0,Established (37-60m),0,0.0052797680236272276,Low
7139-JZFVG,Male,No,Yes,Yes,60,Yes,No,DSL,Yes,Yes,Yes,No,No,No,Two year,No,Bank transfer (automatic),60.5,3694.45,0,0,No,0,Established (37-60m),0,0.0025174499624903302,Low
4987-GQWPO,Male,No,No,No,17,No,No phone service,DSL,No,No,No,No,No,No,Month-to-month,No,Credit card (automatic),25.1,382.8,0,0,No,0,Mid (13-36m),0,0.5202880179079089,High
1757-TCATG,Male,No,Yes,Yes,35,Yes,No,No,No internet service,No internet service,No internet service,No internet service,No internet service,No internet service,One year,No,Bank transfer (automatic),20.05,746.75,0,0,No,0,Mid (13-36m),0,0.035074816260646034,Low
4776-XSKYQ,Female,No,Yes,Yes,12,No,No phone service,DSL,No,No,No,Yes,No,No,One year,No,Credit card (automatic),30.25,368.85,0,0,No,0,New (0-12m),0,0.2569717633689039,Low
8048-DSDFQ,Male,No,No,No,1,Yes,No,No,No internet service,No internet service,No internet service,No internet service,No internet service,No internet service,Month-to-month,No,Mailed check,20.2,20.2,0,0,No,0,New (0-12m),0,0.42175181757207836,High
5753-QQWPW,Female,No,No,No,28,Yes,No,DSL,Yes,Yes,No,Yes,No,No,One year,Yes,Electronic check,59.9,1654.7,0,0,No,0,Mid (13-36m),0,0.11587380713790074,Low
6010-DDPPW,Male,No,Yes,No,70,Yes,Yes,No,No internet service,No internet service,No internet service,No internet service,No internet service,No internet service,Two year,No,Bank transfer (automatic),25.15,1940.85,0,0,No,0,Loyal (60m+),0,0.0013775950135046042,Low
6693-FRIRW,Male,No,No,No,18,Yes,No,Fiber optic,No,Yes,Yes,No,Yes,Yes,Month-to-month,No,Credit card (automatic),101.3,1794.65,0,0,No,0,Mid (13-36m),0,0.5312619650315421,High
6586-MYGKD,Male,No,Yes,No,70,Yes,Yes,DSL,Yes,No,No,Yes,Yes,Yes,Two year,Yes,Credit card (automatic),76.95,5289.8,0,0,No,0,Loyal (60m+),0,0.0006593362742352853,Low
3173-NVMPX,Female,No,Yes,Yes,9,Yes,Yes,DSL,No,Yes,No,No,No,No,Month-to-month,Yes,Mailed check,55.3,501.2,0,0,No,0,New (0-12m),0,0.4662085769451115,High
0248-PGHBZ,Female,Yes,No,No,67,Yes,No,Fiber optic,Yes,Yes,No,Yes,Yes,No,Two year,Yes,Bank transfer (automatic),92.45,6140.85,0,0,No,0,Loyal (60m+),0,0.0034498284356674343,Low
0623-GDISB,Female,No,No,No,1,Yes,No,DSL,Yes,No,No,No,No,No,Month-to-month,Yes,Bank transfer (automatic),48.45,48.45,0,0,No,0,New (0-12m),0,0.6940910526796517,High
2892-GESUL,Female,No,Yes,Yes,18,Yes,No,No,No internet service,No internet service,No internet service,No internet service,No internet service,No internet service,Two year,No,Mailed check,19.35,309.25,0,0,No,0,Mid (13-36m),0,0.02646348548256166,Low
7472-EQOAV,Male,Yes,Yes,Yes,71,Yes,No,Fiber optic,Yes,Yes,Yes,No,No,No,One year,Yes,Bank transfer (automatic),86.7,6179.35,0,0,No,0,Loyal (60m+),0,0.009501637858606965,Low
2043-WVTQJ,Male,No,Yes,No,1,Yes,No,DSL,Yes,No,Yes,No,No,No,Month-to-month,No,Mailed check,55.7,55.7,0,0,No,0,New (0-12m),0,0.6111989831875583,High
8034-RYTVV,Female,No,No,No,55,Yes,Yes,Fiber optic,Yes,No,Yes,No,No,No,One year,Yes,Credit card (automatic),84.25,4589.85,0,0,No,0,Established (37-60m),0,0.03611047733245437,Low
3863-QSTYI,Male,No,No,No,59,Yes,No,DSL,No,No,Yes,Yes,Yes,No,Month-to-month,Yes,Electronic check,64.65,3735.45,0,0,No,0,Established (37-60m),0,0.03299842512300862,Low
5044-LRQAQ,Female,No,Yes,No,7,Yes,No,Fiber optic,No,No,No,No,No,No,Month-to-month,Yes,Bank transfer (automatic),69.2,477.55,0,0,No,0,New (0-12m),0,0.8346786393399813,Critical
1716-LSAMB,Male,No,Yes,Yes,45,Yes,No,DSL,Yes,No,No,Yes,No,No,Two year,No,Bank transfer (automatic),54.65,2553.7,0,0,No,0,Established (37-60m),0,0.006697266585838539,Low
1333-PBMXB,Female,No,Yes,Yes,54,Yes,Yes,No,No internet service,No internet service,No internet service,No internet service,No internet service,No internet service,One year,Yes,Bank transfer (automatic),24.75,1342.15,4,0,No,0,Established (37-60m),4,0.012057667971798266,Low
6546-OPBBH,Male,No,Yes,Yes,51,Yes,Yes,No,No internet service,No internet service,No internet service,No internet service,No internet service,No internet service,One year,Yes,Mailed check,23.95,1216.35,0,0,No,0,Established (37-60m),0,0.011915711159098074,Low
5985-BEHZK,Female,Yes,Yes,No,72,Yes,Yes,Fiber optic,No,Yes,Yes,No,Yes,Yes,One year,No,Credit card (automatic),105.0,7578.05,0,0,No,0,Loyal (60m+),0,0.0054182531565097,Low
9127-QRZMH,Male,No,Yes,No,44,Yes,No,DSL,Yes,Yes,No,Yes,No,No,One year,Yes,Bank transfer (automatic),59.85,2603.95,0,0,No,0,Established (37-60m),0,0.025782263975198366,Low
5919-VCZYM,Male,No,No,No,2,Yes,No,No,No internet service,No internet service,No internet service,No internet service,No internet service,No internet service,Month-to-month,No,Mailed check,20.05,42.7,0,0,No,0,New (0-12m),0,0.408579546391315,High
9644-KVCNC,Female,No,No,No,66,Yes,Yes,Fiber optic,No,No,Yes,No,Yes,No,One year,Yes,Bank transfer (automatic),92.15,6056.9,0,0,No,0,Loyal (60m+),0,0.012809712297127135,Low
2137-DQMEV,Male,No,Yes,Yes,68,No,No phone service,DSL,Yes,Yes,No,No,Yes,No,One year,No,Mailed check,44.8,2983.65,0,0,No,0,Loyal (60m+),0,0.008204895283309676,Low
8174-LNWMW,Female,No,No,No,31,Yes,No,No,No internet service,No internet service,No internet service,No internet service,No internet service,No internet service,Two year,No,Credit card (automatic),20.9,689.35,0,0,No,0,Mid (13-36m),0,0.015933974324143858,Low
9279-CJEOJ,Female,Yes,No,No,21,Yes,Yes,Fiber optic,No,No,No,No,Yes,Yes,Month-to-month,Yes,Bank transfer (automatic),95.4,2025.1,0,0,No,0,Mid (13-36m),0,0.5870758813497415,High
7964-VEXDG,Male,No,No,Yes,21,Yes,Yes,Fiber optic,Yes,No,No,No,No,No,Month-to-month,No,Electronic check,80.35,1747.2,0,0,No,0,Mid (13-36m),0,0.6315794734612771,High
2404-JIBFC,Female,No,Yes,Yes,55,Yes,Yes,DSL,Yes,No,Yes,Yes,Yes,Yes,Two year,Yes,Bank transfer (automatic),85.1,4657.95,0,0,No,0,Established (37-60m),0,0.0015221498684131539,Low
8029-XYPWT,Male,Yes,Yes,No,71,Yes,Yes,Fiber optic,Yes,Yes,Yes,Yes,Yes,Yes,Two year,Yes,Bank transfer (automatic),115.05,8016.6,0,3,No,0,Loyal (60m+),3,0.04875740157973663,Low
4632-PAOYU,Male,No,Yes,Yes,22,Yes,No,No,No internet service,No internet service,No internet service,No internet service,No internet service,No internet service,One year,No,Mailed check,19.95,433.5,0,0,No,0,Mid (13-36m),0,0.06350888889796003,Low
2990-OGYTD,Female,No,Yes,No,67,Yes,Yes,DSL,No,Yes,Yes,Yes,Yes,Yes,Two year,No,Bank transfer (automatic),86.15,5883.85,0,0,No,0,Loyal (60m+),0,0.0006508531250303912,Low
6646-JPPHA,Female,Yes,No,No,14,Yes,No,Fiber optic,Yes,Yes,No,No,No,No,Month-to-month,No,Electronic check,78.85,1043.8,0,0,No,0,Mid (13-36m),0,0.8306513871446763,Critical
7658-UYUQS,Male,Yes,Yes,No,21,Yes,No,Fiber optic,No,No,Yes,No,Yes,No,Month-to-month,No,Bank transfer (automatic),86.55,1857.25,0,0,No,0,Mid (13-36m),0,0.5919035470690253,High
7880-XSOJX,Male,No,No,No,4,No,No phone service,DSL,Yes,Yes,No,Yes,No,No,Month-to-month,No,Mailed check,42.4,146.4,0,0,No,0,New (0-12m),0,0.5766890003003918,High
4589-IUAJB,Male,No,Yes,No,70,Yes,Yes,No,No internet service,No internet service,No internet service,No internet service,No internet service,No internet service,Two year,No,Bank transfer (automatic),24.25,1724.15,0,0,No,0,Loyal (60m+),0,0.0014963411429710755,Low
8746-BFOAJ,Male,Yes,No,No,21,Yes,No,No,No internet service,No internet service,No internet service,No internet service,No internet service,No internet service,One year,No,Bank transfer (automatic),20.5,429.55,0,0,No,0,Mid (13-36m),0,0.10811877251094218,Low
8457-XIGKN,Male,No,No,No,20,Yes,No,No,No internet service,No internet service,No internet service,No internet service,No internet service,No internet service,Month-to-month,Yes,Credit card (automatic),19.6,356.15,0,0,No,0,Mid (13-36m),0,0.215380271604847,Low
6072-NUQCB,Male,No,Yes,Yes,22,Yes,No,No,No internet service,No internet service,No internet service,No internet service,No internet service,No internet service,One year,No,Bank transfer (automatic),20.25,488.25,0,0,No,0,Mid (13-36m),0,0.06932399770646863,Low
8838-GPHZP,Female,No,No,No,63,Yes,No,No,No internet service,No internet service,No internet service,No internet service,No internet service,No internet service,Two year,Yes,Mailed check,20.6,1298.7,0,0,No,0,Loyal (60m+),0,0.0026340333960879992,Low
8750-QWZAJ,Female,No,Yes,Yes,70,Yes,No,No,No internet service,No internet service,No internet service,No internet service,No internet service,No internet service,Two year,No,Bank transfer (automatic),19.8,1378.75,0,0,No,0,Loyal (60m+),0,0.00167971745223522,Low
6918-UMQCG,Female,No,No,No,5,Yes,No,Fiber optic,No,No,No,No,Yes,No,Month-to-month,No,Electronic check,80.2,384.25,4,0,No,0,New (0-12m),4,0.8823100711439156,Critical
0675-NCDYU,Female,No,Yes,Yes,72,Yes,Yes,Fiber optic,Yes,Yes,Yes,Yes,Yes,Yes,Two year,Yes,Credit card (automatic),116.4,8543.25,0,0,No,0,Loyal (60m+),0,0.0005536275186351639,Low
6339-DKLMK,Female,No,No,No,13,No,No phone service,DSL,No,Yes,No,No,No,No,Month-to-month,Yes,Electronic check,31.65,389.95,0,0,No,0,Mid (13-36m),0,0.6680996823829694,High
1346-PJWTK,Male,No,Yes,No,61,Yes,No,Fiber optic,No,Yes,Yes,Yes,No,Yes,Month-to-month,No,Credit card (automatic),94.15,5731.85,0,0,No,0,Loyal (60m+),0,0.031416460555240625,Low
5088-QZLRL,Male,No,No,No,1,Yes,No,No,No internet service,No internet service,No internet service,No internet service,No internet service,No internet service,Month-to-month,No,Electronic check,20.65,20.65,0,0,No,0,New (0-12m),0,0.5372812862490326,High
8023-QHAIO,Female,Yes,Yes,No,56,Yes,Yes,Fiber optic,No,No,No,Yes,No,No,Month-to-month,Yes,Bank transfer (automatic),76.85,4275.75,0,0,No,0,Established (37-60m),0,0.1083374058542272,Low
4397-FRLTA,Female,No,No,No,4,Yes,No,No,No internet service,No internet service,No internet service,No internet service,No internet service,No internet service,Month-to-month,No,Mailed check,20.15,84.5,0,0,No,0,New (0-12m),0,0.40421709655793825,High
3057-VJJQE,Male,No,No,No,35,Yes,Yes,DSL,Yes,No,No,No,No,No,Two year,No,Mailed check,55.25,1924.1,0,0,No,0,Mid (13-36m),0,0.017669272641036262,Low
2302-OUZXB,Male,No,Yes,No,72,Yes,Yes,DSL,No,Yes,Yes,No,Yes,Yes,Two year,No,Bank transfer (automatic),82.15,5784.3,0,0,No,0,Loyal (60m+),0,0.0006178569548439677,Low
8133-ANHHJ,Female,Yes,No,No,49,Yes,Yes,Fiber optic,Yes,Yes,Yes,Yes,No,Yes,One year,No,Bank transfer (automatic),103.0,5166.2,0,0,No,0,Established (37-60m),0,0.03375087690537781,Low
2270-CHBFN,Female,No,Yes,No,44,Yes,Yes,Fiber optic,Yes,Yes,Yes,Yes,No,No,Month-to-month,Yes,Credit card (automatic),95.1,4060.55,0,0,No,0,Established (37-60m),0,0.12250817083899304,Low
5982-FPVQN,Female,No,Yes,Yes,37,Yes,Yes,Fiber optic,No,Yes,Yes,No,No,Yes,Month-to-month,Yes,Electronic check,95.15,3532.85,0,0,No,0,Established (37-60m),0,0.27153709614510546,Low
9107-UKCKY,Male,No,Yes,No,61,Yes,Yes,DSL,No,Yes,Yes,No,Yes,Yes,One year,Yes,Electronic check,79.8,4914.8,0,0,No,0,Loyal (60m+),0,0.007196870941747846,Low
4654-ULTTN,Male,No,Yes,No,70,Yes,Yes,DSL,Yes,No,Yes,Yes,No,Yes,Two year,Yes,Credit card (automatic),74.8,5315.8,0,0,No,0,Loyal (60m+),0,0.0006726938726630867,Low
5546-BYZSM,Female,No,No,No,41,Yes,No,No,No internet service,No internet service,No internet service,No internet service,No internet service,No internet service,Month-to-month,No,Electronic check,20.45,775.6,0,0,No,0,Established (37-60m),0,0.12392950062147452,Low
1492-KGETH,Male,No,Yes,Yes,70,Yes,Yes,DSL,Yes,Yes,Yes,Yes,No,Yes,One year,No,Bank transfer (automatic),78.35,5445.95,0,2,No,0,Loyal (60m+),2,0.02682468283000435,Low
4163-HFTUK,Male,No,No,No,51,Yes,No,No,No internet service,No internet service,No internet service,No internet service,No internet service,No internet service,One year,No,Electronic check,19.1,1007.8,0,1,No,0,Established (37-60m),1,0.09224866395968281,Low
8215-NGSPE,Female,No,Yes,Yes,42,Yes,No,No,No internet service,No internet service,No internet service,No internet service,No internet service,No internet service,Two year,No,Mailed check,20.0,833.55,0,0,No,0,Established (37-60m),0,0.006973647272846328,Low
8859-YSTWS,Male,No,No,No,48,Yes,No,No,No internet service,No internet service,No internet service,No internet service,No internet service,No internet service,One year,No,Bank transfer (automatic),19.95,1004.5,0,0,No,0,Established (37-60m),0,0.021367001815819037,Low
7601-DHFWZ,Female,No,No,No,48,Yes,Yes,No,No internet service,No internet service,No internet service,No internet service,No internet service,No internet service,Two year,No,Credit card (automatic),24.0,1183.05,0,3,No,0,Established (37-60m),3,0.23142023333095862,Low
1998-VHJHK,Female,No,No,No,27,Yes,No,No,No internet service,No internet service,No internet service,No internet service,No internet service,No internet service,One year,No,Mailed check,19.15,501.35,0,0,No,0,Mid (13-36m),0,0.06639152987654007,Low
1707-HABPF,Female,Yes,No,No,46,Yes,No,Fiber optic,No,Yes,Yes,No,Yes,No,One year,Yes,Bank transfer (automatic),91.3,4126.35,0,0,No,0,Established (37-60m),0,0.07509592481111574,Low
0487-VVUVK,Male,No,Yes,Yes,25,Yes,No,No,No internet service,No internet service,No internet service,No internet service,No internet service,No internet service,Month-to-month,Yes,Mailed check,19.15,477.6,0,0,No,0,Mid (13-36m),0,0.13783806634157308,Low
5063-IUOKK,Male,No,No,No,13,Yes,No,No,No internet service,No internet service,No internet service,No internet service,No internet service,No internet service,Two year,No,Mailed check,19.75,265.75,3,0,No,0,Mid (13-36m),3,0.03777106507869931,Low
4508-OEBEY,Male,No,Yes,No,31,Yes,No,DSL,Yes,Yes,Yes,Yes,No,Yes,One year,Yes,Credit card (automatic),75.5,2424.45,0,0,No,0,Mid (13-36m),0,0.038874688300276156,Low
0027-KWYKW,Female,No,Yes,Yes,23,Yes,Yes,Fiber optic,No,No,No,No,Yes,No,Month-to-month,Yes,Electronic check,83.75,1849.95,0,0,No,0,Mid (13-36m),0,0.5985212564205045,High
2308-STERM,Female,No,No,No,2,Yes,No,No,No internet service,No internet service,No internet service,No internet service,No internet service,No internet service,Month-to-month,No,Mailed check,19.4,61.05,0,0,No,0,New (0-12m),0,0.432291563315188,High
5982-XMDEX,Female,No,No,No,65,Yes,Yes,No,No internet service,No internet service,No internet service,No internet service,No internet service,No internet service,Two year,No,Bank transfer (automatic),26.5,1698.55,1,0,No,0,Loyal (60m+),1,0.002176671333976538,Low
6051-PTVNS,Female,No,Yes,Yes,55,Yes,No,No,No internet service,No internet service,No internet service,No internet service,No internet service,No internet service,One year,No,Credit card (automatic),19.15,998.1,0,0,No,0,Established (37-60m),0,0.012995720252863538,Low
2877-VDUER,Female,No,Yes,Yes,35,No,No phone service,DSL,No,No,No,Yes,Yes,No,One year,No,Mailed check,40.9,1383.6,0,0,No,0,Mid (13-36m),0,0.06220236436581336,Low
9152-AMKAK,Male,No,No,No,6,Yes,No,DSL,Yes,No,Yes,Yes,Yes,Yes,Two year,Yes,Mailed check,80.25,493.4,0,0,No,0,New (0-12m),0,0.06500267619617621,Low
9432-VOFYX,Male,No,No,No,17,Yes,No,Fiber optic,No,No,No,No,No,No,Month-to-month,Yes,Electronic check,70.8,1207.0,0,0,No,0,Mid (13-36m),0,0.7665675153576397,Critical
8049-WJCLQ,Male,No,Yes,Yes,10,Yes,No,DSL,No,No,Yes,No,Yes,No,Month-to-month,No,Mailed check,60.2,563.5,0,0,No,0,New (0-12m),0,0.40988561408164587,High
6586-PSJOX,Male,No,No,Yes,15,Yes,No,DSL,No,No,Yes,Yes,No,No,One year,No,Credit card (automatic),55.2,864.55,0,0,No,0,Mid (13-36m),0,0.14945211039473263,Low
9705-ZJBCG,Female,No,Yes,Yes,13,Yes,No,DSL,Yes,No,No,Yes,No,No,One year,No,Bank transfer (automatic),54.15,701.05,0,0,No,0,Mid (13-36m),0,0.18622571900703888,Low
6847-KJLTS,Female,Yes,Yes,No,58,Yes,Yes,Fiber optic,No,No,No,Yes,Yes,Yes,Month-to-month,Yes,Bank transfer (automatic),100.4,5749.8,0,0,No,0,Established (37-60m),0,0.0474053399749219,Low
9670-BPNXF,Female,No,No,No,45,Yes,No,DSL,Yes,Yes,No,Yes,No,No,One year,Yes,Credit card (automatic),62.55,2796.45,4,0,No,0,Established (37-60m),4,0.02438131686470879,Low
3913-FCUUW,Female,No,Yes,Yes,72,Yes,Yes,DSL,Yes,Yes,Yes,Yes,No,No,Two year,Yes,Bank transfer (automatic),70.45,5165.7,0,0,No,0,Loyal (60m+),0,0.0006828232495588035,Low
3301-VKTGC,Male,No,Yes,Yes,68,Yes,Yes,Fiber optic,Yes,Yes,No,No,No,No,One year,Yes,Bank transfer (automatic),85.5,5696.6,5,0,No,0,Loyal (60m+),5,0.010563083237930258,Low
9555-SAHUZ,Female,No,Yes,Yes,38,Yes,No,DSL,Yes,Yes,No,No,No,No,Month-to-month,No,Electronic check,54.5,2076.05,0,0,No,0,Established (37-60m),0,0.16989923181481023,Low
0816-TSPHQ,Male,No,No,No,2,Yes,No,No,No internet service,No internet service,No internet service,No internet service,No internet service,No internet service,Month-to-month,No,Mailed check,20.75,44.2,0,0,No,0,New (0-12m),0,0.40621547072177494,High
9932-WBWIK,Male,No,No,No,11,Yes,No,No,No internet service,No internet service,No internet service,No internet service,No internet service,No internet service,Month-to-month,No,Mailed check,20.35,215.25,0,0,No,0,New (0-12m),0,0.2951991443577366,Low
4619-EVPHY,Female,Yes,Yes,No,20,Yes,No,Fiber optic,No,No,No,No,Yes,Yes,One year,Yes,Bank transfer (automatic),91.0,1859.5,0,0,No,0,Mid (13-36m),0,0.3652843137313385,Low
5286-YHCVC,Male,No,Yes,No,72,Yes,Yes,Fiber optic,No,Yes,Yes,No,Yes,Yes,Two year,Yes,Bank transfer (automatic),104.8,7470.1,5,0,No,0,Loyal (60m+),5,0.0012621216191033278,Low
9115-YQHGA,Male,No,No,No,40,Yes,No,DSL,No,No,No,Yes,No,No,Month-to-month,Yes,Electronic check,51.1,2092.9,0,0,No,0,Established (37-60m),0,0.15036311565808425,Low
4462-CYWMH,Male,Yes,Yes,No,62,Yes,Yes,Fiber optic,No,Yes,No,No,No,Yes,Month-to-month,Yes,Bank transfer (automatic),89.8,5629.55,0,0,No,0,Loyal (60m+),0,0.05170297407454581,Low
8963-MQVYN,Female,No,No,Yes,22,Yes,No,No,No internet service,No internet service,No internet service,No internet service,No internet service,No internet service,Month-to-month,Yes,Electronic check,20.55,469.85,5,0,No,0,Mid (13-36m),5,0.25367312817299914,Low
2458-EOMRE,Female,No,No,No,11,Yes,No,DSL,Yes,No,Yes,No,No,Yes,Month-to-month,No,Bank transfer (automatic),64.05,733.95,0,0,No,0,New (0-12m),0,0.47477025377442594,High
9334-GWGOW,Male,Yes,Yes,No,7,Yes,Yes,Fiber optic,No,No,No,No,No,No,Month-to-month,Yes,Electronic check,74.85,485.25,0,0,No,0,New (0-12m),0,0.8824380739346523,Critical
6542-LWGXJ,Male,No,Yes,No,3,No,No phone service,DSL,No,No,No,No,No,No,Month-to-month,No,Mailed check,25.0,78.25,0,0,No,0,New (0-12m),0,0.680299911805979,High
5567-GZKQY,Male,No,No,No,58,Yes,No,No,No internet service,No internet service,No internet service,No internet service,No internet service,No internet service,Two year,No,Credit card (automatic),20.3,1131.5,0,1,No,0,Established (37-60m),1,0.012670885203954575,Low
1222-LRYKO,Male,No,No,Yes,6,Yes,Yes,No,No internet service,No internet service,No internet service,No internet service,No internet service,No internet service,Month-to-month,No,Mailed check,26.35,184.05,0,0,No,0,New (0-12m),0,0.3002109611826771,Low
2087-QAREY,Female,No,Yes,No,22,Yes,No,DSL,No,Yes,Yes,No,No,No,Month-to-month,Yes,Mailed check,54.7,1178.75,0,0,No,0,Mid (13-36m),0,0.30289702637813,Low
4423-JWZJN,Male,No,Yes,Yes,64,Yes,Yes,Fiber optic,No,No,Yes,No,No,Yes,One year,No,Credit card (automatic),90.25,5629.15,0,0,No,0,Loyal (60m+),0,0.011573446232008304,Low
6490-FGZAT,Male,No,No,No,6,Yes,No,No,No internet service,No internet service,No internet service,No internet service,No internet service,No internet service,Month-to-month,No,Mailed check,20.65,109.3,0,0,No,0,New (0-12m),0,0.3554530598840494,Low
7452-FOLON,Male,No,No,Yes,39,Yes,Yes,No,No internet service,No internet service,No internet service,No internet service,No internet service,No internet service,One year,No,Bank transfer (automatic),25.45,958.45,0,0,No,0,Established (37-60m),0,0.02677177967323092,Low
2320-TZRRH,Female,No,No,No,20,Yes,No,No,No internet service,No internet service,No internet service,No internet service,No internet service,No internet service,One year,No,Mailed check,19.5,403.15,0,0,No,0,Mid (13-36m),0,0.09331696745508863,Low
4942-VZZOM,Male,No,Yes,No,64,Yes,Yes,DSL,Yes,No,No,No,Yes,No,One year,Yes,Credit card (automatic),66.15,4392.5,0,0,No,0,Loyal (60m+),0,0.005829677489863405,Low
7502-BNYGS,Female,No,Yes,No,46,Yes,No,DSL,No,Yes,No,No,Yes,Yes,Month-to-month,Yes,Credit card (automatic),69.1,3168.0,0,0,No,0,Established (37-60m),0,0.05759353523137617,Low
4291-HYEBC,Female,Yes,Yes,Yes,28,No,No phone service,DSL,No,Yes,No,No,No,Yes,One year,Yes,Electronic check,39.1,1096.6,4,0,No,0,Mid (13-36m),4,0.20307712688811055,Low
6147-CBCRA,Female,No,Yes,No,33,Yes,No,No,No internet service,No internet service,No internet service,No internet service,No internet service,No internet service,Month-to-month,No,Mailed check,20.05,669.45,0,0,No,0,Mid (13-36m),0,0.11369661692470268,Low
6047-SUHPR,Male,No,Yes,Yes,39,Yes,No,DSL,Yes,Yes,Yes,No,No,No,One year,No,Electronic check,59.8,2343.85,0,0,No,0,Established (37-60m),0,0.05235344390879279,Low
9752-ZNQUT,Female,No,No,No,1,Yes,No,DSL,No,Yes,No,No,No,No,Month-to-month,Yes,Electronic check,48.6,48.6,0,0,No,0,New (0-12m),0,0.7636261104454185,Critical
1576-PFZIW,Male,Yes,Yes,No,70,Yes,No,Fiber optic,Yes,Yes,Yes,No,Yes,Yes,Two year,No,Credit card (automatic),105.35,7511.9,0,0,No,0,Loyal (60m+),0,0.0015850566000263308,Low
5666-MBJPT,Male,No,No,No,65,Yes,Yes,No,No internet service,No internet service,No internet service,No internet service,No internet service,No internet service,Two year,Yes,Bank transfer (automatic),25.1,1725.0,0,0,No,0,Loyal (60m+),0,0.002000177529837291,Low
7312-XSBAT,Male,No,No,No,1,Yes,No,DSL,Yes,No,No,No,No,No,Month-to-month,No,Electronic check,49.75,49.75,2,0,No,0,New (0-12m),2,0.7431320326176223,Critical
3096-GKWEB,Male,No,Yes,No,18,Yes,Yes,Fiber optic,No,No,No,No,Yes,Yes,Month-to-month,Yes,Electronic check,94.75,1691.9,0,0,No,0,Mid (13-36m),0,0.646920346041169,High
2371-JQHZZ,Male,No,Yes,No,24,Yes,Yes,Fiber optic,No,No,No,No,Yes,Yes,Month-to-month,Yes,Electronic check,93.0,2248.05,4,0,No,0,Mid (13-36m),4,0.5383287824172364,High
0674-GCDXG,Male,No,No,No,63,Yes,Yes,DSL,Yes,No,Yes,Yes,No,Yes,Two year,Yes,Bank transfer (automatic),71.9,4479.2,0,0,No,0,Loyal (60m+),0,0.0014578879805360418,Low
1121-QSIVB,Female,No,No,Yes,44,Yes,Yes,DSL,No,Yes,No,No,Yes,Yes,One year,Yes,Mailed check,77.55,3471.1,0,3,No,0,Established (37-60m),3,0.4733472148548757,High
4396-KLSEH,Male,No,No,No,4,Yes,No,No,No internet service,No internet service,No internet service,No internet service,No internet service,No internet service,Month-to-month,Yes,Electronic check,19.85,63.0,0,0,No,0,New (0-12m),0,0.4998779997262466,High
2824-MYYBN,Female,No,Yes,Yes,37,Yes,Yes,Fiber optic,No,No,No,No,Yes,Yes,Month-to-month,Yes,Electronic check,95.25,3314.15,0,0,No,0,Established (37-60m),0,0.2856369195088773,Low
6345-HOVES,Male,No,No,No,34,No,No phone service,DSL,No,No,No,No,No,No,Month-to-month,Yes,Bank transfer (automatic),25.05,852.7,3,0,No,0,Mid (13-36m),3,0.3013678198942058,Low
8318-LCNBW,Male,No,Yes,No,35,No,No phone service,DSL,Yes,No,Yes,No,Yes,Yes,One year,No,Credit card (automatic),53.15,1930.9,0,0,No,0,Mid (13-36m),0,0.060449760540723395,Low
6469-QJKZW,Female,No,Yes,No,4,Yes,No,No,No internet service,No internet service,No internet service,No internet service,No internet service,No internet service,Month-to-month,No,Electronic check,20.15,91.4,0,0,No,0,New (0-12m),0,0.5057759720909004,High
0147-ESWWR,Female,Yes,Yes,No,39,Yes,Yes,Fiber optic,No,No,No,Yes,Yes,Yes,Month-to-month,Yes,Electronic check,101.25,3949.15,0,0,No,0,Established (37-60m),0,0.24255060814645787,Low
1217-VASWC,Male,Yes,Yes,No,43,Yes,No,Fiber optic,No,Yes,Yes,No,Yes,Yes,One year,Yes,Bank transfer (automatic),100.55,4304.0,0,0,No,0,Established (37-60m),0,0.06310527890629457,Low
6370-ZVHDV,Female,No,Yes,No,61,Yes,Yes,No,No internet service,No internet service,No internet service,No internet service,No internet service,No internet service,Two year,No,Bank transfer (automatic),25.3,1554.9,0,0,No,0,Loyal (60m+),0,0.002659022694470715,Low
5915-DGNVC,Female,No,Yes,No,49,Yes,Yes,DSL,Yes,Yes,Yes,No,No,Yes,One year,No,Electronic check,71.8,3472.05,0,4,No,0,Established (37-60m),4,0.8331424541370331,Critical
6260-XLACS,Male,No,No,No,4,Yes,No,No,No internet service,No internet service,No internet service,No internet service,No internet service,No internet service,One year,No,Mailed check,19.7,117.8,0,0,No,0,New (0-12m),0,0.18308501864549573,Low
3566-CAAYU,Female,No,Yes,Yes,64,No,No phone service,DSL,No,Yes,Yes,Yes,No,Yes,Two year,No,Electronic check,49.85,3210.35,4,0,No,0,Loyal (60m+),4,0.003578998375900318,Low
4983-CCWMC,Male,No,No,No,3,Yes,No,Fiber optic,No,No,No,No,No,No,Month-to-month,Yes,Mailed check,69.6,207.4,2,0,No,0,New (0-12m),2,0.8513382624982195,Critical
9103-CXVOK,Male,No,Yes,Yes,1,Yes,No,No,No internet service,No internet service,No internet service,No internet service,No internet service,No internet service,Month-to-month,No,Electronic check,19.75,19.75,0,0,No,0,New (0-12m),0,0.488218968699659,High
2896-TBNBE,Male,No,Yes,No,40,Yes,No,Fiber optic,No,Yes,Yes,No,No,No,One year,No,Electronic check,80.8,3132.75,0,0,No,0,Established (37-60m),0,0.1463123252290147,Low
2522-WLNSF,Female,Yes,Yes,No,34,Yes,No,DSL,No,No,Yes,Yes,Yes,No,One year,No,Bank transfer (automatic),64.2,2106.3,0,0,No,0,Mid (13-36m),0,0.06122740695773626,Low
3841-CONLJ,Female,No,Yes,No,1,No,No phone service,DSL,No,No,No,No,No,Yes,Month-to-month,No,Electronic check,35.0,35.0,0,0,No,0,New (0-12m),0,0.7858350247764953,Critical
4475-NVTLU,Male,No,Yes,Yes,45,Yes,No,No,No internet service,No internet service,No internet service,No internet service,No internet service,No internet service,Two year,No,Electronic check,19.2,903.7,4,0,No,0,Established (37-60m),4,0.008652845421269893,Low
9386-LDCZR,Male,No,No,No,43,Yes,No,Fiber optic,Yes,Yes,Yes,Yes,No,No,One year,Yes,Credit card (automatic),90.65,3882.3,0,0,No,0,Established (37-60m),0,0.054809925117054736,Low
9585-KKMFD,Male,No,Yes,Yes,41,Yes,No,No,No internet service,No internet service,No internet service,No internet service,No internet service,No internet service,Two year,Yes,Mailed check,20.0,879.8,0,0,No,0,Established (37-60m),0,0.006564184725156769,Low
5399-ZIMKF,Male,No,No,No,5,Yes,No,Fiber optic,No,Yes,No,No,No,No,Month-to-month,Yes,Electronic check,74.65,383.65,4,0,No,0,New (0-12m),4,0.8801384673168833,Critical
0336-KXKFK,Male,No,No,No,72,No,No phone service,DSL,Yes,No,Yes,Yes,Yes,Yes,Two year,Yes,Credit card (automatic),61.2,4390.25,2,0,No,0,Loyal (60m+),2,0.00104760462861521,Low
5619-XZZKR,Male,No,No,No,4,Yes,No,No,No internet service,No internet service,No internet service,No internet service,No internet service,No internet service,One year,No,Mailed check,19.95,68.2,3,0,No,0,New (0-12m),3,0.1850212493501766,Low
3948-FVVRP,Male,No,Yes,Yes,9,Yes,No,DSL,No,Yes,No,Yes,No,No,Month-to-month,No,Mailed check,54.8,452.8,0,0,No,0,New (0-12m),0,0.39915287376842895,Low
5327-XOKKY,Male,Yes,Yes,No,72,Yes,Yes,DSL,No,No,Yes,No,Yes,Yes,Two year,Yes,Credit card (automatic),73.45,5329.0,1,0,No,0,Loyal (60m+),1,0.0009361086994425267,Low
0983-TATYJ,Female,No,Yes,No,33,Yes,No,DSL,No,No,No,Yes,No,No,One year,Yes,Mailed check,51.45,1758.9,0,0,No,0,Mid (13-36m),0,0.06138253320538152,Low
1813-JYWTO,Female,No,Yes,No,72,Yes,Yes,Fiber optic,Yes,No,No,No,No,No,Two year,No,Bank transfer (automatic),80.45,5737.6,0,0,No,0,Loyal (60m+),0,0.0033714068048243144,Low
6719-OXYBR,Male,No,No,No,15,Yes,No,Fiber optic,No,No,Yes,No,Yes,No,Month-to-month,No,Electronic check,85.3,1219.85,0,0,No,0,Mid (13-36m),0,0.7483689822829553,Critical
3312-ZWLGF,Male,Yes,Yes,No,29,Yes,Yes,Fiber optic,No,No,No,Yes,No,No,Month-to-month,Yes,Electronic check,79.3,2414.55,0,0,No,0,Mid (13-36m),0,0.5122091763638346,High
6476-YHMGA,Female,No,Yes,Yes,15,Yes,No,DSL,No,Yes,Yes,Yes,Yes,Yes,Month-to-month,No,Bank transfer (automatic),76.5,1155.6,0,0,No,0,Mid (13-36m),0,0.26697142658823586,Low
0795-XCCTE,Male,Yes,No,No,72,Yes,Yes,No,No internet service,No internet service,No internet service,No internet service,No internet service,No internet service,Two year,No,Bank transfer (automatic),25.4,1809.35,0,0,No,0,Loyal (60m+),0,0.0017043681312960762,Low
0168-XZKBB,Female,No,Yes,No,19,Yes,Yes,Fiber optic,No,No,No,No,Yes,No,Month-to-month,Yes,Electronic check,86.85,1564.4,1,0,No,0,Mid (13-36m),1,0.6895447106545635,High
3785-NRHYR,Male,No,No,No,1,Yes,No,No,No internet service,No internet service,No internet service,No internet service,No internet service,No internet service,Month-to-month,No,Mailed check,19.65,19.65,0,0,No,0,New (0-12m),0,0.4235791260463578,High
4537-DKTAL,Female,No,No,No,2,Yes,No,DSL,No,No,No,No,No,No,Month-to-month,No,Electronic check,45.55,84.4,2,0,No,0,New (0-12m),2,0.7599849778373443,Critical
7072-MBHEV,Female,Yes,Yes,Yes,11,Yes,Yes,Fiber optic,No,No,Yes,No,No,No,Month-to-month,Yes,Credit card (automatic),78.1,864.85,0,0,No,0,New (0-12m),0,0.764783536276247,Critical
5602-BVFMK,Female,No,No,No,12,Yes,No,No,No internet service,No internet service,No internet service,No internet service,No internet service,No internet service,One year,No,Mailed check,19.3,228.75,1,0,No,0,New (0-12m),1,0.13907637888472899,Low
6297-NOOPG,Female,No,Yes,No,70,Yes,Yes,Fiber optic,No,Yes,Yes,Yes,Yes,Yes,Two year,Yes,Electronic check,110.5,7752.05,0,0,No,0,Loyal (60m+),0,0.0015084784571774293,Low
8204-TIFGJ,Female,No,No,No,23,Yes,No,No,No internet service,No internet service,No internet service,No internet service,No internet service,No internet service,Month-to-month,Yes,Bank transfer (automatic),20.3,470.6,0,2,No,0,Mid (13-36m),2,0.7872500153082745,Critical
8050-DVOJX,Male,Yes,No,No,49,Yes,Yes,DSL,Yes,Yes,Yes,Yes,No,Yes,Two year,No,Credit card (automatic),81.35,4060.9,0,0,No,0,Established (37-60m),0,0.0033941401948713403,Low
8903-XEBGX,Male,No,No,Yes,2,Yes,No,DSL,No,No,No,No,No,Yes,Month-to-month,Yes,Electronic check,55.3,108.65,0,0,No,0,New (0-12m),0,0.6834030619048999,High
8169-SAEJD,Male,Yes,Yes,No,69,No,No phone service,DSL,Yes,Yes,No,No,Yes,Yes,Two year,No,Credit card (automatic),56.55,3952.65,0,0,No,0,Loyal (60m+),0,0.0021254578598990602,Low
1089-XZWHH,Female,No,Yes,Yes,24,Yes,No,No,No internet service,No internet service,No internet service,No internet service,No internet service,No internet service,Two year,Yes,Mailed check,19.7,494.05,2,1,No,0,Mid (13-36m),3,0.06631698305416837,Low
2325-WINES,Female,No,No,No,32,Yes,Yes,Fiber optic,No,Yes,Yes,No,Yes,Yes,One year,Yes,Credit card (automatic),104.05,3416.85,0,0,No,0,Mid (13-36m),0,0.11511653359630716,Low
6064-ZATLR,Female,No,No,No,27,Yes,No,DSL,Yes,Yes,No,No,No,No,Two year,No,Bank transfer (automatic),52.85,1498.65,0,1,No,0,Mid (13-36m),1,0.1271196542586973,Low
7824-PANSQ,Male,No,No,No,58,Yes,Yes,Fiber optic,No,No,No,Yes,No,No,Month-to-month,No,Bank transfer (automatic),80.65,4807.35,0,0,No,0,Established (37-60m),0,0.06414953617460442,Low
9648-BCHKM,Female,No,Yes,Yes,18,Yes,Yes,No,No internet service,No internet service,No internet service,No internet service,No internet service,No internet service,Two year,Yes,Credit card (automatic),24.65,471.35,0,0,No,0,Mid (13-36m),0,0.024722819640055314,Low
2888-ADFAO,Female,No,Yes,Yes,47,Yes,No,No,No internet service,No internet service,No internet service,No internet service,No internet service,No internet service,Two year,Yes,Bank transfer (automatic),21.3,1041.8,0,0,No,0,Established (37-60m),0,0.005637230721677571,Low
8707-HOEDG,Female,No,Yes,Yes,70,Yes,Yes,Fiber optic,No,Yes,Yes,Yes,Yes,Yes,Two year,Yes,Electronic check,110.2,7689.8,0,0,No,0,Loyal (60m+),0,0.0013293094235312952,Low
4072-IPYLT,Female,No,Yes,Yes,36,Yes,No,DSL,Yes,No,No,No,No,No,Month-to-month,No,Credit card (automatic),51.05,1815.0,0,2,No,0,Mid (13-36m),2,0.7032665420242651,Critical
7167-PCEYD,Male,No,No,No,67,Yes,No,No,No internet service,No internet service,No internet service,No internet service,No internet service,No internet service,Two year,Yes,Mailed check,19.8,1311.3,0,0,No,0,Loyal (60m+),0,0.001984597558756401,Low
4936-YPJNK,Female,No,No,No,10,Yes,No,No,No internet service,No internet service,No internet service,No internet service,No internet service,No internet service,Month-to-month,Yes,Mailed check,19.9,199.45,0,0,No,0,New (0-12m),0,0.3283772709276471,Low
1580-BMCMR,Male,Yes,No,No,19,Yes,No,Fiber optic,Yes,No,No,No,No,Yes,Month-to-month,Yes,Electronic check,87.3,1637.3,0,0,No,0,Mid (13-36m),0,0.7200650208912802,Critical
4817-KEQSP,Female,No,Yes,Yes,71,Yes,No,No,No internet service,No internet service,No internet service,No internet service,No internet service,No internet service,Two year,No,Bank transfer (automatic),19.85,1326.35,4,0,No,0,Loyal (60m+),4,0.0016262117397084419,Low
6408-WHTEF,Male,No,Yes,Yes,72,Yes,Yes,DSL,Yes,Yes,Yes,Yes,Yes,Yes,Two year,Yes,Mailed check,89.4,6376.55,0,0,No,0,Loyal (60m+),0,0.0002896135844472424,Low
9251-AWQGT,Female,No,Yes,Yes,48,Yes,No,No,No internet service,No internet service,No internet service,No internet service,No internet service,No internet service,Two year,No,Mailed check,20.0,935.9,0,0,No,0,Established (37-60m),0,0.0050393247898584985,Low
8749-CLJXC,Male,No,No,No,1,Yes,No,No,No internet service,No internet service,No internet service,No internet service,No internet service,No internet service,Month-to-month,No,Mailed check,20.05,20.05,0,0,No,0,New (0-12m),0,0.4222499641773774,High
7989-VCQOH,Male,No,Yes,Yes,18,Yes,No,DSL,Yes,No,Yes,Yes,Yes,Yes,Month-to-month,No,Electronic check,83.25,1611.15,3,0,No,0,Mid (13-36m),3,0.24330452106793832,Low
4199-QHJNM,Male,Yes,Yes,No,67,Yes,Yes,Fiber optic,No,Yes,No,Yes,Yes,Yes,Two year,No,Bank transfer (automatic),102.9,6989.7,0,0,No,0,Loyal (60m+),0,0.001956056094411994,Low
8882-TLVRW,Male,No,Yes,Yes,69,No,No phone service,DSL,Yes,No,Yes,Yes,No,No,Two year,No,Mailed check,39.1,2779.5,0,0,No,0,Loyal (60m+),0,0.0021169602015250048,Low
5135-GRQJV,Male,Yes,Yes,No,72,Yes,Yes,Fiber optic,Yes,Yes,Yes,Yes,Yes,Yes,Two year,Yes,Mailed check,114.5,8331.95,0,0,No,0,Loyal (60m+),0,0.0007550263981712703,Low
2384-OVPSA,Female,Yes,No,No,38,Yes,No,No,No internet service,No internet service,No internet service,No internet service,No internet service,No internet service,Two year,No,Mailed check,20.2,735.9,0,0,No,0,Established (37-60m),0,0.013235518535286891,Low
1371-WEPDS,Male,Yes,Yes,No,40,Yes,No,DSL,No,No,No,No,No,Yes,One year,No,Electronic check,55.8,2283.3,1,0,No,0,Established (37-60m),1,0.0753354071237334,Low
3580-GICBM,Female,No,Yes,Yes,61,Yes,Yes,No,No internet service,No internet service,No internet service,No internet service,No internet service,No internet service,Two year,Yes,Mailed check,24.2,1445.2,0,0,No,0,Loyal (60m+),0,0.0021431399307511975,Low
9730-DRTMJ,Male,No,Yes,No,32,Yes,Yes,DSL,Yes,No,No,Yes,Yes,No,One year,Yes,Credit card (automatic),72.8,2333.05,0,0,No,0,Mid (13-36m),0,0.03950981192031887,Low
4686-UXDML,Female,No,No,No,21,Yes,Yes,Fiber optic,No,Yes,No,No,Yes,Yes,Month-to-month,Yes,Credit card (automatic),99.85,1992.55,5,0,No,0,Mid (13-36m),5,0.5069496818273094,High
3349-ANQNH,Female,Yes,No,No,59,Yes,Yes,Fiber optic,No,No,Yes,No,Yes,Yes,One year,Yes,Electronic check,99.5,5890.0,5,4,No,0,Established (37-60m),9,0.8580175621176945,Critical
0932-YIXYU,Female,No,No,No,47,Yes,No,No,No internet service,No internet service,No internet service,No internet service,No internet service,No internet service,Two year,No,Credit card (automatic),20.25,1029.8,0,0,No,0,Established (37-60m),0,0.006638729505721418,Low
7480-SPLEF,Male,No,Yes,Yes,69,Yes,Yes,No,No internet service,No internet service,No internet service,No internet service,No internet service,No internet service,Two year,Yes,Bank transfer (automatic),26.0,1796.55,0,0,No,0,Loyal (60m+),0,0.0012894814868402642,Low
7636-XUHWW,Male,No,No,No,2,Yes,No,No,No internet service,No internet service,No internet service,No internet service,No internet service,No internet service,Month-to-month,Yes,Credit card (automatic),19.9,33.7,0,0,No,0,New (0-12m),0,0.4227952258517483,High
1431-CYWMH,Female,No,Yes,Yes,22,Yes,No,No,No internet service,No internet service,No internet service,No internet service,No internet service,No internet service,Month-to-month,No,Bank transfer (automatic),19.05,454.05,0,0,No,0,Mid (13-36m),0,0.18736249009964795,Low
5937-EORGB,Male,Yes,Yes,No,15,Yes,Yes,Fiber optic,Yes,No,Yes,No,Yes,No,Month-to-month,Yes,Electronic check,96.5,1392.25,0,0,No,0,Mid (13-36m),0,0.7389233970577586,Critical
6349-JDHQP,Female,No,No,No,53,Yes,No,No,No internet service,No internet service,No internet service,No internet service,No internet service,No internet service,Two year,No,Credit card (automatic),19.85,1049.6,0,0,No,0,Established (37-60m),0,0.004953556072376187,Low
5539-HIVAK,Female,Yes,Yes,No,28,Yes,Yes,No,No internet service,No internet service,No internet service,No internet service,No internet service,No internet service,Month-to-month,No,Mailed check,25.7,734.6,0,0,No,0,Mid (13-36m),0,0.15551631753165768,Low
5847-MXBEO,Male,No,No,No,22,Yes,No,No,No internet service,No internet service,No internet service,No internet service,No internet service,No internet service,One year,No,Mailed check,20.3,475.1,0,1,No,0,Mid (13-36m),1,0.2347779625597359,Low
4583-PARNH,Male,Yes,Yes,No,16,Yes,No,Fiber optic,No,No,Yes,Yes,No,Yes,Month-to-month,Yes,Electronic check,91.55,1540.05,0,0,No,0,Mid (13-36m),0,0.6915872931207195,High
1116-FRYVH,Female,No,Yes,Yes,48,No,No phone service,DSL,Yes,Yes,No,Yes,No,No,Two year,No,Mailed check,39.4,1978.65,2,0,No,0,Established (37-60m),2,0.00835585332787183,Low
1421-HCERK,Male,Yes,Yes,No,30,Yes,Yes,Fiber optic,Yes,Yes,Yes,Yes,Yes,No,Month-to-month,Yes,Bank transfer (automatic),105.7,3181.8,0,0,No,0,Mid (13-36m),0,0.27746417572105897,Low
9633-XQABV,Female,No,No,No,3,Yes,No,Fiber optic,No,No,No,No,No,No,Month-to-month,Yes,Electronic check,70.25,229.7,0,0,No,0,New (0-12m),0,0.9084636046552476,Critical
0716-BQNDX,Male,Yes,No,No,57,Yes,Yes,Fiber optic,Yes,No,No,Yes,No,Yes,Two year,No,Electronic check,93.75,5625.55,0,0,No,0,Established (37-60m),0,0.008449413062801992,Low
1183-CANVH,Female,No,Yes,No,23,Yes,No,DSL,No,No,No,Yes,Yes,No,One year,No,Bank transfer (automatic),60.0,1347.15,0,2,No,0,Mid (13-36m),2,0.6309159645342902,High
1972-XMUWV,Female,No,Yes,No,65,Yes,No,DSL,No,No,No,Yes,Yes,No,Two year,Yes,Credit card (automatic),59.8,3808.2,0,3,No,0,Loyal (60m+),3,0.08984585861984087,Low
8679-LZBMD,Male,No,Yes,No,44,Yes,No,Fiber optic,No,No,No,No,Yes,Yes,One year,Yes,Bank transfer (automatic),90.65,3974.15,0,0,No,0,Established (37-60m),0,0.06176064601560977,Low
3407-JMJQQ,Female,No,Yes,Yes,71,Yes,Yes,Fiber optic,Yes,Yes,Yes,No,Yes,Yes,Two year,Yes,Bank transfer (automatic),109.0,7661.8,0,0,No,0,Loyal (60m+),0,0.0011130347114974419,Low
6252-DFGTK,Female,No,Yes,No,37,Yes,Yes,DSL,Yes,No,Yes,Yes,No,No,One year,No,Credit card (automatic),68.1,2479.25,0,1,No,0,Established (37-60m),1,0.11845898664093571,Low
1539-LNKHM,Female,No,No,No,12,Yes,No,No,No internet service,No internet service,No internet service,No internet service,No internet service,No internet service,Month-to-month,No,Mailed check,20.4,266.6,0,0,No,0,New (0-12m),0,0.3011317473912904,Low
8645-KOMJQ,Male,No,Yes,Yes,69,Yes,Yes,DSL,No,Yes,Yes,Yes,Yes,Yes,Two year,Yes,Bank transfer (automatic),81.95,5601.4,0,0,No,0,Loyal (60m+),0,0.0005354520830639716,Low
0289-IVARM,Female,No,No,No,35,Yes,No,DSL,Yes,Yes,Yes,No,No,No,Month-to-month,No,Electronic check,60.55,1982.6,4,0,No,0,Mid (13-36m),4,0.21742762360831105,Low
9761-XUJWD,Male,No,No,No,5,Yes,No,DSL,No,Yes,No,Yes,No,Yes,Month-to-month,Yes,Bank transfer (automatic),65.6,339.9,0,0,No,0,New (0-12m),0,0.5011203801578649,High
4057-FKCZK,Male,No,Yes,Yes,58,Yes,Yes,Fiber optic,No,No,No,No,Yes,No,Two year,No,Bank transfer (automatic),82.5,4828.05,0,0,No,0,Established (37-60m),0,0.006826417858662356,Low
4291-TPNFG,Male,No,Yes,No,72,Yes,Yes,DSL,Yes,Yes,Yes,Yes,No,Yes,Two year,Yes,Bank transfer (automatic),82.3,5980.55,0,0,No,0,Loyal (60m+),0,0.000472886106630753,Low
6087-YPWHO,Male,No,Yes,No,72,Yes,Yes,DSL,Yes,Yes,Yes,Yes,No,No,Two year,No,Mailed check,68.15,4808.7,0,0,No,0,Loyal (60m+),0,0.0007454476495697355,Low
3090-QFUVD,Female,No,No,No,1,Yes,No,No,No internet service,No internet service,No internet service,No internet service,No internet service,No internet service,Month-to-month,No,Credit card (automatic),20.3,20.3,4,0,No,0,New (0-12m),4,0.45793533324770513,High
1722-LDZJS,Male,No,Yes,Yes,53,Yes,No,No,No internet service,No internet service,No internet service,No internet service,No internet service,No internet service,One year,No,Credit card (automatic),20.2,1068.15,0,2,No,0,Established (37-60m),2,0.1510966223138946,Low
1818-ESQMW,Female,No,No,No,27,Yes,No,Fiber optic,No,No,Yes,Yes,No,Yes,Month-to-month,Yes,Electronic check,89.2,2383.6,0,0,No,0,Mid (13-36m),0,0.4910636160602913,High
7401-RUBNK,Female,No,Yes,No,18,Yes,No,Fiber optic,Yes,No,No,No,No,No,Month-to-month,No,Electronic check,74.8,1438.05,5,0,No,0,Mid (13-36m),5,0.7404510234704462,Critical
0506-YLVKJ,Male,No,Yes,Yes,46,Yes,No,No,No internet service,No internet service,No internet service,No internet service,No internet service,No internet service,Two year,Yes,Mailed check,20.2,917.45,0,0,No,0,Established (37-60m),0,0.0050718369665215465,Low
8661-BOYNW,Female,No,Yes,No,72,Yes,Yes,DSL,Yes,No,Yes,Yes,Yes,Yes,Two year,Yes,Credit card (automatic),84.4,6096.45,0,0,No,0,Loyal (60m+),0,0.00045743727662993607,Low
4815-GBTCD,Female,No,Yes,No,4,No,No phone service,DSL,No,No,No,No,No,No,Month-to-month,Yes,Electronic check,25.15,99.95,0,0,No,0,New (0-12m),0,0.7795388137742062,Critical
2805-AUFQN,Female,No,No,No,25,Yes,No,No,No internet service,No internet service,No internet service,No internet service,No internet service,No internet service,Two year,No,Credit card (automatic),19.8,475.2,0,0,No,0,Mid (13-36m),0,0.023084008170154657,Low
0980-PVMRC,Female,No,Yes,Yes,40,No,No phone service,DSL,No,Yes,No,No,Yes,Yes,Month-to-month,Yes,Electronic check,50.85,2036.55,0,0,No,0,Established (37-60m),0,0.16483146238788282,Low
7233-DRTRF,Male,No,Yes,No,63,Yes,Yes,Fiber optic,No,Yes,Yes,No,Yes,Yes,Month-to-month,Yes,Electronic check,102.4,6444.05,0,0,No,0,Loyal (60m+),0,0.037332986382436116,Low
3873-NFTGI,Male,No,No,No,14,Yes,Yes,DSL,No,Yes,No,No,No,No,Month-to-month,Yes,Credit card (automatic),55.5,767.55,0,0,No,0,Mid (13-36m),0,0.4250994463483048,High
1162-ECVII,Male,Yes,Yes,No,72,Yes,Yes,Fiber optic,No,Yes,Yes,Yes,Yes,Yes,Two year,Yes,Bank transfer (automatic),109.75,7932.5,3,0,No,0,Loyal (60m+),3,0.0010285559544334145,Low
7048-GXDAY,Male,No,No,No,39,Yes,Yes,Fiber optic,Yes,Yes,No,No,Yes,Yes,Month-to-month,Yes,Electronic check,106.4,4040.65,0,0,No,0,Established (37-60m),0,0.21652554386185513,Low
8571-ZCMCX,Female,No,Yes,Yes,47,No,No phone service,DSL,Yes,Yes,Yes,No,Yes,Yes,Two year,Yes,Credit card (automatic),60.0,2768.65,0,0,No,0,Established (37-60m),0,0.0066628552126048735,Low
1169-WCVAK,Male,No,Yes,No,19,Yes,Yes,Fiber optic,Yes,Yes,No,Yes,No,No,Month-to-month,Yes,Credit card (automatic),88.8,1672.35,0,0,No,0,Mid (13-36m),0,0.5057942800605134,High
7129-CAKJW,Female,No,No,No,17,Yes,Yes,Fiber optic,No,No,Yes,No,No,No,Month-to-month,No,Bank transfer (automatic),80.05,1345.65,0,1,No,0,Mid (13-36m),1,0.8888438964782163,Critical
8695-ARGXZ,Male,Yes,Yes,No,34,Yes,Yes,Fiber optic,No,No,No,No,No,No,Month-to-month,Yes,Electronic check,75.55,2425.4,3,0,No,0,Mid (13-36m),3,0.5130138005094937,High
3570-YUEKJ,Female,No,No,No,42,Yes,No,DSL,No,Yes,No,No,No,No,Month-to-month,Yes,Electronic check,49.55,2077.95,0,0,No,0,Established (37-60m),0,0.1812406216821969,Low
1555-HAPSU,Female,No,Yes,Yes,71,Yes,Yes,No,No internet service,No internet service,No internet service,No internet service,No internet service,No internet service,Two year,No,Credit card (automatic),23.9,1663.5,0,0,No,0,Loyal (60m+),0,0.0012974684307499814,Low
1697-NVVGY,Male,Yes,Yes,No,19,Yes,No,DSL,Yes,No,Yes,No,Yes,No,Month-to-month,No,Bank transfer (automatic),66.4,1286.05,5,0,No,0,Mid (13-36m),5,0.3445875720184057,Low
8464-EETCQ,Male,No,No,No,57,Yes,No,No,No internet service,No internet service,No internet service,No internet service,No internet service,No internet service,Two year,No,Credit card (automatic),18.8,1094.35,0,0,No,0,Established (37-60m),0,0.00370772164867768,Low
2419-FSORS,Male,No,Yes,No,72,Yes,Yes,Fiber optic,No,Yes,Yes,Yes,Yes,Yes,Two year,Yes,Electronic check,108.4,7719.5,0,0,No,0,Loyal (60m+),0,0.0012935429277830118,Low
8132-YPVBX,Female,No,No,No,6,Yes,No,Fiber optic,No,Yes,No,No,No,Yes,Month-to-month,Yes,Mailed check,85.95,514.6,5,0,No,0,New (0-12m),5,0.7982610346984115,Critical
6754-LZUKA,Male,No,Yes,No,61,Yes,Yes,DSL,No,Yes,Yes,No,Yes,Yes,Two year,No,Bank transfer (automatic),80.9,4932.5,0,0,No,0,Loyal (60m+),0,0.001419905368662542,Low
8099-MZPUJ,Male,No,Yes,Yes,48,Yes,Yes,Fiber optic,Yes,Yes,Yes,Yes,Yes,Yes,Two year,No,Credit card (automatic),111.8,5443.65,0,1,No,0,Established (37-60m),1,0.017525568410435236,Low
0787-LHDYT,Male,No,No,No,16,Yes,No,No,No internet service,No internet service,No internet service,No internet service,No internet service,No internet service,Month-to-month,Yes,Credit card (automatic),20.6,330.25,0,0,No,0,Mid (13-36m),0,0.24935654491730966,Low
0374-IOEGQ,Female,No,No,No,3,Yes,No,DSL,No,No,No,No,No,No,Month-to-month,No,Electronic check,44.6,122.7,0,0,No,0,New (0-12m),0,0.7509729433497335,Critical
3197-NNYNB,Male,No,No,No,65,Yes,Yes,Fiber optic,No,Yes,Yes,No,Yes,Yes,Two year,No,Credit card (automatic),105.1,6631.85,0,0,No,0,Loyal (60m+),0,0.002315756304314037,Low
3396-DKDEL,Female,No,Yes,Yes,70,Yes,Yes,Fiber optic,Yes,Yes,Yes,Yes,Yes,Yes,Two year,Yes,Credit card (automatic),115.15,8250.0,0,0,No,0,Loyal (60m+),0,0.000683089364773336,Low
1752-OZXFY,Male,No,Yes,No,60,Yes,No,DSL,Yes,No,No,No,Yes,No,One year,Yes,Mailed check,59.8,3561.15,0,0,No,0,Established (37-60m),0,0.00955764156147903,Low
9066-QRSDU,Female,No,Yes,No,69,Yes,Yes,No,No internet service,No internet service,No internet service,No internet service,No internet service,No internet service,One year,Yes,Electronic check,26.3,1763.55,0,0,No,0,Loyal (60m+),0,0.00823318052629378,Low
9112-WSNPU,Female,Yes,No,No,35,Yes,No,Fiber optic,No,No,No,No,No,No,Month-to-month,No,Electronic check,70.55,2419.0,0,0,No,0,Mid (13-36m),0,0.5558247237423845,High
9867-NNXLC,Female,No,No,No,22,Yes,No,No,No internet service,No internet service,No internet service,No internet service,No internet service,No internet service,Month-to-month,Yes,Mailed check,20.05,470.2,0,0,No,0,Mid (13-36m),0,0.19897000188206218,Low
5321-NTRKC,Male,No,Yes,Yes,66,Yes,Yes,DSL,No,Yes,Yes,No,Yes,Yes,Two year,No,Bank transfer (automatic),79.85,5234.95,0,0,No,0,Loyal (60m+),0,0.0008787891836576584,Low
3161-GETRM,Male,No,Yes,Yes,34,Yes,Yes,Fiber optic,No,No,Yes,No,No,Yes,Month-to-month,Yes,Credit card (automatic),90.05,3097.0,0,1,No,0,Mid (13-36m),1,0.5440797418483272,High
0402-OAMEN,Female,No,Yes,Yes,72,Yes,Yes,No,No internet service,No internet service,No internet service,No internet service,No internet service,No internet service,Two year,No,Bank transfer (automatic),24.45,1709.1,0,0,No,0,Loyal (60m+),0,0.0012858859452096266,Low
6933-VLYFX,Male,No,Yes,Yes,31,No,No phone service,DSL,Yes,No,Yes,Yes,Yes,Yes,One year,No,Electronic check,59.95,1848.8,0,0,No,0,Mid (13-36m),0,0.0726702759358953,Low
6754-WKSHP,Male,No,No,Yes,30,Yes,Yes,No,No internet service,No internet service,No internet service,No internet service,No internet service,No internet service,One year,No,Bank transfer (automatic),25.35,723.3,0,0,No,0,Mid (13-36m),0,0.04414872175736626,Low
4976-LNFVV,Male,Yes,Yes,No,19,No,No phone service,DSL,No,Yes,Yes,No,No,No,Month-to-month,Yes,Credit card (automatic),34.3,577.15,0,0,No,0,Mid (13-36m),0,0.48831748270406844,High
5055-MGMGF,Female,No,Yes,No,65,Yes,Yes,Fiber optic,Yes,No,Yes,No,Yes,Yes,Month-to-month,Yes,Electronic check,105.05,6914.95,0,0,No,0,Loyal (60m+),0,0.031005942485376532,Low
4641-FROLU,Female,No,Yes,Yes,30,Yes,No,No,No internet service,No internet service,No internet service,No internet service,No internet service,No internet service,Two year,No,Mailed check,19.3,602.9,0,0,No,0,Mid (13-36m),0,0.013556914318305583,Low
2862-JVEOY,Male,No,No,No,6,Yes,No,No,No internet service,No internet service,No internet service,No internet service,No internet service,No internet service,One year,No,Mailed check,19.15,124.4,0,0,No,0,New (0-12m),0,0.16963482162033117,Low
2969-QWUBZ,Female,No,No,No,2,No,No phone service,DSL,No,Yes,No,No,Yes,Yes,Month-to-month,No,Electronic check,51.4,96.8,0,0,No,0,New (0-12m),0,0.7447502911778915,Critical
9822-BIIGN,Male,No,Yes,Yes,53,Yes,Yes,DSL,Yes,No,No,Yes,No,Yes,Month-to-month,No,Electronic check,71.85,3827.9,0,0,No,0,Established (37-60m),0,0.031704566026664494,Low
2077-MPJQO,Male,Yes,Yes,No,7,Yes,Yes,Fiber optic,No,No,No,No,No,No,Month-to-month,Yes,Electronic check,75.4,533.05,1,0,No,0,New (0-12m),1,0.8800377972392717,Critical
1534-OULXE,Female,No,Yes,Yes,61,Yes,No,DSL,Yes,No,No,No,No,No,One year,Yes,Bank transfer (automatic),49.7,2961.4,0,0,No,0,Loyal (60m+),0,0.013387440322815688,Low
2971-SGAFL,Female,No,No,No,13,Yes,Yes,DSL,Yes,No,Yes,No,Yes,Yes,Month-to-month,Yes,Electronic check,78.75,995.35,2,0,No,0,Mid (13-36m),2,0.468991482691352,High
1480-IVEVR,Male,Yes,Yes,No,35,Yes,Yes,Fiber optic,No,No,Yes,No,No,No,One year,Yes,Bank transfer (automatic),81.6,2815.25,5,0,No,0,Mid (13-36m),5,0.17248491246357522,Low
2905-KFQUV,Female,No,Yes,No,2,Yes,No,Fiber optic,No,No,No,No,No,No,Month-to-month,Yes,Credit card (automatic),70.4,154.8,4,0,No,0,New (0-12m),4,0.8688755564350312,Critical
3370-HXOPH,Female,No,No,No,3,Yes,Yes,Fiber optic,No,No,No,No,No,No,Month-to-month,No,Electronic check,76.1,257.6,4,0,No,0,New (0-12m),4,0.9009799328511664,Critical
9391-YZEJW,Female,No,No,No,62,Yes,Yes,Fiber optic,No,No,No,No,Yes,Yes,One year,Yes,Bank transfer (automatic),94.0,5757.2,3,0,No,0,Loyal (60m+),3,0.016696853970184042,Low
9958-MEKUC,Male,No,Yes,Yes,72,Yes,Yes,Fiber optic,Yes,Yes,Yes,Yes,No,Yes,Two year,No,Credit card (automatic),103.95,7517.7,3,0,No,0,Loyal (60m+),3,0.000830668373048577,Low
0281-CNTZX,Male,No,Yes,No,63,Yes,No,No,No internet service,No internet service,No internet service,No internet service,No internet service,No internet service,Two year,Yes,Bank transfer (automatic),19.95,1234.8,0,0,No,0,Loyal (60m+),0,0.002614997715923823,Low
4118-CEVPF,Female,Yes,No,No,35,Yes,Yes,Fiber optic,Yes,Yes,Yes,Yes,Yes,Yes,One year,Yes,Bank transfer (automatic),110.8,3836.3,0,0,No,0,Mid (13-36m),0,0.0879595148045359,Low
9114-VEPUF,Male,No,Yes,No,62,Yes,Yes,Fiber optic,Yes,Yes,No,No,No,Yes,One year,No,Electronic check,96.1,6001.45,0,5,No,0,Loyal (60m+),5,0.9317503792360159,Critical
7876-BEUTG,Female,No,No,No,15,Yes,Yes,DSL,No,No,No,No,No,No,Month-to-month,Yes,Mailed check,48.8,720.1,0,0,No,0,Mid (13-36m),0,0.4488981844864565,High
2338-BQEZT,Female,No,No,No,55,Yes,No,DSL,Yes,No,No,No,No,No,Month-to-month,Yes,Credit card (automatic),50.55,2832.75,0,0,No,0,Established (37-60m),0,0.05619315568270269,Low
9873-MNDKV,Female,No,No,No,11,Yes,No,DSL,No,No,No,No,No,No,Month-to-month,Yes,Mailed check,44.65,472.25,0,0,No,0,New (0-12m),0,0.531612229619004,High
8241-JUIQO,Female,No,No,No,61,Yes,No,No,No internet service,No internet service,No internet service,No internet service,No internet service,No internet service,One year,No,Bank transfer (automatic),19.45,1336.35,0,0,No,0,Loyal (60m+),0,0.011350763835906257,Low
2194-IIQOF,Female,No,Yes,No,71,Yes,Yes,DSL,Yes,Yes,Yes,Yes,Yes,Yes,Two year,No,Credit card (automatic),89.3,6388.65,5,0,No,0,Loyal (60m+),5,0.0004090927955389987,Low
9631-RXVJM,Male,No,No,No,35,Yes,No,No,No internet service,No internet service,No internet service,No internet service,No internet service,No internet service,Two year,No,Mailed check,19.25,677.9,0,0,No,0,Mid (13-36m),0,0.011641962874626216,Low
9584-EXCDZ,Female,No,No,No,17,Yes,No,Fiber optic,No,No,No,No,No,No,Month-to-month,No,Bank transfer (automatic),70.5,1165.6,0,0,No,0,Mid (13-36m),0,0.7202808399084204,Critical
5093-FEGLU,Female,No,Yes,No,47,Yes,No,No,No internet service,No internet service,No internet service,No internet service,No internet service,No internet service,Two year,No,Bank transfer (automatic),19.65,921.55,5,0,No,0,Established (37-60m),5,0.006960541764271517,Low
2621-UDNLU,Female,No,Yes,No,3,Yes,No,No,No internet service,No internet service,No internet service,No internet service,No internet service,No internet service,Month-to-month,No,Mailed check,20.85,72.0,0,0,No,0,New (0-12m),0,0.4008131611110833,High
7526-IVLYU,Male,No,No,No,3,Yes,No,No,No internet service,No internet service,No internet service,No internet service,No internet service,No internet service,Month-to-month,Yes,Mailed check,19.65,68.35,5,0,No,0,New (0-12m),5,0.3960854557272203,Low
2428-HYUNX,Male,Yes,Yes,No,44,Yes,No,No,No internet service,No internet service,No internet service,No internet service,No internet service,No internet service,Two year,Yes,Credit card (automatic),19.35,847.25,0,0,No,0,Established (37-60m),0,0.0087586536878673,Low
9214-EKVXR,Female,No,No,No,1,Yes,No,DSL,No,No,No,No,No,No,Month-to-month,Yes,Mailed check,44.0,44.0,0,0,No,0,New (0-12m),0,0.6822601699248048,High
3410-MHHUM,Female,No,Yes,Yes,44,Yes,Yes,Fiber optic,No,Yes,Yes,No,No,Yes,One year,No,Electronic check,94.4,4295.35,0,0,No,0,Established (37-60m),0,0.07066952896650706,Low
2122-YWVYA,Female,No,No,No,18,Yes,No,Fiber optic,Yes,No,No,No,No,No,Month-to-month,Yes,Electronic check,75.4,1380.4,5,0,No,0,Mid (13-36m),5,0.753435243135063,Critical
2296-DKZFP,Female,No,Yes,No,65,Yes,No,DSL,Yes,Yes,Yes,No,No,Yes,Two year,No,Bank transfer (automatic),71.0,4386.2,0,0,No,0,Loyal (60m+),0,0.001749859655825851,Low
8909-BOLNL,Male,No,No,No,3,Yes,No,No,No internet service,No internet service,No internet service,No internet service,No internet service,No internet service,One year,No,Mailed check,21.2,52.05,0,0,No,0,New (0-12m),0,0.1907521947219802,Low
6603-YRDCJ,Male,No,Yes,No,33,Yes,No,DSL,Yes,Yes,No,Yes,No,No,Two year,Yes,Mailed check,61.05,2018.4,0,0,No,0,Mid (13-36m),0,0.013553763303530893,Low
3229-USWAR,Female,No,No,No,34,Yes,No,DSL,Yes,No,Yes,Yes,Yes,Yes,One year,Yes,Bank transfer (automatic),79.95,2727.3,0,0,No,0,Mid (13-36m),0,0.035642499740908516,Low
2138-VFAPZ,Female,No,Yes,Yes,14,Yes,No,No,No internet service,No internet service,No internet service,No internet service,No internet service,No internet service,Two year,Yes,Mailed check,19.7,263.65,0,0,No,0,Mid (13-36m),0,0.032315948949730014,Low
6131-JLWZM,Female,No,No,No,13,Yes,No,No,No internet service,No internet service,No internet service,No internet service,No internet service,No internet service,Month-to-month,Yes,Mailed check,20.3,275.4,0,0,No,0,Mid (13-36m),0,0.29062418834094483,Low
0269-XFESX,Male,No,Yes,Yes,23,Yes,Yes,No,No internet service,No internet service,No internet service,No internet service,No internet service,No internet service,One year,No,Mailed check,24.35,538.5,0,0,No,0,Mid (13-36m),0,0.05558526856242744,Low
1709-EJDOX,Female,No,Yes,Yes,47,Yes,No,No,No internet service,No internet service,No internet service,No internet service,No internet service,No internet service,Two year,No,Mailed check,19.75,948.9,5,0,No,0,Established (37-60m),5,0.005285613666916287,Low
4316-XCSLJ,Male,No,No,Yes,17,Yes,No,DSL,Yes,No,No,No,No,No,Month-to-month,Yes,Mailed check,50.3,846.8,0,0,No,0,Mid (13-36m),0,0.35207895264240974,Low
9693-XMUOB,Male,Yes,Yes,No,59,No,No phone service,DSL,No,Yes,No,No,Yes,Yes,Month-to-month,Yes,Electronic check,50.25,2997.45,0,0,No,0,Established (37-60m),0,0.06990896455761518,Low
0383-CLDDA,Female,No,No,No,69,Yes,Yes,DSL,Yes,No,Yes,Yes,Yes,Yes,Two year,Yes,Credit card (automatic),85.35,5897.4,0,0,No,0,Loyal (60m+),0,0.0005913815895200113,Low
2709-UQGNP,Male,No,No,No,10,Yes,No,DSL,Yes,No,No,No,No,No,Month-to-month,Yes,Mailed check,51.65,524.5,0,0,No,0,New (0-12m),0,0.49267945165143573,High
3549-ZTMNH,Male,No,Yes,Yes,12,Yes,Yes,No,No internet service,No internet service,No internet service,No internet service,No internet service,No internet service,Two year,Yes,Bank transfer (automatic),24.0,269.65,0,0,No,0,New (0-12m),0,0.03423635427981716,Low
8033-ATFAS,Female,No,Yes,Yes,39,Yes,No,DSL,No,No,Yes,No,Yes,No,Month-to-month,Yes,Mailed check,59.85,2341.5,0,0,No,0,Established (37-60m),0,0.0941297518186457,Low
1635-NZATJ,Male,Yes,Yes,No,71,Yes,Yes,No,No internet service,No internet service,No internet service,No internet service,No internet service,No internet service,Two year,No,Credit card (automatic),25.45,1789.65,0,0,No,0,Loyal (60m+),0,0.001596813624377637,Low
0562-HKHML,Male,No,Yes,Yes,71,Yes,Yes,No,No internet service,No internet service,No internet service,No internet service,No internet service,No internet service,Two year,No,Credit card (automatic),23.9,1626.4,0,0,No,0,Loyal (60m+),0,0.0011947680670081088,Low
8277-RVRSV,Female,No,Yes,Yes,33,Yes,Yes,No,No internet service,No internet service,No internet service,No internet service,No internet service,No internet service,One year,No,Credit card (automatic),24.15,800.3,0,0,No,0,Mid (13-36m),0,0.03710449839429046,Low
9943-VSZUV,Male,Yes,No,No,67,Yes,Yes,Fiber optic,No,No,No,No,No,No,Month-to-month,Yes,Mailed check,75.7,5060.85,0,4,No,0,Loyal (60m+),4,0.9196322000812682,Critical
7054-ENNGU,Female,No,Yes,No,9,Yes,No,DSL,No,Yes,No,No,No,No,Month-to-month,No,Mailed check,50.85,466.6,0,0,No,0,New (0-12m),0,0.5214944527835819,High
1455-HFBXA,Male,No,Yes,No,52,Yes,Yes,Fiber optic,Yes,No,Yes,Yes,No,No,Two year,Yes,Credit card (automatic),91.6,4627.8,0,0,No,0,Established (37-60m),0,0.007730822627239111,Low
9402-CXWPL,Female,No,No,No,70,Yes,Yes,Fiber optic,No,Yes,No,No,Yes,Yes,One year,No,Electronic check,98.9,6838.6,0,0,No,0,Loyal (60m+),0,0.010664795332422808,Low
1628-BIZYP,Male,No,No,No,1,Yes,No,Fiber optic,No,Yes,No,No,No,Yes,Month-to-month,Yes,Electronic check,85.0,85.0,3,0,No,0,New (0-12m),3,0.8956136346393343,Critical
0082-LDZUE,Male,No,No,No,1,Yes,No,DSL,No,No,No,No,No,No,Month-to-month,Yes,Mailed check,44.3,44.3,0,0,No,0,New (0-12m),0,0.6604721960308352,High
5343-SGUBI,Female,No,No,No,52,Yes,Yes,Fiber optic,No,Yes,No,No,No,No,One year,Yes,Mailed check,80.2,4297.6,0,0,No,0,Established (37-60m),0,0.04556611629835835,Low
0856-NAOES,Male,No,No,No,6,Yes,No,DSL,No,No,Yes,No,Yes,No,Month-to-month,No,Mailed check,60.9,414.1,0,0,No,0,New (0-12m),0,0.5198542009154465,High
1976-AZZPJ,Male,No,Yes,No,7,No,No phone service,DSL,Yes,Yes,No,No,No,No,Month-to-month,No,Mailed check,34.2,256.6,0,0,No,0,New (0-12m),0,0.5936376508116438,High
6156-UZDLF,Female,No,No,No,26,Yes,No,Fiber optic,Yes,No,Yes,Yes,No,No,One year,Yes,Credit card (automatic),87.15,2274.1,5,0,No,0,Mid (13-36m),5,0.20596891207837523,Low
3099-OONVS,Male,No,Yes,Yes,25,Yes,No,DSL,Yes,No,No,Yes,No,No,Month-to-month,No,Electronic check,54.3,1296.8,0,0,No,0,Mid (13-36m),0,0.271025128722837,Low
9500-WBGRP,Male,No,No,No,69,Yes,No,No,No internet service,No internet service,No internet service,No internet service,No internet service,No internet service,Two year,Yes,Mailed check,19.1,1268.85,0,0,No,0,Loyal (60m+),0,0.0018421884499016962,Low
5183-KLYEM,Female,No,No,No,72,Yes,Yes,Fiber optic,Yes,Yes,Yes,Yes,Yes,Yes,Two year,Yes,Credit card (automatic),112.75,8192.6,0,0,No,0,Loyal (60m+),0,0.0008028499374715622,Low
5144-PQCDZ,Male,No,No,No,4,Yes,No,No,No internet service,No internet service,No internet service,No internet service,No internet service,No internet service,Month-to-month,Yes,Mailed check,19.95,59.25,0,0,No,0,New (0-12m),0,0.3842124632793967,Low
8514-VZHEB,Male,No,Yes,Yes,59,Yes,No,No,No internet service,No internet service,No internet service,No internet service,No internet service,No internet service,Two year,No,Mailed check,19.5,1147.85,0,0,No,0,Established (37-60m),0,0.0025209784438984715,Low
6625-IUTTT,Male,No,No,No,67,Yes,No,DSL,Yes,No,Yes,No,No,Yes,Two year,No,Bank transfer (automatic),65.55,4361.55,3,0,No,0,Loyal (60m+),3,0.0016577475697608793,Low
9355-NPPFS,Female,Yes,No,No,26,Yes,No,Fiber optic,No,No,No,No,No,Yes,Month-to-month,Yes,Electronic check,78.8,2006.1,0,0,No,0,Mid (13-36m),0,0.6658818927545498,High
0068-FIGTF,Female,No,No,No,27,Yes,No,DSL,No,Yes,Yes,Yes,Yes,Yes,One year,No,Mailed check,78.2,2078.95,0,0,No,0,Mid (13-36m),0,0.05539943951343463,Low
5965-GGPRW,Male,No,Yes,Yes,72,Yes,Yes,Fiber optic,Yes,No,Yes,No,Yes,Yes,Two year,No,Bank transfer (automatic),105.25,7609.75,0,0,No,0,Loyal (60m+),0,0.001030901157263526,Low
8035-PWSEV,Female,No,No,No,6,Yes,No,Fiber optic,No,No,Yes,Yes,No,Yes,Month-to-month,Yes,Electronic check,89.25,487.05,0,0,No,0,New (0-12m),0,0.8334578890071267,Critical
2236-HILPA,Male,No,Yes,Yes,62,Yes,No,No,No internet service,No internet service,No internet service,No internet service,No internet service,No internet service,Two year,No,Credit card (automatic),20.65,1218.45,0,0,No,0,Loyal (60m+),0,0.0022111560692673515,Low
1840-BIUOG,Male,No,No,No,20,Yes,Yes,DSL,No,Yes,No,Yes,Yes,No,One year,Yes,Electronic check,68.7,1416.2,0,1,No,0,Mid (13-36m),1,0.38799986934153197,Low
1356-MKYSK,Male,No,No,No,6,Yes,No,DSL,Yes,No,Yes,Yes,Yes,Yes,Month-to-month,No,Credit card (automatic),78.65,483.3,3,0,No,0,New (0-12m),3,0.41901150578987884,High
6080-LNESI,Male,No,No,No,51,Yes,Yes,No,No internet service,No internet service,No internet service,No internet service,No internet service,No internet service,Two year,No,Mailed check,24.75,1234.6,0,0,No,0,Established (37-60m),0,0.004157055600660604,Low
1830-IPXVJ,Female,No,Yes,Yes,61,Yes,No,No,No internet service,No internet service,No internet service,No internet service,No internet service,No internet service,Two year,No,Credit card (automatic),19.75,1311.6,0,0,No,0,Loyal (60m+),0,0.002505064370029533,Low
5828-DWPIL,Male,Yes,Yes,No,62,Yes,Yes,Fiber optic,Yes,Yes,Yes,No,No,No,Month-to-month,Yes,Electronic check,89.1,5618.3,0,3,No,0,Loyal (60m+),3,0.8046957087257058,Critical
8398-TBIYD,Female,No,No,No,72,Yes,Yes,Fiber optic,Yes,No,No,Yes,No,No,Two year,Yes,Bank transfer (automatic),84.7,6185.15,3,0,No,0,Loyal (60m+),3,0.002386825017737561,Low
2931-FSOHN,Male,Yes,No,No,13,Yes,No,DSL,No,Yes,No,No,Yes,No,Month-to-month,Yes,Electronic check,59.9,788.35,1,0,No,0,Mid (13-36m),1,0.5775533146340271,High
9418-RUKPH,Female,No,Yes,Yes,38,Yes,No,No,No internet service,No internet service,No internet service,No internet service,No internet service,No internet service,Two year,Yes,Mailed check,19.95,756.4,0,0,No,0,Established (37-60m),0,0.00868732831593778,Low
9971-ZWPBF,Male,Yes,Yes,Yes,34,Yes,Yes,Fiber optic,No,Yes,Yes,Yes,Yes,Yes,Month-to-month,Yes,Electronic check,108.9,3625.2,0,0,No,0,Mid (13-36m),0,0.24311261608027396,Low
4712-AUQZO,Male,No,No,No,18,No,No phone service,DSL,Yes,No,Yes,No,No,No,Month-to-month,No,Mailed check,33.6,550.35,4,0,No,0,Mid (13-36m),4,0.45288590038277016,High
9711-FJTBX,Male,No,Yes,Yes,56,Yes,No,Fiber optic,No,Yes,Yes,Yes,No,No,One year,Yes,Mailed check,85.85,4793.8,0,0,No,0,Established (37-60m),0,0.018348333406414077,Low
2908-ZTPNF,Female,No,No,No,36,No,No phone service,DSL,No,Yes,No,Yes,No,No,Month-to-month,Yes,Bank transfer (automatic),34.85,1267.2,0,0,No,0,Mid (13-36m),0,0.212317523104819,Low
8421-WZOOW,Female,Yes,Yes,Yes,57,Yes,No,Fiber optic,No,Yes,Yes,Yes,Yes,No,Month-to-month,Yes,Credit card (automatic),95.3,5567.45,0,0,No,0,Established (37-60m),0,0.04577040874327899,Low
1414-YADCW,Male,No,Yes,No,70,Yes,No,Fiber optic,Yes,Yes,No,Yes,No,No,Two year,No,Bank transfer (automatic),84.6,5706.2,0,0,No,0,Loyal (60m+),0,0.002645526066692191,Low
8756-RDDLT,Female,No,No,No,68,No,No phone service,DSL,No,Yes,No,Yes,No,Yes,Month-to-month,No,Electronic check,44.95,3085.35,0,0,No,0,Loyal (60m+),0,0.03737129086067067,Low
2862-PFNIK,Male,No,No,Yes,1,No,No phone service,DSL,No,No,No,No,No,No,Month-to-month,Yes,Electronic check,24.7,24.7,1,0,No,0,New (0-12m),1,0.7777176128539484,Critical
5816-QVHRX,Female,No,No,No,37,Yes,Yes,Fiber optic,No,No,No,Yes,Yes,Yes,Month-to-month,No,Credit card (automatic),100.3,3541.4,5,2,No,0,Established (37-60m),7,0.7630721697169282,Critical
4430-YHXGG,Female,No,No,Yes,4,Yes,Yes,No,No internet service,No internet service,No internet service,No internet service,No internet service,No internet service,Month-to-month,Yes,Mailed check,25.45,84.2,0,0,No,0,New (0-12m),0,0.3522387967951928,Low
6888-SBYAI,Male,No,No,No,1,Yes,No,DSL,Yes,No,No,No,No,No,Month-to-month,Yes,Mailed check,50.7,50.7,0,0,No,0,New (0-12m),0,0.6406673088310749,High
7395-XWZOY,Male,No,No,No,20,No,No phone service,DSL,Yes,Yes,Yes,Yes,Yes,No,Month-to-month,Yes,Credit card (automatic),55.0,1165.55,0,0,No,0,Mid (13-36m),0,0.2849391733527166,Low
7169-YWAMK,Male,No,Yes,Yes,72,Yes,No,DSL,Yes,Yes,No,Yes,Yes,No,Two year,No,Bank transfer (automatic),68.4,4855.35,0,0,No,0,Loyal (60m+),0,0.00070642568944339,Low
6859-RKMZJ,Male,No,Yes,No,11,Yes,No,DSL,No,No,No,No,Yes,No,Month-to-month,Yes,Bank transfer (automatic),55.05,608.15,0,0,No,0,New (0-12m),0,0.4768145136693443,High
2729-VNVAP,Female,No,Yes,Yes,33,Yes,No,No,No internet service,No internet service,No internet service,No internet service,No internet service,No internet service,Two year,No,Credit card (automatic),19.8,641.35,3,0,No,0,Mid (13-36m),3,0.012134387778579838,Low
2957-JIRMN,Female,Yes,No,No,62,Yes,Yes,Fiber optic,No,No,No,No,Yes,No,One year,No,Electronic check,84.45,4959.15,0,0,No,0,Loyal (60m+),0,0.04232873593021016,Low
2049-BAFNW,Female,No,No,No,1,No,No phone service,DSL,No,No,Yes,Yes,No,No,Month-to-month,No,Mailed check,35.9,35.9,2,0,No,0,New (0-12m),2,0.6621891351409914,High
3842-QTGDL,Male,No,Yes,No,16,Yes,No,Fiber optic,Yes,Yes,No,No,No,No,Month-to-month,No,Bank transfer (automatic),80.75,1321.3,0,0,No,0,Mid (13-36m),0,0.6581623622365088,High
7163-OCEQI,Male,No,Yes,Yes,22,Yes,Yes,DSL,No,No,Yes,Yes,Yes,Yes,One year,Yes,Mailed check,78.65,1663.75,0,0,No,0,Mid (13-36m),0,0.059219478300382405,Low
9782-LGXMC,Female,No,Yes,Yes,49,Yes,No,DSL,Yes,No,Yes,Yes,No,No,Month-to-month,No,Bank transfer (automatic),61.75,3024.15,0,0,No,0,Established (37-60m),0,0.04363701335483394,Low
5975-BAICR,Male,No,Yes,Yes,36,Yes,No,DSL,Yes,No,Yes,No,No,Yes,One year,Yes,Credit card (automatic),63.7,2188.5,0,0,No,0,Mid (13-36m),0,0.040393863530125605,Low
4673-KKSLS,Female,No,No,No,31,Yes,No,Fiber optic,Yes,No,Yes,Yes,No,No,Month-to-month,No,Electronic check,87.6,2724.25,0,0,No,0,Mid (13-36m),0,0.42032954649404025,High
4853-OITSN,Male,No,Yes,No,5,Yes,Yes,Fiber optic,Yes,No,No,No,No,Yes,Month-to-month,Yes,Electronic check,89.15,413.25,0,0,No,0,New (0-12m),0,0.849866457565587,Critical
9800-OUIGR,Male,No,Yes,Yes,66,Yes,No,No,No internet service,No internet service,No internet service,No internet service,No internet service,No internet service,Two year,No,Credit card (automatic),20.0,1374.2,0,0,No,0,Loyal (60m+),0,0.0017439200048957296,Low
2324-EFHVG,Male,No,No,No,64,Yes,Yes,Fiber optic,No,Yes,Yes,No,Yes,Yes,Two year,Yes,Bank transfer (automatic),104.4,6692.65,0,0,No,0,Loyal (60m+),0,0.0025598235671518157,Low
7094-MSZAO,Male,No,Yes,Yes,10,Yes,No,No,No internet service,No internet service,No internet service,No internet service,No internet service,No internet service,Month-to-month,Yes,Credit card (automatic),20.05,218.5,0,0,No,0,New (0-12m),0,0.2741551478048159,Low
6907-CQGPN,Male,No,No,No,29,No,No phone service,DSL,No,Yes,No,Yes,No,No,Month-to-month,No,Electronic check,34.3,1004.75,0,0,No,0,Mid (13-36m),0,0.35092766775175005,Low
0780-XNZFN,Male,No,No,No,57,Yes,No,No,No internet service,No internet service,No internet service,No internet service,No internet service,No internet service,Two year,No,Bank transfer (automatic),20.65,1125.6,0,4,No,0,Established (37-60m),4,0.42783027228391285,High
0239-OXEXL,Female,No,No,No,46,Yes,Yes,Fiber optic,Yes,Yes,No,No,No,No,Month-to-month,No,Mailed check,84.25,3847.6,0,0,No,0,Established (37-60m),0,0.16148132679762786,Low
2675-IJRGJ,Male,No,No,No,53,Yes,No,No,No internet service,No internet service,No internet service,No internet service,No internet service,No internet service,Two year,No,Bank transfer (automatic),19.65,978.0,0,0,No,0,Established (37-60m),0,0.004921620205691503,Low
7049-GKVZY,Female,No,No,No,17,Yes,No,DSL,Yes,Yes,No,Yes,Yes,Yes,One year,No,Credit card (automatic),79.85,1387.35,5,0,No,0,Mid (13-36m),5,0.11012099826736542,Low
8577-QSOCG,Female,No,Yes,Yes,38,Yes,No,No,No internet service,No internet service,No internet service,No internet service,No internet service,No internet service,Two year,Yes,Mailed check,20.2,746.05,0,0,No,0,Established (37-60m),0,0.008687858110632697,Low
3721-CNZHX,Male,No,No,No,15,Yes,No,No,No internet service,No internet service,No internet service,No internet service,No internet service,No internet service,One year,No,Mailed check,19.8,304.6,0,0,No,0,Mid (13-36m),0,0.10950630251355183,Low
0212-ISBBF,Female,No,No,No,22,No,No phone service,DSL,No,Yes,No,No,Yes,Yes,Month-to-month,Yes,Electronic check,50.35,1098.85,0,0,No,0,Mid (13-36m),0,0.4450554412533335,High
3585-YNADK,Female,No,Yes,No,57,Yes,Yes,DSL,No,Yes,Yes,Yes,Yes,No,One year,No,Bank transfer (automatic),74.6,4368.95,0,0,No,0,Established (37-60m),0,0.007062540838253281,Low
5271-DBYSJ,Male,Yes,No,No,11,Yes,No,Fiber optic,No,No,No,No,No,Yes,Month-to-month,Yes,Credit card (automatic),79.15,827.7,0,0,No,0,New (0-12m),0,0.7843795723354581,Critical
1099-GODLO,Female,No,Yes,Yes,1,Yes,No,No,No internet service,No internet service,No internet service,No internet service,No internet service,No internet service,Two year,No,Mailed check,20.35,20.35,0,0,No,0,New (0-12m),0,0.06339678702019559,Low
6828-HMKWP,Male,No,Yes,Yes,12,Yes,No,No,No internet service,No internet service,No internet service,No internet service,No internet service,No internet service,Two year,No,Bank transfer (automatic),21.05,262.05,0,0,No,0,New (0-12m),0,0.03564172340519558,Low
1472-TNCWL,Male,No,No,Yes,36,Yes,No,Fiber optic,No,Yes,No,No,Yes,Yes,Month-to-month,Yes,Electronic check,94.7,3512.5,0,0,No,0,Mid (13-36m),0,0.2764424841071604,Low
2080-GKCWQ,Male,No,No,No,2,Yes,No,Fiber optic,No,Yes,No,No,No,No,Month-to-month,No,Electronic check,74.95,151.75,0,0,No,0,New (0-12m),0,0.9013436429722894,Critical
2193-SFWQW,Male,No,Yes,Yes,72,Yes,No,Fiber optic,Yes,Yes,Yes,Yes,Yes,Yes,Two year,No,Bank transfer (automatic),111.95,8033.1,0,0,No,0,Loyal (60m+),0,0.0006716377775086298,Low
5656-JAMLX,Male,No,No,No,62,Yes,No,No,No internet service,No internet service,No internet service,No internet service,No internet service,No internet service,Two year,No,Bank transfer (automatic),19.85,1253.65,0,0,No,0,Loyal (60m+),0,0.0028946719065899374,Low
3462-BJQQA,Female,No,No,No,6,Yes,Yes,Fiber optic,No,Yes,No,No,Yes,No,Month-to-month,Yes,Electronic check,89.75,552.65,0,0,No,0,New (0-12m),0,0.8561459474813964,Critical
0442-TDYUO,Male,No,Yes,No,48,Yes,No,No,No internet service,No internet service,No internet service,No internet service,No internet service,No internet service,Two year,Yes,Mailed check,20.05,1036.0,0,2,No,0,Established (37-60m),2,0.06756156660900359,Low
6733-LRIZX,Male,No,No,No,35,Yes,Yes,Fiber optic,Yes,No,Yes,Yes,Yes,Yes,Two year,Yes,Electronic check,108.95,4025.5,0,0,No,0,Mid (13-36m),0,0.027069255023369126,Low
9503-XJUME,Male,No,No,Yes,52,Yes,No,No,No internet service,No internet service,No internet service,No internet service,No internet service,No internet service,One year,No,Credit card (automatic),19.65,928.4,0,0,No,0,Established (37-60m),0,0.014714471140629093,Low
4367-NHWMM,Female,No,No,No,1,No,No phone service,DSL,No,No,No,No,No,No,Month-to-month,Yes,Mailed check,24.9,24.9,0,0,No,0,New (0-12m),0,0.735795600121603,Critical
3779-OSWCF,Female,No,Yes,No,71,Yes,Yes,DSL,Yes,Yes,Yes,Yes,Yes,Yes,Two year,No,Credit card (automatic),93.2,6506.15,0,0,No,0,Loyal (60m+),0,0.0003738071435706514,Low
6736-DHUQI,Female,No,Yes,Yes,67,Yes,No,Fiber optic,Yes,Yes,Yes,No,No,No,One year,No,Bank transfer (automatic),84.8,5598.3,0,0,No,0,Loyal (60m+),0,0.01268277629070759,Low
3915-ODIYG,Male,Yes,No,No,60,Yes,Yes,DSL,Yes,Yes,No,No,No,Yes,One year,Yes,Electronic check,71.75,4374.55,0,0,No,0,Established (37-60m),0,0.013085137984672115,Low
1360-RCYRT,Male,No,Yes,Yes,23,No,No phone service,DSL,No,No,No,Yes,No,No,Month-to-month,Yes,Bank transfer (automatic),30.35,678.75,0,0,No,0,Mid (13-36m),0,0.3259134195458875,Low
2724-FJDYW,Male,No,No,Yes,39,No,No phone service,DSL,No,No,Yes,Yes,Yes,Yes,One year,No,Bank transfer (automatic),54.85,2191.7,0,0,No,0,Established (37-60m),0,0.036284611549495624,Low
4451-RWASJ,Male,No,Yes,Yes,15,Yes,No,No,No internet service,No internet service,No internet service,No internet service,No internet service,No internet service,One year,Yes,Mailed check,19.5,239.75,0,1,No,0,Mid (13-36m),1,0.27677814512421506,Low
3460-TJBWI,Male,No,Yes,Yes,24,Yes,Yes,No,No internet service,No internet service,No internet service,No internet service,No internet service,No internet service,Two year,No,Mailed check,24.2,609.05,0,1,No,0,Mid (13-36m),1,0.05536879674912455,Low
5917-HBSDW,Female,No,Yes,Yes,37,Yes,No,No,No internet service,No internet service,No internet service,No internet service,No internet service,No internet service,Month-to-month,No,Electronic check,19.35,683.75,0,0,No,0,Established (37-60m),0,0.12738171757225888,Low
5671-UUNXD,Female,Yes,Yes,No,50,Yes,Yes,Fiber optic,No,No,No,Yes,Yes,Yes,One year,Yes,Electronic check,100.65,5189.75,0,4,No,0,Established (37-60m),4,0.8996521051902368,Critical
0956-ACVZC,Female,No,No,No,54,Yes,No,Fiber optic,No,No,Yes,No,Yes,Yes,One year,Yes,Credit card (automatic),94.1,5060.9,0,0,No,0,Established (37-60m),0,0.028737714060535796,Low
2325-NBPZG,Female,No,No,No,3,Yes,No,Fiber optic,Yes,No,No,No,No,No,Month-to-month,Yes,Electronic check,74.55,233.65,0,0,No,0,New (0-12m),0,0.9034872647062944,Critical
4482-FTFFX,Male,No,No,No,5,Yes,No,DSL,No,No,Yes,Yes,No,No,Month-to-month,No,Electronic check,56.15,291.45,0,0,No,0,New (0-12m),0,0.6227613725825372,High
8859-DZTGQ,Male,No,No,No,33,Yes,No,No,No internet service,No internet service,No internet service,No internet service,No internet service,No internet service,Two year,No,Mailed check,20.35,689.75,4,0,No,0,Mid (13-36m),4,0.01259057801806815,Low
0440-MOGPM,Female,No,No,No,41,Yes,Yes,DSL,No,Yes,Yes,No,Yes,Yes,One year,Yes,Electronic check,80.55,3263.9,0,0,No,0,Established (37-60m),0,0.03672865103657867,Low
0020-JDNXP,Female,No,Yes,Yes,34,No,No phone service,DSL,Yes,No,Yes,Yes,Yes,Yes,One year,No,Mailed check,61.25,1993.2,0,0,No,0,Mid (13-36m),0,0.04172814644368789,Low
3752-CQSJI,Female,No,Yes,Yes,13,Yes,No,No,No internet service,No internet service,No internet service,No internet service,No internet service,No internet service,Month-to-month,Yes,Mailed check,20.45,254.5,1,0,No,0,Mid (13-36m),1,0.25043303033158415,Low
5025-GOOKI,Female,No,No,No,20,Yes,No,No,No internet service,No internet service,No internet service,No internet service,No internet service,No internet service,Month-to-month,Yes,Credit card (automatic),18.9,347.65,2,0,No,0,Mid (13-36m),2,0.23397169471171353,Low
4698-KVLLG,Female,Yes,No,No,51,Yes,No,No,No internet service,No internet service,No internet service,No internet service,No internet service,No internet service,Two year,No,Credit card (automatic),19.6,967.9,0,0,No,0,Established (37-60m),0,0.006954414654760674,Low
2887-JPYLU,Female,No,No,Yes,41,Yes,No,DSL,No,No,No,No,No,No,Month-to-month,No,Bank transfer (automatic),45.2,1841.9,0,0,No,0,Established (37-60m),0,0.13818490521587296,Low
4770-QAZXN,Female,No,No,No,13,Yes,No,No,No internet service,No internet service,No internet service,No internet service,No internet service,No internet service,Month-to-month,No,Credit card (automatic),19.45,232.1,0,0,No,0,Mid (13-36m),0,0.3071860460311185,Low
4896-CPRPF,Male,No,Yes,Yes,35,Yes,Yes,No,No internet service,No internet service,No internet service,No internet service,No internet service,No internet service,Two year,No,Bank transfer (automatic),25.45,809.25,0,0,No,0,Mid (13-36m),0,0.009379352810876616,Low
9714-EDSUC,Male,No,No,No,4,Yes,No,Fiber optic,Yes,Yes,No,Yes,No,Yes,Month-to-month,Yes,Mailed check,94.9,360.55,0,0,No,0,New (0-12m),0,0.7518652739189382,Critical
0282-NVSJS,Female,Yes,Yes,Yes,12,No,No phone service,DSL,No,No,No,Yes,No,No,Month-to-month,Yes,Mailed check,29.3,355.9,5,0,No,0,New (0-12m),5,0.5307165988000849,High
7353-YOWFP,Female,No,No,No,7,Yes,No,No,No internet service,No internet service,No internet service,No internet service,No internet service,No internet service,One year,No,Mailed check,20.25,129.15,0,0,No,0,New (0-12m),0,0.17384975300508002,Low
8008-ESFLK,Female,No,Yes,No,53,Yes,No,Fiber optic,Yes,Yes,Yes,Yes,Yes,Yes,One year,No,Electronic check,110.5,5835.5,0,0,No,0,Established (37-60m),0,0.02221850263941807,Low
7537-CBQUZ,Male,Yes,No,No,63,Yes,Yes,Fiber optic,Yes,Yes,Yes,No,Yes,Yes,Month-to-month,Yes,Bank transfer (automatic),109.4,7031.45,0,0,No,0,Loyal (60m+),0,0.026110223637149956,Low
3363-EWLGO,Female,No,No,No,5,Yes,No,No,No internet service,No internet service,No internet service,No internet service,No internet service,No internet service,Month-to-month,No,Mailed check,19.95,109.6,2,0,No,0,New (0-12m),2,0.3911777590444961,Low
4750-UKWJK,Female,Yes,Yes,No,37,Yes,No,No,No internet service,No internet service,No internet service,No internet service,No internet service,No internet service,One year,No,Mailed check,19.6,727.8,0,0,No,0,Established (37-60m),0,0.044925643951724575,Low
1689-YQBYY,Female,No,No,Yes,12,Yes,Yes,Fiber optic,No,No,No,No,No,No,Month-to-month,Yes,Electronic check,76.6,893.0,0,0,No,0,New (0-12m),0,0.8026287660298868,Critical
4487-ZYJZK,Female,No,Yes,Yes,38,Yes,No,No,No internet service,No internet service,No internet service,No internet service,No internet service,No internet service,One year,No,Credit card (automatic),19.6,763.1,0,0,No,0,Established (37-60m),0,0.03143043366975146,Low
2959-FENLU,Female,No,No,No,9,Yes,No,Fiber optic,No,No,Yes,No,No,Yes,Month-to-month,Yes,Credit card (automatic),85.3,781.4,0,0,No,0,New (0-12m),0,0.7691994886111235,Critical
0708-LGSMF,Male,No,Yes,No,13,Yes,Yes,DSL,Yes,No,No,No,No,Yes,Month-to-month,Yes,Electronic check,65.85,902.25,1,0,No,0,Mid (13-36m),1,0.4812930036427051,High
7634-HLQJR,Female,No,Yes,Yes,47,Yes,No,No,No internet service,No internet service,No internet service,No internet service,No internet service,No internet service,Two year,No,Credit card (automatic),20.05,1016.7,0,0,No,0,Established (37-60m),0,0.005431884193427562,Low
0487-RPVUM,Male,No,Yes,No,61,Yes,Yes,Fiber optic,Yes,No,Yes,Yes,Yes,No,Month-to-month,No,Bank transfer (automatic),99.4,5943.65,0,0,No,0,Loyal (60m+),0,0.029159590000846523,Low
4079-ULGFR,Male,No,No,No,16,Yes,No,No,No internet service,No internet service,No internet service,No internet service,No internet service,No internet service,Month-to-month,No,Mailed check,20.0,275.7,0,1,No,0,Mid (13-36m),1,0.5471245859250993,High
2516-XSJKX,Female,No,Yes,Yes,41,Yes,No,DSL,Yes,Yes,No,Yes,Yes,Yes,Two year,No,Electronic check,78.45,3126.45,0,0,No,0,Established (37-60m),0,0.00771236860767401,Low
0057-QBUQH,Female,No,No,Yes,43,Yes,Yes,No,No internet service,No internet service,No internet service,No internet service,No internet service,No internet service,Two year,Yes,Electronic check,25.1,1070.15,0,0,No,0,Established (37-60m),0,0.009721135605499151,Low
6599-SFQVE,Female,No,No,No,6,Yes,No,DSL,No,No,No,No,No,Yes,Month-to-month,Yes,Electronic check,55.0,340.4,0,0,No,0,New (0-12m),0,0.6786911518516116,High
8331-ZXFOE,Female,No,No,No,58,Yes,Yes,DSL,Yes,Yes,Yes,Yes,No,No,One year,Yes,Credit card (automatic),71.1,4299.2,0,0,No,0,Established (37-60m),0,0.007176493158671094,Low
4003-FUSHP,Male,No,No,No,19,Yes,No,DSL,No,No,No,Yes,Yes,No,Month-to-month,Yes,Credit card (automatic),61.55,1093.2,0,0,No,0,Mid (13-36m),0,0.2819952668331131,Low
0356-ERHVT,Male,No,Yes,No,11,Yes,No,DSL,No,No,No,No,No,No,Month-to-month,Yes,Bank transfer (automatic),45.9,521.9,0,0,No,0,New (0-12m),0,0.5142402315894813,High
7325-ENZFI,Female,No,No,No,39,No,No phone service,DSL,Yes,Yes,No,Yes,No,No,One year,Yes,Bank transfer (automatic),40.3,1630.4,0,0,No,0,Established (37-60m),0,0.06556467687512334,Low
4884-ZTHVF,Female,Yes,No,No,8,Yes,No,Fiber optic,No,Yes,No,No,Yes,No,Month-to-month,Yes,Electronic check,87.1,713.6,0,0,No,0,New (0-12m),0,0.8678318053532365,Critical
3920-HIHMQ,Female,No,No,Yes,26,Yes,Yes,DSL,No,No,No,No,No,No,Month-to-month,Yes,Mailed check,49.5,1265.65,0,0,No,0,Mid (13-36m),0,0.253213522172445,Low
3055-OYMSE,Female,Yes,No,No,53,Yes,No,Fiber optic,No,Yes,No,No,No,No,Month-to-month,Yes,Credit card (automatic),73.8,4003.85,0,0,No,0,Established (37-60m),0,0.16319501513079396,Low
0613-WUXUM,Female,No,Yes,Yes,70,Yes,No,No,No internet service,No internet service,No internet service,No internet service,No internet service,No internet service,Two year,Yes,Mailed check,19.2,1401.4,0,0,No,0,Loyal (60m+),0,0.0014972817632912035,Low
4458-KVRBJ,Male,No,No,No,59,Yes,Yes,No,No internet service,No internet service,No internet service,No internet service,No internet service,No internet service,Two year,No,Mailed check,25.0,1510.5,0,0,No,0,Established (37-60m),0,0.0025644652492738023,Low
1397-XKKWR,Male,No,No,No,7,No,No phone service,DSL,Yes,No,Yes,No,No,No,One year,No,Mailed check,35.3,264.8,3,0,No,0,New (0-12m),3,0.3569784940635257,Low
8097-OMULG,Male,No,Yes,Yes,59,Yes,No,DSL,No,Yes,Yes,Yes,Yes,Yes,One year,No,Credit card (automatic),76.75,4541.9,0,0,No,0,Established (37-60m),0,0.004335646437285969,Low
6013-BHCAW,Male,No,Yes,Yes,61,Yes,Yes,DSL,No,No,Yes,Yes,Yes,Yes,Two year,Yes,Bank transfer (automatic),81.0,4976.15,0,0,No,0,Loyal (60m+),0,0.0009832160363671346,Low
0401-WDBXM,Male,No,Yes,Yes,72,Yes,Yes,Fiber optic,Yes,No,Yes,No,Yes,Yes,Two year,Yes,Bank transfer (automatic),105.55,7542.25,0,0,No,0,Loyal (60m+),0,0.0010496900943034306,Low
3387-PLKUI,Female,No,Yes,Yes,13,Yes,No,No,No internet service,No internet service,No internet service,No internet service,No internet service,No internet service,Month-to-month,No,Mailed check,18.8,251.25,0,0,No,0,Mid (13-36m),0,0.2547730024056298,Low
6096-EGVTU,Female,No,Yes,Yes,64,Yes,Yes,No,No internet service,No internet service,No internet service,No internet service,No internet service,No internet service,One year,No,Mailed check,24.9,1595.5,0,0,No,0,Loyal (60m+),0,0.00608764863270196,Low
5081-NWSUP,Female,No,No,No,10,Yes,No,DSL,No,Yes,No,Yes,No,Yes,One year,No,Mailed check,64.9,685.55,0,0,No,0,New (0-12m),0,0.20217331959063822,Low
2580-ATZSQ,Female,No,Yes,Yes,65,Yes,No,DSL,Yes,Yes,Yes,No,No,No,One year,No,Bank transfer (automatic),61.35,3874.1,0,0,No,0,Loyal (60m+),0,0.007042564332756866,Low
8085-MSNLK,Female,No,Yes,No,62,Yes,Yes,Fiber optic,Yes,Yes,Yes,Yes,Yes,Yes,Two year,No,Mailed check,113.95,6891.4,0,0,No,0,Loyal (60m+),0,0.0017618874238891247,Low
9691-HKOVS,Female,No,Yes,No,55,Yes,Yes,DSL,Yes,Yes,Yes,Yes,Yes,Yes,One year,Yes,Electronic check,90.15,4916.95,0,0,No,0,Established (37-60m),0,0.007551169291722945,Low
9881-VCZEP,Female,No,Yes,No,25,Yes,Yes,DSL,No,Yes,No,No,No,No,Month-to-month,No,Electronic check,54.1,1373.0,0,0,No,0,Mid (13-36m),0,0.36247644670015555,Low
8757-TFHHJ,Male,No,No,No,1,Yes,No,DSL,Yes,No,No,No,No,No,Month-to-month,Yes,Credit card (automatic),49.8,49.8,0,0,No,0,New (0-12m),0,0.6556822267538797,High
1468-DEFNC,Male,Yes,Yes,Yes,64,Yes,Yes,No,No internet service,No internet service,No internet service,No internet service,No internet service,No internet service,Two year,Yes,Bank transfer (automatic),24.4,1548.65,0,0,No,0,Loyal (60m+),0,0.0022558008080882617,Low
5119-KEPFY,Male,No,Yes,No,36,Yes,Yes,Fiber optic,No,No,No,No,Yes,Yes,Month-to-month,Yes,Bank transfer (automatic),95.0,3440.25,0,0,No,0,Mid (13-36m),0,0.23062134457486805,Low
0916-KNFAJ,Male,No,Yes,No,61,Yes,Yes,DSL,Yes,No,Yes,No,No,Yes,Two year,Yes,Mailed check,69.9,4226.7,0,0,No,0,Loyal (60m+),0,0.0018429201273831544,Low
8319-QBEHW,Male,No,No,Yes,26,No,No phone service,DSL,No,Yes,No,No,Yes,No,One year,Yes,Bank transfer (automatic),39.95,1023.75,0,0,No,0,Mid (13-36m),0,0.13440150901711018,Low
9625-QNLUX,Male,No,Yes,Yes,68,Yes,No,Fiber optic,Yes,Yes,Yes,No,Yes,Yes,Two year,Yes,Credit card (automatic),103.25,7074.4,0,0,No,0,Loyal (60m+),0,0.0014405917569382653,Low
4024-CSNBY,Female,No,Yes,No,72,Yes,Yes,Fiber optic,Yes,Yes,Yes,Yes,No,No,Two year,Yes,Bank transfer (automatic),94.25,6849.75,0,0,No,0,Loyal (60m+),0,0.0015979968266448764,Low
7110-BDTWG,Female,No,Yes,No,71,No,No phone service,DSL,No,No,Yes,Yes,No,Yes,Two year,Yes,Electronic check,47.05,3263.6,0,0,No,0,Loyal (60m+),0,0.0030166902170261556,Low
7493-GVFIO,Male,No,No,No,57,Yes,No,No,No internet service,No internet service,No internet service,No internet service,No internet service,No internet service,Two year,No,Credit card (automatic),20.55,1252.85,0,0,No,0,Established (37-60m),0,0.0034404928407906926,Low
0690-SRQID,Male,No,No,No,4,Yes,No,No,No internet service,No internet service,No internet service,No internet service,No internet service,No internet service,Month-to-month,Yes,Mailed check,19.65,67.55,0,0,No,0,New (0-12m),0,0.38451370986065053,Low
9605-WGJVW,Female,Yes,No,No,1,Yes,No,Fiber optic,No,No,No,No,No,No,Month-to-month,Yes,Electronic check,70.2,70.2,0,0,No,0,New (0-12m),0,0.9345683386447349,Critical
9114-DPSIA,Male,No,Yes,Yes,72,Yes,Yes,DSL,Yes,Yes,Yes,Yes,No,Yes,Two year,No,Credit card (automatic),81.0,5750.0,0,0,No,0,Loyal (60m+),0,0.00041924944240636817,Low
4700-UBQMV,Male,No,Yes,Yes,21,Yes,Yes,DSL,Yes,No,No,No,Yes,Yes,One year,Yes,Bank transfer (automatic),75.9,1549.75,0,0,No,0,Mid (13-36m),0,0.08902210785296095,Low
7711-GQBZC,Female,No,Yes,Yes,71,Yes,Yes,No,No internet service,No internet service,No internet service,No internet service,No internet service,No internet service,Two year,No,Bank transfer (automatic),24.7,1810.55,0,5,No,0,Loyal (60m+),5,0.48796825149021533,High
4627-MIHJH,Female,Yes,No,No,69,Yes,Yes,Fiber optic,Yes,No,Yes,Yes,Yes,Yes,Two year,No,Credit card (automatic),110.25,7467.55,0,0,No,0,Loyal (60m+),0,0.0015069755621480757,Low
9795-NREXC,Female,No,Yes,No,64,Yes,Yes,DSL,Yes,No,Yes,Yes,Yes,Yes,Two year,Yes,Credit card (automatic),85.0,5484.4,0,0,No,0,Loyal (60m+),0,0.0008193660757632299,Low
8573-CGOCC,Male,No,No,No,16,Yes,No,No,No internet service,No internet service,No internet service,No internet service,No internet service,No internet service,Month-to-month,No,Credit card (automatic),19.75,294.9,0,0,No,0,Mid (13-36m),0,0.2536583138533492,Low
7356-AYNJP,Female,No,No,No,4,Yes,Yes,No,No internet service,No internet service,No internet service,No internet service,No internet service,No internet service,One year,No,Electronic check,23.9,97.5,0,0,No,0,New (0-12m),0,0.27310035068306543,Low
6286-SUUWT,Male,No,No,No,1,Yes,No,No,No internet service,No internet service,No internet service,No internet service,No internet service,No internet service,Month-to-month,No,Mailed check,19.95,19.95,0,0,No,0,New (0-12m),0,0.4225821498761466,High
4819-HJPIW,Male,No,No,No,18,No,No phone service,DSL,No,No,No,No,No,No,Month-to-month,No,Mailed check,25.15,476.8,0,0,No,0,Mid (13-36m),0,0.4868315463614217,High
8654-DHAOW,Female,No,No,No,2,Yes,Yes,DSL,No,Yes,No,No,No,No,Month-to-month,No,Mailed check,54.15,101.65,0,0,No,0,New (0-12m),0,0.6368140658279814,High
5438-QMDDL,Female,No,Yes,No,19,Yes,No,DSL,No,Yes,No,No,No,Yes,Month-to-month,Yes,Mailed check,59.8,1130.85,0,0,No,0,Mid (13-36m),0,0.3232282764023092,Low
9812-GHVRI,Female,No,No,No,40,Yes,Yes,Fiber optic,No,No,No,No,No,Yes,Month-to-month,No,Bank transfer (automatic),83.85,3532.25,0,0,No,0,Established (37-60m),0,0.24420522454286372,Low
5553-AOINX,Female,Yes,Yes,Yes,66,Yes,Yes,Fiber optic,No,Yes,Yes,No,Yes,Yes,One year,Yes,Electronic check,104.9,6891.45,0,0,No,0,Loyal (60m+),0,0.011810972905946501,Low
1228-ZLNBX,Male,No,No,No,21,Yes,Yes,Fiber optic,No,No,No,No,No,No,Month-to-month,No,Mailed check,75.3,1570.7,0,0,No,0,Mid (13-36m),0,0.5850765994551504,High
4226-KKDON,Male,No,No,No,8,Yes,No,DSL,No,Yes,No,Yes,Yes,No,Month-to-month,Yes,Electronic check,66.65,520.95,0,0,No,0,New (0-12m),0,0.5349564521054287,High
3831-YCPUO,Female,No,Yes,Yes,72,Yes,No,Fiber optic,Yes,Yes,Yes,Yes,Yes,Yes,Two year,Yes,Credit card (automatic),109.5,7854.9,0,0,No,0,Loyal (60m+),0,0.0007597649651293742,Low
7445-WMRBW,Female,No,No,No,48,Yes,Yes,DSL,No,Yes,Yes,Yes,Yes,No,One year,Yes,Bank transfer (automatic),73.85,3581.4,0,0,No,0,Established (37-60m),0,0.015059479665308748,Low
3308-DGHKL,Male,No,No,No,69,Yes,No,No,No internet service,No internet service,No internet service,No internet service,No internet service,No internet service,Two year,Yes,Bank transfer (automatic),19.3,1447.9,0,0,No,0,Loyal (60m+),0,0.0019452374052218826,Low
9924-JPRMC,Male,No,No,No,72,Yes,Yes,Fiber optic,Yes,Yes,Yes,Yes,Yes,Yes,Two year,Yes,Electronic check,118.2,8547.15,0,1,No,0,Loyal (60m+),1,0.003425254027496261,Low
0080-EMYVY,Female,No,No,No,14,Yes,No,DSL,No,Yes,No,No,No,No,One year,No,Credit card (automatic),51.45,727.85,0,0,No,0,Mid (13-36m),0,0.2407737137600129,Low
6218-KNUBD,Male,No,No,No,6,Yes,No,DSL,No,Yes,No,No,Yes,No,Month-to-month,No,Electronic check,59.45,357.6,0,0,No,0,New (0-12m),0,0.6429779586466273,High
7337-CINUD,Female,No,Yes,Yes,8,Yes,No,No,No internet service,No internet service,No internet service,No internet service,No internet service,No internet service,Two year,No,Bank transfer (automatic),19.5,159.35,0,0,No,0,New (0-12m),0,0.04957078690318453,Low
7609-NRNCA,Female,No,No,No,17,Yes,No,No,No internet service,No internet service,No internet service,No internet service,No internet service,No internet service,One year,No,Mailed check,19.55,280.85,0,0,No,0,Mid (13-36m),0,0.11028853643012064,Low
0623-EJQEG,Male,No,No,No,65,Yes,Yes,Fiber optic,Yes,No,No,Yes,No,Yes,One year,No,Electronic check,93.55,6069.25,0,0,No,0,Loyal (60m+),0,0.013937879113233388,Low
7153-CHRBV,Female,No,Yes,Yes,57,Yes,No,DSL,Yes,No,Yes,Yes,No,No,One year,Yes,Mailed check,59.3,3274.35,0,0,No,0,Established (37-60m),0,0.009458002752689649,Low
6198-PNNSZ,Female,No,Yes,No,56,Yes,Yes,Fiber optic,Yes,Yes,Yes,No,Yes,Yes,One year,No,Bank transfer (automatic),109.8,6109.65,0,0,No,0,Established (37-60m),0,0.0152869141568336,Low
3317-VLGQT,Female,No,Yes,No,14,Yes,No,Fiber optic,No,No,No,No,No,Yes,Month-to-month,Yes,Electronic check,78.1,1122.4,3,0,No,0,Mid (13-36m),3,0.7863768001318668,Critical
4132-POCZS,Male,No,Yes,No,52,No,No phone service,DSL,Yes,No,No,No,No,Yes,Month-to-month,Yes,Electronic check,39.9,2020.9,0,3,No,0,Established (37-60m),3,0.8758996584766218,Critical
5614-DNZCE,Female,No,No,No,58,Yes,No,DSL,Yes,Yes,Yes,Yes,No,No,Two year,Yes,Credit card (automatic),64.9,3795.45,0,0,No,0,Established (37-60m),0,0.0026363133024546823,Low
3896-RCYYE,Female,No,No,No,67,No,No phone service,DSL,No,No,Yes,Yes,Yes,Yes,Month-to-month,Yes,Credit card (automatic),53.4,3579.15,1,3,No,0,Loyal (60m+),4,0.5163884589131529,High
9638-JIQYA,Male,No,No,No,2,No,No phone service,DSL,No,No,No,No,No,No,Month-to-month,Yes,Credit card (automatic),24.9,49.7,0,0,No,0,New (0-12m),0,0.7162897387909071,Critical
3258-SANFR,Male,Yes,No,No,6,Yes,No,DSL,No,No,No,No,No,No,Month-to-month,No,Credit card (automatic),44.7,276.5,0,0,No,0,New (0-12m),0,0.6472054051596207,High
3726-TBHQT,Male,No,Yes,Yes,71,Yes,Yes,Fiber optic,Yes,Yes,Yes,Yes,Yes,Yes,Two year,Yes,Bank transfer (automatic),114.0,8175.9,0,0,No,0,Loyal (60m+),0,0.00065504431802587,Low
3190-ITQXP,Female,No,Yes,Yes,46,Yes,No,No,No internet service,No internet service,No internet service,No internet service,No internet service,No internet service,Two year,No,Bank transfer (automatic),20.25,890.35,0,0,No,0,Established (37-60m),0,0.0063033378367200925,Low
4833-QTJNO,Male,Yes,Yes,No,67,Yes,Yes,Fiber optic,Yes,Yes,No,No,No,No,Month-to-month,No,Bank transfer (automatic),83.85,5588.8,3,0,No,0,Loyal (60m+),3,0.04473531466265861,Low
3039-MJSLN,Male,No,No,Yes,3,Yes,No,No,No internet service,No internet service,No internet service,No internet service,No internet service,No internet service,Month-to-month,No,Bank transfer (automatic),20.2,50.6,0,0,No,0,New (0-12m),0,0.3873318399899611,Low
0178-CIIKR,Female,No,No,No,3,Yes,No,No,No internet service,No internet service,No internet service,No internet service,No internet service,No internet service,Month-to-month,No,Mailed check,19.95,58.0,0,0,No,0,New (0-12m),0,0.4187976234074597,High
5774-QPLTF,Male,No,Yes,Yes,50,Yes,No,No,No internet service,No internet service,No internet service,No internet service,No internet service,No internet service,One year,Yes,Mailed check,20.35,938.95,0,0,No,0,Established (37-60m),0,0.01433668476595238,Low
2322-VCZHZ,Male,Yes,Yes,No,23,Yes,No,Fiber optic,Yes,Yes,No,No,No,Yes,Month-to-month,Yes,Electronic check,90.0,2024.1,0,0,No,0,Mid (13-36m),0,0.6292627252908909,High
5010-IPEAQ,Female,No,Yes,Yes,67,No,No phone service,DSL,Yes,Yes,Yes,Yes,Yes,No,Two year,No,Credit card (automatic),54.2,3623.95,5,0,No,0,Loyal (60m+),5,0.0016816447264572797,Low
6383-ZTSIW,Female,Yes,Yes,No,39,Yes,No,Fiber optic,Yes,Yes,No,No,Yes,Yes,One year,No,Mailed check,99.1,3877.95,1,1,No,0,Established (37-60m),2,0.26003592802722825,Low
8990-YOZLV,Female,No,No,No,69,Yes,Yes,DSL,Yes,Yes,No,Yes,No,No,Two year,Yes,Mailed check,66.9,4577.9,0,0,No,0,Loyal (60m+),0,0.001102011131540337,Low
3069-SSVSN,Female,No,No,No,1,No,No phone service,DSL,No,No,No,No,No,No,One year,No,Mailed check,25.85,25.85,0,0,No,0,New (0-12m),0,0.5008089233780072,High
5222-IMUKT,Male,No,No,No,32,Yes,No,Fiber optic,No,No,No,No,Yes,Yes,Month-to-month,No,Electronic check,91.05,2871.5,0,0,No,0,Mid (13-36m),0,0.4115421292502962,High
6685-XSHHU,Male,No,Yes,Yes,60,Yes,No,No,No internet service,No internet service,No internet service,No internet service,No internet service,No internet service,Two year,Yes,Bank transfer (automatic),20.95,1270.55,0,0,No,0,Established (37-60m),0,0.002539788071738647,Low
8901-UPRHR,Female,No,Yes,Yes,72,Yes,Yes,Fiber optic,No,Yes,Yes,Yes,Yes,Yes,Two year,Yes,Bank transfer (automatic),109.2,7711.45,0,0,No,0,Loyal (60m+),0,0.0008505902169073146,Low
0118-JPNOY,Female,Yes,No,No,26,Yes,No,Fiber optic,Yes,No,No,No,Yes,No,Month-to-month,Yes,Credit card (automatic),85.8,2193.65,0,0,No,0,Mid (13-36m),0,0.5294076632761568,High
3845-FXCYS,Male,No,No,No,2,Yes,No,No,No internet service,No internet service,No internet service,No internet service,No internet service,No internet service,Month-to-month,Yes,Electronic check,19.65,31.2,0,0,No,0,New (0-12m),0,0.5275594722447668,High
5857-XRECV,Female,No,No,Yes,2,Yes,No,No,No internet service,No internet service,No internet service,No internet service,No internet service,No internet service,One year,No,Bank transfer (automatic),20.5,38.25,0,0,No,0,New (0-12m),0,0.21032568039376265,Low
0725-CXOTM,Female,No,No,No,36,Yes,Yes,DSL,Yes,No,Yes,Yes,Yes,Yes,One year,Yes,Credit card (automatic),89.65,3348.1,0,0,No,0,Mid (13-36m),0,0.022103148567372055,Low
4343-EJVQB,Male,No,No,No,7,Yes,No,Fiber optic,Yes,No,No,No,No,No,Month-to-month,No,Mailed check,74.35,533.6,0,0,No,0,New (0-12m),0,0.798960121479429,Critical
9000-PLFUZ,Female,Yes,Yes,No,60,No,No phone service,DSL,No,Yes,No,No,Yes,Yes,Two year,Yes,Credit card (automatic),49.45,2907.55,0,0,No,0,Established (37-60m),0,0.005591454525639985,Low
3427-GGZZI,Female,No,Yes,No,19,Yes,Yes,Fiber optic,No,Yes,No,No,No,Yes,Month-to-month,Yes,Electronic check,89.1,1620.8,0,1,No,0,Mid (13-36m),1,0.8878086946834083,Critical
7779-ORAEL,Male,Yes,Yes,No,45,Yes,Yes,DSL,Yes,No,Yes,Yes,No,Yes,Two year,No,Credit card (automatic),75.15,3480.35,0,0,No,0,Established (37-60m),0,0.0051051484493042885,Low
0644-OQMDK,Male,Yes,No,No,4,Yes,No,Fiber optic,No,No,No,No,No,No,Month-to-month,Yes,Electronic check,70.65,293.85,0,0,No,0,New (0-12m),0,0.9120248672280074,Critical
3154-CFSZG,Male,No,Yes,Yes,47,Yes,No,Fiber optic,Yes,No,Yes,No,No,Yes,Month-to-month,No,Electronic check,90.05,4137.2,0,0,No,0,Established (37-60m),0,0.1544319586951405,Low
2220-IAHLS,Female,No,No,No,1,Yes,No,No,No internet service,No internet service,No internet service,No internet service,No internet service,No internet service,Month-to-month,No,Credit card (automatic),19.4,19.4,0,0,No,0,New (0-12m),0,0.46097861148296293,High
1658-XUHBX,Female,Yes,Yes,Yes,59,Yes,Yes,Fiber optic,No,No,Yes,No,No,Yes,Month-to-month,Yes,Credit card (automatic),88.75,5348.65,0,1,No,0,Established (37-60m),1,0.18905077189477398,Low
2378-HTWFW,Male,Yes,No,No,35,Yes,Yes,Fiber optic,Yes,No,No,No,No,Yes,Month-to-month,No,Credit card (automatic),91.0,3180.5,0,1,No,0,Mid (13-36m),1,0.6248584571871824,High
4377-VDHYI,Male,No,Yes,Yes,32,Yes,No,Fiber optic,Yes,Yes,No,No,No,Yes,One year,Yes,Electronic check,90.8,3023.85,0,0,No,0,Mid (13-36m),0,0.16507721446150983,Low
3719-TDVQB,Female,Yes,Yes,No,54,Yes,No,No,No internet service,No internet service,No internet service,No internet service,No internet service,No internet service,Two year,Yes,Mailed check,18.95,1031.1,0,0,No,0,Established (37-60m),0,0.005316939652687909,Low
0201-MIBOL,Female,Yes,No,No,66,Yes,Yes,Fiber optic,Yes,No,No,No,Yes,Yes,Two year,Yes,Bank transfer (automatic),102.4,6471.85,0,3,No,0,Loyal (60m+),3,0.1545401347760446,Low
4937-QPZPO,Male,No,Yes,Yes,61,Yes,Yes,Fiber optic,No,No,Yes,No,Yes,Yes,One year,Yes,Electronic check,99.9,6241.35,0,0,No,0,Loyal (60m+),0,0.014606466176236545,Low
2925-VDZHY,Male,No,Yes,Yes,72,Yes,Yes,DSL,Yes,Yes,Yes,Yes,Yes,Yes,Two year,No,Credit card (automatic),88.7,6501.35,0,0,No,0,Loyal (60m+),0,0.00029608290844778296,Low
6981-TDRFT,Male,No,Yes,Yes,44,No,No phone service,DSL,No,No,Yes,Yes,Yes,Yes,One year,Yes,Electronic check,54.3,2317.1,0,0,No,0,Established (37-60m),0,0.03696957144009286,Low
3413-CSSTH,Male,No,No,No,41,Yes,Yes,DSL,No,No,Yes,No,No,No,Month-to-month,Yes,Bank transfer (automatic),55.7,2237.55,0,0,No,0,Established (37-60m),0,0.11475587357412863,Low
8033-VCZGH,Male,No,Yes,No,50,Yes,Yes,Fiber optic,Yes,No,Yes,No,Yes,Yes,One year,Yes,Electronic check,103.95,5231.3,0,0,No,0,Established (37-60m),0,0.03745573281048146,Low
0224-NIJLP,Male,No,Yes,Yes,8,Yes,No,No,No internet service,No internet service,No internet service,No internet service,No internet service,No internet service,Two year,No,Mailed check,20.15,165.5,5,0,No,0,New (0-12m),5,0.040133620725383734,Low
7542-CYDDM,Male,No,No,No,18,Yes,No,No,No internet service,No internet service,No internet service,No internet service,No internet service,No internet service,Month-to-month,No,Mailed check,20.05,358.5,0,0,No,0,Mid (13-36m),0,0.22177473741146936,Low
4718-WXBGI,Male,No,Yes,Yes,72,Yes,Yes,DSL,Yes,Yes,Yes,Yes,Yes,Yes,Two year,Yes,Credit card (automatic),91.95,6614.9,0,0,No,0,Loyal (60m+),0,0.00027324089040234404,Low
8495-PRWFH,Female,Yes,No,No,42,Yes,Yes,DSL,No,No,Yes,No,No,No,Month-to-month,No,Electronic check,55.65,2421.75,0,0,No,0,Established (37-60m),0,0.1842297161747108,Low
0439-IFYUN,Female,Yes,No,No,18,Yes,No,Fiber optic,No,Yes,No,No,No,No,Month-to-month,Yes,Electronic check,74.7,1294.6,0,0,No,0,Mid (13-36m),0,0.7970306614160051,Critical
5716-LIBJC,Female,No,No,Yes,13,Yes,Yes,Fiber optic,No,Yes,Yes,No,Yes,Yes,One year,Yes,Credit card (automatic),104.15,1299.1,0,0,No,0,Mid (13-36m),0,0.36111697361335543,Low
2868-LLSKM,Female,No,Yes,Yes,68,Yes,Yes,Fiber optic,No,Yes,No,Yes,No,No,One year,Yes,Bank transfer (automatic),83.65,5733.4,0,0,No,0,Loyal (60m+),0,0.009623090121209914,Low
2988-QRAJY,Male,No,No,No,69,Yes,Yes,Fiber optic,Yes,Yes,Yes,No,Yes,Yes,Two year,Yes,Credit card (automatic),110.05,7430.75,0,0,No,0,Loyal (60m+),0,0.0013745951556843302,Low
0071-NDAFP,Male,No,Yes,Yes,25,Yes,Yes,No,No internet service,No internet service,No internet service,No internet service,No internet service,No internet service,Two year,No,Credit card (automatic),25.5,630.6,0,0,No,0,Mid (13-36m),0,0.015138043874838206,Low
7328-ZJAJO,Female,No,Yes,Yes,59,Yes,No,No,No internet service,No internet service,No internet service,No internet service,No internet service,No internet service,Two year,No,Credit card (automatic),19.5,1222.65,5,0,No,0,Established (37-60m),5,0.002852374160965012,Low
6458-CYIDZ,Female,Yes,No,No,5,Yes,No,Fiber optic,Yes,Yes,No,No,No,No,Month-to-month,No,Electronic check,80.7,374.8,0,0,No,0,New (0-12m),0,0.9024196712979449,Critical
1090-PYKCI,Female,No,Yes,Yes,69,Yes,Yes,Fiber optic,Yes,Yes,Yes,Yes,Yes,No,One year,Yes,Credit card (automatic),105.1,7234.8,0,0,No,0,Loyal (60m+),0,0.003986645495305237,Low
3058-WQDRE,Male,No,No,No,13,No,No phone service,DSL,No,No,No,No,No,No,Month-to-month,Yes,Bank transfer (automatic),25.15,331.85,4,0,No,0,Mid (13-36m),4,0.5878019805383933,High
2279-AXJJK,Male,No,Yes,No,52,Yes,Yes,Fiber optic,No,Yes,No,Yes,No,Yes,Month-to-month,Yes,Credit card (automatic),95.65,5088.4,0,3,No,0,Established (37-60m),3,0.761084866252046,Critical
0909-SELIE,Male,No,Yes,No,61,Yes,Yes,DSL,Yes,Yes,Yes,Yes,No,Yes,Two year,Yes,Bank transfer (automatic),80.8,4860.85,0,0,No,0,Loyal (60m+),0,0.0011902651196936365,Low
3417-TSCIC,Male,No,No,No,29,No,No phone service,DSL,No,No,No,No,No,No,One year,Yes,Mailed check,24.85,788.05,0,0,No,0,Mid (13-36m),0,0.154945949965399,Low
1042-HFUCW,Female,No,No,Yes,25,Yes,No,DSL,No,Yes,No,Yes,No,No,One year,Yes,Credit card (automatic),54.75,1266.35,0,0,No,0,Mid (13-36m),0,0.09461823095005496,Low
6537-OTKMY,Male,No,No,No,15,No,No phone service,DSL,No,No,Yes,No,Yes,Yes,One year,No,Electronic check,50.75,688.2,0,0,No,0,Mid (13-36m),0,0.29896209621974595,Low
8999-EXMNO,Female,No,Yes,Yes,19,Yes,No,No,No internet service,No internet service,No internet service,No internet service,No internet service,No internet service,Two year,No,Mailed check,20.15,387.7,3,0,No,0,Mid (13-36m),3,0.024355540997987424,Low
6725-TPKJO,Male,No,No,No,44,Yes,No,No,No internet service,No internet service,No internet service,No internet service,No internet service,No internet service,Two year,No,Mailed check,20.05,845.25,3,0,No,0,Established (37-60m),3,0.007055987911074793,Low
7162-WPHPM,Male,No,Yes,Yes,58,Yes,Yes,DSL,Yes,Yes,Yes,Yes,No,No,Two year,No,Credit card (automatic),71.6,4230.25,5,0,No,0,Established (37-60m),5,0.0015462224315398749,Low
1599-MMYRQ,Male,No,Yes,Yes,62,Yes,No,Fiber optic,Yes,Yes,No,No,No,No,One year,Yes,Credit card (automatic),81.45,4983.05,0,0,No,0,Loyal (60m+),0,0.017611096651958667,Low
8821-KVZKQ,Female,No,Yes,Yes,70,No,No phone service,DSL,No,Yes,Yes,Yes,Yes,Yes,One year,Yes,Bank transfer (automatic),58.4,4113.15,0,0,No,0,Loyal (60m+),0,0.004348694729489708,Low
6434-TTGJP,Male,No,Yes,Yes,10,No,No phone service,DSL,Yes,Yes,Yes,Yes,No,Yes,Two year,No,Credit card (automatic),53.7,521.0,0,0,No,0,New (0-12m),0,0.06457978995916716,Low
0042-JVWOJ,Male,No,No,No,26,Yes,No,No,No internet service,No internet service,No internet service,No internet service,No internet service,No internet service,One year,Yes,Bank transfer (automatic),19.6,471.85,0,0,No,0,Mid (13-36m),0,0.0711008834519364,Low
0130-SXOUN,Male,No,No,No,66,Yes,Yes,Fiber optic,No,Yes,No,No,No,Yes,Month-to-month,No,Credit card (automatic),89.4,5976.9,0,0,No,0,Loyal (60m+),0,0.03134883327621577,Low
2330-PQGDQ,Male,No,Yes,Yes,51,Yes,Yes,Fiber optic,No,Yes,No,Yes,No,No,One year,No,Bank transfer (automatic),84.2,4299.75,4,0,No,0,Established (37-60m),4,0.031186923763411364,Low
1452-UZOSF,Male,No,Yes,Yes,72,Yes,Yes,Fiber optic,Yes,Yes,Yes,Yes,Yes,No,Two year,Yes,Credit card (automatic),106.1,7548.6,0,0,No,0,Loyal (60m+),0,0.0007991834320496899,Low
2097-YVPKN,Male,No,No,No,65,Yes,Yes,No,No internet service,No internet service,No internet service,No internet service,No internet service,No internet service,Two year,No,Mailed check,25.75,1654.75,0,6,No,0,Loyal (60m+),6,0.8319432225493314,Critical
8597-CTXVJ,Male,No,No,Yes,70,Yes,Yes,DSL,Yes,Yes,No,Yes,No,No,One year,No,Bank transfer (automatic),64.95,4551.5,0,0,No,0,Loyal (60m+),0,0.0033323879451355558,Low
6631-HMANX,Male,No,Yes,No,72,Yes,Yes,DSL,No,Yes,Yes,Yes,Yes,Yes,Two year,Yes,Credit card (automatic),85.45,6227.5,5,0,No,0,Loyal (60m+),5,0.0003931590996345736,Low
9962-BFPDU,Female,No,Yes,Yes,1,Yes,No,No,No internet service,No internet service,No internet service,No internet service,No internet service,No internet service,Month-to-month,No,Mailed check,20.05,20.05,0,0,No,0,New (0-12m),0,0.3946903923747367,Low
6394-HHHZM,Male,No,No,No,3,Yes,No,No,No internet service,No internet service,No internet service,No internet service,No internet service,No internet service,Month-to-month,No,Mailed check,20.7,57.5,0,0,No,0,New (0-12m),0,0.393599108520953,Low
5995-LFTLE,Male,No,No,No,58,Yes,Yes,No,No internet service,No internet service,No internet service,No internet service,No internet service,No internet service,Two year,Yes,Credit card (automatic),25.3,1474.35,0,0,No,0,Established (37-60m),0,0.00286271495626432,Low
1932-UEDCX,Male,Yes,Yes,No,33,Yes,Yes,Fiber optic,No,Yes,No,No,Yes,Yes,Month-to-month,Yes,Bank transfer (automatic),100.6,3270.25,0,0,No,0,Mid (13-36m),0,0.29660858845340277,Low
5188-HGMLP,Male,Yes,Yes,No,54,Yes,Yes,Fiber optic,No,No,No,No,No,No,Month-to-month,No,Bank transfer (automatic),74.0,3919.15,0,0,No,0,Established (37-60m),0,0.1481859372159817,Low
0665-XHDJU,Male,No,Yes,No,72,Yes,Yes,Fiber optic,No,Yes,No,No,Yes,Yes,Two year,Yes,Electronic check,99.4,7285.7,0,0,No,0,Loyal (60m+),0,0.0020532673555020294,Low
8265-HKSOW,Female,No,Yes,Yes,72,Yes,Yes,Fiber optic,Yes,Yes,Yes,Yes,No,Yes,Two year,No,Credit card (automatic),107.45,7658.3,0,0,No,0,Loyal (60m+),0,0.0008325134873259942,Low
3544-FBCAS,Female,No,Yes,Yes,72,Yes,Yes,DSL,Yes,Yes,Yes,No,Yes,Yes,Two year,Yes,Credit card (automatic),83.6,5959.3,1,0,No,0,Loyal (60m+),1,0.0005085147475928458,Low
5331-RGMTT,Male,Yes,Yes,No,54,Yes,Yes,Fiber optic,No,No,Yes,No,Yes,Yes,Month-to-month,Yes,Credit card (automatic),99.05,5295.7,0,0,No,0,Established (37-60m),0,0.06953067682039561,Low
4759-PXTAN,Female,No,Yes,No,59,Yes,Yes,DSL,No,Yes,No,Yes,Yes,Yes,One year,Yes,Electronic check,80.1,4693.2,4,2,No,0,Established (37-60m),6,0.09712778124331722,Low
7054-DMVAS,Male,No,No,No,54,Yes,No,DSL,Yes,Yes,No,No,Yes,No,Two year,Yes,Bank transfer (automatic),65.3,3512.9,0,0,No,0,Established (37-60m),0,0.0041343633767647785,Low
3428-MMGUB,Male,No,No,No,60,Yes,Yes,Fiber optic,No,No,Yes,No,Yes,No,Two year,Yes,Electronic check,89.55,5231.2,0,3,No,0,Established (37-60m),3,0.3137809281199878,Low
6549-BTYPG,Female,No,Yes,No,60,No,No phone service,DSL,No,Yes,Yes,Yes,Yes,Yes,Two year,No,Credit card (automatic),60.8,3603.45,4,0,No,0,Established (37-60m),4,0.0025373403768486277,Low
7823-JSOAG,Male,No,No,No,3,Yes,Yes,Fiber optic,No,No,No,No,No,No,Month-to-month,No,Electronic check,74.5,217.45,0,0,No,0,New (0-12m),0,0.8954679890316746,Critical
3705-RHRFR,Female,No,Yes,No,69,Yes,Yes,Fiber optic,Yes,No,No,No,Yes,Yes,Two year,No,Bank transfer (automatic),99.15,6875.35,4,0,No,0,Loyal (60m+),4,0.0021018898144997684,Low
9374-YOLBJ,Female,No,Yes,Yes,1,Yes,No,No,No internet service,No internet service,No internet service,No internet service,No internet service,No internet service,Month-to-month,No,Electronic check,19.25,19.25,3,0,No,0,New (0-12m),3,0.5135889465305786,High
9074-KGVOX,Male,No,Yes,Yes,50,No,No phone service,DSL,Yes,No,No,No,Yes,No,Month-to-month,Yes,Credit card (automatic),39.45,2021.35,0,0,No,0,Established (37-60m),0,0.07817624145653841,Low
6128-DAFVY,Female,No,No,No,56,No,No phone service,DSL,No,No,No,No,Yes,Yes,Month-to-month,Yes,Credit card (automatic),44.85,2564.95,0,0,No,0,Established (37-60m),0,0.06257760125715016,Low
9933-QRGTX,Female,No,Yes,No,60,Yes,No,Fiber optic,Yes,No,No,Yes,Yes,Yes,Two year,Yes,Electronic check,97.2,5611.75,0,0,No,0,Established (37-60m),0,0.005883006648878394,Low
4476-OSWTN,Male,Yes,Yes,No,69,Yes,Yes,Fiber optic,Yes,No,Yes,Yes,Yes,Yes,One year,Yes,Mailed check,110.55,7610.1,0,0,No,0,Loyal (60m+),0,0.004070999033128012,Low
5066-GFJMM,Female,No,Yes,No,3,Yes,No,No,No internet service,No internet service,No internet service,No internet service,No internet service,No internet service,Month-to-month,Yes,Mailed check,19.9,45.75,0,0,No,0,New (0-12m),0,0.40591645856936087,High
2661-GKBTK,Male,No,Yes,Yes,60,Yes,No,DSL,No,Yes,No,Yes,Yes,Yes,Two year,No,Bank transfer (automatic),76.95,4543.95,0,0,No,0,Established (37-60m),0,0.0012545858691207284,Low
0458-HEUZG,Female,No,No,No,13,No,No phone service,DSL,No,No,Yes,Yes,No,No,Two year,No,Mailed check,35.4,450.4,0,0,No,0,Mid (13-36m),0,0.0908230833824684,Low
7268-WNTCP,Male,No,Yes,Yes,62,Yes,No,No,No internet service,No internet service,No internet service,No internet service,No internet service,No internet service,Two year,No,Bank transfer (automatic),20.45,1297.35,0,0,No,0,Loyal (60m+),0,0.0022988771808284884,Low
0824-VWDPO,Female,No,No,No,45,Yes,Yes,Fiber optic,Yes,Yes,No,No,No,Yes,One year,No,Bank transfer (automatic),96.75,4442.75,0,0,No,0,Established (37-60m),0,0.05461114776219701,Low
8409-WQJUX,Female,No,No,No,25,No,No phone service,DSL,No,No,Yes,Yes,Yes,Yes,One year,No,Electronic check,54.2,1423.15,0,0,No,0,Mid (13-36m),0,0.15007911418702014,Low
2578-JQPHZ,Male,No,No,No,44,Yes,No,Fiber optic,No,No,Yes,Yes,Yes,Yes,Two year,No,Bank transfer (automatic),100.1,4378.35,0,0,No,0,Established (37-60m),0,0.012430619292487441,Low
3278-FSIXX,Female,No,No,No,2,Yes,No,DSL,No,No,No,No,No,No,Month-to-month,Yes,Mailed check,45.25,74.2,2,0,No,0,New (0-12m),2,0.6657005502328478,High
9746-UGFAC,Female,No,No,No,22,Yes,No,No,No internet service,No internet service,No internet service,No internet service,No internet service,No internet service,One year,No,Bank transfer (automatic),20.85,450.65,0,0,No,0,Mid (13-36m),0,0.09201154860869327,Low
2946-KIQSP,Female,No,No,No,35,No,No phone service,DSL,No,No,Yes,Yes,No,No,Month-to-month,Yes,Mailed check,33.45,1175.85,0,0,No,0,Mid (13-36m),0,0.20926229556049425,Low
0625-AFOHS,Female,No,Yes,Yes,29,Yes,No,No,No internet service,No internet service,No internet service,No internet service,No internet service,No internet service,Two year,No,Mailed check,20.2,558.8,0,0,No,0,Mid (13-36m),0,0.014261052914845578,Low
6726-WEXXK,Male,Yes,Yes,No,27,Yes,Yes,Fiber optic,Yes,No,Yes,No,No,No,One year,Yes,Electronic check,85.9,2220.1,0,0,No,0,Mid (13-36m),0,0.3353321634517497,Low
4636-OLWOE,Male,No,No,Yes,54,Yes,No,DSL,No,Yes,Yes,Yes,No,No,One year,Yes,Electronic check,61.0,3283.05,0,0,No,0,Established (37-60m),0,0.01636841737470228,Low
4685-ERGHK,Male,No,No,No,57,Yes,Yes,Fiber optic,No,No,No,No,Yes,No,One year,Yes,Electronic check,86.9,4939.25,0,0,No,0,Established (37-60m),0,0.03883621070342056,Low
0885-HMGPY,Male,No,No,No,62,Yes,Yes,DSL,Yes,Yes,Yes,Yes,No,No,Two year,No,Bank transfer (automatic),69.4,4237.5,0,0,No,0,Loyal (60m+),0,0.0017123433614103173,Low
5003-OKNNK,Female,No,Yes,Yes,15,Yes,No,No,No internet service,No internet service,No internet service,No internet service,No internet service,No internet service,One year,No,Credit card (automatic),20.35,335.95,0,0,No,0,Mid (13-36m),0,0.10212346552458569,Low
7208-PSIHR,Female,No,Yes,No,70,Yes,Yes,Fiber optic,No,No,Yes,Yes,Yes,Yes,Two year,Yes,Bank transfer (automatic),104.3,7188.5,0,0,No,0,Loyal (60m+),0,0.001380521981272747,Low
4012-ZTHBR,Female,No,Yes,Yes,21,Yes,No,DSL,No,No,No,No,No,No,Month-to-month,Yes,Electronic check,44.95,926.25,0,0,No,0,Mid (13-36m),0,0.437236964469303,High
0489-WMEMG,Female,No,No,Yes,23,Yes,No,DSL,No,No,No,Yes,No,No,One year,Yes,Electronic check,49.45,1119.35,1,0,No,0,Mid (13-36m),1,0.16455523948417913,Low
7435-ZNUYY,Male,No,No,No,6,Yes,No,No,No internet service,No internet service,No internet service,No internet service,No internet service,No internet service,One year,No,Mailed check,20.6,116.6,0,0,No,0,New (0-12m),0,0.16729291639542432,Low
1354-YZFNB,Male,No,Yes,Yes,4,Yes,No,No,No internet service,No internet service,No internet service,No internet service,No internet service,No internet service,Two year,No,Credit card (automatic),19.55,68.8,3,0,No,0,New (0-12m),3,0.052858515952226875,Low
2985-FMWYF,Female,No,No,No,23,Yes,Yes,Fiber optic,No,No,No,No,Yes,Yes,Month-to-month,Yes,Electronic check,93.5,2341.55,0,0,No,0,Mid (13-36m),0,0.5787934866491065,High
2812-ENYMO,Male,No,No,No,26,No,No phone service,DSL,Yes,No,No,Yes,Yes,Yes,One year,No,Credit card (automatic),54.55,1362.85,4,0,No,0,Mid (13-36m),4,0.09279089963852874,Low
2717-HVIZY,Female,No,No,Yes,8,Yes,No,No,No internet service,No internet service,No internet service,No internet service,No internet service,No internet service,Month-to-month,No,Mailed check,20.05,163.6,0,0,No,0,New (0-12m),0,0.3188674902092945,Low
3422-GALYP,Male,No,No,No,2,Yes,Yes,Fiber optic,No,Yes,No,No,No,No,Month-to-month,Yes,Electronic check,79.45,145.15,0,0,No,0,New (0-12m),0,0.8960982301275544,Critical
2890-WFBHU,Female,No,No,No,59,Yes,Yes,DSL,Yes,Yes,Yes,Yes,No,Yes,One year,No,Credit card (automatic),79.85,4786.1,4,0,No,0,Established (37-60m),4,0.005198964837729085,Low
0327-WFZSY,Male,No,Yes,Yes,39,Yes,Yes,Fiber optic,No,No,Yes,No,Yes,Yes,One year,No,Electronic check,100.0,3835.55,4,0,No,0,Established (37-60m),4,0.08700363897790794,Low
7977-HXJKU,Male,No,No,Yes,21,Yes,No,No,No internet service,No internet service,No internet service,No internet service,No internet service,No internet service,Two year,No,Mailed check,19.6,397.0,0,0,No,0,Mid (13-36m),0,0.0214422071080235,Low
7033-CLAMM,Female,No,Yes,Yes,48,Yes,No,No,No internet service,No internet service,No internet service,No internet service,No internet service,No internet service,Two year,No,Bank transfer (automatic),20.2,1027.25,0,0,No,0,Established (37-60m),0,0.005474159192457519,Low
4023-RTIQM,Female,Yes,Yes,No,31,No,No phone service,DSL,Yes,Yes,Yes,No,No,Yes,One year,Yes,Credit card (automatic),50.4,1580.1,0,0,No,0,Mid (13-36m),0,0.11020664840938675,Low
0864-FVJNJ,Female,No,Yes,Yes,64,Yes,Yes,Fiber optic,Yes,Yes,Yes,Yes,Yes,Yes,One year,No,Electronic check,113.35,7222.75,0,0,No,0,Loyal (60m+),0,0.006932899226510163,Low
7356-IWLFW,Male,No,Yes,Yes,46,Yes,Yes,Fiber optic,No,Yes,No,No,No,No,Month-to-month,Yes,Bank transfer (automatic),80.0,3769.7,3,0,No,0,Established (37-60m),3,0.14766126371819416,Low
9541-PWTWO,Female,No,No,No,52,Yes,Yes,DSL,No,No,Yes,Yes,Yes,Yes,Two year,Yes,Bank transfer (automatic),80.95,4233.95,0,0,No,0,Established (37-60m),0,0.0026332927752048133,Low
3967-VQOGC,Female,No,Yes,Yes,67,Yes,Yes,No,No internet service,No internet service,No internet service,No internet service,No internet service,No internet service,Two year,Yes,Mailed check,24.9,1680.25,0,0,No,0,Loyal (60m+),0,0.001467342493367538,Low
7872-RDDLZ,Female,Yes,No,No,67,Yes,Yes,DSL,No,Yes,No,No,No,No,Month-to-month,No,Electronic check,54.9,3725.5,0,0,No,0,Loyal (60m+),0,0.04202716710049157,Low
6308-CQRBU,Female,No,Yes,No,71,Yes,Yes,Fiber optic,No,Yes,Yes,Yes,Yes,Yes,Two year,No,Electronic check,109.25,7707.7,0,0,No,0,Loyal (60m+),0,0.0014819299463295825,Low
0186-CAERR,Male,No,No,No,71,Yes,Yes,Fiber optic,Yes,Yes,Yes,Yes,Yes,Yes,One year,Yes,Bank transfer (automatic),116.3,8309.55,0,0,No,0,Loyal (60m+),0,0.0026184399091913066,Low
3043-SUDUA,Female,No,No,No,32,Yes,No,No,No internet service,No internet service,No internet service,No internet service,No internet service,No internet service,Month-to-month,No,Bank transfer (automatic),19.9,601.55,0,1,No,0,Mid (13-36m),1,0.38036700410679647,Low
5442-BHQNG,Female,No,No,No,2,Yes,No,Fiber optic,No,No,No,No,No,No,Month-to-month,No,Electronic check,70.35,139.25,0,0,No,0,New (0-12m),0,0.9146788844622167,Critical
2169-RRLFW,Female,No,Yes,No,71,Yes,Yes,No,No internet service,No internet service,No internet service,No internet service,No internet service,No internet service,Two year,No,Credit card (automatic),25.6,1888.25,0,0,No,0,Loyal (60m+),0,0.0013705818345936883,Low
5872-OEQNH,Female,No,No,No,60,No,No phone service,DSL,Yes,No,Yes,No,No,Yes,One year,Yes,Electronic check,44.45,2773.9,0,0,No,0,Established (37-60m),0,0.027764805336280108,Low
3162-KKZXO,Female,Yes,No,No,55,Yes,Yes,Fiber optic,No,No,Yes,No,Yes,Yes,One year,Yes,Electronic check,100.15,5409.75,3,0,No,0,Established (37-60m),3,0.04177718515107202,Low
8873-GLDMH,Female,No,No,No,6,Yes,Yes,Fiber optic,No,No,No,No,No,No,Month-to-month,Yes,Mailed check,73.85,401.3,0,0,No,0,New (0-12m),0,0.828252057057859,Critical
5696-JVVQY,Female,No,Yes,Yes,48,Yes,No,DSL,Yes,Yes,Yes,No,No,Yes,Two year,Yes,Credit card (automatic),70.1,3238.4,0,0,No,0,Established (37-60m),0,0.004767303302484598,Low
8946-BFWSG,Male,No,Yes,Yes,63,Yes,Yes,No,No internet service,No internet service,No internet service,No internet service,No internet service,No internet service,Two year,No,Mailed check,25.25,1573.05,5,4,No,0,Loyal (60m+),9,0.24675746528856585,Low
0547-HURJB,Male,No,No,Yes,12,Yes,No,No,No internet service,No internet service,No internet service,No internet service,No internet service,No internet service,Month-to-month,No,Credit card (automatic),21.05,235.8,0,0,No,0,New (0-12m),0,0.26259203186090446,Low
8904-OPDCK,Male,Yes,Yes,No,54,No,No phone service,DSL,No,No,No,No,No,No,Month-to-month,Yes,Bank transfer (automatic),24.95,1364.75,0,0,No,0,Established (37-60m),0,0.13834967336795165,Low
8845-LWKGE,Female,No,Yes,Yes,30,Yes,No,DSL,No,No,Yes,Yes,Yes,No,One year,Yes,Electronic check,64.5,1985.15,0,0,No,0,Mid (13-36m),0,0.07531126681374839,Low
0691-NIKRI,Female,No,No,No,40,Yes,Yes,Fiber optic,No,No,Yes,Yes,Yes,Yes,One year,Yes,Credit card (automatic),105.95,4335.2,0,2,No,0,Established (37-60m),2,0.4207428686520581,High
5022-JNQEQ,Female,No,Yes,Yes,9,Yes,No,Fiber optic,No,No,No,Yes,No,No,Month-to-month,Yes,Electronic check,75.85,647.5,0,0,No,0,New (0-12m),0,0.7990679950651665,Critical
3249-VHRIP,Female,No,No,No,62,No,No phone service,DSL,No,Yes,Yes,No,No,Yes,Two year,Yes,Credit card (automatic),43.6,2748.7,0,0,No,0,Loyal (60m+),0,0.004943809171949004,Low
3736-BLEPA,Male,No,No,No,28,Yes,No,Fiber optic,No,Yes,No,Yes,Yes,No,One year,Yes,Bank transfer (automatic),91.25,2483.65,2,0,No,0,Mid (13-36m),2,0.16759981868966806,Low
4701-LKOZD,Female,No,No,No,70,Yes,Yes,DSL,Yes,Yes,Yes,Yes,Yes,Yes,Two year,No,Credit card (automatic),89.75,6367.2,0,0,No,0,Loyal (60m+),0,0.000455616147660922,Low
6603-QWSPR,Female,No,No,No,46,Yes,No,Fiber optic,No,Yes,Yes,Yes,Yes,Yes,Two year,Yes,Bank transfer (automatic),104.4,4904.2,0,0,No,0,Established (37-60m),0,0.00988088459340018,Low
9921-QFQUL,Female,No,Yes,No,23,Yes,Yes,Fiber optic,No,No,Yes,No,No,Yes,Month-to-month,No,Mailed check,90.15,2044.95,4,0,No,0,Mid (13-36m),4,0.4825960989792619,High
1929-ZCBHE,Male,No,Yes,Yes,47,No,No phone service,DSL,Yes,No,Yes,Yes,No,No,One year,No,Electronic check,40.3,1794.8,0,0,No,0,Established (37-60m),0,0.04522264411705798,Low
4378-MYPGO,Male,No,Yes,Yes,68,Yes,No,Fiber optic,Yes,Yes,Yes,No,Yes,Yes,Two year,Yes,Bank transfer (automatic),105.25,7173.15,0,0,No,0,Loyal (60m+),0,0.00144530283322938,Low
4129-LYCOI,Female,No,No,Yes,67,Yes,Yes,Fiber optic,No,Yes,No,Yes,Yes,Yes,Two year,Yes,Electronic check,104.0,7039.05,0,0,No,0,Loyal (60m+),0,0.0021889771805396136,Low
7798-JVXYM,Female,No,No,No,14,Yes,No,DSL,No,No,No,Yes,Yes,Yes,Month-to-month,Yes,Electronic check,69.65,921.4,0,0,No,0,Mid (13-36m),0,0.4429044413406022,High
8647-SDTWQ,Male,No,Yes,Yes,57,Yes,Yes,Fiber optic,No,No,No,No,No,No,Month-to-month,Yes,Electronic check,74.3,4018.35,0,0,No,0,Established (37-60m),0,0.12553472884642827,Low
2696-ECXKC,Female,No,Yes,Yes,55,Yes,Yes,Fiber optic,Yes,No,No,No,Yes,Yes,One year,No,Mailed check,100.9,5448.6,3,0,No,0,Established (37-60m),3,0.017144750768853988,Low
2081-KJSQF,Male,No,No,No,1,Yes,No,No,No internet service,No internet service,No internet service,No internet service,No internet service,No internet service,Month-to-month,Yes,Mailed check,20.25,20.25,0,0,No,0,New (0-12m),0,0.4215858040310927,High
3323-CPBWR,Male,No,No,No,23,Yes,Yes,Fiber optic,No,No,Yes,Yes,Yes,No,Month-to-month,Yes,Credit card (automatic),96.9,2085.45,0,0,No,0,Mid (13-36m),0,0.4116267215161381,High
3384-CTMSF,Male,No,Yes,No,47,Yes,Yes,Fiber optic,No,Yes,Yes,No,Yes,Yes,Month-to-month,Yes,Electronic check,104.1,5135.15,0,3,No,0,Established (37-60m),3,0.8692612883193295,Critical
0902-RFHOF,Male,No,No,No,38,Yes,No,No,No internet service,No internet service,No internet service,No internet service,No internet service,No internet service,One year,No,Mailed check,20.1,730.1,0,0,No,0,Established (37-60m),0,0.033459066072403745,Low
6048-QBXKL,Female,Yes,No,No,2,Yes,Yes,DSL,No,Yes,No,No,No,No,Month-to-month,Yes,Credit card (automatic),56.55,118.25,0,0,No,0,New (0-12m),0,0.6881121902862122,High
7718-RXDGG,Male,No,Yes,No,15,Yes,No,Fiber optic,No,No,No,No,No,No,Month-to-month,Yes,Bank transfer (automatic),68.6,1108.6,0,0,No,0,Mid (13-36m),0,0.7180878424069274,Critical
1025-FALIX,Female,No,No,No,26,Yes,No,Fiber optic,No,No,No,No,No,No,Month-to-month,Yes,Credit card (automatic),69.05,1815.65,2,0,No,0,Mid (13-36m),2,0.5622878745258304,High
3451-VAWLI,Female,No,Yes,Yes,35,Yes,No,No,No internet service,No internet service,No internet service,No internet service,No internet service,No internet service,Two year,No,Credit card (automatic),19.7,730.4,0,0,No,0,Mid (13-36m),0,0.01071783352183227,Low
3407-QGWLG,Male,No,No,Yes,3,Yes,No,No,No internet service,No internet service,No internet service,No internet service,No internet service,No internet service,Month-to-month,Yes,Mailed check,20.05,75.45,0,0,No,0,New (0-12m),0,0.35884110187927154,Low
2347-WKKAE,Male,No,Yes,No,42,Yes,Yes,Fiber optic,Yes,No,Yes,No,No,Yes,Month-to-month,Yes,Electronic check,94.4,4014.6,0,0,No,0,Established (37-60m),0,0.21039261520986,Low
8735-DCXNF,Male,No,Yes,No,10,Yes,No,DSL,Yes,No,No,Yes,No,No,Month-to-month,Yes,Credit card (automatic),54.95,568.85,4,0,No,0,New (0-12m),4,0.4272045462355798,High
3214-IYUUQ,Female,No,Yes,No,61,Yes,No,Fiber optic,Yes,Yes,No,Yes,No,Yes,One year,No,Bank transfer (automatic),93.7,5860.7,0,0,No,0,Loyal (60m+),0,0.013178769921285152,Low
1936-UAFEH,Female,No,No,No,68,Yes,Yes,Fiber optic,Yes,Yes,No,Yes,Yes,Yes,Two year,No,Credit card (automatic),110.25,7279.35,4,0,No,0,Loyal (60m+),4,0.0013596153061128898,Low
3587-PMCOY,Male,No,No,No,10,Yes,No,Fiber optic,Yes,No,Yes,No,Yes,Yes,One year,Yes,Electronic check,98.9,1064.95,0,0,No,0,New (0-12m),0,0.5489060692193175,High
1027-LKKQQ,Female,No,Yes,Yes,72,Yes,No,DSL,Yes,No,Yes,Yes,Yes,Yes,Two year,Yes,Bank transfer (automatic),80.45,5886.85,0,0,No,0,Loyal (60m+),0,0.0004723907916013821,Low
7148-XZPHA,Male,No,Yes,Yes,55,Yes,No,Fiber optic,No,Yes,No,Yes,No,No,Month-to-month,No,Electronic check,79.4,4238.45,0,0,No,0,Established (37-60m),0,0.1011630841403215,Low
5309-TAIKL,Female,No,No,No,7,Yes,No,DSL,No,No,Yes,Yes,No,Yes,Month-to-month,No,Bank transfer (automatic),62.8,418.3,4,0,No,0,New (0-12m),4,0.5032421566749765,High
6856-RAURS,Female,No,No,No,2,Yes,Yes,Fiber optic,No,No,No,No,No,No,Month-to-month,Yes,Mailed check,74.9,136.05,5,0,No,0,New (0-12m),5,0.8631401808985854,Critical
8778-LMWTJ,Female,No,No,No,9,Yes,No,Fiber optic,Yes,No,No,No,No,No,Month-to-month,Yes,Electronic check,74.85,708.2,0,0,No,0,New (0-12m),0,0.8562035615303336,Critical
9717-IOAAF,Male,No,No,Yes,27,Yes,Yes,No,No internet service,No internet service,No internet service,No internet service,No internet service,No internet service,Two year,Yes,Credit card (automatic),25.85,788.55,4,0,No,0,Mid (13-36m),4,0.013768176252041861,Low
2845-KDHVX,Female,No,Yes,No,64,Yes,No,DSL,No,Yes,Yes,Yes,No,Yes,Two year,Yes,Mailed check,68.3,4378.8,0,0,No,0,Loyal (60m+),0,0.0013909165217915907,Low
0848-SOMKO,Male,No,No,No,70,No,No phone service,DSL,Yes,No,Yes,Yes,No,Yes,Two year,No,Bank transfer (automatic),48.4,3442.8,2,0,No,0,Loyal (60m+),2,0.0019843875630711967,Low
6734-FQAJX,Male,Yes,No,No,67,Yes,No,Fiber optic,Yes,Yes,No,Yes,Yes,Yes,Two year,Yes,Electronic check,105.05,7171.7,0,0,No,0,Loyal (60m+),0,0.00270561871239502,Low
1535-VTJOQ,Female,No,No,No,24,Yes,Yes,No,No internet service,No internet service,No internet service,No internet service,No internet service,No internet service,Two year,No,Credit card (automatic),25.15,553.0,0,0,No,0,Mid (13-36m),0,0.0220338472900739,Low
6368-TZZDT,Male,No,Yes,Yes,4,Yes,No,No,No internet service,No internet service,No internet service,No internet service,No internet service,No internet service,Two year,No,Credit card (automatic),19.5,96.85,3,0,No,0,New (0-12m),3,0.05243430198679096,Low
0943-ZQPXH,Male,No,Yes,Yes,44,Yes,No,Fiber optic,No,No,Yes,No,Yes,Yes,Month-to-month,Yes,Bank transfer (automatic),92.95,4122.9,0,0,No,0,Established (37-60m),0,0.12533725579330984,Low
1293-BSEUN,Female,No,Yes,Yes,72,Yes,No,No,No internet service,No internet service,No internet service,No internet service,No internet service,No internet service,Two year,Yes,Mailed check,20.7,1482.3,0,0,No,0,Loyal (60m+),0,0.0012965256704083699,Low
1302-TPUBN,Male,No,No,No,66,Yes,No,No,No internet service,No internet service,No internet service,No internet service,No internet service,No internet service,Two year,No,Bank transfer (automatic),19.35,1240.8,4,0,No,0,Loyal (60m+),4,0.002407615928835768,Low
2378-VTKDH,Male,Yes,Yes,No,65,Yes,Yes,Fiber optic,No,Yes,Yes,No,Yes,Yes,Month-to-month,Yes,Electronic check,104.35,6578.55,4,0,No,0,Loyal (60m+),4,0.03901440071110151,Low
0927-CNGRH,Male,No,No,Yes,1,Yes,No,No,No internet service,No internet service,No internet service,No internet service,No internet service,No internet service,Month-to-month,No,Mailed check,19.55,19.55,0,0,No,0,New (0-12m),0,0.3875328492437413,Low
8608-OZTLB,Male,No,Yes,Yes,38,Yes,No,DSL,Yes,Yes,Yes,Yes,Yes,No,One year,No,Electronic check,74.05,2802.3,1,0,No,0,Established (37-60m),1,0.03268200972668942,Low
2335-GSODA,Male,No,No,Yes,23,No,No phone service,DSL,Yes,No,Yes,Yes,No,No,Two year,No,Mailed check,40.1,857.75,0,0,No,0,Mid (13-36m),0,0.037912497638851086,Low
1952-DVVSW,Female,No,Yes,No,10,Yes,No,No,No internet service,No internet service,No internet service,No internet service,No internet service,No internet service,One year,No,Mailed check,20.1,184.4,4,0,No,0,New (0-12m),4,0.1444067868613166,Low
6656-GULJQ,Male,No,Yes,Yes,72,Yes,Yes,DSL,Yes,No,Yes,Yes,Yes,Yes,Two year,Yes,Credit card (automatic),83.55,6093.3,0,0,No,0,Loyal (60m+),0,0.0003622762228618717,Low
9853-JFZDU,Female,No,Yes,No,35,Yes,No,DSL,No,Yes,No,Yes,No,No,Month-to-month,No,Electronic check,56.85,1861.1,4,2,No,0,Mid (13-36m),6,0.7661560579055136,Critical
3777-XROBG,Female,No,Yes,Yes,58,Yes,No,No,No internet service,No internet service,No internet service,No internet service,No internet service,No internet service,Two year,No,Credit card (automatic),19.55,1079.65,0,0,No,0,Established (37-60m),0,0.003135674804553678,Low
6994-FGRHH,Male,No,Yes,Yes,70,Yes,No,Fiber optic,No,Yes,Yes,Yes,Yes,Yes,One year,Yes,Electronic check,106.15,7475.1,0,0,No,0,Loyal (60m+),0,0.004775885508600113,Low
4000-VGMQP,Male,No,Yes,Yes,38,Yes,Yes,DSL,No,Yes,Yes,No,Yes,Yes,One year,No,Credit card (automatic),78.95,2862.55,0,0,No,0,Established (37-60m),0,0.024396061093264622,Low
3999-WRNGR,Female,No,Yes,Yes,60,No,No phone service,DSL,No,Yes,No,No,Yes,Yes,Month-to-month,Yes,Electronic check,49.75,3069.45,4,0,No,0,Established (37-60m),4,0.050998844036512885,Low
3466-RITXD,Male,No,No,No,26,Yes,Yes,Fiber optic,Yes,Yes,No,No,Yes,No,Month-to-month,Yes,Credit card (automatic),92.4,2349.8,0,0,No,0,Mid (13-36m),0,0.41844808077828627,High
2680-XKKNJ,Female,No,No,No,8,Yes,No,DSL,Yes,Yes,No,Yes,No,No,One year,No,Bank transfer (automatic),58.2,469.25,0,0,No,0,New (0-12m),0,0.2690372740800047,Low
2974-GGUXS,Female,Yes,Yes,No,36,Yes,Yes,Fiber optic,No,Yes,No,No,Yes,No,Month-to-month,Yes,Credit card (automatic),91.95,3301.05,0,0,No,0,Mid (13-36m),0,0.2946852555543994,Low
7994-XIRTR,Male,Yes,No,No,54,Yes,No,DSL,No,No,Yes,Yes,No,Yes,One year,No,Bank transfer (automatic),65.25,3529.95,0,0,No,0,Established (37-60m),0,0.014427987969373146,Low
2101-RANCD,Female,No,No,No,55,Yes,Yes,Fiber optic,No,No,No,No,No,No,Month-to-month,Yes,Electronic check,73.1,4144.9,0,0,No,0,Established (37-60m),0,0.17290344729225793,Low
7921-BEPCI,Female,No,No,No,72,Yes,Yes,DSL,Yes,Yes,No,No,No,No,Two year,No,Bank transfer (automatic),59.75,4265.0,0,0,No,0,Loyal (60m+),0,0.00159105448528814,Low
8510-TMWYB,Female,No,Yes,Yes,54,Yes,Yes,DSL,No,Yes,Yes,No,No,No,Two year,Yes,Bank transfer (automatic),59.8,3246.45,0,0,No,0,Established (37-60m),0,0.004328567964920246,Low
3258-ZKPAI,Male,No,Yes,Yes,72,Yes,Yes,Fiber optic,Yes,Yes,Yes,Yes,Yes,Yes,Two year,Yes,Bank transfer (automatic),116.6,8337.45,0,0,No,0,Loyal (60m+),0,0.0005716523830821171,Low
1428-IEDPR,Male,No,No,No,52,Yes,Yes,Fiber optic,Yes,No,Yes,Yes,Yes,Yes,Two year,Yes,Electronic check,109.3,5731.4,1,0,No,0,Established (37-60m),1,0.0068582646878738406,Low
5298-GSTLM,Female,Yes,No,No,60,Yes,Yes,Fiber optic,Yes,No,No,No,Yes,Yes,One year,Yes,Bank transfer (automatic),101.4,6176.6,3,5,No,0,Established (37-60m),8,0.9305127601158397,Critical
4450-YOOHP,Female,No,No,No,39,No,No phone service,DSL,No,No,Yes,No,Yes,Yes,Month-to-month,Yes,Credit card (automatic),50.65,1905.4,0,0,No,0,Established (37-60m),0,0.14969241098796157,Low
6728-CZFEI,Female,No,No,No,15,Yes,No,DSL,No,No,No,No,Yes,No,One year,No,Mailed check,56.15,931.9,0,0,No,0,Mid (13-36m),0,0.2009940653987048,Low
3653-NCRDJ,Male,No,Yes,Yes,43,Yes,No,No,No internet service,No internet service,No internet service,No internet service,No internet service,No internet service,One year,Yes,Mailed check,19.2,776.25,0,0,No,0,Established (37-60m),0,0.021461955104348108,Low
6121-TNHBO,Female,Yes,No,No,63,Yes,Yes,DSL,Yes,Yes,Yes,Yes,Yes,No,One year,No,Bank transfer (automatic),83.0,5243.05,0,0,No,0,Loyal (60m+),0,0.0046543081286554355,Low
5119-NZPTV,Male,Yes,Yes,No,2,Yes,No,Fiber optic,No,No,No,No,No,No,Month-to-month,No,Electronic check,70.1,141.65,0,0,No,0,New (0-12m),0,0.9195043838060226,Critical
6519-ZHPXP,Female,No,Yes,Yes,72,Yes,No,Fiber optic,Yes,Yes,Yes,Yes,Yes,Yes,Two year,Yes,Bank transfer (automatic),108.3,7679.65,0,0,No,0,Loyal (60m+),0,0.0008698029834724463,Low
3472-QPRCH,Male,No,Yes,Yes,40,Yes,Yes,No,No internet service,No internet service,No internet service,No internet service,No internet service,No internet service,Two year,No,Credit card (automatic),25.25,1006.9,3,0,No,0,Established (37-60m),3,0.006506873044689609,Low
8224-UAXBZ,Female,No,Yes,No,58,No,No phone service,DSL,Yes,Yes,No,No,Yes,No,One year,Yes,Electronic check,45.35,2540.1,0,0,No,0,Established (37-60m),0,0.03072710353223226,Low
9610-WCESF,Male,No,No,No,67,No,No phone service,DSL,Yes,No,No,Yes,Yes,No,Two year,No,Electronic check,43.9,3097.2,0,0,No,0,Loyal (60m+),0,0.0038893661560750917,Low
2486-WYVVE,Male,No,Yes,No,31,Yes,Yes,DSL,No,No,Yes,Yes,Yes,Yes,One year,Yes,Mailed check,79.3,2484.0,0,0,No,0,Mid (13-36m),0,0.03451218736175453,Low
3865-ZYKAD,Male,Yes,Yes,No,69,Yes,Yes,Fiber optic,Yes,Yes,No,No,No,No,Month-to-month,Yes,Credit card (automatic),84.9,5785.65,0,0,No,0,Loyal (60m+),0,0.03559022645687104,Low
1422-DGUBX,Male,No,Yes,No,32,Yes,Yes,Fiber optic,No,No,No,Yes,No,No,One year,Yes,Electronic check,79.25,2619.15,0,2,No,0,Mid (13-36m),2,0.7776825048217583,Critical
2999-AANRQ,Female,No,No,No,21,Yes,No,DSL,Yes,Yes,No,Yes,Yes,No,Two year,No,Credit card (automatic),71.05,1524.85,0,0,No,0,Mid (13-36m),0,0.030290798720268644,Low
8668-KNZTI,Male,No,No,No,52,Yes,No,DSL,Yes,No,Yes,No,No,No,One year,No,Electronic check,53.75,2790.65,0,0,No,0,Established (37-60m),0,0.03265857987963424,Low
0480-KYJVA,Female,No,Yes,Yes,72,Yes,Yes,No,No internet service,No internet service,No internet service,No internet service,No internet service,No internet service,Two year,No,Credit card (automatic),24.25,1784.5,0,0,No,0,Loyal (60m+),0,0.0011822629418299258,Low
9746-YKGXB,Male,No,Yes,Yes,52,No,No phone service,DSL,Yes,No,Yes,No,No,Yes,One year,No,Bank transfer (automatic),44.25,2276.1,0,0,No,0,Established (37-60m),0,0.025131798770151405,Low
3926-YZVVX,Female,No,No,No,41,Yes,No,DSL,No,No,No,Yes,No,No,One year,No,Bank transfer (automatic),50.05,2029.05,0,0,No,0,Established (37-60m),0,0.046771689468015035,Low
6000-UKLWI,Male,No,No,No,41,Yes,No,No,No internet service,No internet service,No internet service,No internet service,No internet service,No internet service,Two year,No,Mailed check,20.15,802.35,0,0,No,0,Established (37-60m),0,0.008265004843756396,Low
6332-FBZRI,Male,No,Yes,Yes,67,Yes,Yes,DSL,Yes,Yes,Yes,Yes,No,No,One year,Yes,Credit card (automatic),69.35,4653.25,0,0,No,0,Loyal (60m+),0,0.0031232765278261156,Low
2096-XOTMO,Female,No,Yes,Yes,16,Yes,No,No,No internet service,No internet service,No internet service,No internet service,No internet service,No internet service,Month-to-month,No,Mailed check,19.35,275.9,0,0,No,0,Mid (13-36m),0,0.22524482934973672,Low
3266-FTKHB,Male,No,No,No,17,Yes,No,No,No internet service,No internet service,No internet service,No internet service,No internet service,No internet service,Two year,No,Mailed check,19.15,343.45,0,0,No,0,Mid (13-36m),0,0.03074781955338334,Low
8221-EQDGL,Male,No,Yes,No,35,Yes,No,DSL,Yes,Yes,Yes,No,No,No,Month-to-month,No,Mailed check,61.0,2130.45,0,0,No,0,Mid (13-36m),0,0.12361048647670381,Low
2346-LOCWC,Female,No,Yes,Yes,58,Yes,No,No,No internet service,No internet service,No internet service,No internet service,No internet service,No internet service,Two year,No,Credit card (automatic),20.5,1191.4,4,0,No,0,Established (37-60m),4,0.0029857108357578994,Low
0298-XACET,Male,No,Yes,Yes,52,No,No phone service,DSL,No,Yes,Yes,Yes,Yes,No,Two year,No,Mailed check,50.2,2554.0,0,2,No,0,Established (37-60m),2,0.05949758059372536,Low
7560-QJAVJ,Female,No,No,No,70,Yes,No,DSL,Yes,No,Yes,Yes,Yes,Yes,Two year,No,Bank transfer (automatic),79.6,5589.45,0,0,No,0,Loyal (60m+),0,0.0007152678353446821,Low
2995-YWTCD,Female,No,Yes,Yes,19,Yes,Yes,No,No internet service,No internet service,No internet service,No internet service,No internet service,No internet service,Two year,Yes,Bank transfer (automatic),24.9,467.7,0,0,No,0,Mid (13-36m),0,0.024992082872345136,Low
9137-UIYPG,Female,No,Yes,Yes,35,Yes,No,Fiber optic,Yes,No,Yes,Yes,Yes,Yes,Month-to-month,Yes,Electronic check,106.9,3756.45,4,0,No,0,Mid (13-36m),4,0.2108703591226837,Low
2809-ZMYOQ,Female,No,No,No,32,Yes,Yes,Fiber optic,No,No,Yes,No,Yes,Yes,Month-to-month,Yes,Electronic check,101.35,3334.9,0,0,No,0,Mid (13-36m),0,0.3655714357654512,Low
5084-OOVCJ,Female,No,Yes,Yes,17,Yes,No,DSL,Yes,No,No,Yes,No,No,Month-to-month,Yes,Credit card (automatic),55.35,920.5,0,0,No,0,Mid (13-36m),0,0.3074538106355603,Low
0254-WWRKD,Female,No,Yes,Yes,67,Yes,No,DSL,No,Yes,No,No,No,No,One year,No,Credit card (automatic),50.55,3431.75,0,0,No,0,Loyal (60m+),0,0.007998243421402767,Low
7727-SHVZV,Female,No,No,No,9,Yes,No,No,No internet service,No internet service,No internet service,No internet service,No internet service,No internet service,Month-to-month,No,Bank transfer (automatic),19.5,150.35,0,0,No,0,New (0-12m),0,0.37062202519038084,Low
5339-PXDVH,Male,No,No,No,4,Yes,Yes,Fiber optic,Yes,No,No,No,Yes,No,Month-to-month,No,Electronic check,90.65,367.95,0,0,No,0,New (0-12m),0,0.862374511113735,Critical
2205-LPVGL,Male,Yes,Yes,Yes,58,Yes,Yes,Fiber optic,Yes,Yes,No,Yes,No,No,One year,Yes,Bank transfer (automatic),89.85,5125.75,0,0,No,0,Established (37-60m),0,0.019647506689155582,Low
8782-NUUOL,Male,No,No,No,60,Yes,No,DSL,Yes,No,Yes,Yes,Yes,Yes,One year,No,Mailed check,79.0,4801.1,3,0,No,0,Established (37-60m),3,0.004299814666309383,Low
7601-WFVZV,Male,No,No,No,1,Yes,No,No,No internet service,No internet service,No internet service,No internet service,No internet service,No internet service,Month-to-month,No,Mailed check,19.55,19.55,4,0,No,0,New (0-12m),4,0.4239115901738823,High
4609-KNNWG,Female,No,Yes,Yes,27,Yes,No,No,No internet service,No internet service,No internet service,No internet service,No internet service,No internet service,Two year,No,Mailed check,19.9,550.1,0,0,No,0,Mid (13-36m),0,0.015808938373177185,Low
4868-AADLV,Male,Yes,Yes,Yes,66,Yes,Yes,Fiber optic,Yes,Yes,Yes,Yes,Yes,Yes,One year,Yes,Electronic check,116.25,7862.25,0,0,No,0,Loyal (60m+),0,0.005534906929146747,Low
9529-OFXHY,Male,No,No,No,15,Yes,Yes,Fiber optic,Yes,No,No,No,Yes,No,Month-to-month,Yes,Bank transfer (automatic),87.75,1242.2,0,0,No,0,Mid (13-36m),0,0.6670070390741636,High
2669-QVCRG,Female,No,No,No,41,Yes,Yes,Fiber optic,Yes,No,No,No,No,No,Month-to-month,Yes,Credit card (automatic),81.3,3190.65,0,0,No,0,Established (37-60m),0,0.25063621311649464,Low
2478-EEWWM,Male,No,Yes,No,59,No,No phone service,DSL,No,No,No,No,Yes,Yes,Month-to-month,Yes,Electronic check,44.3,2666.75,0,2,No,0,Established (37-60m),2,0.50585280744211,High
9174-IHETN,Female,No,No,Yes,50,Yes,No,Fiber optic,No,No,No,No,No,No,Two year,No,Credit card (automatic),70.35,3533.6,0,0,No,0,Established (37-60m),0,0.019570993687118496,Low
2233-TXSIU,Male,No,Yes,Yes,17,No,No phone service,DSL,Yes,No,Yes,No,Yes,No,One year,No,Credit card (automatic),44.45,792.15,0,0,No,0,Mid (13-36m),0,0.17849104938984942,Low
9644-UMGQA,Male,No,Yes,Yes,6,Yes,No,DSL,Yes,No,No,No,No,No,Month-to-month,Yes,Electronic check,49.15,295.65,2,0,No,0,New (0-12m),2,0.6310319035638488,High
3256-EZDBI,Male,Yes,Yes,No,51,No,No phone service,DSL,No,Yes,No,No,No,No,Month-to-month,Yes,Credit card (automatic),29.45,1459.35,0,0,No,0,Established (37-60m),0,0.13761494323571208,Low
0419-YAAPX,Male,No,Yes,No,49,Yes,No,Fiber optic,No,Yes,No,No,Yes,No,Month-to-month,Yes,Credit card (automatic),85.3,4297.95,0,0,No,0,Established (37-60m),0,0.11364554141274172,Low
0872-CASZJ,Male,No,Yes,No,59,Yes,Yes,DSL,Yes,No,No,Yes,No,Yes,One year,Yes,Mailed check,69.1,4096.9,0,0,No,0,Established (37-60m),0,0.00610791696561627,Low
4726-DLWQN,Male,Yes,No,No,50,Yes,Yes,DSL,Yes,Yes,No,No,Yes,No,Month-to-month,Yes,Bank transfer (automatic),70.35,3454.6,0,0,No,0,Established (37-60m),0,0.05405585879668076,Low
8164-OCKUJ,Female,No,Yes,Yes,59,Yes,No,No,No internet service,No internet service,No internet service,No internet service,No internet service,No internet service,Two year,No,Mailed check,20.6,1286.0,0,4,No,0,Established (37-60m),4,0.3384775148249387,Low
3094-JOJAI,Male,No,No,No,18,Yes,Yes,Fiber optic,No,No,No,No,No,No,Month-to-month,No,Mailed check,74.15,1387.0,0,0,No,0,Mid (13-36m),0,0.6377614509816055,High
9494-MRNYX,Male,No,No,No,10,Yes,Yes,Fiber optic,No,No,No,No,No,No,Month-to-month,No,Electronic check,75.05,786.3,0,0,No,0,New (0-12m),0,0.8337350534094508,Critical
2599-CZABP,Male,No,Yes,No,14,Yes,No,DSL,No,No,No,No,No,No,One year,No,Electronic check,44.6,641.25,0,0,No,0,Mid (13-36m),0,0.31775424936869545,Low
7945-PRBVF,Male,No,No,No,35,Yes,No,No,No internet service,No internet service,No internet service,No internet service,No internet service,No internet service,Two year,No,Bank transfer (automatic),21.45,705.45,0,0,No,0,Mid (13-36m),0,0.012568114139010102,Low
4544-RXFMG,Male,No,Yes,Yes,8,Yes,No,DSL,No,No,No,No,No,No,One year,Yes,Mailed check,43.45,345.5,5,0,No,0,New (0-12m),5,0.27272002623506464,Low
0859-YGKFW,Male,No,Yes,Yes,18,Yes,No,No,No internet service,No internet service,No internet service,No internet service,No internet service,No internet service,One year,No,Bank transfer (automatic),20.05,345.9,1,0,No,0,Mid (13-36m),1,0.08687856807830037,Low
1150-FTQGN,Female,No,Yes,Yes,60,Yes,Yes,Fiber optic,Yes,Yes,No,No,Yes,No,One year,No,Bank transfer (automatic),94.15,5811.8,5,0,No,0,Established (37-60m),5,0.014679065922007442,Low
7196-LIWRH,Female,No,No,No,6,Yes,No,No,No internet service,No internet service,No internet service,No internet service,No internet service,No internet service,Two year,No,Mailed check,19.55,124.45,0,0,No,0,New (0-12m),0,0.05997835064979024,Low
5448-VWNAM,Female,No,No,Yes,19,Yes,Yes,DSL,Yes,Yes,No,Yes,Yes,No,Month-to-month,Yes,Mailed check,75.9,1375.6,0,0,No,0,Mid (13-36m),0,0.20958066232244976,Low
1177-XZBJL,Male,No,Yes,Yes,53,Yes,Yes,DSL,Yes,Yes,No,Yes,No,No,One year,No,Bank transfer (automatic),64.15,3491.55,0,0,No,0,Established (37-60m),0,0.010249267736553179,Low
3518-FSTWG,Male,Yes,Yes,No,72,Yes,Yes,Fiber optic,Yes,Yes,Yes,No,Yes,Yes,Two year,Yes,Bank transfer (automatic),109.55,7920.7,0,0,No,0,Loyal (60m+),0,0.001265959126537211,Low
9330-VOFSZ,Female,No,Yes,No,60,Yes,Yes,Fiber optic,No,Yes,Yes,Yes,Yes,Yes,Two year,Yes,Credit card (automatic),110.8,6640.7,0,0,No,0,Established (37-60m),0,0.0023187405181383227,Low
0939-EREMR,Female,No,No,Yes,13,Yes,No,DSL,No,No,Yes,Yes,No,No,Month-to-month,No,Mailed check,53.45,718.1,0,0,No,0,Mid (13-36m),0,0.37265786101941273,Low
9389-ACWBI,Female,No,Yes,Yes,5,Yes,No,Fiber optic,No,No,No,No,No,No,Month-to-month,No,Credit card (automatic),69.95,320.4,0,0,No,0,New (0-12m),0,0.8242281691517439,Critical
3644-QXEHN,Male,No,Yes,Yes,13,Yes,No,Fiber optic,No,No,Yes,No,Yes,Yes,Month-to-month,No,Electronic check,97.0,1334.45,0,0,No,0,Mid (13-36m),0,0.6869694957269122,High
2911-IJORQ,Male,No,No,No,37,Yes,Yes,DSL,Yes,Yes,Yes,Yes,Yes,Yes,One year,Yes,Bank transfer (automatic),90.6,3358.65,0,0,No,0,Established (37-60m),0,0.02009048210233719,Low
5921-NGYRH,Male,No,Yes,No,64,Yes,No,Fiber optic,Yes,No,No,No,No,No,Month-to-month,Yes,Mailed check,73.55,4764.0,0,0,No,0,Loyal (60m+),0,0.05534511041466494,Low
5998-DZLYR,Female,No,Yes,No,61,Yes,Yes,Fiber optic,No,Yes,No,Yes,No,Yes,Two year,Yes,Bank transfer (automatic),94.35,5703.0,0,0,No,0,Loyal (60m+),0,0.003965979386778848,Low
3985-HOYPM,Male,No,No,No,26,Yes,No,No,No internet service,No internet service,No internet service,No internet service,No internet service,No internet service,One year,No,Mailed check,19.4,525.55,0,0,No,0,Mid (13-36m),0,0.06294247142655013,Low
9548-LERKT,Male,No,Yes,No,24,Yes,No,No,No internet service,No internet service,No internet service,No internet service,No internet service,No internet service,Two year,No,Mailed check,19.75,483.15,0,0,No,0,Mid (13-36m),0,0.019754456969302295,Low
6576-FBXOJ,Male,No,Yes,No,17,No,No phone service,DSL,No,No,Yes,Yes,Yes,Yes,One year,No,Electronic check,54.6,934.8,0,0,No,0,Mid (13-36m),0,0.20734001560261378,Low
4310-KEDTB,Female,No,No,Yes,26,No,No phone service,DSL,No,No,Yes,No,No,No,Month-to-month,Yes,Mailed check,29.8,786.5,2,0,No,0,Mid (13-36m),2,0.34003830017763864,Low
4062-HBMOS,Male,No,No,No,52,Yes,Yes,Fiber optic,No,Yes,Yes,No,Yes,Yes,Month-to-month,Yes,Electronic check,103.05,5364.8,0,0,No,0,Established (37-60m),0,0.09029824924818955,Low
2676-ISHSF,Male,No,No,No,1,Yes,No,No,No internet service,No internet service,No internet service,No internet service,No internet service,No internet service,Month-to-month,No,Mailed check,20.3,20.3,0,0,No,0,New (0-12m),0,0.42141980821323716,High
9236-NDUCW,Female,No,No,No,21,No,No phone service,DSL,Yes,No,No,Yes,No,No,Two year,No,Mailed check,35.1,770.4,0,0,No,0,Mid (13-36m),0,0.05757381464884846,Low
4753-PADAS,Female,No,Yes,No,67,Yes,Yes,Fiber optic,No,Yes,Yes,No,Yes,Yes,One year,Yes,Bank transfer (automatic),105.7,6816.95,0,0,No,0,Loyal (60m+),0,0.007540390211760503,Low
6103-QCKFX,Female,No,Yes,Yes,44,Yes,No,DSL,Yes,No,No,Yes,No,No,Month-to-month,No,Bank transfer (automatic),56.25,2419.55,0,0,No,0,Established (37-60m),0,0.0709602715634601,Low
7781-EWARA,Male,No,Yes,Yes,70,No,No phone service,DSL,No,Yes,Yes,Yes,Yes,Yes,One year,No,Electronic check,60.35,4138.7,0,0,No,0,Loyal (60m+),0,0.005447746193560135,Low
7018-FPXHH,Male,No,Yes,Yes,56,Yes,No,DSL,Yes,Yes,Yes,No,No,No,Two year,Yes,Bank transfer (automatic),59.8,3457.45,1,0,No,0,Established (37-60m),1,0.003336008424087968,Low
0572-ZJKLT,Female,No,Yes,Yes,46,Yes,Yes,Fiber optic,Yes,No,Yes,Yes,No,Yes,Two year,No,Mailed check,99.65,4630.2,0,0,No,0,Established (37-60m),0,0.008334002528078557,Low
5135-RDDQL,Female,No,Yes,Yes,63,Yes,No,DSL,Yes,No,No,No,No,No,Two year,Yes,Bank transfer (automatic),50.65,3221.25,0,0,No,0,Loyal (60m+),0,0.003177802771598119,Low
1353-LJWEM,Male,No,No,No,11,Yes,No,DSL,No,Yes,Yes,Yes,No,No,Month-to-month,Yes,Electronic check,60.9,688.5,1,0,No,0,New (0-12m),1,0.5037526729201182,High
1794-SWWKL,Male,No,Yes,Yes,15,Yes,Yes,DSL,No,No,Yes,Yes,No,No,Month-to-month,Yes,Bank transfer (automatic),59.65,867.1,1,0,No,0,Mid (13-36m),1,0.312917803780778,Low
6166-YIPFO,Male,No,Yes,No,72,No,No phone service,DSL,Yes,Yes,Yes,Yes,Yes,Yes,Two year,Yes,Electronic check,64.7,4746.05,0,0,No,0,Loyal (60m+),0,0.0012752482064957269,Low
9332-GYWLO,Female,No,Yes,Yes,6,Yes,No,DSL,No,No,No,No,Yes,No,Month-to-month,No,Electronic check,54.85,355.1,0,0,No,0,New (0-12m),0,0.630919132610007,High
4184-VODJZ,Male,No,Yes,Yes,63,Yes,Yes,Fiber optic,No,Yes,No,No,No,Yes,One year,Yes,Electronic check,91.35,5764.7,0,0,No,0,Loyal (60m+),0,0.017294510839992724,Low
1092-WPIVQ,Female,No,Yes,Yes,18,Yes,Yes,No,No internet service,No internet service,No internet service,No internet service,No internet service,No internet service,Two year,No,Mailed check,25.1,428.45,0,0,No,0,Mid (13-36m),0,0.023647970095887108,Low
7233-IOQNP,Female,No,Yes,No,43,No,No phone service,DSL,Yes,No,No,Yes,No,No,Month-to-month,No,Bank transfer (automatic),34.0,1505.35,0,0,No,0,Established (37-60m),0,0.14459388152463792,Low
2834-JKOOW,Female,No,No,No,15,No,No phone service,DSL,Yes,Yes,Yes,Yes,No,No,One year,No,Mailed check,45.9,693.45,0,0,No,0,Mid (13-36m),0,0.2030514550160872,Low
2400-FEQME,Male,No,Yes,Yes,55,Yes,No,No,No internet service,No internet service,No internet service,No internet service,No internet service,No internet service,Two year,No,Mailed check,20.5,1177.95,0,0,No,0,Established (37-60m),0,0.0029940062541149014,Low
4957-SREEC,Male,No,Yes,Yes,70,Yes,No,No,No internet service,No internet service,No internet service,No internet service,No internet service,No internet service,Two year,No,Credit card (automatic),20.35,1458.1,0,2,No,0,Loyal (60m+),2,0.01908225464592615,Low
0230-UBYPQ,Male,Yes,Yes,No,63,No,No phone service,DSL,Yes,No,No,Yes,No,No,One year,No,Bank transfer (automatic),36.1,2298.9,0,0,No,0,Loyal (60m+),0,0.019225513156886555,Low
4923-ADWXJ,Female,No,No,No,25,Yes,No,DSL,No,Yes,No,Yes,No,Yes,Month-to-month,Yes,Bank transfer (automatic),65.8,1679.65,0,0,No,0,Mid (13-36m),0,0.21093301041045603,Low
1763-KUAAW,Female,Yes,No,No,18,Yes,No,No,No internet service,No internet service,No internet service,No internet service,No internet service,No internet service,One year,No,Bank transfer (automatic),20.35,369.6,0,0,No,0,Mid (13-36m),0,0.1362090307939015,Low
1104-TNLZA,Male,Yes,Yes,No,28,Yes,Yes,Fiber optic,No,Yes,No,Yes,Yes,Yes,Month-to-month,Yes,Electronic check,105.8,2998.0,0,0,No,0,Mid (13-36m),0,0.3905163347404983,Low
5195-KPUNQ,Female,Yes,No,No,53,Yes,No,Fiber optic,Yes,Yes,No,Yes,No,Yes,One year,Yes,Mailed check,96.75,5206.55,0,0,No,0,Established (37-60m),0,0.026704701962160203,Low
3439-GVUSX,Male,No,No,No,1,No,No phone service,DSL,No,No,No,No,No,No,Month-to-month,No,Mailed check,24.4,24.4,0,0,No,0,New (0-12m),0,0.7183602752989401,Critical
5949-HGVJL,Female,No,Yes,No,26,Yes,No,DSL,No,Yes,No,Yes,Yes,Yes,Month-to-month,Yes,Electronic check,73.05,1959.5,0,0,No,0,Mid (13-36m),0,0.22123714505893713,Low
5203-XEHAX,Female,No,No,No,34,Yes,No,DSL,Yes,Yes,No,No,No,Yes,One year,No,Electronic check,64.35,2053.05,1,0,No,0,Mid (13-36m),1,0.09001805680174446,Low
1635-HDGFT,Female,No,No,Yes,19,Yes,No,No,No internet service,No internet service,No internet service,No internet service,No internet service,No internet service,Two year,No,Mailed check,20.5,398.55,0,0,No,0,Mid (13-36m),0,0.02556318854949591,Low
8050-XGRVL,Female,No,Yes,Yes,62,Yes,No,DSL,Yes,No,Yes,No,No,No,One year,No,Credit card (automatic),54.75,3425.35,0,0,No,0,Loyal (60m+),0,0.009662805803036483,Low
9828-QHFBK,Male,No,No,No,24,Yes,No,DSL,Yes,No,No,No,No,No,Month-to-month,Yes,Electronic check,51.15,1275.7,0,0,No,0,Mid (13-36m),0,0.3818758187344096,Low
3908-MKIMJ,Male,Yes,Yes,No,68,No,No phone service,DSL,Yes,Yes,Yes,No,No,No,Two year,Yes,Electronic check,41.95,2965.75,0,0,No,0,Loyal (60m+),0,0.005660400845861889,Low
5012-YSPJJ,Male,No,Yes,Yes,31,Yes,No,DSL,No,No,Yes,Yes,No,No,Month-to-month,No,Mailed check,54.35,1647.0,0,0,No,0,Mid (13-36m),0,0.133652101087798,Low
6728-VOIFY,Female,No,Yes,No,63,Yes,No,Fiber optic,No,Yes,No,No,Yes,Yes,One year,Yes,Electronic check,96.0,6109.75,0,0,No,0,Loyal (60m+),0,0.018544541836803145,Low
4891-NLUBA,Female,No,Yes,Yes,61,No,No phone service,DSL,No,Yes,Yes,Yes,Yes,Yes,Two year,Yes,Bank transfer (automatic),61.45,3751.15,0,5,No,0,Loyal (60m+),5,0.6048553975127315,High
8969-PRHFK,Male,No,No,No,18,Yes,No,No,No internet service,No internet service,No internet service,No internet service,No internet service,No internet service,One year,No,Mailed check,19.65,411.25,0,0,No,0,Mid (13-36m),0,0.09318577083233914,Low
0661-KQHNK,Female,No,Yes,Yes,6,Yes,No,No,No internet service,No internet service,No internet service,No internet service,No internet service,No internet service,One year,No,Credit card (automatic),19.0,105.5,0,0,No,0,New (0-12m),0,0.16239102200411998,Low
8709-KRDVL,Female,No,No,No,33,Yes,Yes,Fiber optic,No,Yes,No,No,Yes,Yes,Month-to-month,Yes,Electronic check,100.0,3320.6,0,0,No,0,Mid (13-36m),0,0.35949863667144183,Low
1427-VERSM,Female,No,Yes,No,56,Yes,No,Fiber optic,No,No,Yes,Yes,Yes,Yes,Month-to-month,Yes,Electronic check,98.7,5669.5,0,0,No,0,Established (37-60m),0,0.06227438368785814,Low
9801-NOSHQ,Male,No,No,Yes,23,Yes,No,No,No internet service,No internet service,No internet service,No internet service,No internet service,No internet service,One year,No,Mailed check,19.8,465.45,0,0,No,0,Mid (13-36m),0,0.06353784225636461,Low
6339-YPSAH,Male,No,No,No,9,Yes,No,Fiber optic,No,No,Yes,No,No,No,Month-to-month,Yes,Electronic check,73.8,704.3,0,0,No,0,New (0-12m),0,0.8461401383414714,Critical
2159-TURXX,Male,No,No,No,5,Yes,No,No,No internet service,No internet service,No internet service,No internet service,No internet service,No internet service,Month-to-month,No,Credit card (automatic),20.05,95.55,0,0,No,0,New (0-12m),0,0.3822052838720719,Low
1548-FEHVL,Male,No,Yes,No,61,Yes,Yes,Fiber optic,Yes,Yes,No,No,Yes,Yes,Month-to-month,Yes,Electronic check,106.2,6375.2,0,0,No,0,Loyal (60m+),0,0.0399240479048605,Low
3795-CAWEX,Male,No,Yes,Yes,70,Yes,Yes,Fiber optic,Yes,Yes,Yes,Yes,Yes,Yes,Two year,Yes,Credit card (automatic),116.55,8152.3,0,0,No,0,Loyal (60m+),0,0.0006297487152858625,Low
6215-NQCPY,Male,No,No,No,15,Yes,Yes,Fiber optic,Yes,No,No,No,Yes,Yes,Month-to-month,Yes,Electronic check,99.7,1566.75,0,0,No,0,Mid (13-36m),0,0.6867938735173487,High
5647-URDKA,Male,No,Yes,Yes,8,Yes,No,No,No internet service,No internet service,No internet service,No internet service,No internet service,No internet service,Two year,No,Mailed check,19.7,130.25,0,0,No,0,New (0-12m),0,0.0408133644207968,Low
2229-DPMBI,Female,No,Yes,Yes,8,Yes,No,No,No internet service,No internet service,No internet service,No internet service,No internet service,No internet service,Two year,No,Mailed check,19.5,162.15,0,0,No,0,New (0-12m),0,0.044355354794403196,Low
9626-WEQRM,Female,No,No,No,4,No,No phone service,DSL,Yes,No,No,No,No,No,Month-to-month,Yes,Mailed check,29.15,110.05,0,0,No,0,New (0-12m),0,0.6885267610768835,High
2188-SXWVT,Female,No,No,No,34,Yes,No,DSL,Yes,Yes,No,No,No,No,One year,No,Mailed check,55.0,1885.15,0,0,No,0,Mid (13-36m),0,0.06879204220030398,Low
6258-PVZWJ,Male,No,Yes,No,68,Yes,Yes,DSL,Yes,Yes,Yes,Yes,Yes,Yes,Two year,Yes,Credit card (automatic),90.8,6302.85,0,0,No,0,Loyal (60m+),0,0.00043442158237177146,Low
1094-BKOSX,Female,No,Yes,Yes,45,No,No phone service,DSL,No,Yes,Yes,Yes,No,Yes,One year,No,Bank transfer (automatic),51.0,2264.5,0,2,No,0,Established (37-60m),2,0.29510073567062767,Low
6969-MVBAI,Female,Yes,No,No,9,Yes,Yes,Fiber optic,No,No,Yes,No,Yes,No,Month-to-month,Yes,Electronic check,90.1,816.8,0,0,No,0,New (0-12m),0,0.8531379664330587,Critical
2978-XXSOG,Female,No,No,No,22,Yes,Yes,DSL,Yes,No,No,Yes,No,No,Month-to-month,Yes,Mailed check,59.05,1253.5,3,0,No,0,Mid (13-36m),3,0.25743414479062654,Low
2342-CKIAO,Female,No,No,No,2,Yes,No,No,No internet service,No internet service,No internet service,No internet service,No internet service,No internet service,Month-to-month,No,Mailed check,20.3,41.2,0,0,No,0,New (0-12m),0,0.43094959739889843,High
6953-PBDIN,Male,No,Yes,No,70,Yes,Yes,DSL,No,Yes,Yes,Yes,Yes,No,Two year,No,Bank transfer (automatic),72.95,5265.55,0,3,No,0,Loyal (60m+),3,0.037553252529503034,Low
3898-BSJYF,Female,No,No,Yes,10,Yes,Yes,DSL,Yes,No,Yes,Yes,No,Yes,One year,No,Credit card (automatic),73.55,693.3,0,0,No,0,New (0-12m),0,0.1697209521561809,Low
3938-YFPXD,Male,No,No,No,72,Yes,Yes,DSL,Yes,No,Yes,Yes,Yes,Yes,Two year,No,Credit card (automatic),84.3,5997.1,0,0,No,0,Loyal (60m+),0,0.0004560422248023076,Low
7696-AMHOD,Female,No,Yes,Yes,49,Yes,No,DSL,No,Yes,Yes,No,Yes,Yes,One year,No,Credit card (automatic),78.0,3824.2,0,0,No,0,Established (37-60m),0,0.01173343947801129,Low
2453-SAFNS,Female,Yes,No,No,54,Yes,Yes,DSL,No,Yes,No,Yes,Yes,No,One year,No,Mailed check,72.1,3886.05,0,0,No,0,Established (37-60m),0,0.011514992018529678,Low
9558-IHEZX,Female,No,No,No,71,Yes,Yes,Fiber optic,Yes,Yes,Yes,No,Yes,Yes,Two year,Yes,Credit card (automatic),106.75,7283.25,0,0,No,0,Loyal (60m+),0,0.0015023243988886148,Low
9617-UDPEU,Female,No,No,No,22,Yes,No,No,No internet service,No internet service,No internet service,No internet service,No internet service,No internet service,One year,Yes,Mailed check,19.25,412.55,0,0,No,0,Mid (13-36m),0,0.08538552888878813,Low
6340-DACFT,Female,No,Yes,Yes,50,Yes,No,No,No internet service,No internet service,No internet service,No internet service,No internet service,No internet service,Two year,No,Credit card (automatic),20.55,1070.25,0,0,No,0,Established (37-60m),0,0.004582811546244607,Low
4955-VCWBI,Female,No,Yes,Yes,43,Yes,No,No,No internet service,No internet service,No internet service,No internet service,No internet service,No internet service,One year,No,Mailed check,20.0,817.95,0,0,No,0,Established (37-60m),0,0.022992043855994723,Low
6813-GZQCG,Female,No,Yes,Yes,45,Yes,Yes,No,No internet service,No internet service,No internet service,No internet service,No internet service,No internet service,Two year,Yes,Credit card (automatic),24.65,1171.3,0,0,No,0,Established (37-60m),0,0.005357391861086087,Low
7426-GSWPO,Male,Yes,No,No,64,Yes,Yes,Fiber optic,Yes,Yes,No,No,Yes,Yes,Month-to-month,Yes,Bank transfer (automatic),103.5,6548.65,0,0,No,0,Loyal (60m+),0,0.031321554701968,Low
3389-KTRXV,Female,No,Yes,Yes,23,Yes,Yes,No,No internet service,No internet service,No internet service,No internet service,No internet service,No internet service,Two year,No,Mailed check,23.85,625.65,4,0,No,0,Mid (13-36m),4,0.017760401801568935,Low
3118-UHVVQ,Female,No,Yes,No,68,Yes,Yes,No,No internet service,No internet service,No internet service,No internet service,No internet service,No internet service,Two year,No,Credit card (automatic),25.8,1911.5,0,0,No,0,Loyal (60m+),0,0.0015705920674435475,Low
3205-MXZRA,Male,No,No,No,26,Yes,No,DSL,No,No,No,Yes,Yes,No,One year,No,Credit card (automatic),59.45,1507.0,0,0,No,0,Mid (13-36m),0,0.08376463443842111,Low
8317-BVKSO,Male,No,No,No,14,Yes,No,No,No internet service,No internet service,No internet service,No internet service,No internet service,No internet service,Month-to-month,Yes,Electronic check,20.05,299.3,5,0,No,0,Mid (13-36m),5,0.36139449786281924,Low
5702-KVQRD,Male,No,Yes,No,71,Yes,No,DSL,Yes,No,Yes,Yes,Yes,Yes,Two year,Yes,Electronic check,82.55,5832.65,0,0,No,0,Loyal (60m+),0,0.0007409236302901213,Low
0083-PIVIK,Male,No,No,No,64,Yes,Yes,DSL,Yes,Yes,Yes,Yes,Yes,No,One year,No,Electronic check,81.25,5567.55,0,0,No,0,Loyal (60m+),0,0.004278812051841683,Low
6169-PGNCD,Female,No,No,No,57,Yes,No,DSL,Yes,Yes,Yes,Yes,Yes,No,Two year,Yes,Credit card (automatic),74.3,4166.35,0,0,No,0,Established (37-60m),0,0.0021653489834105063,Low
4909-JOUPP,Male,Yes,Yes,No,72,Yes,Yes,Fiber optic,No,Yes,Yes,Yes,Yes,Yes,Two year,No,Credit card (automatic),109.7,7898.45,0,0,No,0,Loyal (60m+),0,0.0009781158981596455,Low
4657-FWVFY,Female,No,Yes,Yes,40,Yes,Yes,Fiber optic,No,Yes,Yes,No,Yes,No,Month-to-month,Yes,Credit card (automatic),96.35,3915.4,0,0,No,0,Established (37-60m),0,0.15550749472598235,Low
2257-BOVXD,Male,No,Yes,No,14,Yes,Yes,DSL,No,No,No,Yes,Yes,No,Month-to-month,Yes,Credit card (automatic),66.6,979.5,0,0,No,0,Mid (13-36m),0,0.314774453104138,Low
7729-JTEEC,Male,No,Yes,Yes,2,Yes,No,DSL,No,No,No,No,No,No,Month-to-month,Yes,Electronic check,44.5,90.05,5,0,No,0,New (0-12m),5,0.70291536148309,Critical
9696-RMYBA,Male,No,No,No,5,Yes,No,Fiber optic,No,No,No,No,Yes,No,Month-to-month,Yes,Mailed check,80.1,398.55,0,0,No,0,New (0-12m),0,0.8092793234600931,Critical
8690-UPCZI,Male,No,Yes,Yes,29,Yes,Yes,DSL,Yes,No,No,Yes,Yes,No,One year,No,Bank transfer (automatic),69.05,1958.45,0,0,No,0,Mid (13-36m),0,0.04923074568948462,Low
9770-LXDBK,Female,No,No,No,3,Yes,No,No,No internet service,No internet service,No internet service,No internet service,No internet service,No internet service,Month-to-month,No,Mailed check,20.4,63.15,0,0,No,0,New (0-12m),0,0.4169334802179921,High
4086-WITJG,Male,No,Yes,Yes,71,Yes,No,No,No internet service,No internet service,No internet service,No internet service,No internet service,No internet service,Two year,No,Credit card (automatic),19.7,1301.1,4,0,No,0,Loyal (60m+),4,0.001404805819035882,Low
8344-WFMFH,Male,No,No,Yes,9,Yes,No,DSL,No,Yes,No,No,No,No,Month-to-month,Yes,Electronic check,50.1,484.05,0,0,No,0,New (0-12m),0,0.5923250584915185,High
8822-KNBHV,Female,No,No,No,48,Yes,Yes,DSL,Yes,Yes,Yes,No,Yes,Yes,One year,Yes,Credit card (automatic),83.45,3887.85,0,0,No,0,Established (37-60m),0,0.013801800764659334,Low
8404-FYDIB,Male,No,No,No,26,Yes,Yes,Fiber optic,Yes,Yes,No,No,No,No,Month-to-month,Yes,Credit card (automatic),86.65,2208.75,0,0,No,0,Mid (13-36m),0,0.44852605840573084,High
2791-SFVEW,Female,No,No,No,9,Yes,No,No,No internet service,No internet service,No internet service,No internet service,No internet service,No internet service,Month-to-month,No,Bank transfer (automatic),20.15,238.15,0,0,No,0,New (0-12m),0,0.36195474155071705,Low
6762-NSODU,Female,No,Yes,Yes,46,Yes,No,No,No internet service,No internet service,No internet service,No internet service,No internet service,No internet service,Two year,No,Credit card (automatic),19.4,958.15,0,2,No,0,Established (37-60m),2,0.0761700306304956,Low
9888-ZCUMM,Male,No,Yes,Yes,64,No,No phone service,DSL,Yes,No,Yes,Yes,Yes,Yes,Two year,Yes,Bank transfer (automatic),60.05,3845.45,0,0,No,0,Loyal (60m+),0,0.0016222173918579463,Low
1074-WVEVG,Female,No,Yes,No,59,Yes,No,No,No internet service,No internet service,No internet service,No internet service,No internet service,No internet service,One year,No,Mailed check,20.35,1267.0,0,4,No,0,Established (37-60m),4,0.6777542007776903,High
9979-RGMZT,Female,No,No,No,7,Yes,No,Fiber optic,No,Yes,No,No,Yes,Yes,One year,Yes,Mailed check,94.05,633.45,0,0,No,0,New (0-12m),0,0.5428993280172608,High
6437-UDQJM,Female,Yes,Yes,No,72,Yes,Yes,DSL,Yes,Yes,Yes,No,Yes,Yes,Two year,Yes,Credit card (automatic),84.1,6129.65,0,0,No,0,Loyal (60m+),0,0.0006877374827582311,Low
1226-IENZN,Male,Yes,No,No,16,Yes,No,Fiber optic,No,No,No,No,No,Yes,Month-to-month,Yes,Electronic check,78.75,1218.25,0,0,No,0,Mid (13-36m),0,0.7928302041825539,Critical
2108-GLPQB,Male,No,Yes,No,25,Yes,Yes,DSL,No,No,Yes,No,No,No,Month-to-month,No,Credit card (automatic),55.55,1405.3,0,0,No,0,Mid (13-36m),0,0.24849163928264814,Low
5474-LAMUQ,Male,No,Yes,No,24,Yes,No,No,No internet service,No internet service,No internet service,No internet service,No internet service,No internet service,One year,No,Mailed check,20.1,533.9,0,0,No,0,Mid (13-36m),0,0.06460956518109055,Low
3468-DRVQJ,Female,No,Yes,Yes,10,Yes,Yes,DSL,Yes,Yes,No,No,Yes,No,One year,No,Electronic check,70.3,676.15,0,0,No,0,New (0-12m),0,0.27334303670745635,Low
1122-YJBCS,Male,No,Yes,No,69,Yes,No,DSL,Yes,Yes,No,No,No,No,One year,Yes,Credit card (automatic),53.65,3804.4,0,0,No,0,Loyal (60m+),0,0.0065284060196001276,Low
4990-ALDGW,Male,No,No,No,57,Yes,No,No,No internet service,No internet service,No internet service,No internet service,No internet service,No internet service,Two year,No,Mailed check,20.75,1118.8,0,0,No,0,Established (37-60m),0,0.0033981357353286543,Low
4816-OKWNX,Male,No,Yes,Yes,50,Yes,No,Fiber optic,No,Yes,Yes,Yes,Yes,Yes,One year,Yes,Bank transfer (automatic),103.4,5236.4,0,0,No,0,Established (37-60m),0,0.018918335251706477,Low
3315-IKYZQ,Male,No,Yes,Yes,28,No,No phone service,DSL,Yes,No,Yes,Yes,Yes,No,One year,No,Mailed check,50.8,1386.8,0,0,No,0,Mid (13-36m),0,0.06925488027644189,Low
4747-LCAQL,Male,No,No,No,25,Yes,No,DSL,Yes,Yes,No,Yes,Yes,Yes,Month-to-month,Yes,Mailed check,79.0,1902.0,0,0,No,0,Mid (13-36m),0,0.14457173502822301,Low
3411-WLRSQ,Female,Yes,Yes,No,3,Yes,No,Fiber optic,No,Yes,No,No,No,No,Month-to-month,Yes,Bank transfer (automatic),74.6,239.05,0,0,No,0,New (0-12m),0,0.8843623313799795,Critical
0898-XCGTF,Male,No,Yes,No,61,Yes,Yes,Fiber optic,No,No,No,No,Yes,Yes,One year,Yes,Bank transfer (automatic),96.5,5673.7,0,4,No,0,Loyal (60m+),4,0.7484440356418727,Critical
8006-PYCSW,Female,No,No,No,2,Yes,No,No,No internet service,No internet service,No internet service,No internet service,No internet service,No internet service,Month-to-month,No,Mailed check,20.1,39.8,0,0,No,0,New (0-12m),0,0.43171374481709374,High
8249-THVEC,Male,No,Yes,Yes,51,Yes,No,No,No internet service,No internet service,No internet service,No internet service,No internet service,No internet service,One year,No,Mailed check,19.4,997.75,0,0,No,0,Established (37-60m),0,0.013573303825791189,Low
8722-PRFDV,Female,No,Yes,Yes,71,Yes,No,DSL,Yes,No,Yes,No,Yes,Yes,Two year,No,Credit card (automatic),77.55,5574.35,5,0,No,0,Loyal (60m+),5,0.0006562093321257574,Low
2164-SOQXL,Female,No,Yes,Yes,20,Yes,No,No,No internet service,No internet service,No internet service,No internet service,No internet service,No internet service,Month-to-month,No,Mailed check,20.05,406.05,0,0,No,0,Mid (13-36m),0,0.18500826563759562,Low
4020-KIUDI,Male,No,Yes,Yes,6,Yes,No,No,No internet service,No internet service,No internet service,No internet service,No internet service,No internet service,Month-to-month,No,Credit card (automatic),19.85,138.85,0,0,No,0,New (0-12m),0,0.32095700306153774,Low
5850-BDWCY,Female,No,No,No,6,Yes,No,No,No internet service,No internet service,No internet service,No internet service,No internet service,No internet service,Month-to-month,No,Mailed check,20.2,123.65,5,0,No,0,New (0-12m),5,0.37773537221585224,Low
2038-YSEZE,Female,No,No,No,29,Yes,Yes,DSL,Yes,Yes,No,Yes,No,No,Month-to-month,No,Mailed check,67.45,1801.1,0,0,No,0,Mid (13-36m),0,0.15548227163389333,Low
0827-ITJPH,Male,No,No,No,36,Yes,No,No,No internet service,No internet service,No internet service,No internet service,No internet service,No internet service,Two year,Yes,Credit card (automatic),18.55,689.0,0,0,No,0,Mid (13-36m),0,0.011761971283093706,Low
8799-OXZMD,Female,No,No,No,28,No,No phone service,DSL,No,No,Yes,No,No,No,Month-to-month,Yes,Mailed check,29.75,790.7,0,0,No,0,Mid (13-36m),0,0.35190916164245933,Low
1705-GUHPV,Female,No,No,No,63,Yes,Yes,No,No internet service,No internet service,No internet service,No internet service,No internet service,No internet service,Two year,No,Mailed check,24.2,1618.2,0,0,No,0,Loyal (60m+),0,0.0022627937775366253,Low
4779-ZGICK,Male,No,Yes,Yes,48,Yes,Yes,No,No internet service,No internet service,No internet service,No internet service,No internet service,No internet service,Two year,No,Mailed check,23.55,1173.35,0,0,No,0,Established (37-60m),0,0.004050219762701248,Low
0048-PIHNL,Female,No,Yes,No,49,Yes,No,No,No internet service,No internet service,No internet service,No internet service,No internet service,No internet service,One year,No,Bank transfer (automatic),20.45,900.9,0,0,No,0,Established (37-60m),0,0.0216870864669183,Low
3967-KXAPS,Male,No,Yes,No,72,Yes,Yes,DSL,Yes,Yes,Yes,Yes,Yes,Yes,Two year,No,Credit card (automatic),92.3,6719.9,0,0,No,0,Loyal (60m+),0,0.0003056078080469495,Low
3704-IEAXF,Female,No,Yes,Yes,72,No,No phone service,DSL,No,Yes,No,Yes,Yes,Yes,Two year,No,Credit card (automatic),53.65,3784.0,0,0,No,0,Loyal (60m+),0,0.0012595068617629439,Low
6810-VCAEX,Female,No,No,No,47,No,No phone service,DSL,Yes,Yes,No,Yes,No,No,One year,No,Credit card (automatic),39.65,1798.65,0,0,No,0,Established (37-60m),0,0.04083445176829751,Low
0674-EYYZV,Female,No,No,No,1,Yes,No,DSL,No,No,No,No,Yes,No,Month-to-month,Yes,Electronic check,54.65,54.65,0,0,No,0,New (0-12m),0,0.748436558432465,Critical
4480-MBMLB,Female,No,No,No,36,Yes,Yes,Fiber optic,No,Yes,Yes,No,Yes,Yes,One year,Yes,Bank transfer (automatic),104.8,3886.45,0,0,No,0,Mid (13-36m),0,0.08814991929407089,Low
1395-OFUWC,Male,No,Yes,Yes,43,No,No phone service,DSL,No,Yes,No,No,No,No,Month-to-month,No,Credit card (automatic),29.3,1224.05,5,0,No,0,Established (37-60m),5,0.15063671131007988,Low
0822-QGCXA,Female,Yes,Yes,No,27,Yes,Yes,DSL,No,Yes,Yes,Yes,Yes,Yes,Month-to-month,No,Electronic check,83.85,2310.2,2,1,No,0,Mid (13-36m),3,0.4917100258441588,High
2832-KJCRD,Female,No,No,No,38,Yes,Yes,Fiber optic,No,No,Yes,Yes,Yes,Yes,Month-to-month,Yes,Electronic check,103.65,3988.5,0,1,No,0,Established (37-60m),1,0.5071614152849415,High
3588-WSTTJ,Female,Yes,No,No,35,Yes,Yes,Fiber optic,Yes,No,No,No,Yes,Yes,Month-to-month,Yes,Electronic check,99.05,3554.6,4,0,No,0,Mid (13-36m),4,0.37151303164764315,Low
4075-WKNIU,Female,No,Yes,Yes,0,Yes,Yes,DSL,No,Yes,Yes,Yes,Yes,No,Two year,No,Mailed check,73.35,0.0,0,0,No,0,New (0-12m),0,0.09675018670402954,Low
5090-EMGTC,Female,No,Yes,No,59,Yes,No,Fiber optic,No,Yes,No,Yes,Yes,Yes,Two year,Yes,Mailed check,100.05,6034.85,0,0,No,0,Established (37-60m),0,0.0032423769689656516,Low
2346-CZYIL,Male,No,No,No,27,Yes,No,No,No internet service,No internet service,No internet service,No internet service,No internet service,No internet service,Two year,No,Credit card (automatic),20.35,531.6,5,1,No,0,Mid (13-36m),6,0.06632325086601348,Low
3798-EPWRR,Female,Yes,No,No,2,Yes,No,DSL,No,No,No,No,No,No,Month-to-month,No,Electronic check,43.95,85.1,0,0,No,0,New (0-12m),0,0.8001285631521072,Critical
6258-NGCNG,Male,No,No,No,7,Yes,Yes,No,No internet service,No internet service,No internet service,No internet service,No internet service,No internet service,Month-to-month,No,Mailed check,23.5,173.0,0,0,No,0,New (0-12m),0,0.33120437636451017,Low
4186-ZBUEW,Female,No,No,No,36,Yes,Yes,DSL,No,Yes,No,Yes,No,Yes,One year,Yes,Mailed check,70.7,2511.95,0,0,No,0,Mid (13-36m),0,0.034954973813151234,Low
5274-XHAKY,Female,No,Yes,Yes,41,Yes,Yes,Fiber optic,Yes,Yes,No,No,Yes,No,Month-to-month,Yes,Bank transfer (automatic),94.3,3893.6,0,0,No,0,Established (37-60m),0,0.16186226393249206,Low
1442-BQPVU,Female,No,No,No,13,No,No phone service,DSL,No,Yes,No,No,No,No,Month-to-month,No,Electronic check,29.15,357.15,0,0,No,0,Mid (13-36m),0,0.6777708753889529,High
3978-YNKDD,Male,No,No,Yes,19,Yes,No,No,No internet service,No internet service,No internet service,No internet service,No internet service,No internet service,Two year,No,Credit card (automatic),20.85,467.5,0,0,No,0,Mid (13-36m),0,0.023916099910481235,Low
4940-KHCWD,Female,No,Yes,No,60,No,No phone service,DSL,Yes,Yes,No,Yes,No,No,Two year,No,Bank transfer (automatic),37.7,2288.7,0,3,No,0,Established (37-60m),3,0.22819959624787448,Low
9589-ABEPT,Male,No,Yes,No,69,Yes,Yes,Fiber optic,No,Yes,No,Yes,Yes,No,Two year,Yes,Mailed check,92.45,6460.55,0,0,No,0,Loyal (60m+),0,0.001743712878364024,Low
9388-ZEYVT,Male,No,No,No,43,No,No phone service,DSL,No,No,Yes,Yes,No,Yes,One year,No,Electronic check,44.15,1931.3,0,0,No,0,Established (37-60m),0,0.0605794563863138,Low
0305-SQECB,Female,No,No,Yes,11,No,No phone service,DSL,Yes,No,No,Yes,No,No,One year,Yes,Mailed check,36.05,402.6,5,0,No,0,New (0-12m),5,0.25034991140149415,Low
7605-SNLQG,Female,No,Yes,No,45,Yes,No,DSL,No,No,Yes,No,No,No,Month-to-month,Yes,Credit card (automatic),50.25,2221.55,0,0,No,0,Established (37-60m),0,0.10099314228811616,Low
4670-TABXH,Male,No,Yes,No,72,Yes,Yes,Fiber optic,No,Yes,Yes,Yes,Yes,Yes,Two year,Yes,Credit card (automatic),109.75,7758.9,0,0,No,0,Loyal (60m+),0,0.0008265565861232448,Low
0064-SUDOG,Female,No,Yes,Yes,12,Yes,No,No,No internet service,No internet service,No internet service,No internet service,No internet service,No internet service,Two year,No,Bank transfer (automatic),20.3,224.5,0,0,No,0,New (0-12m),0,0.039886655858993335,Low
8561-NMTBD,Female,No,Yes,Yes,67,Yes,Yes,Fiber optic,No,Yes,Yes,Yes,Yes,Yes,One year,Yes,Credit card (automatic),112.35,7388.45,0,0,No,0,Loyal (60m+),0,0.003797537388156844,Low
5161-XEUVX,Male,No,Yes,No,37,Yes,Yes,Fiber optic,No,No,Yes,Yes,Yes,No,Two year,No,Mailed check,94.3,3460.95,0,0,No,0,Established (37-60m),0,0.02126061833534474,Low
8292-FRFZQ,Female,No,No,No,39,No,No phone service,DSL,Yes,Yes,No,Yes,No,No,One year,No,Bank transfer (automatic),41.15,1700.9,0,0,No,0,Established (37-60m),0,0.06349176486978017,Low
8591-NXRCV,Female,No,No,No,41,Yes,Yes,DSL,Yes,No,Yes,Yes,No,Yes,Month-to-month,Yes,Bank transfer (automatic),74.65,3090.65,0,0,No,0,Established (37-60m),0,0.064135904680653,Low
7895-VONWT,Female,No,No,No,25,No,No phone service,DSL,No,No,Yes,No,Yes,Yes,Month-to-month,Yes,Electronic check,48.25,1293.8,0,0,No,0,Mid (13-36m),0,0.4005503256984349,High
4526-RMTLL,Male,No,Yes,Yes,8,Yes,Yes,DSL,Yes,Yes,No,Yes,No,Yes,Two year,Yes,Credit card (automatic),76.15,645.8,0,0,No,0,New (0-12m),0,0.05144470661328951,Low
6253-GNHWH,Female,No,Yes,Yes,71,Yes,Yes,DSL,Yes,Yes,Yes,Yes,No,No,Two year,No,Mailed check,71.1,5224.95,0,0,No,0,Loyal (60m+),0,0.0006210783575289489,Low
4566-NECEV,Male,No,No,No,5,Yes,Yes,Fiber optic,No,Yes,Yes,No,No,Yes,Month-to-month,No,Electronic check,96.55,500.1,0,0,No,0,New (0-12m),0,0.8408623137286916,Critical
8080-POTJR,Female,No,No,No,30,Yes,Yes,DSL,Yes,No,Yes,No,Yes,Yes,One year,Yes,Credit card (automatic),79.3,2427.1,0,1,No,0,Mid (13-36m),1,0.1769115430184628,Low
6906-MPARY,Male,No,No,No,40,Yes,No,Fiber optic,No,Yes,No,Yes,No,Yes,One year,Yes,Credit card (automatic),89.6,3488.15,0,0,No,0,Established (37-60m),0,0.07188878808602948,Low
3662-FXJFO,Female,No,No,No,54,Yes,No,No,No internet service,No internet service,No internet service,No internet service,No internet service,No internet service,Two year,Yes,Mailed check,20.5,1035.7,0,0,No,0,Established (37-60m),0,0.004454992677155508,Low
8107-RZLNV,Male,No,Yes,No,72,Yes,Yes,Fiber optic,No,Yes,Yes,No,Yes,Yes,Two year,Yes,Bank transfer (automatic),106.3,7565.35,0,0,No,0,Loyal (60m+),0,0.001199356983206348,Low
0516-OOHAR,Male,No,Yes,Yes,28,Yes,No,Fiber optic,No,Yes,Yes,No,Yes,Yes,One year,No,Bank transfer (automatic),100.35,2799.0,0,0,No,0,Mid (13-36m),0,0.1377453565999404,Low
2027-CWDNU,Male,No,Yes,Yes,18,Yes,No,Fiber optic,No,No,No,Yes,No,Yes,Month-to-month,Yes,Electronic check,85.6,1601.5,2,0,No,0,Mid (13-36m),2,0.5997241781493737,High
9912-OMZDS,Female,No,Yes,Yes,59,Yes,Yes,Fiber optic,No,Yes,Yes,No,Yes,Yes,One year,Yes,Electronic check,106.15,6256.2,0,0,No,0,Established (37-60m),0,0.016190541087758865,Low
3733-ZEECP,Male,No,Yes,Yes,22,Yes,No,DSL,No,No,No,Yes,No,No,Month-to-month,Yes,Electronic check,51.1,1232.9,0,0,No,0,Mid (13-36m),0,0.31446238401270266,Low
7878-RTCZG,Female,No,No,No,1,Yes,No,No,No internet service,No internet service,No internet service,No internet service,No internet service,No internet service,Month-to-month,No,Mailed check,19.9,19.9,0,0,No,0,New (0-12m),0,0.4460095332642444,High
2452-MRMZF,Female,Yes,Yes,No,72,Yes,Yes,No,No internet service,No internet service,No internet service,No internet service,No internet service,No internet service,Two year,Yes,Credit card (automatic),25.7,1937.4,0,0,No,0,Loyal (60m+),0,0.0015875589874755223,Low
7103-IPXPJ,Male,No,Yes,No,50,Yes,Yes,Fiber optic,No,No,No,Yes,Yes,Yes,One year,No,Electronic check,99.4,5059.75,0,0,No,0,Established (37-60m),0,0.034513810790405594,Low
4342-HFXWS,Female,No,Yes,Yes,48,Yes,No,DSL,Yes,No,Yes,Yes,Yes,No,One year,No,Bank transfer (automatic),69.7,3023.65,0,0,No,0,Established (37-60m),0,0.015491094324841994,Low
3545-CNWRG,Female,No,Yes,Yes,49,Yes,Yes,Fiber optic,No,Yes,No,No,Yes,Yes,Month-to-month,Yes,Electronic check,98.35,4889.2,0,0,No,0,Established (37-60m),0,0.11309798121038706,Low
1785-BPHTP,Male,No,Yes,Yes,28,Yes,No,Fiber optic,No,No,Yes,No,Yes,No,Month-to-month,No,Electronic check,85.45,2289.9,0,1,No,0,Mid (13-36m),1,0.77076418899772,Critical
4989-LIXVT,Male,Yes,No,No,68,Yes,Yes,Fiber optic,No,Yes,Yes,No,No,Yes,Month-to-month,Yes,Electronic check,95.9,6503.2,0,0,No,0,Loyal (60m+),0,0.040857290885292885,Low
7315-WYOAW,Male,No,No,No,13,Yes,Yes,Fiber optic,No,No,No,Yes,Yes,Yes,Month-to-month,No,Electronic check,100.75,1313.25,2,0,No,0,Mid (13-36m),2,0.6792835171956838,High
1173-XZPYF,Female,No,No,No,11,Yes,Yes,Fiber optic,No,No,Yes,No,Yes,No,Month-to-month,Yes,Electronic check,89.2,990.3,5,0,No,0,New (0-12m),5,0.8027251457939951,Critical
2509-TFPJU,Male,No,Yes,No,72,Yes,Yes,No,No internet service,No internet service,No internet service,No internet service,No internet service,No internet service,Two year,No,Credit card (automatic),25.75,1864.2,0,0,No,0,Loyal (60m+),0,0.001194460208041195,Low
9530-GRMJG,Male,No,Yes,Yes,70,Yes,Yes,DSL,No,Yes,Yes,Yes,Yes,Yes,Two year,Yes,Electronic check,84.1,5979.7,0,0,No,0,Loyal (60m+),0,0.0006247035777161487,Low
6898-RBTLU,Female,No,Yes,Yes,49,Yes,Yes,DSL,No,Yes,No,Yes,Yes,Yes,Two year,No,Bank transfer (automatic),79.3,3902.45,4,0,No,0,Established (37-60m),4,0.00281858608656575,Low
5481-NTDOH,Female,Yes,Yes,No,67,Yes,Yes,Fiber optic,Yes,No,Yes,No,Yes,Yes,One year,Yes,Credit card (automatic),107.05,7142.5,0,0,No,0,Loyal (60m+),0,0.007744938506116672,Low
2068-WWXQZ,Male,No,No,No,46,Yes,No,No,No internet service,No internet service,No internet service,No internet service,No internet service,No internet service,Two year,No,Bank transfer (automatic),20.05,902.0,2,0,No,0,Established (37-60m),2,0.007051706024458462,Low
2061-VVFST,Female,No,Yes,No,37,Yes,No,No,No internet service,No internet service,No internet service,No internet service,No internet service,No internet service,Month-to-month,No,Bank transfer (automatic),19.5,805.2,0,0,No,0,Established (37-60m),0,0.10243666218793092,Low
0749-IRGQE,Female,Yes,Yes,No,13,No,No phone service,DSL,No,No,No,No,Yes,Yes,Month-to-month,No,Electronic check,45.3,528.45,0,0,No,0,Mid (13-36m),0,0.652166702292029,High
2380-DAMQP,Female,No,Yes,No,72,Yes,Yes,Fiber optic,Yes,Yes,Yes,Yes,Yes,Yes,Two year,No,Electronic check,115.15,8349.7,0,0,No,0,Loyal (60m+),0,0.001058227279689539,Low
2256-YLYLP,Male,No,Yes,Yes,68,Yes,No,DSL,No,No,Yes,Yes,Yes,Yes,Two year,Yes,Bank transfer (automatic),72.95,4953.25,3,0,No,0,Loyal (60m+),3,0.0007830858479654275,Low
1272-ILHFG,Male,No,Yes,Yes,15,Yes,No,No,No internet service,No internet service,No internet service,No internet service,No internet service,No internet service,One year,No,Mailed check,19.65,332.65,3,0,No,0,Mid (13-36m),3,0.09015369849819616,Low
0164-XAIRP,Female,No,No,No,24,Yes,No,No,No internet service,No internet service,No internet service,No internet service,No internet service,No internet service,Two year,Yes,Bank transfer (automatic),19.55,470.2,0,0,No,0,Mid (13-36m),0,0.02584930082416546,Low
5666-CYCYZ,Female,No,No,No,24,Yes,Yes,Fiber optic,No,No,No,Yes,No,Yes,Month-to-month,Yes,Electronic check,89.55,2259.35,2,0,No,0,Mid (13-36m),2,0.5366579552839924,High
4011-ARPHK,Male,No,No,No,27,Yes,No,DSL,Yes,No,No,No,No,No,Month-to-month,No,Mailed check,50.35,1411.35,3,0,No,0,Mid (13-36m),3,0.24358924422014822,Low
6365-HITVU,Female,No,Yes,Yes,71,Yes,No,DSL,Yes,Yes,Yes,Yes,Yes,Yes,Two year,No,Credit card (automatic),87.25,6328.7,0,0,No,0,Loyal (60m+),0,0.0003686559341235789,Low
7558-IMLMT,Male,No,Yes,Yes,67,Yes,No,No,No internet service,No internet service,No internet service,No internet service,No internet service,No internet service,Two year,Yes,Mailed check,20.8,1411.9,0,3,No,0,Loyal (60m+),3,0.0745624454327465,Low
9488-FYQAU,Female,No,Yes,No,63,Yes,Yes,Fiber optic,No,Yes,Yes,Yes,Yes,Yes,Two year,Yes,Bank transfer (automatic),109.25,6841.4,5,0,No,0,Loyal (60m+),5,0.00203754114353965,Low
3590-TCXTB,Male,No,No,No,1,Yes,No,No,No internet service,No internet service,No internet service,No internet service,No internet service,No internet service,Month-to-month,No,Mailed check,20.35,20.35,0,0,No,0,New (0-12m),0,0.42125383015413204,High
6994-KERXL,Male,No,No,No,4,Yes,No,DSL,No,No,No,No,No,Yes,Month-to-month,Yes,Electronic check,55.9,238.5,0,0,No,0,New (0-12m),0,0.6839980038486441,High
1960-UOTYM,Male,No,Yes,Yes,52,Yes,No,DSL,Yes,Yes,Yes,No,Yes,Yes,Two year,No,Electronic check,79.2,4016.3,2,0,No,0,Established (37-60m),2,0.003724200441598485,Low
2740-JFBOK,Male,No,No,No,10,Yes,Yes,No,No internet service,No internet service,No internet service,No internet service,No internet service,No internet service,Month-to-month,Yes,Electronic check,24.0,226.55,0,0,No,0,New (0-12m),0,0.40072283520793883,High
6500-JVEGC,Male,No,No,No,68,Yes,Yes,Fiber optic,Yes,Yes,Yes,No,Yes,No,One year,No,Bank transfer (automatic),101.35,7110.75,0,0,No,0,Loyal (60m+),0,0.006666890379889735,Low
5245-VDBUR,Female,No,Yes,No,52,No,No phone service,DSL,Yes,No,Yes,No,No,No,One year,No,Mailed check,35.45,1958.95,0,0,No,0,Established (37-60m),0,0.035310648177760806,Low
8469-SNFFH,Male,No,Yes,No,70,Yes,Yes,DSL,Yes,Yes,Yes,Yes,Yes,No,One year,No,Bank transfer (automatic),79.4,5528.9,0,0,No,0,Loyal (60m+),0,0.002195503497374474,Low
2144-ESWKO,Male,No,No,No,43,No,No phone service,DSL,Yes,No,Yes,No,No,No,One year,Yes,Credit card (automatic),35.2,1463.7,0,0,No,0,Established (37-60m),0,0.06382645852539792,Low
1241-FPMOF,Male,No,No,No,52,Yes,No,No,No internet service,No internet service,No internet service,No internet service,No internet service,No internet service,Two year,No,Mailed check,19.65,1025.05,0,0,No,0,Established (37-60m),0,0.004534938586418381,Low
9928-BZVLZ,Female,No,No,No,12,No,No phone service,DSL,Yes,No,Yes,Yes,No,Yes,Two year,No,Mailed check,49.85,552.1,4,0,No,0,New (0-12m),4,0.07727234239453723,Low
4114-QMKVN,Female,No,Yes,Yes,56,Yes,Yes,DSL,Yes,Yes,No,No,No,Yes,One year,No,Bank transfer (automatic),68.75,3815.4,5,1,No,0,Established (37-60m),6,0.03665242881735406,Low
2775-SEFEE,Male,No,No,Yes,0,Yes,Yes,DSL,Yes,Yes,No,Yes,No,No,Two year,Yes,Bank transfer (automatic),61.9,0.0,0,0,No,0,New (0-12m),0,0.11890358273901581,Low
9003-CPATH,Male,No,No,No,42,Yes,Yes,Fiber optic,No,No,Yes,No,No,No,Month-to-month,No,Electronic check,79.9,3313.4,0,0,No,0,Established (37-60m),0,0.30094235416853515,Low
1754-GKYPY,Male,Yes,Yes,No,22,Yes,No,Fiber optic,No,No,No,No,Yes,Yes,Month-to-month,Yes,Bank transfer (automatic),89.75,1938.9,0,0,No,0,Mid (13-36m),0,0.5630950127404274,High
7956-XQWGU,Male,No,No,No,27,Yes,No,No,No internet service,No internet service,No internet service,No internet service,No internet service,No internet service,Month-to-month,Yes,Credit card (automatic),19.4,460.25,0,0,No,0,Mid (13-36m),0,0.15890303631638836,Low
1591-MQJTP,Male,Yes,Yes,No,51,Yes,Yes,Fiber optic,Yes,No,Yes,No,No,Yes,One year,Yes,Bank transfer (automatic),93.65,4839.15,0,0,No,0,Established (37-60m),0,0.04022680597623688,Low
2369-FEVNO,Male,No,No,No,1,Yes,No,No,No internet service,No internet service,No internet service,No internet service,No internet service,No internet service,Month-to-month,Yes,Mailed check,19.9,19.9,0,0,No,0,New (0-12m),0,0.4227482690070053,High
7471-MQPOS,Male,Yes,Yes,Yes,71,Yes,Yes,DSL,No,Yes,Yes,Yes,No,Yes,One year,Yes,Bank transfer (automatic),72.9,5139.65,0,0,No,0,Loyal (60m+),0,0.002754115095363267,Low
5115-SQAAU,Female,No,Yes,Yes,69,Yes,Yes,No,No internet service,No internet service,No internet service,No internet service,No internet service,No internet service,Two year,Yes,Bank transfer (automatic),25.6,1673.4,0,0,No,0,Loyal (60m+),0,0.001483368756041397,Low
9845-QOMAD,Male,No,Yes,Yes,14,Yes,No,No,No internet service,No internet service,No internet service,No internet service,No internet service,No internet service,One year,No,Mailed check,19.75,309.35,3,0,No,0,Mid (13-36m),3,0.09478345532984382,Low
7672-VFMXZ,Male,No,Yes,No,57,Yes,No,DSL,Yes,No,No,Yes,No,No,Month-to-month,No,Electronic check,55.7,3171.6,0,0,No,0,Established (37-60m),0,0.04589035507405409,Low
9739-JLPQJ,Female,No,Yes,Yes,72,Yes,Yes,Fiber optic,Yes,Yes,Yes,Yes,Yes,Yes,Two year,No,Credit card (automatic),117.5,8670.1,0,0,No,0,Loyal (60m+),0,0.0005234469205822881,Low
9916-AYHTC,Male,No,No,No,48,Yes,No,No,No internet service,No internet service,No internet service,No internet service,No internet service,No internet service,Two year,No,Credit card (automatic),19.85,916.0,0,0,No,0,Established (37-60m),0,0.006004391438870562,Low
3855-ONCAR,Female,No,Yes,Yes,4,Yes,No,Fiber optic,No,No,No,No,Yes,No,Month-to-month,Yes,Mailed check,78.9,299.75,4,0,No,0,New (0-12m),4,0.8066483246141789,Critical
1488-SYSFC,Male,No,Yes,Yes,31,Yes,No,No,No internet service,No internet service,No internet service,No internet service,No internet service,No internet service,Month-to-month,Yes,Electronic check,20.65,702.05,4,0,No,0,Mid (13-36m),4,0.14818478733868512,Low
0970-QXPXW,Female,No,No,No,1,Yes,No,No,No internet service,No internet service,No internet service,No internet service,No internet service,No internet service,Month-to-month,No,Mailed check,19.65,19.65,3,0,No,0,New (0-12m),3,0.4468507177631517,High
3259-KNMRR,Male,Yes,No,No,57,Yes,Yes,DSL,No,Yes,Yes,No,Yes,Yes,Two year,Yes,Bank transfer (automatic),79.75,4438.2,0,0,No,0,Established (37-60m),0,0.0026994611623336103,Low
6120-RJKLU,Female,Yes,Yes,No,62,Yes,No,DSL,Yes,No,Yes,Yes,Yes,Yes,Two year,Yes,Credit card (automatic),79.95,4819.75,1,0,No,0,Loyal (60m+),1,0.0014855027083963213,Low
9572-WUKSB,Male,No,Yes,No,3,No,No phone service,DSL,No,No,No,Yes,No,No,Month-to-month,Yes,Electronic check,29.9,92.25,0,0,No,0,New (0-12m),0,0.7221556431430763,Critical
5893-KCLGT,Female,No,No,Yes,72,Yes,No,No,No internet service,No internet service,No internet service,No internet service,No internet service,No internet service,Two year,Yes,Mailed check,19.75,1567.0,0,0,No,0,Loyal (60m+),0,0.001353096915991496,Low
0076-LVEPS,Male,No,No,Yes,29,No,No phone service,DSL,Yes,Yes,Yes,Yes,No,No,Month-to-month,Yes,Mailed check,45.0,1242.45,0,0,No,0,Mid (13-36m),0,0.18893711399977678,Low
3640-JQGJG,Male,No,Yes,Yes,13,Yes,No,DSL,No,No,No,No,No,No,Month-to-month,No,Bank transfer (automatic),44.8,559.2,0,0,No,0,Mid (13-36m),0,0.4528051399956413,High
1596-OQSPS,Female,No,No,No,11,Yes,No,DSL,No,Yes,No,No,No,No,Month-to-month,No,Electronic check,51.1,531.15,0,0,No,0,New (0-12m),0,0.6207583008001959,High
9867-XOBQA,Female,No,No,Yes,21,No,No phone service,DSL,Yes,Yes,Yes,Yes,Yes,No,Two year,No,Mailed check,53.15,1183.2,1,0,No,0,Mid (13-36m),1,0.034852564544283204,Low
9546-KDTRB,Female,No,No,No,19,Yes,Yes,No,No internet service,No internet service,No internet service,No internet service,No internet service,No internet service,Month-to-month,No,Bank transfer (automatic),24.7,465.85,0,0,No,0,Mid (13-36m),0,0.23313170784523735,Low
3174-RKMOW,Male,No,Yes,Yes,35,Yes,Yes,Fiber optic,No,Yes,Yes,Yes,Yes,Yes,Month-to-month,Yes,Electronic check,109.95,3782.4,0,0,No,0,Mid (13-36m),0,0.1879487099722385,Low
1760-CAZHT,Male,No,No,Yes,25,Yes,No,No,No internet service,No internet service,No internet service,No internet service,No internet service,No internet service,Month-to-month,No,Mailed check,20.8,460.2,0,0,No,0,Mid (13-36m),0,0.14285580519903723,Low
8441-SHIPE,Female,No,No,No,67,Yes,Yes,No,No internet service,No internet service,No internet service,No internet service,No internet service,No internet service,Two year,Yes,Bank transfer (automatic),25.6,1790.35,1,0,No,0,Loyal (60m+),1,0.0019390521457826185,Low
1320-GVNHT,Male,No,Yes,Yes,72,Yes,Yes,Fiber optic,Yes,Yes,Yes,No,Yes,Yes,Two year,Yes,Credit card (automatic),108.4,7767.25,0,5,No,0,Loyal (60m+),5,0.3923874939944207,Low
1047-RNXZV,Male,No,No,No,43,Yes,No,No,No internet service,No internet service,No internet service,No internet service,No internet service,No internet service,Two year,No,Mailed check,19.55,876.15,0,0,No,0,Established (37-60m),0,0.007381546171516965,Low
3541-ZNUHK,Female,No,Yes,Yes,55,Yes,Yes,Fiber optic,Yes,Yes,No,No,No,No,Month-to-month,Yes,Electronic check,85.1,4600.95,5,0,No,0,Established (37-60m),5,0.11080665510087963,Low
8725-JEDFD,Male,No,No,No,27,Yes,No,Fiber optic,No,No,No,No,No,No,Month-to-month,Yes,Mailed check,69.05,1793.25,0,0,No,0,Mid (13-36m),0,0.515143640804179,High
7562-UXTPG,Female,No,No,No,13,Yes,No,Fiber optic,No,No,No,No,No,No,Month-to-month,Yes,Mailed check,70.15,886.7,0,0,No,0,Mid (13-36m),0,0.7542717027627046,Critical
8071-SBTRN,Female,No,No,No,70,Yes,Yes,Fiber optic,Yes,Yes,Yes,No,Yes,Yes,Two year,Yes,Mailed check,111.15,7737.55,3,1,No,0,Loyal (60m+),4,0.004532072638260632,Low
6668-CNMFP,Female,No,Yes,Yes,19,Yes,Yes,Fiber optic,No,No,No,Yes,No,Yes,One year,Yes,Bank transfer (automatic),89.35,1686.85,0,0,No,0,Mid (13-36m),0,0.27070186233596855,Low
5626-MGTUK,Female,No,No,No,20,Yes,Yes,Fiber optic,Yes,No,No,No,Yes,No,Month-to-month,Yes,Bank transfer (automatic),89.1,1879.25,0,0,No,0,Mid (13-36m),0,0.5790101406263131,High
5681-LLOEI,Male,No,Yes,Yes,43,Yes,Yes,Fiber optic,Yes,No,Yes,Yes,No,No,One year,Yes,Credit card (automatic),91.25,4013.8,0,0,No,0,Established (37-60m),0,0.04280851498047876,Low
8212-DJRCH,Male,No,Yes,Yes,5,Yes,No,Fiber optic,Yes,No,Yes,No,No,Yes,Month-to-month,Yes,Mailed check,90.35,434.5,0,0,No,0,New (0-12m),0,0.7481155823205341,Critical
4323-OHFOW,Female,Yes,Yes,No,70,Yes,Yes,Fiber optic,No,Yes,No,Yes,Yes,Yes,One year,Yes,Bank transfer (automatic),105.55,7195.35,0,0,No,0,Loyal (60m+),0,0.005845450082876132,Low
4933-BSAIP,Female,No,Yes,No,40,Yes,No,No,No internet service,No internet service,No internet service,No internet service,No internet service,No internet service,Two year,No,Mailed check,19.1,780.1,0,0,No,0,Established (37-60m),0,0.009189670609399113,Low
2030-BTZRO,Male,No,Yes,Yes,6,Yes,No,No,No internet service,No internet service,No internet service,No internet service,No internet service,No internet service,Two year,Yes,Credit card (automatic),20.4,107.6,0,0,No,0,New (0-12m),0,0.04708401335985943,Low
1116-DXXDF,Male,No,No,No,39,Yes,No,Fiber optic,Yes,No,Yes,No,Yes,Yes,Two year,Yes,Electronic check,100.45,3801.7,0,0,No,0,Established (37-60m),0,0.03261037230676388,Low
6563-VNPMN,Female,Yes,No,No,45,Yes,No,Fiber optic,Yes,Yes,No,Yes,No,No,Month-to-month,Yes,Bank transfer (automatic),85.7,3778.1,0,0,No,0,Established (37-60m),0,0.18738297677400634,Low
2267-WTPYD,Female,Yes,Yes,No,57,Yes,Yes,Fiber optic,No,Yes,Yes,No,No,Yes,Month-to-month,No,Credit card (automatic),94.0,5438.95,0,0,No,0,Established (37-60m),0,0.06750716652683196,Low
0270-THENM,Male,No,Yes,Yes,72,Yes,Yes,DSL,Yes,Yes,Yes,Yes,No,No,Two year,No,Bank transfer (automatic),69.85,5102.35,0,0,No,0,Loyal (60m+),0,0.0006392326635538045,Low
4707-MAXGU,Male,No,Yes,No,72,Yes,Yes,No,No internet service,No internet service,No internet service,No internet service,No internet service,No internet service,Two year,No,Credit card (automatic),25.85,1872.2,0,0,No,0,Loyal (60m+),0,0.0011897639210655575,Low
2710-WYVXG,Female,No,No,No,3,Yes,No,DSL,Yes,Yes,No,Yes,No,Yes,Two year,No,Mailed check,71.1,213.35,4,0,No,0,New (0-12m),4,0.09871334631439038,Low
6300-BWMJX,Female,No,Yes,No,59,Yes,Yes,Fiber optic,No,No,Yes,Yes,Yes,No,Month-to-month,No,Electronic check,93.35,5386.5,0,0,No,0,Established (37-60m),0,0.0632706359193037,Low
7009-LGECI,Female,No,No,No,4,Yes,No,DSL,Yes,No,No,No,No,No,Month-to-month,Yes,Bank transfer (automatic),50.55,235.65,0,0,No,0,New (0-12m),0,0.6418804126147243,High
5022-KVDQT,Male,No,No,No,27,Yes,Yes,Fiber optic,No,No,Yes,No,No,No,Month-to-month,Yes,Electronic check,81.3,2272.8,0,0,No,0,Mid (13-36m),0,0.5528402344138551,High
7976-CICYS,Male,No,No,No,4,Yes,No,No,No internet service,No internet service,No internet service,No internet service,No internet service,No internet service,Month-to-month,Yes,Credit card (automatic),20.7,83.75,0,0,No,0,New (0-12m),0,0.3926739644334091,Low
1036-GUDCL,Male,No,Yes,Yes,60,Yes,No,DSL,Yes,Yes,No,Yes,Yes,Yes,Month-to-month,Yes,Credit card (automatic),79.05,4663.4,0,0,No,0,Established (37-60m),0,0.010480987828104239,Low
2005-DWQZJ,Female,No,Yes,Yes,8,Yes,No,No,No internet service,No internet service,No internet service,No internet service,No internet service,No internet service,Two year,No,Mailed check,19.05,201.7,0,0,No,0,New (0-12m),0,0.044061695916099985,Low
8148-WOCMK,Male,No,Yes,Yes,8,Yes,No,No,No internet service,No internet service,No internet service,No internet service,No internet service,No internet service,Two year,No,Credit card (automatic),19.6,125.0,0,0,No,0,New (0-12m),0,0.0430893148168681,Low
7815-PDTHL,Male,No,No,No,35,Yes,No,No,No internet service,No internet service,No internet service,No internet service,No internet service,No internet service,Two year,Yes,Mailed check,20.2,684.4,0,0,No,0,Mid (13-36m),0,0.011473472655518197,Low
9173-IVZVP,Female,No,Yes,Yes,53,Yes,No,No,No internet service,No internet service,No internet service,No internet service,No internet service,No internet service,Two year,No,Mailed check,20.9,1146.05,0,0,No,0,Established (37-60m),0,0.003645707081598433,Low
9129-UXERG,Female,Yes,No,No,18,Yes,Yes,Fiber optic,No,Yes,No,Yes,Yes,Yes,Month-to-month,Yes,Credit card (automatic),103.6,1806.35,0,0,No,0,Mid (13-36m),0,0.5492372528896262,High
3635-JBPSG,Female,No,No,No,15,No,No phone service,DSL,No,Yes,No,No,No,Yes,Two year,Yes,Mailed check,38.8,603.0,0,0,No,0,Mid (13-36m),0,0.09153111397110729,Low
7964-ZRKKG,Male,No,Yes,No,67,Yes,Yes,Fiber optic,No,Yes,No,No,Yes,No,One year,Yes,Bank transfer (automatic),88.4,5798.3,0,0,No,0,Loyal (60m+),0,0.011989003554851895,Low
6229-LSCKB,Male,Yes,No,No,6,Yes,No,Fiber optic,No,No,No,No,Yes,No,Month-to-month,Yes,Electronic check,79.7,497.6,0,0,No,0,New (0-12m),0,0.8863471574809045,Critical
1724-IQWNM,Male,No,No,Yes,1,Yes,No,No,No internet service,No internet service,No internet service,No internet service,No internet service,No internet service,Month-to-month,Yes,Mailed check,19.3,19.3,0,0,No,0,New (0-12m),0,0.38834105626305854,Low
8217-QYOHV,Male,No,No,No,5,Yes,No,DSL,Yes,No,No,Yes,No,No,Month-to-month,Yes,Mailed check,55.75,266.95,0,0,No,0,New (0-12m),0,0.5108720024689044,High
5546-QUERU,Male,No,No,No,13,Yes,No,No,No internet service,No internet service,No internet service,No internet service,No internet service,No internet service,One year,Yes,Mailed check,19.95,257.0,0,0,No,0,Mid (13-36m),0,0.12084613511081405,Low
6897-UUBNU,Male,No,No,No,29,Yes,No,Fiber optic,No,Yes,No,Yes,Yes,No,Month-to-month,No,Mailed check,89.65,2623.65,0,0,No,0,Mid (13-36m),0,0.3135015643321363,Low
6127-IYJOZ,Male,Yes,No,No,1,Yes,No,DSL,No,No,No,No,No,No,Month-to-month,Yes,Mailed check,45.85,45.85,5,0,No,0,New (0-12m),5,0.7021932786170696,Critical
8930-XOTDP,Female,No,Yes,Yes,18,Yes,No,DSL,No,No,No,No,Yes,No,Month-to-month,No,Mailed check,55.95,1082.8,0,0,No,0,Mid (13-36m),0,0.3155770524262006,Low
5916-QEWPT,Female,No,Yes,No,2,Yes,No,DSL,No,No,Yes,No,Yes,Yes,Month-to-month,No,Credit card (automatic),69.0,147.8,0,0,No,0,New (0-12m),0,0.5853825580282797,High
5060-TQUQN,Male,No,Yes,Yes,30,Yes,Yes,Fiber optic,No,Yes,No,Yes,No,No,Month-to-month,Yes,Bank transfer (automatic),83.55,2570.2,0,0,No,0,Mid (13-36m),0,0.30423262150446373,Low
0531-XBKMM,Male,No,No,Yes,66,Yes,Yes,DSL,Yes,Yes,No,Yes,No,No,Two year,No,Bank transfer (automatic),65.7,4378.9,0,0,No,0,Loyal (60m+),0,0.001215037391577155,Low
8465-SBRXP,Male,No,Yes,Yes,38,Yes,Yes,Fiber optic,No,No,Yes,Yes,Yes,No,Two year,Yes,Bank transfer (automatic),94.9,3616.25,0,0,No,0,Established (37-60m),0,0.01848246460535468,Low
2408-PSJVE,Male,No,Yes,Yes,44,Yes,No,DSL,No,Yes,Yes,Yes,No,No,Month-to-month,Yes,Mailed check,61.9,2924.05,0,0,No,0,Established (37-60m),0,0.04642145218730323,Low
9700-ZCLOT,Male,No,No,No,2,Yes,No,No,No internet service,No internet service,No internet service,No internet service,No internet service,No internet service,Month-to-month,No,Mailed check,20.0,32.7,0,0,No,0,New (0-12m),0,0.40953040978959276,High
8738-JOKAR,Female,No,No,No,42,Yes,No,DSL,Yes,Yes,No,Yes,No,Yes,One year,Yes,Mailed check,67.7,2882.25,0,0,No,0,Established (37-60m),0,0.024300472018209632,Low
4534-WGCIR,Female,No,Yes,Yes,58,Yes,Yes,No,No internet service,No internet service,No internet service,No internet service,No internet service,No internet service,Two year,No,Credit card (automatic),25.15,1509.9,4,0,No,0,Established (37-60m),4,0.0025304075939950243,Low
1930-WNXSB,Male,No,Yes,Yes,58,Yes,No,Fiber optic,No,Yes,No,No,Yes,Yes,Month-to-month,Yes,Electronic check,92.85,5305.05,0,0,No,0,Established (37-60m),0,0.06555485158129033,Low
3508-CFVZL,Female,No,No,No,71,Yes,Yes,Fiber optic,Yes,Yes,Yes,Yes,Yes,Yes,Two year,No,Mailed check,111.3,7985.9,0,0,No,0,Loyal (60m+),0,0.0008715185796954488,Low
0657-DOGUM,Female,No,Yes,No,48,Yes,Yes,DSL,Yes,No,No,Yes,No,No,One year,Yes,Bank transfer (automatic),60.6,2985.25,0,0,No,0,Established (37-60m),0,0.0204834525620013,Low
8792-AOROI,Female,No,Yes,No,8,Yes,No,DSL,Yes,No,No,Yes,No,Yes,Two year,No,Mailed check,65.5,564.35,0,0,No,0,New (0-12m),0,0.0721429953266186,Low
5146-YYFRZ,Male,No,No,No,67,Yes,No,No,No internet service,No internet service,No internet service,No internet service,No internet service,No internet service,Two year,No,Bank transfer (automatic),19.95,1311.75,0,0,No,0,Loyal (60m+),0,0.002222788350564645,Low
3452-SRFEG,Male,No,No,No,49,Yes,Yes,Fiber optic,No,No,No,No,No,No,Month-to-month,Yes,Bank transfer (automatic),74.6,3720.35,0,0,No,0,Established (37-60m),0,0.16755438481455065,Low
4070-OKWVH,Female,No,Yes,No,52,Yes,Yes,Fiber optic,No,Yes,Yes,No,Yes,No,Month-to-month,No,Bank transfer (automatic),94.6,5025.8,0,0,No,0,Established (37-60m),0,0.08276082326758562,Low
5297-MDOIR,Female,No,Yes,No,63,Yes,No,Fiber optic,Yes,No,Yes,No,No,No,One year,Yes,Credit card (automatic),81.15,5224.5,0,0,No,0,Loyal (60m+),0,0.019847209934870207,Low
6369-MCAKO,Female,No,Yes,Yes,68,Yes,Yes,DSL,Yes,Yes,Yes,Yes,Yes,Yes,Two year,Yes,Bank transfer (automatic),89.05,6185.8,2,0,No,0,Loyal (60m+),2,0.00046469012762262164,Low
4926-UMJZD,Female,No,Yes,No,31,Yes,No,DSL,No,No,No,Yes,No,No,Month-to-month,Yes,Mailed check,49.2,1498.55,0,0,No,0,Mid (13-36m),0,0.18146881145704805,Low
6848-HJTXY,Female,No,Yes,No,64,Yes,No,No,No internet service,No internet service,No internet service,No internet service,No internet service,No internet service,Two year,No,Credit card (automatic),19.45,1208.6,0,0,No,0,Loyal (60m+),0,0.002612084376850868,Low
6341-AEVKX,Female,No,Yes,No,62,Yes,No,Fiber optic,Yes,No,Yes,Yes,Yes,Yes,One year,Yes,Electronic check,104.3,6613.65,0,1,No,0,Loyal (60m+),1,0.04404510122546006,Low
0682-USIXD,Female,No,Yes,No,21,Yes,No,Fiber optic,No,No,No,Yes,Yes,No,Month-to-month,Yes,Electronic check,86.05,1818.9,0,0,No,0,Mid (13-36m),0,0.6049757136803889,High
6976-BWGLQ,Female,No,Yes,Yes,72,Yes,Yes,No,No internet service,No internet service,No internet service,No internet service,No internet service,No internet service,Two year,No,Bank transfer (automatic),25.2,1787.35,0,0,No,0,Loyal (60m+),0,0.0012410344692323743,Low
7078-NVFAM,Female,No,Yes,Yes,32,No,No phone service,DSL,Yes,Yes,No,No,No,No,Month-to-month,Yes,Electronic check,35.15,1051.05,1,0,No,0,Mid (13-36m),1,0.3316416340864963,Low
8065-QBYTO,Female,Yes,No,No,71,Yes,Yes,Fiber optic,Yes,Yes,No,Yes,Yes,No,One year,Yes,Credit card (automatic),99.65,7181.25,0,0,No,0,Loyal (60m+),0,0.006021319497985919,Low
2133-TSRRM,Female,No,No,Yes,34,Yes,No,Fiber optic,Yes,Yes,Yes,No,Yes,Yes,Month-to-month,Yes,Bank transfer (automatic),105.35,3688.6,3,0,No,0,Mid (13-36m),3,0.21012373245048221,Low
2511-ALLCS,Female,No,Yes,Yes,35,Yes,Yes,No,No internet service,No internet service,No internet service,No internet service,No internet service,No internet service,Two year,No,Bank transfer (automatic),24.3,821.6,4,0,No,0,Mid (13-36m),4,0.010416610332737483,Low
3191-CSNMG,Female,No,Yes,Yes,3,Yes,No,Fiber optic,No,No,No,No,Yes,No,Month-to-month,Yes,Electronic check,80.7,239.45,0,0,No,0,New (0-12m),0,0.874810501844355,Critical
7952-OBOYL,Male,No,No,No,3,Yes,No,Fiber optic,No,No,Yes,Yes,Yes,No,Month-to-month,Yes,Mailed check,89.85,244.45,0,0,No,0,New (0-12m),0,0.7794627939320147,Critical
7470-DYNOE,Male,No,No,No,53,Yes,No,DSL,No,No,Yes,No,No,Yes,One year,Yes,Electronic check,61.1,3357.9,0,0,No,0,Established (37-60m),0,0.023650202662158913,Low
7853-OETYL,Female,No,Yes,No,4,No,No phone service,DSL,Yes,No,No,No,No,No,Month-to-month,Yes,Electronic check,29.05,129.6,0,0,No,0,New (0-12m),0,0.7687849842531077,Critical
1545-ACTAS,Female,No,Yes,Yes,48,Yes,No,Fiber optic,Yes,No,Yes,No,Yes,Yes,One year,Yes,Bank transfer (automatic),99.7,4977.2,2,0,No,0,Established (37-60m),2,0.031653379819815246,Low
5126-RCXYW,Male,No,Yes,Yes,54,No,No phone service,DSL,No,No,Yes,Yes,No,Yes,Two year,No,Credit card (automatic),46.0,2424.05,0,0,No,0,Established (37-60m),0,0.004753236879590453,Low
2363-BJLSL,Male,No,No,No,62,Yes,No,DSL,No,Yes,Yes,Yes,Yes,Yes,Month-to-month,Yes,Bank transfer (automatic),80.4,4981.15,0,0,No,0,Loyal (60m+),0,0.011026794215117068,Low
1956-YIFGE,Male,No,Yes,Yes,22,Yes,No,Fiber optic,No,Yes,Yes,No,Yes,Yes,One year,Yes,Mailed check,100.05,2090.25,0,0,No,0,Mid (13-36m),0,0.1945318880581107,Low
7921-LMDFQ,Male,Yes,No,No,51,Yes,No,Fiber optic,No,No,Yes,No,Yes,Yes,One year,Yes,Bank transfer (automatic),94.0,4905.75,0,0,No,0,Established (37-60m),0,0.041457045766319506,Low
2925-MXLSX,Female,No,No,No,30,Yes,Yes,DSL,No,Yes,Yes,No,Yes,No,One year,Yes,Credit card (automatic),68.95,2038.7,0,0,No,0,Mid (13-36m),0,0.06966797264286312,Low
5820-PTRYM,Female,Yes,Yes,No,56,Yes,Yes,DSL,Yes,Yes,Yes,Yes,No,No,One year,Yes,Credit card (automatic),68.45,4014.0,5,0,No,0,Established (37-60m),5,0.010478778919267032,Low
9609-BENEA,Male,No,Yes,No,35,Yes,Yes,DSL,No,Yes,No,Yes,Yes,No,One year,Yes,Electronic check,69.0,2441.7,0,0,No,0,Mid (13-36m),0,0.05190324087425802,Low
6211-WHMYA,Female,Yes,No,No,64,No,No phone service,DSL,No,Yes,No,Yes,Yes,No,Month-to-month,Yes,Electronic check,43.85,2751.0,0,0,No,0,Loyal (60m+),0,0.06204708155773162,Low
4459-BBGHE,Male,No,No,Yes,30,No,No phone service,DSL,No,No,No,No,Yes,Yes,Month-to-month,Yes,Electronic check,44.5,1307.8,0,0,No,0,Mid (13-36m),0,0.29984599698123876,Low
9945-PSVIP,Female,No,Yes,Yes,25,Yes,No,No,No internet service,No internet service,No internet service,No internet service,No internet service,No internet service,Two year,Yes,Mailed check,18.7,383.65,0,0,No,0,Mid (13-36m),0,0.01864970746844024,Low
9108-EJFJP,Female,No,Yes,No,1,Yes,No,DSL,Yes,Yes,No,No,No,No,Month-to-month,Yes,Mailed check,53.55,53.55,0,0,No,0,New (0-12m),0,0.6402206745795437,High
0530-IJVDB,Male,No,No,Yes,70,Yes,Yes,Fiber optic,Yes,Yes,Yes,Yes,Yes,Yes,Two year,Yes,Electronic check,114.6,7882.5,5,4,No,0,Loyal (60m+),9,0.18175369975459124,Low
0508-SQWPL,Female,No,Yes,Yes,57,Yes,No,No,No internet service,No internet service,No internet service,No internet service,No internet service,No internet service,Two year,Yes,Bank transfer (automatic),20.1,1087.7,0,3,No,0,Established (37-60m),3,0.1539434351908185,Low
2215-ZAFGX,Male,No,No,No,9,Yes,Yes,Fiber optic,No,No,No,No,Yes,No,Month-to-month,Yes,Electronic check,85.5,791.7,0,0,No,0,New (0-12m),0,0.8206263410694575,Critical
8213-TAZPM,Female,No,Yes,Yes,69,Yes,Yes,Fiber optic,No,Yes,Yes,Yes,Yes,Yes,One year,Yes,Bank transfer (automatic),108.75,7493.05,0,0,No,0,Loyal (60m+),0,0.0037151653179926187,Low
1304-SEGFY,Female,No,Yes,No,72,Yes,Yes,Fiber optic,No,No,Yes,No,Yes,Yes,Two year,Yes,Electronic check,97.85,6841.3,0,0,No,0,Loyal (60m+),0,0.0026628444642965215,Low
7242-EDTYC,Male,No,No,Yes,44,Yes,No,No,No internet service,No internet service,No internet service,No internet service,No internet service,No internet service,Two year,No,Bank transfer (automatic),19.55,819.95,0,0,No,0,Established (37-60m),0,0.00691505255220548,Low
2904-GGUAZ,Female,No,Yes,No,72,Yes,Yes,Fiber optic,Yes,Yes,No,No,No,No,Two year,Yes,Bank transfer (automatic),84.05,6052.25,0,0,No,0,Loyal (60m+),0,0.002901126817145861,Low
5136-GFPMB,Male,No,No,No,54,Yes,Yes,Fiber optic,No,No,Yes,No,No,Yes,Month-to-month,No,Credit card (automatic),89.4,4869.5,0,0,No,0,Established (37-60m),0,0.07713012715099388,Low
2595-KIWPV,Male,No,No,Yes,27,Yes,No,No,No internet service,No internet service,No internet service,No internet service,No internet service,No internet service,Two year,No,Credit card (automatic),19.7,509.3,0,0,No,0,Mid (13-36m),0,0.01632630545318403,Low
5243-SAOTC,Male,No,No,No,54,Yes,Yes,Fiber optic,No,Yes,No,No,No,No,Month-to-month,Yes,Bank transfer (automatic),79.85,4308.25,0,0,No,0,Established (37-60m),0,0.10817894217766705,Low
9398-MMQTO,Male,No,No,No,3,Yes,No,Fiber optic,No,Yes,No,No,No,No,Month-to-month,No,Credit card (automatic),74.45,221.1,0,0,No,0,New (0-12m),0,0.8493874504007012,Critical
7619-PLRLP,Female,No,Yes,No,53,Yes,Yes,DSL,Yes,Yes,Yes,No,No,Yes,One year,No,Bank transfer (automatic),74.1,3833.95,0,0,No,0,Established (37-60m),0,0.012525886169246565,Low
6508-NJYRO,Male,No,Yes,No,15,Yes,No,No,No internet service,No internet service,No internet service,No internet service,No internet service,No internet service,One year,No,Mailed check,18.8,294.95,4,0,No,0,Mid (13-36m),4,0.10553516634073759,Low
4710-NKCAW,Male,No,Yes,Yes,5,Yes,Yes,DSL,Yes,Yes,No,Yes,No,No,Month-to-month,No,Credit card (automatic),64.4,316.9,0,0,No,0,New (0-12m),0,0.43955413558493656,High
5306-BVTKJ,Male,No,Yes,Yes,48,Yes,No,DSL,No,Yes,Yes,No,No,No,One year,Yes,Credit card (automatic),55.8,2651.2,0,0,No,0,Established (37-60m),0,0.021863372576036044,Low
0357-NVCRI,Female,No,No,Yes,25,Yes,No,No,No internet service,No internet service,No internet service,No internet service,No internet service,No internet service,Month-to-month,No,Credit card (automatic),20.05,471.7,0,2,No,0,Mid (13-36m),2,0.7311605490775386,Critical
2371-KFUOG,Male,No,No,No,58,Yes,No,Fiber optic,Yes,Yes,No,No,Yes,Yes,One year,No,Bank transfer (automatic),99.15,5720.95,0,0,No,0,Established (37-60m),0,0.017439785792677645,Low
0463-ZSDNT,Male,No,No,No,10,Yes,No,DSL,No,No,No,No,No,Yes,Month-to-month,Yes,Bank transfer (automatic),56.75,503.25,0,0,No,0,New (0-12m),0,0.5064040442821821,High
6257-DTAYD,Male,No,Yes,No,71,Yes,Yes,Fiber optic,No,Yes,No,Yes,Yes,Yes,Two year,Yes,Credit card (automatic),104.15,7365.3,0,0,No,0,Loyal (60m+),0,0.0010631729200466324,Low
4616-ULAOA,Female,No,Yes,Yes,65,Yes,Yes,Fiber optic,No,Yes,Yes,Yes,Yes,Yes,Two year,Yes,Credit card (automatic),110.8,7245.9,0,0,No,0,Loyal (60m+),0,0.001282476512213375,Low
7746-AWNQW,Female,No,No,No,28,No,No phone service,DSL,No,No,Yes,Yes,No,No,Month-to-month,Yes,Mailed check,35.75,961.4,0,0,No,0,Mid (13-36m),0,0.279369912838307,Low
5996-EBTKM,Female,No,Yes,Yes,67,Yes,Yes,DSL,No,No,Yes,Yes,No,Yes,Two year,Yes,Bank transfer (automatic),69.9,4615.9,0,1,No,0,Loyal (60m+),1,0.003918238112886526,Low
2758-RNWXS,Male,No,No,No,35,Yes,No,Fiber optic,Yes,No,No,Yes,No,Yes,One year,Yes,Electronic check,89.2,3251.3,0,0,No,0,Mid (13-36m),0,0.14023906996287888,Low
2314-TNDJQ,Female,No,Yes,Yes,72,No,No phone service,DSL,Yes,Yes,Yes,Yes,No,Yes,Two year,No,Credit card (automatic),55.65,3880.05,0,2,No,0,Loyal (60m+),2,0.016367418723172038,Low
2405-LBMUW,Female,No,Yes,Yes,61,No,No phone service,DSL,Yes,Yes,No,Yes,No,Yes,One year,Yes,Bank transfer (automatic),50.7,3088.75,0,0,No,0,Loyal (60m+),0,0.010391941337555477,Low
3454-JFUBC,Male,Yes,No,No,68,Yes,No,No,No internet service,No internet service,No internet service,No internet service,No internet service,No internet service,Two year,Yes,Credit card (automatic),20.0,1396.0,0,0,No,0,Loyal (60m+),0,0.0023936775338935894,Low
9039-ZVJDC,Male,No,No,No,3,Yes,No,No,No internet service,No internet service,No internet service,No internet service,No internet service,No internet service,Month-to-month,Yes,Mailed check,19.1,53.05,2,0,No,0,New (0-12m),2,0.39903386465932394,Low
9013-AQORL,Female,No,No,Yes,48,No,No phone service,DSL,No,Yes,Yes,No,No,Yes,Month-to-month,No,Credit card (automatic),45.55,2108.35,0,0,No,0,Established (37-60m),0,0.08894541894438734,Low
2898-MRKPI,Male,No,Yes,Yes,68,Yes,Yes,Fiber optic,No,Yes,No,No,Yes,Yes,One year,Yes,Credit card (automatic),101.05,6770.5,0,0,No,0,Loyal (60m+),0,0.005711131256357037,Low
2750-BJLSB,Female,No,No,No,47,Yes,No,Fiber optic,Yes,No,Yes,Yes,Yes,Yes,One year,Yes,Electronic check,103.7,4730.6,0,4,No,0,Established (37-60m),4,0.9083770817932371,Critical
3648-GZPHF,Male,No,Yes,Yes,32,No,No phone service,DSL,No,No,Yes,Yes,No,No,One year,Yes,Mailed check,36.25,1151.05,0,0,No,0,Mid (13-36m),0,0.07423779529744888,Low
2075-RMJIK,Female,No,Yes,Yes,5,Yes,No,DSL,Yes,No,No,No,No,No,Month-to-month,Yes,Mailed check,49.4,232.55,0,0,No,0,New (0-12m),0,0.5563653201229951,High
9588-YRFHY,Male,No,No,No,49,Yes,No,No,No internet service,No internet service,No internet service,No internet service,No internet service,No internet service,Two year,Yes,Credit card (automatic),19.9,1022.6,0,0,No,0,Established (37-60m),0,0.005521068122933645,Low
9364-YKUVW,Male,No,No,No,15,Yes,No,No,No internet service,No internet service,No internet service,No internet service,No internet service,No internet service,Month-to-month,Yes,Mailed check,19.8,309.4,2,0,No,0,Mid (13-36m),2,0.25174936499923883,Low
5392-AKEMH,Female,No,No,No,12,Yes,No,DSL,No,No,No,No,No,No,Month-to-month,Yes,Electronic check,45.05,523.1,0,0,No,0,New (0-12m),0,0.6287602831102644,High
2451-YMUXS,Male,Yes,No,No,67,Yes,Yes,DSL,Yes,Yes,No,Yes,No,No,Two year,Yes,Bank transfer (automatic),64.55,4250.1,0,0,No,0,Loyal (60m+),0,0.001763233422057102,Low
3914-FDRHP,Male,No,No,No,9,Yes,No,Fiber optic,No,No,No,Yes,Yes,No,Month-to-month,No,Electronic check,86.25,770.5,0,0,No,0,New (0-12m),0,0.7885428873290066,Critical
3078-ZKNTS,Female,No,Yes,Yes,13,Yes,No,No,No internet service,No internet service,No internet service,No internet service,No internet service,No internet service,Two year,Yes,Bank transfer (automatic),19.75,246.7,4,0,No,0,Mid (13-36m),4,0.03805771788659571,Low
1024-KPRBB,Female,No,No,No,38,Yes,No,Fiber optic,No,No,No,No,Yes,Yes,One year,Yes,Mailed check,89.1,3342.0,2,0,No,0,Established (37-60m),2,0.10309223931821716,Low
4690-PKDQG,Female,Yes,Yes,No,42,Yes,Yes,Fiber optic,No,Yes,Yes,No,Yes,No,Month-to-month,Yes,Electronic check,95.55,3930.6,0,2,No,0,Established (37-60m),2,0.836931788030162,Critical
9547-ITEFG,Male,No,Yes,Yes,9,Yes,Yes,Fiber optic,No,Yes,Yes,No,Yes,Yes,Month-to-month,Yes,Credit card (automatic),102.6,897.75,0,0,No,0,New (0-12m),0,0.6530307999585314,High
1264-FUHCX,Female,No,Yes,No,49,No,No phone service,DSL,No,Yes,No,Yes,Yes,Yes,One year,Yes,Credit card (automatic),56.3,2780.6,5,0,No,0,Established (37-60m),5,0.02074636401696285,Low
7789-CRUVC,Female,Yes,Yes,No,61,Yes,Yes,Fiber optic,Yes,Yes,Yes,Yes,No,No,Month-to-month,Yes,Credit card (automatic),94.2,5895.45,0,0,No,0,Loyal (60m+),0,0.04013714976130106,Low
6598-KELSS,Male,No,No,Yes,50,No,No phone service,DSL,Yes,Yes,No,No,Yes,No,One year,Yes,Bank transfer (automatic),43.05,2208.05,0,0,No,0,Established (37-60m),0,0.030343457387718164,Low
9972-VAFJJ,Female,Yes,Yes,No,53,Yes,No,Fiber optic,No,Yes,Yes,Yes,Yes,No,One year,Yes,Electronic check,94.0,4871.45,0,0,No,0,Established (37-60m),0,0.045805212106845496,Low
0422-UXFAP,Female,No,Yes,No,51,Yes,Yes,Fiber optic,No,No,Yes,No,Yes,Yes,One year,Yes,Electronic check,98.85,4947.55,0,0,No,0,Established (37-60m),0,0.045647487701850016,Low
1904-WAJAA,Female,No,Yes,Yes,24,Yes,Yes,DSL,Yes,Yes,Yes,No,No,No,Two year,No,Electronic check,64.35,1558.65,2,0,No,0,Mid (13-36m),2,0.042099045414360124,Low
5130-YPIRV,Female,No,Yes,No,62,Yes,No,DSL,Yes,Yes,Yes,No,Yes,No,Two year,Yes,Credit card (automatic),72.0,4284.2,3,0,No,0,Loyal (60m+),3,0.0019424433834334712,Low
2843-CQMEG,Male,No,No,No,24,Yes,No,DSL,No,Yes,No,No,No,No,Month-to-month,Yes,Mailed check,49.7,1218.25,0,0,No,0,Mid (13-36m),0,0.28604724105124196,Low
6439-PKTRR,Female,No,Yes,Yes,70,Yes,Yes,DSL,Yes,Yes,Yes,Yes,Yes,No,Two year,No,Electronic check,80.7,5617.95,0,0,No,0,Loyal (60m+),0,0.0008085402841900215,Low
5351-QESIO,Male,No,No,Yes,1,No,No phone service,DSL,No,No,No,No,No,No,Month-to-month,No,Mailed check,24.2,24.2,0,0,No,0,New (0-12m),0,0.6874247464492429,High
5568-DMXZS,Female,No,No,No,8,Yes,No,DSL,No,Yes,No,Yes,Yes,No,Month-to-month,Yes,Electronic check,65.45,554.45,0,0,No,0,New (0-12m),0,0.5596503001998788,High
8468-FZTOE,Female,No,Yes,Yes,72,Yes,No,DSL,Yes,Yes,Yes,Yes,No,Yes,Two year,Yes,Electronic check,74.35,5237.4,0,7,No,0,Loyal (60m+),7,0.9023670587685897,Critical
6633-SYEUS,Female,No,No,No,23,Yes,No,Fiber optic,No,Yes,Yes,Yes,No,No,Month-to-month,No,Bank transfer (automatic),83.2,2032.3,0,0,No,0,Mid (13-36m),0,0.49975122396500654,High
6447-GORXK,Male,No,No,Yes,31,No,No phone service,DSL,No,No,No,No,No,No,Month-to-month,No,Credit card (automatic),25.0,789.2,0,0,No,0,Mid (13-36m),0,0.2919812600165498,Low
6967-PEJLL,Male,No,Yes,Yes,37,No,No phone service,DSL,Yes,No,Yes,Yes,No,No,One year,Yes,Electronic check,40.2,1525.35,0,0,No,0,Established (37-60m),0,0.07787735571647258,Low
5981-ZVXOT,Female,Yes,No,No,35,Yes,Yes,Fiber optic,Yes,Yes,Yes,No,Yes,Yes,One year,Yes,Electronic check,108.35,3726.15,0,0,No,0,Mid (13-36m),0,0.15271616665289206,Low
1684-FLBGS,Female,No,Yes,Yes,23,Yes,Yes,DSL,No,Yes,No,Yes,Yes,No,Month-to-month,Yes,Credit card (automatic),69.5,1652.1,0,0,No,0,Mid (13-36m),0,0.1776128393557572,Low
1389-WNUIB,Female,No,Yes,Yes,20,Yes,Yes,DSL,Yes,No,No,No,Yes,Yes,One year,No,Bank transfer (automatic),76.0,1588.75,0,0,No,0,Mid (13-36m),0,0.10009890911974591,Low
0376-OIWME,Male,No,Yes,No,36,Yes,No,Fiber optic,Yes,No,No,No,Yes,Yes,Month-to-month,Yes,Electronic check,93.6,3366.05,0,0,No,0,Mid (13-36m),0,0.30862508153493445,Low
0218-QNVAS,Male,No,Yes,Yes,71,Yes,Yes,Fiber optic,No,Yes,No,No,Yes,Yes,One year,No,Bank transfer (automatic),100.55,7113.75,0,0,No,0,Loyal (60m+),0,0.004726993337033172,Low
0804-YGEQV,Female,No,Yes,Yes,43,Yes,Yes,No,No internet service,No internet service,No internet service,No internet service,No internet service,No internet service,One year,Yes,Bank transfer (automatic),24.45,993.15,0,0,No,0,Established (37-60m),0,0.02297669021720486,Low
7164-BPTUT,Male,No,No,Yes,57,Yes,Yes,DSL,Yes,Yes,Yes,Yes,Yes,Yes,Two year,No,Mailed check,89.55,5012.35,2,0,No,0,Established (37-60m),2,0.0009952963466640684,Low
2523-EWWZL,Female,No,Yes,No,27,Yes,No,Fiber optic,No,Yes,No,No,No,No,Month-to-month,Yes,Electronic check,76.1,2093.4,0,0,No,0,Mid (13-36m),0,0.5930927024844368,High
0928-XUTSN,Female,No,No,No,13,Yes,No,Fiber optic,No,No,No,No,No,Yes,Month-to-month,Yes,Electronic check,80.5,1011.8,0,0,No,0,Mid (13-36m),0,0.8044291280216672,Critical
0052-YNYOT,Female,No,No,No,67,Yes,No,No,No internet service,No internet service,No internet service,No internet service,No internet service,No internet service,One year,No,Electronic check,20.55,1343.4,0,0,No,0,Loyal (60m+),0,0.011868374599727815,Low
9586-JGQKH,Female,No,Yes,No,64,Yes,Yes,Fiber optic,No,Yes,No,Yes,Yes,Yes,Two year,Yes,Bank transfer (automatic),105.4,6794.75,0,0,No,0,Loyal (60m+),0,0.002073476107142236,Low
4501-VCPFK,Male,No,No,No,26,No,No phone service,DSL,No,No,Yes,Yes,No,No,Month-to-month,No,Electronic check,35.75,1022.5,0,0,No,0,Mid (13-36m),0,0.37910264590596715,Low
6075-SLNIL,Male,No,No,No,38,Yes,Yes,Fiber optic,No,Yes,Yes,No,No,Yes,Month-to-month,Yes,Credit card (automatic),95.1,3691.2,0,0,No,0,Established (37-60m),0,0.1993665897295219,Low
9347-AERRL,Male,No,Yes,No,23,Yes,No,No,No internet service,No internet service,No internet service,No internet service,No internet service,No internet service,One year,No,Credit card (automatic),19.3,486.2,0,0,No,0,Mid (13-36m),0,0.07283810545401041,Low
2274-XUATA,Male,Yes,Yes,No,72,No,No phone service,DSL,Yes,Yes,Yes,Yes,Yes,Yes,Two year,Yes,Bank transfer (automatic),63.1,4685.55,0,3,No,0,Loyal (60m+),3,0.05691851146624173,Low
6691-CCIHA,Female,No,Yes,No,62,Yes,Yes,DSL,Yes,Yes,No,Yes,Yes,Yes,Two year,Yes,Electronic check,84.95,5150.55,0,0,No,0,Loyal (60m+),0,0.0015298563495080738,Low
1685-BQULA,Female,No,No,No,40,Yes,Yes,Fiber optic,No,Yes,Yes,No,Yes,No,Month-to-month,Yes,Bank transfer (automatic),93.4,3756.4,0,0,No,0,Established (37-60m),0,0.20916878532394562,Low
9053-EJUNL,Male,No,No,No,41,Yes,Yes,Fiber optic,No,Yes,No,No,Yes,No,Month-to-month,Yes,Electronic check,89.2,3645.75,3,0,No,0,Established (37-60m),3,0.26383021939795176,Low
0666-UXTJO,Male,Yes,Yes,No,34,Yes,No,Fiber optic,No,No,Yes,No,Yes,No,Month-to-month,Yes,Credit card (automatic),85.2,2874.45,0,0,No,0,Mid (13-36m),0,0.3451363938635941,Low
1471-GIQKQ,Female,No,No,No,1,Yes,No,DSL,No,Yes,No,No,No,No,Month-to-month,No,Electronic check,49.95,49.95,0,0,No,0,New (0-12m),0,0.7602923322185758,Critical
4807-IZYOZ,Female,No,No,No,51,Yes,No,No,No internet service,No internet service,No internet service,No internet service,No internet service,No internet service,Two year,No,Bank transfer (automatic),20.65,1020.75,0,0,No,0,Established (37-60m),0,0.005800641129901907,Low
9710-NJERN,Female,No,No,No,39,Yes,No,No,No internet service,No internet service,No internet service,No internet service,No internet service,No internet service,Two year,No,Mailed check,20.15,826.0,0,0,No,0,Established (37-60m),0,0.009925443556088237,Low
9837-FWLCH,Male,No,Yes,Yes,12,Yes,No,No,No internet service,No internet service,No internet service,No internet service,No internet service,No internet service,Month-to-month,Yes,Electronic check,19.2,239.0,0,0,No,0,New (0-12m),0,0.3431442689709436,Low
7203-OYKCT,Male,No,No,No,72,Yes,Yes,Fiber optic,No,Yes,Yes,No,Yes,Yes,One year,Yes,Electronic check,104.95,7544.3,0,0,No,0,Loyal (60m+),0,0.006472728564238239,Low
1035-IPQPU,Female,Yes,Yes,No,63,Yes,Yes,Fiber optic,No,Yes,Yes,No,Yes,Yes,Month-to-month,Yes,Electronic check,103.5,6479.4,0,0,No,0,Loyal (60m+),0,0.04890003131330197,Low
7398-LXGYX,Male,No,Yes,No,44,Yes,Yes,Fiber optic,Yes,No,Yes,No,No,No,Month-to-month,Yes,Credit card (automatic),84.8,3626.35,0,0,No,0,Established (37-60m),0,0.17031869740063577,Low
2823-LKABH,Female,No,No,No,18,Yes,Yes,Fiber optic,No,No,Yes,Yes,No,Yes,Month-to-month,Yes,Bank transfer (automatic),95.05,1679.4,0,0,No,0,Mid (13-36m),0,0.550172506555428,High
0550-DCXLH,Male,No,No,No,13,Yes,No,DSL,No,Yes,No,Yes,Yes,Yes,Month-to-month,No,Mailed check,73.35,931.55,0,0,No,0,Mid (13-36m),0,0.31028536290272907,Low
9281-CEDRU,Female,No,Yes,No,68,Yes,No,DSL,No,Yes,No,Yes,Yes,No,Two year,No,Bank transfer (automatic),64.1,4326.25,0,0,No,0,Loyal (60m+),0,0.0013814311875276202,Low
2235-DWLJU,Female,Yes,No,No,6,No,No phone service,DSL,No,No,No,No,Yes,Yes,Month-to-month,Yes,Electronic check,44.4,263.05,0,0,No,0,New (0-12m),0,0.755354166814475,Critical
0871-OPBXW,Female,No,No,No,2,Yes,No,No,No internet service,No internet service,No internet service,No internet service,No internet service,No internet service,Month-to-month,Yes,Mailed check,20.05,39.25,0,0,No,0,New (0-12m),0,0.4319208753987483,High
3605-JISKB,Male,Yes,Yes,No,55,Yes,Yes,DSL,Yes,Yes,No,No,No,No,One year,No,Credit card (automatic),60.0,3316.1,0,0,No,0,Established (37-60m),0,0.01709321699000872,Low
9767-FFLEM,Male,No,No,No,38,Yes,No,Fiber optic,No,No,No,No,No,No,Month-to-month,Yes,Credit card (automatic),69.5,2625.25,0,0,No,0,Established (37-60m),0,0.3314578585788063,Low
8456-QDAVC,Male,No,No,No,19,Yes,No,Fiber optic,No,No,No,No,Yes,No,Month-to-month,Yes,Bank transfer (automatic),78.7,1495.1,0,0,No,0,Mid (13-36m),0,0.6310427746468623,High
7750-EYXWZ,Female,No,No,No,12,No,No phone service,DSL,No,Yes,Yes,Yes,Yes,Yes,One year,No,Electronic check,60.65,743.3,0,0,No,0,New (0-12m),0,0.2765101842220104,Low
2569-WGERO,Female,No,No,No,72,Yes,No,No,No internet service,No internet service,No internet service,No internet service,No internet service,No internet service,Two year,Yes,Bank transfer (automatic),21.15,1419.4,1,0,No,0,Loyal (60m+),1,0.0018189557652576614,Low
6840-RESVB,Male,No,Yes,Yes,24,Yes,Yes,DSL,Yes,No,Yes,Yes,Yes,Yes,One year,Yes,Mailed check,84.8,1990.5,0,0,No,0,Mid (13-36m),0,0.045140385187698036,Low
2234-XADUH,Female,No,Yes,Yes,72,Yes,Yes,Fiber optic,No,Yes,Yes,No,Yes,Yes,One year,Yes,Credit card (automatic),103.2,7362.9,0,5,No,0,Loyal (60m+),5,0.7524570460879938,Critical
4801-JZAZL,Female,No,Yes,Yes,11,No,No phone service,DSL,Yes,No,No,No,No,No,Month-to-month,Yes,Electronic check,29.6,346.45,0,0,No,0,New (0-12m),0,0.6525030188874703,High
3186-AJIEK,Male,No,No,No,66,Yes,No,Fiber optic,Yes,No,Yes,Yes,Yes,Yes,Two year,Yes,Bank transfer (automatic),105.65,6844.5,2,0,No,0,Loyal (60m+),2,0.00177764362200572,Low
