customerID,MonthlyCharges,tenure,Contract,InternetService,PaymentMethod,numTechTickets,numAdminTickets,Churn,ChurnProbability,RiskTier,TopRiskDriver1,NextBestAction
7590-VHVEG,29.85,1,Month-to-month,DSL,Electronic check,0,0,No,0.7973993392429166,Critical,Tenure,Contract Upgrade Incentive
5575-GNVDE,56.95,34,One year,DSL,Mailed check,0,0,No,0.0613744338453531,Low,N/A,N/A
7795-CFOCW,42.3,45,One year,DSL,Bank transfer (automatic),3,0,No,0.6934699978728883,High,Numtechtickets,Proactive Tech Support Outreach
1452-KIOVK,89.1,22,Month-to-month,Fiber optic,Credit card (automatic),0,0,No,0.47258043787576,High,Internetservice Fiber Optic,Contract Upgrade Incentive
6713-OKOMC,29.75,10,Month-to-month,DSL,Mailed check,0,0,No,0.6056817474808085,High,Tenure,Contract Upgrade Incentive
6388-TABGU,56.15,62,One year,DSL,Bank transfer (automatic),0,0,No,0.009531607146258472,Low,N/A,N/A
9763-GRSKD,49.95,13,Month-to-month,DSL,Mailed check,0,1,No,0.40546652033845976,High,Tenure,Contract Upgrade Incentive
7469-LKBCI,18.95,16,Two year,No,Credit card (automatic),0,0,No,0.034220292948005215,Low,N/A,N/A
8091-TTVAX,100.35,58,One year,Fiber optic,Credit card (automatic),0,0,No,0.015454411089806361,Low,N/A,N/A
5129-JLPIS,105.5,25,Month-to-month,Fiber optic,Electronic check,0,0,No,0.4138345932896332,High,Internetservice Fiber Optic,Contract Upgrade Incentive
3655-SNQYZ,113.25,69,Two year,Fiber optic,Credit card (automatic),0,0,No,0.0008260284974482264,Low,N/A,N/A
8191-XWSZG,20.65,52,One year,No,Mailed check,0,0,No,0.017019300136438056,Low,N/A,N/A
9959-WOFKT,106.7,71,Two year,Fiber optic,Bank transfer (automatic),4,0,No,0.1917191445125896,Low,N/A,N/A
4183-MYFRB,90.05,21,Month-to-month,Fiber optic,Electronic check,0,0,No,0.6497477247695969,High,Internetservice Fiber Optic,Contract Upgrade Incentive
1680-VDCWW,19.8,12,One year,No,Bank transfer (automatic),0,2,No,0.13496400992735164,Low,N/A,N/A
3638-WEABW,59.9,58,Two year,DSL,Credit card (automatic),0,1,No,0.0029230442191393526,Low,N/A,N/A
6322-HRPFA,59.6,49,Month-to-month,DSL,Credit card (automatic),3,0,No,0.6810946478153064,High,Numtechtickets,Proactive Tech Support Outreach
6865-JZNKO,55.3,30,Month-to-month,DSL,Bank transfer (automatic),0,0,No,0.236111131464291,Low,N/A,N/A
5248-YGIJN,90.25,72,Two year,DSL,Credit card (automatic),0,1,No,0.0003521528957648316,Low,N/A,N/A
3841-NFECX,96.35,71,Two year,Fiber optic,Credit card (automatic),0,0,No,0.0019499284773875469,Low,N/A,N/A
4929-XIHVW,95.5,2,Month-to-month,Fiber optic,Credit card (automatic),0,0,No,0.841243878346133,Critical,Internetservice Fiber Optic,Contract Upgrade Incentive
6827-IEAUQ,66.15,27,One year,DSL,Mailed check,0,0,No,0.05635906344732924,Low,N/A,N/A
7310-EGVHZ,20.2,1,Month-to-month,No,Bank transfer (automatic),0,0,No,0.4502004565089661,High,Tenure,Contract Upgrade Incentive
3413-BMNZE,45.25,1,Month-to-month,DSL,Bank transfer (automatic),0,0,No,0.727437169429622,Critical,Tenure,Contract Upgrade Incentive
6234-RAAPL,99.9,72,Two year,Fiber optic,Bank transfer (automatic),0,0,No,0.0011182770181163092,Low,N/A,N/A
6572-ADKRS,74.8,46,Month-to-month,Fiber optic,Credit card (automatic),0,3,No,0.202582648931844,Low,N/A,N/A
8865-TNMNX,49.55,10,One year,DSL,Mailed check,0,5,No,0.2310710469924418,Low,N/A,N/A
9489-DEDVP,69.2,70,Two year,DSL,Credit card (automatic),0,0,No,0.0009682723070053156,Low,N/A,N/A
9867-JCZSP,20.75,17,One year,No,Mailed check,0,0,No,0.08647536956297604,Low,N/A,N/A
4671-VJLCL,79.85,63,Two year,DSL,Credit card (automatic),0,0,No,0.0011962710503069956,Low,N/A,N/A
4080-IIARD,76.2,13,Month-to-month,DSL,Electronic check,0,4,No,0.4145975729445787,High,Tenure,Contract Upgrade Incentive
3714-NTNFO,84.5,49,Month-to-month,Fiber optic,Electronic check,3,0,No,0.9315812912723057,Critical,Numtechtickets,Proactive Tech Support Outreach
5948-UJZLF,49.25,2,Month-to-month,DSL,Mailed check,0,0,No,0.6302993792906719,High,Tenure,Contract Upgrade Incentive
7639-LIAYI,79.75,52,Two year,DSL,Credit card (automatic),0,1,No,0.0023001422162277373,Low,N/A,N/A
2954-PIBKO,64.15,69,Two year,DSL,Credit card (automatic),0,0,No,0.0010880168297506165,Low,N/A,N/A
8012-SOUDQ,90.25,43,Month-to-month,Fiber optic,Electronic check,0,0,No,0.2905273779104101,Low,N/A,N/A
6575-SUVOI,69.5,25,Month-to-month,DSL,Credit card (automatic),0,4,No,0.2143613337650756,Low,N/A,N/A
4667-QONEA,74.85,60,One year,DSL,Credit card (automatic),0,0,No,0.005916635861874036,Low,N/A,N/A
8769-KKTPH,99.65,63,One year,Fiber optic,Credit card (automatic),0,0,No,0.009455117362896826,Low,N/A,N/A
5067-XJQFU,108.45,66,One year,Fiber optic,Electronic check,0,3,No,0.007918867910762802,Low,N/A,N/A
3957-SQXML,24.95,34,Two year,No,Credit card (automatic),0,0,No,0.009956492394792469,Low,N/A,N/A
5954-BDFSG,107.5,72,Two year,Fiber optic,Credit card (automatic),0,0,No,0.0009615678234833728,Low,N/A,N/A
0434-CSFON,100.5,47,Month-to-month,Fiber optic,Electronic check,0,0,No,0.14433084514135697,Low,N/A,N/A
1215-FIGMP,89.9,60,Month-to-month,Fiber optic,Bank transfer (automatic),0,0,No,0.0516680060114286,Low,N/A,N/A
0526-SXDJP,42.1,72,Two year,DSL,Bank transfer (automatic),0,0,No,0.0026414611562408786,Low,N/A,N/A
0557-ASKVU,54.4,18,One year,DSL,Credit card (automatic),0,0,No,0.13373362219201476,Low,N/A,N/A
5122-CYFXA,75.3,3,Month-to-month,DSL,Electronic check,0,0,No,0.6117732337004792,High,Tenure,Contract Upgrade Incentive
8627-ZYGSZ,78.9,47,One year,Fiber optic,Electronic check,3,0,No,0.8464021996699227,Critical,Numtechtickets,Proactive Tech Support Outreach
3410-YOQBQ,79.2,31,Two year,DSL,Mailed check,0,3,No,0.011717942623170887,Low,N/A,N/A
3170-NMYVV,20.15,50,Two year,No,Bank transfer (automatic),0,0,No,0.005128254259456575,Low,N/A,N/A
7410-OIEDU,79.85,10,Month-to-month,Fiber optic,Mailed check,0,0,No,0.7396978405519796,Critical,Internetservice Fiber Optic,Contract Upgrade Incentive
2273-QCKXA,49.05,1,Month-to-month,DSL,Mailed check,0,0,No,0.5985267212537063,High,Tenure,Contract Upgrade Incentive
0731-EBJQB,20.4,52,One year,No,Electronic check,0,0,No,0.021610568261225895,Low,N/A,N/A
1891-QRQSA,111.6,64,Two year,Fiber optic,Bank transfer (automatic),0,0,No,0.0016746250578153537,Low,N/A,N/A
8028-PNXHQ,24.25,62,Two year,No,Bank transfer (automatic),0,0,No,0.0020970407384206043,Low,N/A,N/A
5630-AHZIL,64.5,3,Month-to-month,DSL,Bank transfer (automatic),0,0,No,0.5284050908172273,High,Tenure,Contract Upgrade Incentive
2673-CXQEU,110.5,56,One year,Fiber optic,Electronic check,0,0,No,0.02771367380746738,Low,N/A,N/A
6416-JNVRK,55.65,46,One year,DSL,Credit card (automatic),0,1,No,0.03198797885457285,Low,N/A,N/A
5590-ZSKRV,54.65,8,Month-to-month,DSL,Mailed check,0,0,No,0.4820957832295978,High,Tenure,Contract Upgrade Incentive
0191-ZHSKZ,74.75,30,Month-to-month,DSL,Electronic check,0,0,No,0.24080801697205312,Low,N/A,N/A
3887-PBQAO,25.9,45,One year,No,Credit card (automatic),0,0,No,0.017946307404922045,Low,N/A,N/A
8108-UXRQN,50.55,11,Month-to-month,DSL,Electronic check,0,0,No,0.5695724713065209,High,Tenure,Contract Upgrade Incentive
9919-YLNNG,103.8,42,Month-to-month,Fiber optic,Bank transfer (automatic),0,0,No,0.12411513104476915,Low,N/A,N/A
0318-ZOPWS,20.15,49,Two year,No,Bank transfer (automatic),0,0,No,0.0061699488257841795,Low,N/A,N/A
4445-ZJNMU,99.3,9,Month-to-month,Fiber optic,Credit card (automatic),0,0,No,0.7064415042298584,Critical,Internetservice Fiber Optic,Contract Upgrade Incentive
4808-YNLEU,62.15,35,One year,DSL,Bank transfer (automatic),0,0,No,0.05735745856447792,Low,N/A,N/A
1862-QRWPE,20.65,48,Two year,No,Bank transfer (automatic),0,0,No,0.0053893158553891055,Low,N/A,N/A
2796-NNUFI,19.95,46,Two year,No,Mailed check,0,0,No,0.005573706346189868,Low,N/A,N/A
3016-KSVCP,33.75,29,Month-to-month,DSL,Mailed check,0,0,No,0.28157227666382334,Low,N/A,N/A
4767-HZZHQ,82.05,30,Month-to-month,Fiber optic,Bank transfer (automatic),0,0,No,0.35299647037059795,Low,N/A,N/A
2424-WVHPL,74.7,1,Month-to-month,Fiber optic,Electronic check,0,0,No,0.909019298178122,Critical,Internetservice Fiber Optic,Contract Upgrade Incentive
7233-PAHHL,84.0,66,Two year,DSL,Mailed check,0,0,No,0.0005179848231191594,Low,N/A,N/A
6067-NGCEU,111.05,65,Month-to-month,Fiber optic,Credit card (automatic),0,0,No,0.0189972118106299,Low,N/A,N/A
9848-JQJTX,100.9,72,Two year,Fiber optic,Bank transfer (automatic),0,0,No,0.001413275709376768,Low,N/A,N/A
9803-FTJCG,66.85,71,One year,DSL,Credit card (automatic),0,0,No,0.002575080339292957,Low,N/A,N/A
3212-KXOCR,21.0,52,Two year,No,Bank transfer (automatic),0,0,No,0.004866660836847989,Low,N/A,N/A
6380-ARCEH,20.2,1,Month-to-month,No,Mailed check,0,0,No,0.42175181757207836,High,Tenure,Contract Upgrade Incentive
3679-XASPY,19.45,1,Month-to-month,No,Electronic check,0,0,No,0.5129086624290927,High,Tenure,Contract Upgrade Incentive
7123-WQUHX,95.0,38,One year,Fiber optic,Bank transfer (automatic),0,0,No,0.07528036708856288,Low,N/A,N/A
5386-THSLQ,45.55,66,One year,DSL,Bank transfer (automatic),0,0,No,0.015575244371555965,Low,N/A,N/A
6180-YBIQI,24.3,5,Month-to-month,DSL,Mailed check,0,0,No,0.6720172159408239,High,Tenure,Contract Upgrade Incentive
6728-DKUCO,104.15,72,One year,Fiber optic,Electronic check,0,0,No,0.006316466724521872,Low,N/A,N/A
9750-BOOHV,30.15,32,One year,DSL,Mailed check,0,0,No,0.13419429503851782,Low,N/A,N/A
8597-CWYHH,94.35,43,One year,Fiber optic,Mailed check,0,0,No,0.05943314360562697,Low,N/A,N/A
2848-YXSMW,19.4,72,Two year,No,Credit card (automatic),0,0,No,0.001316220418577343,Low,N/A,N/A
4549-ZDQYY,57.95,52,One year,DSL,Credit card (automatic),0,5,No,0.017111767092841172,Low,N/A,N/A
5712-AHQNN,91.65,43,Month-to-month,Fiber optic,Electronic check,0,0,No,0.23819405585404,Low,N/A,N/A
5256-SKJGO,54.6,64,Two year,DSL,Electronic check,0,0,No,0.003135303870841509,Low,N/A,N/A
3071-VBYPO,89.85,3,Month-to-month,Fiber optic,Electronic check,0,0,No,0.8487679250065504,Critical,Internetservice Fiber Optic,Contract Upgrade Incentive
9560-BBZXK,31.05,36,Two year,DSL,Bank transfer (automatic),0,0,No,0.03646706653779411,Low,N/A,N/A
8402-OOOHJ,20.65,41,Two year,No,Mailed check,0,0,No,0.00892354602339106,Low,N/A,N/A
9445-ZUEQE,85.2,27,Month-to-month,Fiber optic,Credit card (automatic),2,0,No,0.8818469889295285,Critical,Numtechtickets,Contract Upgrade Incentive
1091-SOZGA,99.8,56,One year,Fiber optic,Credit card (automatic),0,0,No,0.01710211292865271,Low,N/A,N/A
2928-HLDBA,20.7,6,Month-to-month,No,Mailed check,0,0,No,0.3770115087613346,Low,N/A,N/A
6497-TILVL,50.7,7,Month-to-month,DSL,Mailed check,0,0,No,0.518205418438296,High,Tenure,Contract Upgrade Incentive
7219-TLZHO,20.85,4,Month-to-month,No,Mailed check,0,0,No,0.3545831199782666,Low,N/A,N/A
4622-YNKIJ,88.95,33,Two year,Fiber optic,Electronic check,0,0,No,0.05254304185870619,Low,N/A,N/A
6734-PSBAW,23.55,72,Two year,No,Bank transfer (automatic),0,0,No,0.0013698930207777025,Low,N/A,N/A
3930-ZGWVE,19.75,1,Month-to-month,No,Mailed check,0,0,No,0.4232467310966666,High,Tenure,Contract Upgrade Incentive
2639-UGMAZ,56.45,71,One year,DSL,Electronic check,0,0,No,0.010661774782903453,Low,N/A,N/A
2876-GZYZC,85.95,13,Month-to-month,Fiber optic,Electronic check,0,0,No,0.7816224666913768,Critical,Internetservice Fiber Optic,Contract Upgrade Incentive
8587-XYZSF,50.55,67,Two year,DSL,Bank transfer (automatic),0,0,No,0.0023696879742817383,Low,N/A,N/A
7799-LGRDP,25.7,43,Two year,No,Credit card (automatic),0,0,No,0.007126303568573251,Low,N/A,N/A
7850-VWJUU,75.0,23,Month-to-month,Fiber optic,Bank transfer (automatic),0,4,No,0.5968452738075138,High,Internetservice Fiber Optic,Contract Upgrade Incentive
3774-VBNXY,20.2,64,Two year,No,Mailed check,0,0,No,0.002061787026964793,Low,N/A,N/A
6217-KDYWC,19.6,57,Two year,No,Mailed check,0,0,No,0.0029186264264398705,Low,N/A,N/A
3146-MSEGF,88.05,72,Two year,DSL,Credit card (automatic),0,0,No,0.00041657516213321736,Low,N/A,N/A
1095-WGNGG,101.05,61,Two year,Fiber optic,Bank transfer (automatic),0,0,No,0.004064630724856185,Low,N/A,N/A
2636-SJDOU,84.3,64,One year,Fiber optic,Credit card (automatic),0,0,No,0.017151628761328003,Low,N/A,N/A
1131-QQZEB,23.95,71,Two year,No,Bank transfer (automatic),0,0,No,0.0017521644207635957,Low,N/A,N/A
5716-EZXZN,99.05,65,Two year,Fiber optic,Credit card (automatic),0,0,No,0.0019646767189531403,Low,N/A,N/A
6837-BJYDQ,19.6,3,One year,No,Mailed check,0,0,No,0.19358075185961784,Low,N/A,N/A
6440-DKQGE,64.5,30,One year,DSL,Credit card (automatic),0,0,No,0.06049636822904681,Low,N/A,N/A
3466-BYAVD,69.5,15,Month-to-month,DSL,Mailed check,0,0,No,0.2497552562027957,Low,N/A,N/A
3780-YVMFA,68.55,8,Month-to-month,DSL,Electronic check,0,4,No,0.49663096316485317,High,Tenure,Contract Upgrade Incentive
1679-JRFBR,108.15,70,One year,Fiber optic,Credit card (automatic),0,0,No,0.0035534080060738407,Low,N/A,N/A
9073-ZZIAY,86.1,62,Two year,DSL,Electronic check,0,1,No,0.0011542651503175909,Low,N/A,N/A
3077-RSNTJ,19.7,6,Month-to-month,No,Mailed check,0,0,No,0.33225620423793323,Low,N/A,N/A
6551-GNYDG,80.9,14,Month-to-month,Fiber optic,Bank transfer (automatic),0,0,No,0.6791194670327705,High,Internetservice Fiber Optic,Contract Upgrade Incentive
9167-APMXZ,84.15,22,Month-to-month,Fiber optic,Bank transfer (automatic),0,0,No,0.5757710381046106,High,Internetservice Fiber Optic,Contract Upgrade Incentive
2749-CTKAJ,20.15,22,One year,No,Mailed check,0,0,No,0.06361533894294807,Low,N/A,N/A
6371-NZYEG,64.25,16,Two year,DSL,Mailed check,0,0,No,0.04215723190662265,Low,N/A,N/A
7554-NEWDD,25.7,10,Two year,No,Bank transfer (automatic),0,0,No,0.045228385750922945,Low,N/A,N/A
8992-VONJD,56.0,13,Month-to-month,DSL,Electronic check,0,0,No,0.5256300429850351,High,Tenure,Contract Upgrade Incentive
4482-EWFMI,69.7,2,Month-to-month,Fiber optic,Electronic check,0,0,No,0.9154530840778384,Critical,Internetservice Fiber Optic,Contract Upgrade Incentive
4648-YPBTM,73.9,53,Two year,DSL,Bank transfer (automatic),1,0,No,0.010173333358513644,Low,N/A,N/A
2907-ILJBN,20.6,11,One year,No,Mailed check,0,2,No,0.11901008660826062,Low,N/A,N/A
6345-FZOQH,19.9,69,Two year,No,Mailed check,0,0,No,0.0016681928883504516,Low,N/A,N/A
5997-OPVFA,89.05,72,Two year,DSL,Bank transfer (automatic),0,4,No,0.00039531906397464447,Low,N/A,N/A
1159-WFSGR,20.4,16,Month-to-month,No,Electronic check,0,0,No,0.3115096006534637,Low,N/A,N/A
7654-YWJUF,84.25,43,One year,Fiber optic,Bank transfer (automatic),0,0,No,0.06623464909556533,Low,N/A,N/A
6727-IOTLZ,81.95,14,Two year,DSL,Mailed check,0,0,No,0.0334815427518915,Low,N/A,N/A
5918-VUKWP,20.55,32,One year,No,Bank transfer (automatic),0,0,No,0.05515309708097744,Low,N/A,N/A
1744-JHKYS,24.7,34,Month-to-month,No,Electronic check,0,0,No,0.1506772482296013,Low,N/A,N/A
5947-SGKCL,105.35,15,Month-to-month,Fiber optic,Bank transfer (automatic),0,0,No,0.5604678068570235,High,Internetservice Fiber Optic,Contract Upgrade Incentive
3712-PKXZA,20.55,61,One year,No,Credit card (automatic),0,0,No,0.00929674663098252,Low,N/A,N/A
6582-OIVSP,45.3,1,Month-to-month,DSL,Mailed check,0,0,No,0.6784108645968384,High,Tenure,Contract Upgrade Incentive
5524-KHNJP,74.75,33,One year,DSL,Credit card (automatic),0,0,No,0.03716291929838828,Low,N/A,N/A
4827-USJHP,51.8,20,Month-to-month,DSL,Mailed check,0,0,No,0.3354929982313191,Low,N/A,N/A
8167-GJLRN,30.4,3,Month-to-month,DSL,Electronic check,0,0,No,0.7329551374863704,Critical,Tenure,Contract Upgrade Incentive
0956-SYCWG,19.65,13,One year,No,Electronic check,0,0,No,0.19613043658023652,Low,N/A,N/A
8017-UVSZU,56.6,40,Month-to-month,DSL,Credit card (automatic),0,0,No,0.11128673236955004,Low,N/A,N/A
7100-FQPRV,71.9,43,One year,DSL,Credit card (automatic),0,0,No,0.01563607158809173,Low,N/A,N/A
2984-RGEYA,19.75,69,Two year,No,Bank transfer (automatic),0,0,No,0.001766835263672009,Low,N/A,N/A
9680-NIAUV,109.7,72,Two year,Fiber optic,Credit card (automatic),0,0,No,0.0008472148276254325,Low,N/A,N/A
2146-EGVDT,19.3,59,Two year,No,Credit card (automatic),0,0,No,0.0026277589401589026,Low,N/A,N/A
2604-IJPDU,96.55,20,Month-to-month,Fiber optic,Electronic check,0,0,No,0.5765320844015185,High,Internetservice Fiber Optic,Contract Upgrade Incentive
9178-JHUVJ,24.1,24,Two year,No,Bank transfer (automatic),0,0,No,0.017437472447835615,Low,N/A,N/A
6168-YBYNP,111.35,59,Month-to-month,Fiber optic,Electronic check,0,0,No,0.034174402625702614,Low,N/A,N/A
7255-SSFBC,112.25,72,Two year,Fiber optic,Bank transfer (automatic),0,0,No,0.0006671014067014311,Low,N/A,N/A
3645-DEYGF,20.75,1,Month-to-month,No,Mailed check,0,0,No,0.38366213552512174,Low,N/A,N/A
9323-HGFWY,101.9,27,One year,Fiber optic,Credit card (automatic),0,0,No,0.14366288880039305,Low,N/A,N/A
8544-GOQSH,80.05,14,Month-to-month,Fiber optic,Credit card (automatic),0,0,No,0.6725027255548154,High,Internetservice Fiber Optic,Contract Upgrade Incentive
3363-DTIVD,105.55,71,Two year,Fiber optic,Electronic check,0,0,No,0.0016435990795631008,Low,N/A,N/A
7018-WBJNK,78.3,13,Month-to-month,Fiber optic,Credit card (automatic),0,0,No,0.6841761430468596,High,Internetservice Fiber Optic,Contract Upgrade Incentive
9142-KZXOP,68.85,44,Month-to-month,Fiber optic,Credit card (automatic),0,0,No,0.2506016522460389,Low,N/A,N/A
7674-YTAFD,79.95,33,One year,Fiber optic,Bank transfer (automatic),0,5,No,0.1586752891246503,Low,N/A,N/A
6348-SNFUS,55.45,72,Two year,DSL,Credit card (automatic),0,0,No,0.00098332604274751,Low,N/A,N/A
1347-KTTTA,102.45,64,One year,Fiber optic,Credit card (automatic),0,0,No,0.0067259660092170645,Low,N/A,N/A
4195-NZGTA,25.25,1,Month-to-month,DSL,Electronic check,0,5,No,0.816165220934747,Critical,Tenure,Contract Upgrade Incentive
7157-SMCFK,19.75,61,Two year,No,Mailed check,0,0,No,0.0024331606657151017,Low,N/A,N/A
4709-LKHYG,20.0,29,One year,No,Electronic check,0,0,No,0.07565567984692809,Low,N/A,N/A
2504-DSHIH,86.8,23,Month-to-month,Fiber optic,Electronic check,0,4,No,0.6427572549237287,High,Internetservice Fiber Optic,Contract Upgrade Incentive
0699-NDKJM,58.75,57,Month-to-month,DSL,Bank transfer (automatic),1,0,No,0.12984079133203555,Low,N/A,N/A
9286-BHDQG,45.25,72,Two year,DSL,Credit card (automatic),0,0,No,0.001580792778964834,Low,N/A,N/A
0230-WEQUW,56.6,66,Two year,DSL,Bank transfer (automatic),0,0,No,0.001823942088319589,Low,N/A,N/A
2040-LDIWQ,84.2,65,Two year,DSL,Bank transfer (automatic),0,0,No,0.0006916970168456141,Low,N/A,N/A
6496-JDSSB,80.0,8,Month-to-month,Fiber optic,Bank transfer (automatic),0,0,No,0.8079131376582086,Critical,Internetservice Fiber Optic,Contract Upgrade Incentive
4443-EMBNA,24.75,71,Two year,No,Bank transfer (automatic),0,0,No,0.0014997788560311936,Low,N/A,N/A
6469-MRVET,20.2,1,One year,No,Electronic check,0,0,No,0.2570575018194885,Low,N/A,N/A
5961-VUSRV,19.35,12,One year,No,Bank transfer (automatic),0,0,No,0.15383307230050977,Low,N/A,N/A
6778-JFCMK,50.6,24,One year,DSL,Mailed check,0,0,No,0.12371334044356916,Low,N/A,N/A
6341-JVQGF,81.15,31,One year,DSL,Mailed check,0,0,No,0.03129943186389251,Low,N/A,N/A
4811-JBUVU,89.9,30,Month-to-month,Fiber optic,Credit card (automatic),0,0,No,0.30683751182375474,Low,N/A,N/A
0945-TSONX,85.3,47,Two year,DSL,Credit card (automatic),0,0,No,0.0025231385393526175,Low,N/A,N/A
2651-ZCBXV,108.0,54,Two year,Fiber optic,Credit card (automatic),0,0,No,0.004139591299041832,Low,N/A,N/A
3316-UWXUY,93.5,50,Month-to-month,Fiber optic,Credit card (automatic),0,0,No,0.07568864183312989,Low,N/A,N/A
7083-MIOPC,20.25,72,Two year,No,Credit card (automatic),0,0,No,0.0016487917782512425,Low,N/A,N/A
1984-GPTEH,25.15,29,Month-to-month,No,Electronic check,0,0,No,0.1966408036024655,Low,N/A,N/A
0621-JFHOL,29.6,10,Two year,DSL,Mailed check,0,0,No,0.1160480054404049,Low,N/A,N/A
9903-LYSAB,73.15,18,Month-to-month,Fiber optic,Electronic check,0,0,No,0.7347253876694472,Critical,Internetservice Fiber Optic,Contract Upgrade Incentive
9227-UAQFT,19.75,16,Two year,No,Mailed check,0,0,No,0.0325947625069221,Low,N/A,N/A
7301-ABVAD,86.6,72,Two year,DSL,Bank transfer (automatic),1,0,No,0.001721484941700162,Low,N/A,N/A
6614-FHDBO,109.2,72,Two year,Fiber optic,Bank transfer (automatic),0,4,No,0.0009027328465150236,Low,N/A,N/A
7576-ASEJU,74.7,41,One year,DSL,Credit card (automatic),2,0,No,0.20521281515850567,Low,N/A,N/A
9058-HRZSV,94.4,65,Month-to-month,Fiber optic,Electronic check,0,0,No,0.05576557327762077,Low,N/A,N/A
4522-AKYLR,54.8,13,Month-to-month,DSL,Electronic check,0,0,No,0.6210136868175098,High,Tenure,Contract Upgrade Incentive
0221-WMXNQ,75.35,4,Month-to-month,Fiber optic,Electronic check,0,1,No,0.907446134209561,Critical,Internetservice Fiber Optic,Contract Upgrade Incentive
0303-UNCIP,65.0,41,One year,DSL,Mailed check,0,0,No,0.03271631710663389,Low,N/A,N/A
0959-WHOKV,99.0,42,One year,Fiber optic,Electronic check,0,0,No,0.08115839726862216,Low,N/A,N/A
4075-JFPGR,93.5,51,One year,Fiber optic,Electronic check,0,5,No,0.05407644969880002,Low,N/A,N/A
3282-ZISZV,83.7,32,One year,DSL,Credit card (automatic),0,0,No,0.028553061536981367,Low,N/A,N/A
3675-YDUPJ,19.85,10,Month-to-month,No,Mailed check,0,0,No,0.3084296044859544,Low,N/A,N/A
4111-BNXIF,59.55,67,Two year,DSL,Electronic check,0,0,No,0.00203184497266455,Low,N/A,N/A
7017-VFHAY,115.1,61,Two year,Fiber optic,Credit card (automatic),0,0,No,0.0015914358194924953,Low,N/A,N/A
6655-LHBYW,114.35,50,One year,Fiber optic,Credit card (automatic),0,0,No,0.01584837526796467,Low,N/A,N/A
5046-NUHWD,45.0,29,Month-to-month,DSL,Electronic check,0,4,No,0.4064604785959065,High,Paymentmethod Electronic Check,Contract Upgrade Incentive
7529-ZDFXI,89.85,57,Month-to-month,Fiber optic,Electronic check,0,5,No,0.11108054119573142,Low,N/A,N/A
7605-BDWDC,49.85,31,Two year,DSL,Bank transfer (automatic),0,0,No,0.026347581836692443,Low,N/A,N/A
1950-KSVVJ,113.3,45,One year,Fiber optic,Mailed check,0,0,No,0.025606960585236132,Low,N/A,N/A
0123-CRBRT,88.1,61,Two year,DSL,Mailed check,0,2,No,0.0007319420925810212,Low,N/A,N/A
6292-TOSSS,24.9,50,Two year,No,Bank transfer (automatic),0,0,No,0.004950547829372768,Low,N/A,N/A
3197-ARFOY,105.0,19,Month-to-month,Fiber optic,Mailed check,0,0,No,0.5027049640697895,High,Internetservice Fiber Optic,Contract Upgrade Incentive
7014-ZZXAW,24.25,71,Two year,No,Credit card (automatic),0,0,No,0.0014679214739668901,Low,N/A,N/A
7633-MVPUY,59.75,57,Two year,DSL,Electronic check,0,0,No,0.004318463351801946,Low,N/A,N/A
4716-HHKQH,107.05,20,Month-to-month,Fiber optic,Electronic check,0,0,No,0.5496858036469356,High,Internetservice Fiber Optic,Contract Upgrade Incentive
3179-GBRWV,64.95,21,Month-to-month,DSL,Bank transfer (automatic),0,0,No,0.3232219189045299,Low,N/A,N/A
8645-KWHJO,55.0,14,Month-to-month,DSL,Electronic check,0,0,No,0.47987455089352404,High,Tenure,Contract Upgrade Incentive
4130-MZLCC,50.55,5,Month-to-month,DSL,Bank transfer (automatic),0,0,No,0.6298720733480591,High,Tenure,Contract Upgrade Incentive
0314-TKOSI,55.15,6,Month-to-month,DSL,Mailed check,0,0,No,0.5696383440199566,High,Tenure,Contract Upgrade Incentive
8229-MYEJZ,51.2,10,Month-to-month,DSL,Electronic check,0,0,No,0.6343877160566788,High,Tenure,Contract Upgrade Incentive
2080-SRCDE,25.4,1,Month-to-month,No,Mailed check,0,0,No,0.3911098359804933,Low,N/A,N/A
9577-WJVCQ,54.45,68,Month-to-month,DSL,Mailed check,0,0,No,0.02100721793095766,Low,N/A,N/A
6202-DYYFX,76.0,22,One year,Fiber optic,Credit card (automatic),0,0,No,0.34436217051871865,Low,N/A,N/A
3808-HFKDE,44.35,20,Month-to-month,DSL,Electronic check,0,0,No,0.5032440705148592,High,Tenure,Contract Upgrade Incentive
3727-OWVYD,61.2,35,One year,DSL,Mailed check,0,0,No,0.053360590798893326,Low,N/A,N/A
2294-SALNE,86.8,23,One year,Fiber optic,Mailed check,0,0,No,0.19058893542824168,Low,N/A,N/A
4847-TAJYI,89.35,6,Month-to-month,Fiber optic,Electronic check,0,0,No,0.8805314583305858,Critical,Internetservice Fiber Optic,Contract Upgrade Incentive
1563-IWQEX,19.7,12,Month-to-month,No,Mailed check,0,2,No,0.3062961699511274,Low,N/A,N/A
8203-XJZRC,20.25,1,Month-to-month,No,Mailed check,0,0,No,0.4215858040310927,High,Tenure,Contract Upgrade Incentive
6556-DBKZF,76.05,71,Two year,Fiber optic,Electronic check,0,0,No,0.005072659400453135,Low,N/A,N/A
6851-WEFYX,100.8,35,Month-to-month,Fiber optic,Electronic check,0,3,No,0.3400146851186596,Low,N/A,N/A
2985-JUUBZ,74.55,40,Month-to-month,DSL,Electronic check,0,0,No,0.08687078343245083,Low,N/A,N/A
0895-LMRSF,64.9,23,One year,DSL,Bank transfer (automatic),0,0,No,0.113508177005335,Low,N/A,N/A
8266-VBFQL,90.4,4,Month-to-month,Fiber optic,Electronic check,0,0,No,0.8376401143307507,Critical,Internetservice Fiber Optic,Contract Upgrade Incentive
8181-YHCMF,60.3,68,Two year,DSL,Credit card (automatic),1,0,No,0.004697921311147136,Low,N/A,N/A
2240-HSJQD,81.85,38,Month-to-month,Fiber optic,Mailed check,0,0,No,0.22459256830312474,Low,N/A,N/A
1248-DYXUB,24.8,52,Two year,No,Mailed check,0,0,No,0.003219418450693404,Low,N/A,N/A
4115-BNPJY,75.55,29,Two year,DSL,Mailed check,0,4,No,0.01157477701564292,Low,N/A,N/A
3167-SNQPL,101.15,38,Month-to-month,Fiber optic,Electronic check,2,0,No,0.8281796108297171,Critical,Numtechtickets,Contract Upgrade Incentive
4091-TVOCN,78.75,48,One year,DSL,Credit card (automatic),0,0,No,0.012308174342042046,Low,N/A,N/A
1098-TDVUQ,19.25,1,Month-to-month,No,Bank transfer (automatic),0,0,No,0.4769583519276771,High,Tenure,Contract Upgrade Incentive
7277-OZCGZ,89.05,22,Month-to-month,Fiber optic,Electronic check,0,0,No,0.5922553268109358,High,Internetservice Fiber Optic,Contract Upgrade Incentive
1557-EMYVT,115.05,43,Two year,Fiber optic,Credit card (automatic),0,0,No,0.009366341645406269,Low,N/A,N/A
2799-ARNLO,69.35,5,Month-to-month,Fiber optic,Electronic check,0,0,No,0.9111897751888569,Critical,Internetservice Fiber Optic,Contract Upgrade Incentive
5027-YOCXN,110.05,51,One year,Fiber optic,Credit card (automatic),0,0,No,0.013452773117819769,Low,N/A,N/A
3973-SKMLN,19.9,71,Two year,No,Credit card (automatic),0,0,No,0.0016956828640633116,Low,N/A,N/A
6745-JEFZB,91.5,35,Month-to-month,Fiber optic,Credit card (automatic),0,0,No,0.2131112823037401,Low,N/A,N/A
9880-TDQAC,60.0,72,Two year,DSL,Electronic check,0,0,No,0.0015018470014426658,Low,N/A,N/A
8705-WZCYL,44.8,1,Month-to-month,DSL,Electronic check,0,0,No,0.7557848192520509,Critical,Tenure,Contract Upgrade Incentive
7102-JJVTX,48.6,9,One year,DSL,Mailed check,0,1,No,0.26335452904580103,Low,N/A,N/A
8626-PTQGE,60.05,69,Two year,DSL,Bank transfer (automatic),0,0,No,0.0014050161358121153,Low,N/A,N/A
4983-CLMLV,102.7,52,Month-to-month,Fiber optic,Credit card (automatic),0,4,No,0.05661034012219399,Low,N/A,N/A
5701-YVSVF,82.9,11,Month-to-month,Fiber optic,Electronic check,0,0,No,0.8141817969329028,Critical,Internetservice Fiber Optic,Contract Upgrade Incentive
5697-GOMBF,35.9,28,Month-to-month,DSL,Electronic check,0,0,No,0.4313376292738728,High,Totalcharges,Contract Upgrade Incentive
2739-CACDQ,82.65,17,Month-to-month,Fiber optic,Credit card (automatic),0,3,No,0.697666579789028,High,Internetservice Fiber Optic,Contract Upgrade Incentive
9385-EHGDO,19.85,35,Two year,No,Mailed check,0,0,No,0.01011483639404708,Low,N/A,N/A
9498-FIMXL,19.2,8,One year,No,Mailed check,0,0,No,0.16738881654273766,Low,N/A,N/A
2379-GYFLQ,94.9,46,One year,Fiber optic,Credit card (automatic),0,0,No,0.04626422154978285,Low,N/A,N/A
2088-IEBAU,88.15,68,Two year,DSL,Electronic check,0,0,No,0.000836601286373427,Low,N/A,N/A
7982-VCELR,94.8,36,Month-to-month,Fiber optic,Credit card (automatic),0,0,No,0.23998743812539267,Low,N/A,N/A
6035-BXTTY,54.65,32,Month-to-month,DSL,Bank transfer (automatic),0,0,No,0.2060165009017739,Low,N/A,N/A
6885-PKOAM,85.75,71,Two year,DSL,Credit card (automatic),0,0,No,0.00045257996172038333,Low,N/A,N/A
7520-HQWJU,67.45,66,Month-to-month,DSL,Bank transfer (automatic),0,0,No,0.013679907370019607,Low,N/A,N/A
9639-BUJXT,20.5,63,One year,No,Mailed check,0,0,No,0.008272345954875315,Low,N/A,N/A
5924-SNGKP,20.25,41,One year,No,Credit card (automatic),0,4,No,0.027683640193870564,Low,N/A,N/A
0021-IKXGC,72.1,1,Month-to-month,Fiber optic,Electronic check,0,0,No,0.932968546889323,Critical,Internetservice Fiber Optic,Contract Upgrade Incentive
8966-SNIZF,19.45,70,Two year,No,Bank transfer (automatic),1,0,No,0.007477563869074413,Low,N/A,N/A
6243-OZGFH,44.95,23,Month-to-month,DSL,Electronic check,0,0,No,0.4589777126055226,High,Tenure,Contract Upgrade Incentive
4654-DLAMQ,97.0,64,One year,Fiber optic,Bank transfer (automatic),0,0,No,0.013681256951818163,Low,N/A,N/A
0513-RBGPE,62.8,37,Two year,DSL,Credit card (automatic),0,5,No,0.009114405450922392,Low,N/A,N/A
5160-UXJED,44.6,17,One year,DSL,Mailed check,0,2,No,0.18419853014325135,Low,N/A,N/A
4115-NZRKS,89.15,7,Month-to-month,Fiber optic,Electronic check,0,0,No,0.8753481324784512,Critical,Internetservice Fiber Optic,Contract Upgrade Incentive
3351-NGXYI,54.1,16,Month-to-month,DSL,Electronic check,0,0,No,0.5756457383028738,High,Tenure,Contract Upgrade Incentive
8984-EYLLL,105.25,64,Two year,Fiber optic,Electronic check,0,0,No,0.002669661322584628,Low,N/A,N/A
9833-TGFHX,97.1,42,One year,Fiber optic,Electronic check,0,0,No,0.07459490149478336,Low,N/A,N/A
9294-TDIPC,20.2,5,Month-to-month,No,Mailed check,0,0,No,0.3356169495107851,Low,N/A,N/A
5229-DTFYB,98.8,41,Two year,Fiber optic,Bank transfer (automatic),0,0,No,0.01835379222517902,Low,N/A,N/A
0104-PPXDV,50.3,58,One year,DSL,Credit card (automatic),0,0,No,0.015672709454705218,Low,N/A,N/A
5176-LMJXE,20.55,47,Two year,No,Mailed check,0,4,No,0.006443222236458099,Low,N/A,N/A
3583-KRKMD,75.9,18,Month-to-month,Fiber optic,Bank transfer (automatic),0,2,No,0.6133215812012088,High,Internetservice Fiber Optic,Contract Upgrade Incentive
9069-LGEUL,59.95,23,Month-to-month,DSL,Bank transfer (automatic),0,0,No,0.26786983852232243,Low,N/A,N/A
7302-ZHMHP,19.15,1,Month-to-month,No,Mailed check,0,0,No,0.44853399528590326,High,Tenure,Contract Upgrade Incentive
9571-EDEBV,98.65,71,One year,Fiber optic,Credit card (automatic),0,0,No,0.005561452700376735,Low,N/A,N/A
3520-FJGCV,112.6,72,Two year,Fiber optic,Credit card (automatic),0,0,No,0.0006069424292563703,Low,N/A,N/A
6563-VRERX,20.6,33,One year,No,Mailed check,0,0,No,0.03484610668843816,Low,N/A,N/A
6122-EFVKN,35.75,24,Two year,DSL,Mailed check,0,1,No,0.03856425276873409,Low,N/A,N/A
2805-EDJPQ,99.75,56,One year,Fiber optic,Credit card (automatic),0,0,No,0.013621074564856148,Low,N/A,N/A
6862-CQUMB,96.1,37,Month-to-month,Fiber optic,Credit card (automatic),0,0,No,0.20748719701697976,Low,N/A,N/A
7156-MXBJE,85.1,43,One year,DSL,Credit card (automatic),0,0,No,0.015154791219055493,Low,N/A,N/A
6158-HDPXZ,25.35,1,Month-to-month,DSL,Mailed check,0,0,No,0.715736011320352,Critical,Tenure,Contract Upgrade Incentive
2863-IMQDR,89.65,61,Two year,DSL,Electronic check,0,0,No,0.00151854184365148,Low,N/A,N/A
5686-CMAWK,86.75,17,One year,Fiber optic,Electronic check,0,0,No,0.42584580476197426,High,Internetservice Fiber Optic,VIP Loyalty Check-in
5651-CRHKQ,86.2,41,One year,Fiber optic,Bank transfer (automatic),0,0,No,0.08211086523307297,Low,N/A,N/A
8204-YJCLA,64.8,72,Two year,DSL,Bank transfer (automatic),0,0,No,0.0009547855395140472,Low,N/A,N/A
6583-SZVGP,108.1,48,Two year,Fiber optic,Bank transfer (automatic),0,0,No,0.009005787738587146,Low,N/A,N/A
1708-PBBOA,54.75,42,One year,DSL,Electronic check,0,2,No,0.05340580856178984,Low,N/A,N/A
8782-LKFPK,90.4,44,Month-to-month,Fiber optic,Mailed check,0,0,No,0.14230218885635165,Low,N/A,N/A
5522-JBWMO,44.0,1,Month-to-month,DSL,Electronic check,0,0,No,0.729016948302943,Critical,Tenure,Contract Upgrade Incentive
3597-MVHJT,95.6,27,Month-to-month,Fiber optic,Bank transfer (automatic),0,0,No,0.41484294523205795,High,Internetservice Fiber Optic,Contract Upgrade Incentive
9774-NRNAU,84.8,27,Month-to-month,DSL,Bank transfer (automatic),0,0,No,0.14008852781745026,Low,N/A,N/A
0224-RLWWD,44.3,2,Month-to-month,DSL,Electronic check,0,0,No,0.7991634509680262,Critical,Tenure,Contract Upgrade Incentive
9967-ATRFS,19.9,19,Month-to-month,No,Mailed check,0,0,No,0.2296096133885208,Low,N/A,N/A
3951-NJCVI,95.05,42,Month-to-month,Fiber optic,Electronic check,0,0,No,0.2689182037474352,Low,N/A,N/A
2977-CEBSX,90.05,66,Two year,DSL,Credit card (automatic),0,0,No,0.0006290649738554614,Low,N/A,N/A
0177-PXBAT,109.9,33,Month-to-month,Fiber optic,Bank transfer (automatic),0,0,No,0.20961653546075762,Low,N/A,N/A
2519-ERQOJ,54.6,33,Month-to-month,DSL,Electronic check,0,0,No,0.24452895667700003,Low,N/A,N/A
5876-QMYLD,20.05,23,One year,No,Mailed check,0,4,No,0.06657873792967821,Low,N/A,N/A
2277-AXSDC,19.75,32,One year,No,Bank transfer (automatic),0,0,No,0.05623483075129183,Low,N/A,N/A
9442-JTWDL,20.05,11,One year,No,Credit card (automatic),0,0,No,0.15015489434051424,Low,N/A,N/A
3067-SVMTC,55.9,68,One year,DSL,Bank transfer (automatic),0,0,No,0.006273439670608013,Low,N/A,N/A
5495-GPSRW,19.7,20,Two year,No,Mailed check,0,3,No,0.025843323780734565,Low,N/A,N/A
7606-BPHHN,19.8,72,Two year,No,Credit card (automatic),0,0,No,0.0015581603522714135,Low,N/A,N/A
4742-DRORA,95.4,60,One year,Fiber optic,Bank transfer (automatic),0,0,No,0.013152350134228543,Low,N/A,N/A
0111-KLBQG,93.95,32,Month-to-month,Fiber optic,Mailed check,0,0,No,0.29748968494640154,Low,N/A,N/A
4163-NCJAK,24.45,46,One year,No,Bank transfer (automatic),0,0,No,0.02254116637659802,Low,N/A,N/A
5233-AOZUF,74.95,29,Month-to-month,Fiber optic,Electronic check,0,0,No,0.5685824318990801,High,Internetservice Fiber Optic,Contract Upgrade Incentive
5973-EJGDP,87.35,51,Month-to-month,Fiber optic,Electronic check,0,0,No,0.12321496934571188,Low,N/A,N/A
1996-DBMUS,70.65,48,Month-to-month,Fiber optic,Bank transfer (automatic),0,0,No,0.23253752518415285,Low,N/A,N/A
7916-VCCPB,73.25,16,Month-to-month,Fiber optic,Bank transfer (automatic),0,5,No,0.6768993417739918,High,Internetservice Fiber Optic,Contract Upgrade Incentive
4686-GEFRM,98.7,70,Two year,Fiber optic,Bank transfer (automatic),0,0,No,0.001506528208799636,Low,N/A,N/A
5249-QYHEX,24.8,40,Two year,No,Mailed check,0,0,No,0.006779097987997528,Low,N/A,N/A
2233-FAGXV,24.3,5,Month-to-month,No,Mailed check,0,0,No,0.3281945633453332,Low,N/A,N/A
5605-IYGFG,69.85,7,Month-to-month,Fiber optic,Bank transfer (automatic),0,0,No,0.8396947328206044,Critical,Internetservice Fiber Optic,Contract Upgrade Incentive
7663-ZTEGJ,100.55,29,One year,Fiber optic,Credit card (automatic),0,5,No,0.10893455063370423,Low,N/A,N/A
3935-TBRZZ,25.7,44,One year,No,Mailed check,0,2,No,0.01688473768242719,Low,N/A,N/A
8111-BKVDS,40.7,10,Month-to-month,DSL,Bank transfer (automatic),0,0,No,0.5869150491012901,High,Tenure,Contract Upgrade Incentive
2055-SIFSS,51.65,55,Month-to-month,DSL,Bank transfer (automatic),0,0,No,0.06787035748172116,Low,N/A,N/A
2806-MLNTI,105.1,52,One year,Fiber optic,Bank transfer (automatic),0,0,No,0.027953985712855407,Low,N/A,N/A
8734-DKSTZ,85.95,10,Month-to-month,Fiber optic,Electronic check,0,0,No,0.7908008652203565,Critical,Internetservice Fiber Optic,Contract Upgrade Incentive
4360-PNRQB,75.6,18,Month-to-month,Fiber optic,Bank transfer (automatic),0,0,No,0.6591451194682618,High,Internetservice Fiber Optic,Contract Upgrade Incentive
6152-ONASV,58.25,68,One year,DSL,Bank transfer (automatic),0,0,No,0.005836033882266479,Low,N/A,N/A
7781-HVGMK,65.2,72,Two year,DSL,Credit card (automatic),0,0,No,0.0007793117741931127,Low,N/A,N/A
2181-UAESM,53.45,2,Month-to-month,DSL,Electronic check,0,0,No,0.7193924904611989,Critical,Tenure,Contract Upgrade Incentive
6048-NJXHX,19.75,41,Two year,No,Electronic check,0,0,No,0.01212161824535136,Low,N/A,N/A
2320-SLKMB,44.45,26,Month-to-month,DSL,Credit card (automatic),0,0,No,0.271995019409179,Low,N/A,N/A
4980-URKXC,20.85,36,One year,No,Bank transfer (automatic),0,0,No,0.038627306453771194,Low,N/A,N/A
4376-KFVRS,114.05,72,Two year,Fiber optic,Credit card (automatic),0,0,No,0.0005324993054451741,Low,N/A,N/A
5886-VLQVU,89.85,35,Month-to-month,Fiber optic,Bank transfer (automatic),0,0,No,0.2318936482225912,Low,N/A,N/A
3577-AMVUX,55.05,1,Month-to-month,DSL,Mailed check,0,0,No,0.578748685292287,High,Tenure,Contract Upgrade Incentive
0771-WLCLA,112.95,16,Month-to-month,Fiber optic,Electronic check,0,0,No,0.5353107494216975,High,Internetservice Fiber Optic,Contract Upgrade Incentive
5628-RKIFK,101.55,49,Month-to-month,Fiber optic,Credit card (automatic),0,0,No,0.10372518093039991,Low,N/A,N/A
0206-TBWLC,114.65,54,One year,Fiber optic,Mailed check,0,0,No,0.011780313435414979,Low,N/A,N/A
2937-FTHUR,64.8,18,Month-to-month,DSL,Electronic check,1,0,No,0.7167990247450888,Critical,Numtechtickets,Contract Upgrade Incentive
1910-FMXJM,80.4,36,Month-to-month,Fiber optic,Electronic check,0,0,No,0.40217682412664013,High,Internetservice Fiber Optic,Contract Upgrade Incentive
0732-OCQOC,25.05,52,Two year,No,Bank transfer (automatic),0,0,No,0.0039046106578864864,Low,N/A,N/A
5168-MSWXT,94.75,8,Month-to-month,Fiber optic,Electronic check,0,2,No,0.7770042669234298,Critical,Internetservice Fiber Optic,Contract Upgrade Incentive
1090-ESELR,105.5,72,Two year,Fiber optic,Bank transfer (automatic),0,2,No,0.0008397236465502342,Low,N/A,N/A
8592-PLTMQ,24.7,64,One year,No,Mailed check,0,5,No,0.007396037849603622,Low,N/A,N/A
5760-WRAHC,69.75,22,Month-to-month,DSL,Mailed check,0,1,No,0.2528458398550255,Low,N/A,N/A
8847-GEOOQ,60.2,60,Month-to-month,DSL,Bank transfer (automatic),0,3,No,0.02341499592769624,Low,N/A,N/A
4785-FCIFB,24.4,61,Two year,No,Mailed check,0,0,No,0.0025071154035846387,Low,N/A,N/A
8313-NDOIA,104.15,24,Month-to-month,Fiber optic,Electronic check,0,0,No,0.5193300301088065,High,Internetservice Fiber Optic,Contract Upgrade Incentive
5149-CUZUJ,92.9,28,One year,Fiber optic,Bank transfer (automatic),0,0,No,0.127135994731863,Low,N/A,N/A
0942-KOWSM,80.8,30,Two year,DSL,Bank transfer (automatic),0,0,No,0.011447537341337823,Low,N/A,N/A
4237-CLSMM,20.0,2,Month-to-month,No,Mailed check,0,0,No,0.3952085323847499,Low,N/A,N/A
1452-VOQCH,75.1,1,Month-to-month,Fiber optic,Electronic check,0,0,No,0.9075600889490062,Critical,Internetservice Fiber Optic,Contract Upgrade Incentive
4719-UMSIY,19.65,6,Month-to-month,No,Mailed check,0,0,No,0.32517750372633597,Low,N/A,N/A
6614-VBEGU,69.45,24,Month-to-month,DSL,Bank transfer (automatic),0,0,No,0.23977579360595908,Low,N/A,N/A
1480-BKXGA,116.05,72,Two year,Fiber optic,Bank transfer (automatic),6,0,No,0.6892581706847581,High,Numtechtickets,Proactive Tech Support Outreach
2996-XAUVF,40.05,70,Two year,DSL,Mailed check,0,0,No,0.0024358955965702385,Low,N/A,N/A
9076-AXYIK,102.1,64,Two year,Fiber optic,Electronic check,0,0,No,0.0037784773138011462,Low,N/A,N/A
5968-XQIVE,89.7,72,One year,Fiber optic,Electronic check,0,2,No,0.008771085674388715,Low,N/A,N/A
8896-RAZCR,19.9,44,Two year,No,Mailed check,0,0,No,0.006636324480566356,Low,N/A,N/A
4933-IKULF,20.65,17,One year,No,Mailed check,0,0,No,0.12951992979884952,Low,N/A,N/A
1304-BCCFO,70.05,9,Month-to-month,DSL,Mailed check,0,0,No,0.4265913807505604,High,Tenure,Contract Upgrade Incentive
4104-PVRPS,53.6,24,Month-to-month,DSL,Mailed check,0,0,No,0.2214122910385041,Low,N/A,N/A
3780-DDGSE,76.05,35,Month-to-month,DSL,Electronic check,0,0,No,0.11628790216146691,Low,N/A,N/A
4431-EDMIQ,75.7,7,Month-to-month,DSL,Electronic check,0,2,No,0.4859465554847342,High,Tenure,Contract Upgrade Incentive
0486-LGCCH,19.65,11,Two year,No,Mailed check,0,0,No,0.034412779702203876,Low,N/A,N/A
4612-SSVHJ,81.45,20,Month-to-month,Fiber optic,Electronic check,0,0,No,0.7421378647210489,Critical,Internetservice Fiber Optic,Contract Upgrade Incentive
5168-MQQCA,108.5,72,One year,Fiber optic,Bank transfer (automatic),0,3,No,0.003169588675534793,Low,N/A,N/A
7971-HLVXI,84.5,72,Two year,Fiber optic,Credit card (automatic),0,0,No,0.002067782713688528,Low,N/A,N/A
9094-AZPHK,100.15,15,Month-to-month,Fiber optic,Electronic check,0,0,No,0.7157541296793837,Critical,Internetservice Fiber Optic,Contract Upgrade Incentive
3649-JPUGY,88.6,72,Two year,DSL,Bank transfer (automatic),2,0,No,0.005960299374858946,Low,N/A,N/A
4472-LVYGI,52.55,0,Two year,DSL,Bank transfer (automatic),0,0,No,0.13684511630343638,Low,N/A,N/A
3552-CTCYF,104.8,63,Two year,Fiber optic,Bank transfer (automatic),0,0,No,0.002239460837097189,Low,N/A,N/A
6778-YSNIH,59.0,2,Month-to-month,DSL,Electronic check,0,0,No,0.7239506086051654,Critical,Tenure,Contract Upgrade Incentive
5756-OZRIO,64.05,61,One year,DSL,Bank transfer (automatic),0,0,No,0.010680365619694758,Low,N/A,N/A
6579-JPICP,20.4,1,Month-to-month,No,Mailed check,0,0,No,0.4210878698893815,High,Tenure,Contract Upgrade Incentive
4134-BSXLX,60.9,28,Month-to-month,DSL,Mailed check,0,0,No,0.15397254797431884,Low,N/A,N/A
0505-SPOOW,19.8,70,Two year,No,Bank transfer (automatic),0,0,No,0.0019408842798397808,Low,N/A,N/A
4374-YMUSQ,116.25,34,One year,Fiber optic,Credit card (automatic),0,0,No,0.059909368015606625,Low,N/A,N/A
4513-CXYIX,80.7,71,Two year,Fiber optic,Credit card (automatic),0,2,No,0.00418522446540074,Low,N/A,N/A
3957-HHLMR,65.2,70,One year,DSL,Bank transfer (automatic),0,0,No,0.004222653213559247,Low,N/A,N/A
7803-XOCCZ,84.05,52,Month-to-month,Fiber optic,Bank transfer (automatic),0,0,No,0.0840106494488132,Low,N/A,N/A
5736-YEJAX,79.45,69,Two year,DSL,Credit card (automatic),0,5,No,0.000569247520475841,Low,N/A,N/A
8981-FJGLA,78.0,11,Month-to-month,Fiber optic,Mailed check,0,1,No,0.7069783375933191,Critical,Internetservice Fiber Optic,Contract Upgrade Incentive
1135-LMECX,19.85,1,Month-to-month,No,Mailed check,0,0,No,0.44617774558509216,High,Tenure,Contract Upgrade Incentive
4332-MUOEZ,94.3,20,One year,Fiber optic,Credit card (automatic),0,0,No,0.2512300962867831,Low,N/A,N/A
8535-SFUTN,106.45,61,Month-to-month,Fiber optic,Electronic check,0,0,No,0.04306643966815496,Low,N/A,N/A
8677-HDZEE,105.45,56,Month-to-month,Fiber optic,Bank transfer (automatic),0,0,No,0.03992308050460814,Low,N/A,N/A
2475-MROZF,95.0,30,Month-to-month,Fiber optic,Credit card (automatic),0,4,No,0.28394616437499426,Low,N/A,N/A
3482-ABPKK,54.3,28,One year,DSL,Mailed check,0,0,No,0.08368035802983885,Low,N/A,N/A
6705-LXORM,70.05,5,Month-to-month,Fiber optic,Electronic check,0,0,No,0.9114683994151614,Critical,Internetservice Fiber Optic,Contract Upgrade Incentive
7531-GQHME,20.05,12,Month-to-month,No,Credit card (automatic),0,0,No,0.2935953060065219,Low,N/A,N/A
5174-ITUMV,105.4,67,One year,Fiber optic,Electronic check,0,0,No,0.007981764522720503,Low,N/A,N/A
4109-CYRBD,51.6,29,Month-to-month,DSL,Electronic check,0,2,No,0.3473376952313527,Low,N/A,N/A
0913-XWSCN,85.5,55,Month-to-month,Fiber optic,Bank transfer (automatic),0,0,No,0.07078522648195099,Low,N/A,N/A
0750-EBAIU,91.25,52,One year,Fiber optic,Electronic check,0,0,No,0.0494329430696688,Low,N/A,N/A
8606-CIQUL,115.75,72,Two year,Fiber optic,Credit card (automatic),0,0,No,0.000659120819766224,Low,N/A,N/A
3571-DPYUH,94.7,58,One year,Fiber optic,Credit card (automatic),0,0,No,0.012747544492792173,Low,N/A,N/A
7601-GNDYK,19.6,35,Two year,No,Mailed check,0,2,No,0.009397892608617687,Low,N/A,N/A
0356-OBMAC,99.9,56,Two year,Fiber optic,Bank transfer (automatic),0,0,No,0.00615021856339361,Low,N/A,N/A
8067-NIOYM,21.1,24,Two year,No,Credit card (automatic),0,0,No,0.019312842268491066,Low,N/A,N/A
1403-GYAFU,20.05,70,Two year,No,Credit card (automatic),6,0,No,0.797675620366949,Critical,Numtechtickets,Proactive Tech Support Outreach
4234-XTNEA,79.95,2,Month-to-month,Fiber optic,Electronic check,0,0,No,0.8945780469036957,Critical,Internetservice Fiber Optic,Contract Upgrade Incentive
1297-VQDRP,107.15,68,One year,Fiber optic,Credit card (automatic),0,0,No,0.0043735871076357215,Low,N/A,N/A
5348-CAGXB,89.55,12,Month-to-month,Fiber optic,Electronic check,0,0,No,0.7764149963635429,Critical,Internetservice Fiber Optic,Contract Upgrade Incentive
0621-HJWXJ,81.55,63,Month-to-month,Fiber optic,Bank transfer (automatic),0,1,No,0.05891843737794085,Low,N/A,N/A
5844-QVTAT,58.45,33,One year,DSL,Mailed check,0,0,No,0.055508936329387026,Low,N/A,N/A
8905-IAZPF,95.65,69,One year,Fiber optic,Credit card (automatic),0,0,No,0.00752108825629675,Low,N/A,N/A
5394-MEITZ,80.6,60,Two year,DSL,Bank transfer (automatic),0,0,No,0.0011519247073892066,Low,N/A,N/A
6859-QNXIQ,113.1,72,Two year,Fiber optic,Bank transfer (automatic),0,0,No,0.0006777021241607857,Low,N/A,N/A
2782-LFZVW,58.95,11,Month-to-month,DSL,Mailed check,0,0,No,0.4736015538230239,High,Tenure,Contract Upgrade Incentive
2866-IKBTM,19.55,1,Month-to-month,No,Mailed check,0,0,No,0.44718727706188965,High,Tenure,Contract Upgrade Incentive
7129-AZJDE,78.95,34,One year,Fiber optic,Bank transfer (automatic),0,5,No,0.1426441671510149,Low,N/A,N/A
2560-PPCHE,105.05,65,One year,Fiber optic,Bank transfer (automatic),0,0,No,0.007440934830671329,Low,N/A,N/A
4676-MQUEA,101.9,50,One year,Fiber optic,Bank transfer (automatic),4,0,No,0.870264870530697,Critical,Numtechtickets,Proactive Tech Support Outreach
8138-EALND,19.75,15,Month-to-month,No,Mailed check,1,0,No,0.5571336806345113,High,Tenure,Contract Upgrade Incentive
3580-HYCSP,110.3,72,Two year,Fiber optic,Bank transfer (automatic),0,2,No,0.0008579081483490395,Low,N/A,N/A
1352-HNSAW,115.6,72,Two year,Fiber optic,Bank transfer (automatic),4,0,No,0.1146016910534005,Low,N/A,N/A
2075-PUEPR,19.35,55,Two year,No,Bank transfer (automatic),0,0,No,0.003439229563923014,Low,N/A,N/A
1982-FEBTD,25.6,23,Two year,No,Credit card (automatic),0,0,No,0.01896026715241622,Low,N/A,N/A
5791-KAJFD,68.75,56,One year,DSL,Bank transfer (automatic),0,0,No,0.01009657207833413,Low,N/A,N/A
2654-VBVPB,19.9,1,Month-to-month,No,Bank transfer (automatic),0,0,No,0.4747510379098021,High,Tenure,Contract Upgrade Incentive
1154-HYWWO,70.6,38,One year,DSL,Mailed check,0,0,No,0.027293833530179324,Low,N/A,N/A
2501-XWWTZ,70.2,11,Month-to-month,Fiber optic,Electronic check,0,1,No,0.8370541765706874,Critical,Internetservice Fiber Optic,Contract Upgrade Incentive
3716-UVSPD,49.3,1,Month-to-month,DSL,Electronic check,0,2,No,0.7041297849223699,Critical,Tenure,Contract Upgrade Incentive
6815-ABQFQ,107.25,56,One year,Fiber optic,Electronic check,0,0,No,0.017171077654378853,Low,N/A,N/A
7343-EOBEU,23.6,3,Month-to-month,No,Mailed check,0,0,No,0.36844599082266827,Low,N/A,N/A
3701-SFMUH,69.7,7,Month-to-month,DSL,Credit card (automatic),0,0,No,0.4316982311470072,High,Tenure,Contract Upgrade Incentive
6103-LIANB,99.5,59,Two year,Fiber optic,Credit card (automatic),0,0,No,0.00348789368631023,Low,N/A,N/A
7319-VENRZ,64.3,7,Month-to-month,DSL,Bank transfer (automatic),0,0,No,0.4723538856555969,High,Tenure,Contract Upgrade Incentive
5846-NEQVZ,70.85,71,Two year,DSL,Credit card (automatic),0,0,No,0.0006492960553403579,Low,N/A,N/A
6967-QIQRV,101.9,15,One year,Fiber optic,Electronic check,0,0,No,0.33288583711662356,Low,N/A,N/A
5781-RFZRP,73.5,71,Two year,DSL,Credit card (automatic),0,0,No,0.0006428997182463089,Low,N/A,N/A
0308-IVGOK,40.4,11,One year,DSL,Credit card (automatic),0,0,No,0.277572453635457,Low,N/A,N/A
7293-LSCDV,19.25,60,Two year,No,Credit card (automatic),0,0,No,0.002833844556279475,Low,N/A,N/A
7025-WCBNE,59.6,47,Two year,DSL,Bank transfer (automatic),0,0,No,0.008113160762425709,Low,N/A,N/A
5756-JYOJT,64.9,11,One year,DSL,Credit card (automatic),0,0,No,0.20231512991422104,Low,N/A,N/A
6030-REHUX,110.85,28,Month-to-month,Fiber optic,Electronic check,0,0,No,0.38106511207442373,Low,N/A,N/A
9548-LIGTA,81.05,61,Two year,DSL,Mailed check,0,4,No,0.0010966164809509801,Low,N/A,N/A
5150-LJNSR,98.05,31,One year,Fiber optic,Bank transfer (automatic),0,0,No,0.11478118463816102,Low,N/A,N/A
8270-RKSAP,70.5,9,Month-to-month,Fiber optic,Electronic check,0,0,No,0.85610120023778,Critical,Internetservice Fiber Optic,Contract Upgrade Incentive
6522-YRBXD,94.55,35,Month-to-month,Fiber optic,Electronic check,0,5,No,0.3643331362151422,Low,N/A,N/A
2640-LYMOV,19.65,2,Month-to-month,No,Mailed check,0,0,No,0.4101729982478739,High,Tenure,Contract Upgrade Incentive
1423-BMPBQ,19.0,1,Month-to-month,No,Mailed check,0,0,No,0.3981109409253806,Low,N/A,N/A
2393-DIVAI,20.0,3,Month-to-month,No,Mailed check,0,0,No,0.41834154684910735,High,Tenure,Contract Upgrade Incentive
4568-KNYWR,63.25,52,Two year,DSL,Credit card (automatic),0,0,No,0.004652625529496455,Low,N/A,N/A
8752-IMQOS,20.1,5,One year,No,Mailed check,0,0,No,0.14831345809136962,Low,N/A,N/A
0742-LAFQK,99.15,72,Two year,Fiber optic,Electronic check,0,0,No,0.00197041833131783,Low,N/A,N/A
0795-LAFGP,90.4,71,Two year,DSL,Electronic check,0,0,No,0.00043695175013396377,Low,N/A,N/A
0619-OLYUR,111.9,72,Two year,Fiber optic,Credit card (automatic),0,0,No,0.0007254210998227769,Low,N/A,N/A
5512-IDZEI,24.9,46,One year,No,Electronic check,0,3,No,0.024094666714506656,Low,N/A,N/A
0459-SPZHJ,83.5,63,Two year,DSL,Credit card (automatic),2,0,No,0.01180158290496792,Low,N/A,N/A
0215-BQKGS,84.3,30,Month-to-month,Fiber optic,Credit card (automatic),0,0,No,0.39028593797477457,Low,N/A,N/A
9244-ZVAPM,45.6,1,Month-to-month,DSL,Mailed check,0,0,No,0.6564918339501441,High,Tenure,Contract Upgrade Incentive
8208-EUMTE,54.85,16,Two year,DSL,Mailed check,0,0,No,0.049467021618167295,Low,N/A,N/A
5172-MIGPM,65.55,4,Month-to-month,DSL,Mailed check,0,0,No,0.4929722417368879,High,Tenure,Contract Upgrade Incentive
1710-RCXUS,90.35,51,One year,Fiber optic,Credit card (automatic),0,0,No,0.034540085038813964,Low,N/A,N/A
0374-FIUCA,20.4,65,Two year,No,Credit card (automatic),0,0,No,0.002090002897603891,Low,N/A,N/A
5839-SUYVZ,74.55,16,Month-to-month,Fiber optic,Credit card (automatic),0,0,No,0.6413221163746021,High,Internetservice Fiber Optic,Contract Upgrade Incentive
5173-ZXXXL,19.95,2,One year,No,Mailed check,0,0,No,0.20129736469561324,Low,N/A,N/A
1096-ADRUX,74.25,66,One year,Fiber optic,Bank transfer (automatic),0,0,No,0.019377897376732768,Low,N/A,N/A
2001-MCUUW,108.65,46,Two year,Fiber optic,Electronic check,0,0,No,0.012096414849401436,Low,N/A,N/A
2731-GJRDG,109.55,32,One year,Fiber optic,Bank transfer (automatic),0,0,No,0.08994109942205648,Low,N/A,N/A
4723-BEGSG,86.65,72,Two year,DSL,Credit card (automatic),0,0,No,0.0004041633611760601,Low,N/A,N/A
6516-NKQBO,81.0,38,Two year,DSL,Credit card (automatic),0,0,No,0.005256459619128456,Low,N/A,N/A
8672-OAUPW,47.85,51,One year,DSL,Credit card (automatic),0,0,No,0.020051900569589245,Low,N/A,N/A
8207-DMRVL,114.55,72,Two year,Fiber optic,Bank transfer (automatic),0,0,No,0.0005934871266260823,Low,N/A,N/A
2804-ETQDK,20.55,66,Two year,No,Mailed check,0,1,No,0.0017483060977297438,Low,N/A,N/A
6689-VRRTK,109.8,44,One year,Fiber optic,Credit card (automatic),0,4,No,0.0492163468481321,Low,N/A,N/A
7138-GIRSH,69.5,50,Two year,DSL,Bank transfer (automatic),0,0,No,0.004009946913332325,Low,N/A,N/A
9396-ZSFLL,48.85,15,Month-to-month,DSL,Mailed check,0,3,No,0.4559171857203211,High,Tenure,Contract Upgrade Incentive
6464-KEXXH,25.25,8,Month-to-month,DSL,Credit card (automatic),0,0,No,0.6418657174453947,High,Tenure,Contract Upgrade Incentive
7134-MJPDY,102.85,66,One year,Fiber optic,Credit card (automatic),0,0,No,0.007863592101534731,Low,N/A,N/A
5240-CAOYT,87.55,57,Month-to-month,Fiber optic,Bank transfer (automatic),0,0,No,0.06576268103973157,Low,N/A,N/A
4059-IIEBK,78.55,7,Month-to-month,Fiber optic,Bank transfer (automatic),0,0,No,0.8231589741263521,Critical,Internetservice Fiber Optic,Contract Upgrade Incentive
4881-JVQOD,34.55,10,Month-to-month,DSL,Bank transfer (automatic),0,1,No,0.59176795588475,High,Tenure,Contract Upgrade Incentive
0516-UXRMT,92.05,62,One year,Fiber optic,Electronic check,0,3,No,0.024270183662368647,Low,N/A,N/A
4851-BQDNX,85.05,40,One year,Fiber optic,Electronic check,0,3,No,0.11464729530985637,Low,N/A,N/A
5148-HKFIR,19.7,20,Two year,No,Mailed check,0,0,No,0.028449702936154803,Low,N/A,N/A
3003-CMDUU,95.15,25,Month-to-month,Fiber optic,Electronic check,0,2,No,0.4803059371928201,High,Internetservice Fiber Optic,Contract Upgrade Incentive
5016-IBERQ,84.25,23,Month-to-month,Fiber optic,Electronic check,0,0,No,0.6011602968464612,High,Internetservice Fiber Optic,Contract Upgrade Incentive
6797-UCJHZ,104.6,66,One year,Fiber optic,Credit card (automatic),0,0,No,0.009323209165094807,Low,N/A,N/A
2469-DTSGX,111.65,72,Two year,Fiber optic,Electronic check,0,5,No,0.0016596576197759137,Low,N/A,N/A
9931-KGHOA,55.0,46,Month-to-month,DSL,Bank transfer (automatic),0,0,No,0.0895913916864426,Low,N/A,N/A
1775-KWJKQ,89.85,72,Two year,DSL,Credit card (automatic),0,0,No,0.00028578690541115496,Low,N/A,N/A
7665-VIGUD,20.35,10,One year,No,Mailed check,0,1,No,0.13983046894573842,Low,N/A,N/A
9411-TPQQV,54.55,40,One year,DSL,Bank transfer (automatic),0,0,No,0.043388505493744574,Low,N/A,N/A
7954-MLBUN,99.45,31,Two year,Fiber optic,Bank transfer (automatic),1,0,No,0.11948930457220897,Low,N/A,N/A
2077-DDHJK,70.9,68,Two year,DSL,Credit card (automatic),0,0,No,0.000979956011076429,Low,N/A,N/A
9574-BOSMD,25.4,68,Two year,No,Bank transfer (automatic),0,0,No,0.001445710260322493,Low,N/A,N/A
4908-XAXAY,89.85,49,One year,Fiber optic,Bank transfer (automatic),0,0,No,0.06351148466805856,Low,N/A,N/A
8404-VLQFB,25.25,15,Month-to-month,No,Electronic check,0,0,No,0.30308721639082165,Low,N/A,N/A
2391-IPLOP,69.65,50,One year,DSL,Electronic check,0,0,No,0.015904564988114846,Low,N/A,N/A
3509-GWQGF,70.0,24,Month-to-month,Fiber optic,Credit card (automatic),0,2,No,0.6181108051164094,High,Internetservice Fiber Optic,Contract Upgrade Incentive
5845-BZZIB,20.1,35,Two year,No,Mailed check,0,0,No,0.009432426640231185,Low,N/A,N/A
1140-UKVZG,24.8,17,Month-to-month,No,Mailed check,0,0,No,0.2291610198282619,Low,N/A,N/A
5183-SNMJQ,95.1,10,Month-to-month,Fiber optic,Credit card (automatic),0,4,No,0.6684593052306678,High,Internetservice Fiber Optic,Contract Upgrade Incentive
8100-PNJMH,88.85,68,Two year,DSL,Credit card (automatic),0,0,No,0.00040529832672765617,Low,N/A,N/A
7838-LAZFO,78.8,45,One year,DSL,Bank transfer (automatic),0,0,No,0.017022229675706508,Low,N/A,N/A
2085-JVGAD,20.35,37,Month-to-month,No,Bank transfer (automatic),0,0,No,0.09610529310283762,Low,N/A,N/A
8095-WANWK,45.25,10,Month-to-month,DSL,Mailed check,0,0,No,0.5453188148720315,High,Tenure,Contract Upgrade Incentive
3030-ZKIWL,20.05,1,Month-to-month,No,Mailed check,0,0,No,0.4222499641773774,High,Tenure,Contract Upgrade Incentive
9565-FLVCG,69.55,65,Two year,DSL,Mailed check,0,0,No,0.0012142337643525297,Low,N/A,N/A
8755-OGKNA,19.5,57,Two year,No,Bank transfer (automatic),0,0,No,0.0034058915343063005,Low,N/A,N/A
2800-VEQXM,74.75,3,Month-to-month,Fiber optic,Mailed check,0,0,No,0.8533798060510771,Critical,Internetservice Fiber Optic,Contract Upgrade Incentive
5533-RJFTJ,30.2,49,Month-to-month,DSL,Bank transfer (automatic),0,0,No,0.1371826468889078,Low,N/A,N/A
0214-JHPFW,57.8,70,Two year,DSL,Bank transfer (automatic),0,0,No,0.0014959280981796444,Low,N/A,N/A
5642-MHDQT,19.85,53,One year,No,Bank transfer (automatic),0,0,No,0.014876845104667644,Low,N/A,N/A
3088-FVYWK,25.55,53,Two year,No,Credit card (automatic),0,0,No,0.003092825793628288,Low,N/A,N/A
9092-GDZKO,24.85,22,Month-to-month,No,Credit card (automatic),0,0,No,0.18164956836239285,Low,N/A,N/A
3729-OWRVL,110.35,65,Two year,Fiber optic,Electronic check,0,0,No,0.002713771506797388,Low,N/A,N/A
2324-AALNO,24.55,48,One year,No,Bank transfer (automatic),0,3,No,0.0207154068527456,Low,N/A,N/A
5760-IFJOZ,107.95,3,Month-to-month,Fiber optic,Mailed check,0,0,No,0.7686688580757126,Critical,Internetservice Fiber Optic,Contract Upgrade Incentive
2826-UWHIS,81.4,45,Month-to-month,Fiber optic,Bank transfer (automatic),2,3,No,0.7434475817400991,Critical,Numtechtickets,Contract Upgrade Incentive
7501-IWUNG,73.8,61,Two year,DSL,Bank transfer (automatic),0,3,No,0.001337513529600119,Low,N/A,N/A
4957-TREIR,64.4,3,Month-to-month,DSL,Credit card (automatic),0,0,No,0.5257871217500576,High,Tenure,Contract Upgrade Incentive
7251-LJBQN,103.75,40,One year,Fiber optic,Credit card (automatic),0,1,No,0.0649597103607336,Low,N/A,N/A
8040-MNRTF,71.1,1,Month-to-month,Fiber optic,Mailed check,0,2,No,0.8767752664616013,Critical,Internetservice Fiber Optic,Contract Upgrade Incentive
1536-HBSWP,49.9,1,Month-to-month,DSL,Electronic check,0,0,No,0.7218319750684716,Critical,Tenure,Contract Upgrade Incentive
5313-FPXWG,24.6,51,One year,No,Bank transfer (automatic),0,0,No,0.016010105074274354,Low,N/A,N/A
0946-FKYTX,30.1,52,One year,DSL,Mailed check,0,0,No,0.040555010362458385,Low,N/A,N/A
5076-YVXCM,83.4,51,Month-to-month,Fiber optic,Bank transfer (automatic),0,3,No,0.12367697243297987,Low,N/A,N/A
8262-COGGB,20.45,1,Month-to-month,No,Mailed check,0,0,No,0.42092192745457413,High,Tenure,Contract Upgrade Incentive
6663-JOCQO,75.25,31,One year,DSL,Bank transfer (automatic),0,5,No,0.03671615174357687,Low,N/A,N/A
9620-QJREV,20.55,47,One year,No,Credit card (automatic),4,5,No,0.781821214152575,Critical,Numtechtickets,Proactive Tech Support Outreach
2682-KEVRP,20.05,22,One year,No,Mailed check,0,0,No,0.10248227611083564,Low,N/A,N/A
2480-JZOSN,20.65,1,Month-to-month,No,Mailed check,0,3,No,0.42926535597227083,High,Tenure,Contract Upgrade Incentive
0078-XZMHT,85.15,72,Two year,DSL,Bank transfer (automatic),0,0,No,0.0004080206510661301,Low,N/A,N/A
9978-HYCIN,84.95,47,One year,Fiber optic,Bank transfer (automatic),0,4,No,0.060454052425601056,Low,N/A,N/A
8338-QIUNR,66.5,72,Two year,DSL,Credit card (automatic),0,0,No,0.0006906649701878686,Low,N/A,N/A
1525-LNLOJ,63.3,66,Two year,DSL,Bank transfer (automatic),0,0,No,0.001539966034849837,Low,N/A,N/A
9450-TRJUU,83.15,35,Month-to-month,Fiber optic,Electronic check,0,0,No,0.4032944499878437,High,Internetservice Fiber Optic,Contract Upgrade Incentive
1766-GKNMI,84.9,29,Month-to-month,Fiber optic,Electronic check,0,0,No,0.4967398627245184,High,Internetservice Fiber Optic,Contract Upgrade Incentive
6942-LBFDP,20.55,2,Month-to-month,No,Mailed check,0,0,No,0.4307442258586285,High,Tenure,Contract Upgrade Incentive
1456-TWCGB,49.25,4,Month-to-month,DSL,Mailed check,0,0,No,0.5985152128752756,High,Tenure,Contract Upgrade Incentive
7596-ZYWBB,59.6,65,Two year,DSL,Mailed check,2,0,No,0.02646370201621996,Low,N/A,N/A
8329-UTMVM,104.65,27,One year,Fiber optic,Bank transfer (automatic),0,0,No,0.1576959505278249,Low,N/A,N/A
3014-WJKSM,75.3,29,Month-to-month,Fiber optic,Credit card (automatic),0,0,No,0.4309005181833283,High,Internetservice Fiber Optic,Contract Upgrade Incentive
3347-YJZZE,80.1,29,Month-to-month,DSL,Credit card (automatic),0,0,No,0.1147527319268372,Low,N/A,N/A
7929-DMBCV,81.0,20,Month-to-month,Fiber optic,Mailed check,0,0,No,0.5287988450209492,High,Internetservice Fiber Optic,Contract Upgrade Incentive
9661-JALZV,24.7,58,Two year,No,Credit card (automatic),0,0,No,0.00312544745329703,Low,N/A,N/A
5433-KYGHE,86.0,14,Month-to-month,Fiber optic,Mailed check,0,0,No,0.6032411815875982,High,Internetservice Fiber Optic,Contract Upgrade Incentive
4312-KFRXN,25.4,72,Two year,No,Mailed check,0,0,No,0.0011958586435529609,Low,N/A,N/A
5575-TPIZQ,89.15,46,Month-to-month,Fiber optic,Credit card (automatic),0,0,No,0.13198101077420057,Low,N/A,N/A
0114-IGABW,58.25,71,Two year,DSL,Bank transfer (automatic),0,4,No,0.0013677321106619373,Low,N/A,N/A
9944-AEXBM,85.65,32,Month-to-month,Fiber optic,Bank transfer (automatic),0,0,No,0.36043198248844327,Low,N/A,N/A
1853-ARAAQ,50.35,26,Month-to-month,DSL,Credit card (automatic),0,0,No,0.290664101973343,Low,N/A,N/A
6952-OMNWB,80.35,68,Month-to-month,Fiber optic,Credit card (automatic),3,0,No,0.6965213375114001,High,Numtechtickets,Proactive Tech Support Outreach
4697-LUPSU,20.2,2,One year,No,Mailed check,0,0,No,0.16993571135447758,Low,N/A,N/A
8434-VGEQQ,20.55,61,Two year,No,Credit card (automatic),0,0,No,0.0022593626084749254,Low,N/A,N/A
6549-YMFAW,21.25,9,Month-to-month,No,Mailed check,0,3,No,0.34857597404620144,Low,N/A,N/A
4950-HKQTE,26.25,22,Two year,No,Mailed check,0,0,No,0.022299955726349376,Low,N/A,N/A
6786-OBWQR,80.85,5,Month-to-month,Fiber optic,Electronic check,0,0,No,0.858910033016854,Critical,Internetservice Fiber Optic,Contract Upgrade Incentive
2753-JMMCV,74.2,65,Two year,DSL,Credit card (automatic),0,0,No,0.0010834655686719685,Low,N/A,N/A
6621-YOBKI,20.35,5,Month-to-month,No,Mailed check,0,0,No,0.3689170655543446,Low,N/A,N/A
1216-JWVUX,75.5,25,Month-to-month,Fiber optic,Electronic check,0,0,No,0.5743819288204196,High,Internetservice Fiber Optic,Contract Upgrade Incentive
7564-GHCVB,79.05,72,Two year,Fiber optic,Bank transfer (automatic),0,0,No,0.002961341543428049,Low,N/A,N/A
1173-NOEYG,90.15,27,Month-to-month,Fiber optic,Bank transfer (automatic),0,0,No,0.4321195570891865,High,Internetservice Fiber Optic,Contract Upgrade Incentive
7595-EHCDL,50.6,32,Month-to-month,DSL,Credit card (automatic),0,0,No,0.16586468618174682,Low,N/A,N/A
6647-ZEDXT,110.45,30,One year,Fiber optic,Credit card (automatic),0,0,No,0.09985725999652863,Low,N/A,N/A
2521-NPUZR,101.0,70,Two year,Fiber optic,Credit card (automatic),4,0,No,0.19978673993431223,Low,N/A,N/A
1307-TVUFB,79.35,42,Month-to-month,Fiber optic,Bank transfer (automatic),0,5,No,0.2714132917888128,Low,N/A,N/A
7503-MIOGA,89.85,72,Two year,DSL,Bank transfer (automatic),0,0,No,0.0004605255181329557,Low,N/A,N/A
4381-MHQDC,65.0,47,Two year,DSL,Mailed check,0,0,No,0.005745725654422039,Low,N/A,N/A
6923-JHPMP,80.45,2,Month-to-month,Fiber optic,Electronic check,0,0,No,0.9036662931324616,Critical,Internetservice Fiber Optic,Contract Upgrade Incentive
4018-PPNDW,24.1,61,Two year,No,Mailed check,0,0,No,0.002072772969023174,Low,N/A,N/A
1635-FJFCC,44.05,5,Month-to-month,DSL,Credit card (automatic),0,0,No,0.638726131088006,High,Tenure,Contract Upgrade Incentive
2499-AJYUA,110.8,72,Two year,Fiber optic,Credit card (automatic),0,3,No,0.001065196225139268,Low,N/A,N/A
6919-ELBGL,114.95,72,Two year,Fiber optic,Bank transfer (automatic),0,0,No,0.0007573694463463366,Low,N/A,N/A
3966-HRMZA,75.05,3,Month-to-month,Fiber optic,Mailed check,0,0,No,0.8789313046784238,Critical,Internetservice Fiber Optic,Contract Upgrade Incentive
6425-JWTDV,19.25,48,Two year,No,Mailed check,0,5,No,0.005525801550142963,Low,N/A,N/A
8405-IGQFX,90.05,63,One year,Fiber optic,Credit card (automatic),0,5,No,0.012677399849938008,Low,N/A,N/A
8224-IVVPA,56.7,27,Month-to-month,DSL,Mailed check,0,0,No,0.23116031990797722,Low,N/A,N/A
9477-LGWQI,80.15,70,Two year,DSL,Credit card (automatic),0,0,No,0.0006004918729019013,Low,N/A,N/A
1410-RSCMR,71.35,7,Month-to-month,DSL,Credit card (automatic),0,0,No,0.37798320922122164,Low,N/A,N/A
3115-CZMZD,20.25,0,Two year,No,Mailed check,0,5,No,0.06459535091566444,Low,N/A,N/A
0139-IVFJG,90.35,2,Month-to-month,Fiber optic,Electronic check,0,5,No,0.8840956024960162,Critical,Internetservice Fiber Optic,Contract Upgrade Incentive
5730-DBDSI,19.7,66,Two year,No,Bank transfer (automatic),0,0,No,0.0023863321138119036,Low,N/A,N/A
0030-FNXPP,19.85,3,Month-to-month,No,Mailed check,0,0,No,0.4191847784229218,High,Tenure,Contract Upgrade Incentive
5684-FJVYR,90.35,72,Two year,Fiber optic,Bank transfer (automatic),0,5,No,0.0015892124174278872,Low,N/A,N/A
4013-GUXND,20.8,1,Month-to-month,No,Mailed check,0,0,No,0.41976083263541414,High,Tenure,Contract Upgrade Incentive
1266-NZYUI,66.85,72,Two year,DSL,Bank transfer (automatic),0,0,No,0.0008180811130503345,Low,N/A,N/A
7969-FFOWG,19.9,65,Two year,No,Mailed check,0,5,No,0.0017849596010859788,Low,N/A,N/A
4718-DHSMV,35.8,11,Month-to-month,DSL,Mailed check,0,0,No,0.5695183296089829,High,Tenure,Contract Upgrade Incentive
5175-WLYXL,78.85,22,Month-to-month,Fiber optic,Mailed check,0,0,No,0.5592017009909221,High,Internetservice Fiber Optic,Contract Upgrade Incentive
7817-OMJNA,20.4,14,One year,No,Bank transfer (automatic),0,0,No,0.12678360908880434,Low,N/A,N/A
8728-SKJLR,74.25,41,Month-to-month,Fiber optic,Electronic check,0,0,No,0.30008096856856287,Low,N/A,N/A
3137-NYQQI,64.8,17,One year,DSL,Mailed check,0,0,No,0.13883309548688433,Low,N/A,N/A
7706-DZNKK,20.45,11,Month-to-month,No,Credit card (automatic),0,0,No,0.3046595750614632,Low,N/A,N/A
8823-RLPWL,110.65,72,Two year,Fiber optic,Credit card (automatic),0,1,No,0.000993218854551252,Low,N/A,N/A
9505-SQFSW,40.3,3,Month-to-month,DSL,Mailed check,0,0,No,0.6203222840321662,High,Tenure,Contract Upgrade Incentive
3758-CKOQL,107.0,59,One year,Fiber optic,Credit card (automatic),0,0,No,0.010433027241068836,Low,N/A,N/A
5676-CFLYY,73.35,71,Two year,DSL,Credit card (automatic),0,0,No,0.0005920082000045825,Low,N/A,N/A
7521-AFHAB,44.8,5,Month-to-month,DSL,Mailed check,0,0,No,0.5723647138541909,High,Tenure,Contract Upgrade Incentive
0285-INHLN,54.75,27,Month-to-month,DSL,Credit card (automatic),1,0,No,0.4849507081852656,High,Numtechtickets,Contract Upgrade Incentive
5125-CNDSP,40.6,63,One year,DSL,Bank transfer (automatic),0,0,No,0.012208723231295843,Low,N/A,N/A
4992-LTJNE,55.3,72,Two year,DSL,Bank transfer (automatic),0,0,No,0.0013665183759404241,Low,N/A,N/A
2202-OUTMO,60.85,34,Month-to-month,DSL,Bank transfer (automatic),0,0,No,0.13501838347024134,Low,N/A,N/A
0810-BDHAW,78.4,24,One year,DSL,Electronic check,0,0,No,0.10453233737059045,Low,N/A,N/A
0229-LFJAF,69.65,72,Two year,DSL,Bank transfer (automatic),0,1,No,0.000841316275025402,Low,N/A,N/A
7131-ZQZNK,59.85,60,Two year,DSL,Credit card (automatic),0,0,No,0.0022198326226075477,Low,N/A,N/A
3442-ZHHCC,76.9,68,One year,DSL,Credit card (automatic),0,0,No,0.0035912556427221297,Low,N/A,N/A
5726-CVNYA,19.85,8,Two year,No,Mailed check,0,0,No,0.04437369786137319,Low,N/A,N/A
9871-ELEYA,67.65,34,Two year,DSL,Credit card (automatic),0,0,No,0.011275482046203085,Low,N/A,N/A
4257-GAESD,45.0,6,Month-to-month,DSL,Credit card (automatic),0,0,No,0.6169824105344232,High,Tenure,Contract Upgrade Incentive
5173-WXOQV,64.2,2,Month-to-month,DSL,Mailed check,0,0,No,0.5150861873572024,High,Tenure,Contract Upgrade Incentive
2040-OBMLJ,81.7,31,One year,Fiber optic,Credit card (automatic),0,0,No,0.15369809901772666,Low,N/A,N/A
6286-ZHAOK,25.55,20,Month-to-month,No,Bank transfer (automatic),0,0,No,0.18644593922266725,Low,N/A,N/A
3807-XHCJH,20.0,1,Month-to-month,No,Electronic check,0,0,No,0.5110376421153777,High,Tenure,Contract Upgrade Incentive
5671-RQRLP,75.65,70,Two year,Fiber optic,Credit card (automatic),0,2,No,0.00511983333817749,Low,N/A,N/A
8859-AXJZP,23.8,39,Two year,No,Mailed check,0,0,No,0.0068264630590892696,Low,N/A,N/A
3174-AKMAS,64.2,46,Two year,DSL,Credit card (automatic),0,0,No,0.005820004669060801,Low,N/A,N/A
9926-PJHDQ,76.8,72,Two year,DSL,Bank transfer (automatic),0,0,No,0.0006952454675394504,Low,N/A,N/A
7382-DFJTU,55.2,18,Month-to-month,DSL,Credit card (automatic),0,0,No,0.31220342270082846,Low,N/A,N/A
2798-NYLMZ,108.55,71,Two year,Fiber optic,Credit card (automatic),0,0,No,0.0009240123328321755,Low,N/A,N/A
8098-TDCBU,25.25,42,Two year,No,Electronic check,0,0,No,0.011029438729564732,Low,N/A,N/A
3551-GAEGL,30.4,34,One year,DSL,Bank transfer (automatic),0,0,No,0.10369450873229596,Low,N/A,N/A
4785-NKHCX,20.05,5,Month-to-month,No,Bank transfer (automatic),0,0,No,0.44914079325030454,High,Tenure,Contract Upgrade Incentive
3196-NVXLZ,84.6,25,Month-to-month,Fiber optic,Mailed check,0,0,No,0.48751828238655076,High,Internetservice Fiber Optic,Contract Upgrade Incentive
0036-IHMOT,103.7,55,One year,Fiber optic,Bank transfer (automatic),0,1,No,0.01420721399224981,Low,N/A,N/A
4178-EGMON,88.0,70,Two year,Fiber optic,Credit card (automatic),0,0,No,0.002169331096718251,Low,N/A,N/A
4220-TINQT,106.35,61,Month-to-month,Fiber optic,Electronic check,0,3,No,0.03193183277861425,Low,N/A,N/A
5318-YKDPV,79.15,43,Two year,DSL,Credit card (automatic),0,0,No,0.003610182211774574,Low,N/A,N/A
7975-TZMLR,103.1,47,One year,Fiber optic,Electronic check,0,0,No,0.05123138177961128,Low,N/A,N/A
0295-QVKPB,63.95,5,Month-to-month,DSL,Credit card (automatic),0,0,No,0.4928516553681731,High,Tenure,Contract Upgrade Incentive
4335-BSMJS,25.8,62,Two year,No,Credit card (automatic),0,0,No,0.0024975913530768724,Low,N/A,N/A
9146-JRIOX,25.55,14,Month-to-month,No,Mailed check,0,0,No,0.22243599264905728,Low,N/A,N/A
5337-IIWKZ,44.85,34,Month-to-month,DSL,Electronic check,0,0,No,0.20561773195382194,Low,N/A,N/A
9650-VBUOG,25.05,38,Two year,No,Credit card (automatic),0,0,No,0.007290360127520007,Low,N/A,N/A
3487-EARAT,74.1,70,One year,DSL,Credit card (automatic),0,1,No,0.002313036692830508,Low,N/A,N/A
2672-TGEFF,88.8,37,Month-to-month,Fiber optic,Electronic check,0,0,No,0.30162097670195054,Low,N/A,N/A
4250-WAROZ,93.25,60,Month-to-month,Fiber optic,Electronic check,3,0,No,0.7784236260788987,Critical,Numtechtickets,Proactive Tech Support Outreach
8184-WMOFI,71.4,62,One year,DSL,Credit card (automatic),0,0,No,0.004093417128512549,Low,N/A,N/A
6092-QZVPP,79.2,36,Month-to-month,DSL,Credit card (automatic),0,0,No,0.07068352064716558,Low,N/A,N/A
4625-LAMOB,20.4,44,Two year,No,Credit card (automatic),0,0,No,0.007263771556729977,Low,N/A,N/A
0392-BZIUW,105.0,72,Two year,Fiber optic,Credit card (automatic),0,0,No,0.0012505469299416321,Low,N/A,N/A
6549-NNDYT,30.85,13,Month-to-month,DSL,Bank transfer (automatic),0,0,No,0.5874628077149282,High,Tenure,Contract Upgrade Incentive
0422-OHQHQ,20.55,15,One year,No,Mailed check,0,0,No,0.0982318522888893,Low,N/A,N/A
6916-HIJSE,84.85,65,Two year,DSL,Bank transfer (automatic),0,0,No,0.0008887011606434594,Low,N/A,N/A
2316-ESMLS,33.15,12,One year,DSL,Credit card (automatic),0,3,No,0.24506335882040475,Low,N/A,N/A
9778-OGKQZ,92.0,72,Two year,DSL,Credit card (automatic),0,0,No,0.0003006489888598255,Low,N/A,N/A
7408-OFWXJ,89.8,72,Two year,DSL,Credit card (automatic),0,0,No,0.00031980712239056635,Low,N/A,N/A
6007-TCTST,115.8,72,Two year,Fiber optic,Bank transfer (automatic),0,5,No,0.000606899351948279,Low,N/A,N/A
2252-NKNSI,85.15,52,Two year,DSL,Mailed check,0,5,No,0.0016121435063347518,Low,N/A,N/A
8713-IGZSO,24.85,2,Month-to-month,No,Mailed check,0,5,No,0.39175668490371485,Low,N/A,N/A
7905-TVXTA,64.35,5,Month-to-month,DSL,Electronic check,0,0,No,0.614675399815015,High,Tenure,Contract Upgrade Incentive
7695-PKLCZ,20.5,68,Two year,No,Credit card (automatic),0,0,No,0.002092306033490441,Low,N/A,N/A
8374-UULRV,86.05,72,Two year,DSL,Credit card (automatic),0,0,No,0.0004023033671073289,Low,N/A,N/A
3224-DFQNQ,89.0,66,One year,Fiber optic,Electronic check,0,0,No,0.015445267149433079,Low,N/A,N/A
5275-PMFUT,64.8,72,Two year,DSL,Credit card (automatic),0,0,No,0.0007279519879965011,Low,N/A,N/A
4795-UXVCJ,19.8,26,One year,No,Credit card (automatic),0,0,No,0.06723679110113567,Low,N/A,N/A
9777-IQHWP,93.4,64,Two year,Fiber optic,Bank transfer (automatic),0,0,No,0.0031938208980271813,Low,N/A,N/A
0979-MOZQI,39.0,62,Two year,DSL,Bank transfer (automatic),0,5,No,0.004492318197737938,Low,N/A,N/A
2732-ISEZX,20.5,5,Month-to-month,No,Mailed check,0,0,No,0.389850620533493,Low,N/A,N/A
0323-XWWTN,26.4,3,Two year,No,Mailed check,0,0,No,0.050169566465946586,Low,N/A,N/A
1937-OTUKY,98.2,72,Two year,Fiber optic,Bank transfer (automatic),6,0,No,0.7972451836542679,Critical,Numtechtickets,Proactive Tech Support Outreach
1573-LGXBA,97.55,57,One year,Fiber optic,Credit card (automatic),0,0,No,0.014891253833399006,Low,N/A,N/A
1764-VUUMT,19.95,66,Two year,No,Credit card (automatic),6,2,No,0.8397482122285943,Critical,Numtechtickets,Proactive Tech Support Outreach
4713-ZBURT,99.7,45,Two year,Fiber optic,Bank transfer (automatic),0,0,No,0.011521938082895642,Low,N/A,N/A
3050-GBUSH,34.8,3,Month-to-month,DSL,Credit card (automatic),0,0,No,0.6941035913885999,High,Tenure,Contract Upgrade Incentive
7876-AEHIG,60.15,51,One year,DSL,Bank transfer (automatic),0,0,No,0.01580868557007566,Low,N/A,N/A
7945-HLKEA,64.75,60,One year,DSL,Electronic check,0,0,No,0.0116500628941165,Low,N/A,N/A
9342-VNIMQ,54.65,33,Month-to-month,DSL,Bank transfer (automatic),0,0,No,0.1898698660483833,Low,N/A,N/A
3523-BRGUW,19.3,26,One year,No,Credit card (automatic),0,0,No,0.08127483171667806,Low,N/A,N/A
3199-NPKCN,111.25,67,One year,Fiber optic,Electronic check,0,0,No,0.006517155042662954,Low,N/A,N/A
5170-PTRKA,35.8,49,One year,DSL,Credit card (automatic),0,3,No,0.0320927102873738,Low,N/A,N/A
4661-NJEUX,20.05,1,Month-to-month,No,Mailed check,0,0,No,0.4222499641773774,High,Tenure,Contract Upgrade Incentive
2123-AGEEN,84.35,7,Month-to-month,Fiber optic,Electronic check,0,0,No,0.8809377656295235,Critical,Internetservice Fiber Optic,Contract Upgrade Incentive
1258-YMZNM,110.5,27,One year,Fiber optic,Bank transfer (automatic),0,4,No,0.19429596142205133,Low,N/A,N/A
0048-LUMLS,91.2,37,One year,Fiber optic,Credit card (automatic),0,0,No,0.08616763949193501,Low,N/A,N/A
5898-IGSLP,89.3,31,Month-to-month,Fiber optic,Electronic check,0,0,No,0.3363109860472207,Low,N/A,N/A
6259-WJQLC,81.1,32,Month-to-month,Fiber optic,Credit card (automatic),0,0,No,0.41411952968217947,High,Internetservice Fiber Optic,Contract Upgrade Incentive
7997-EASSD,81.2,63,One year,Fiber optic,Credit card (automatic),2,0,No,0.20115173700233582,Low,N/A,N/A
0730-KOAVE,94.3,30,Month-to-month,Fiber optic,Credit card (automatic),0,0,No,0.3412309305498834,Low,N/A,N/A
8975-SKGRX,116.1,71,Two year,Fiber optic,Bank transfer (automatic),0,0,No,0.000708877361189455,Low,N/A,N/A
0678-RLHVP,105.55,53,Two year,Fiber optic,Electronic check,0,0,No,0.009356154099398752,Low,N/A,N/A
2267-FPIMA,94.4,50,Month-to-month,Fiber optic,Credit card (automatic),0,0,No,0.0812457370088798,Low,N/A,N/A
1051-GEJLJ,19.5,2,Month-to-month,No,Mailed check,0,0,No,0.43465469729923006,High,Tenure,Contract Upgrade Incentive
5285-MVEHD,105.6,56,One year,Fiber optic,Credit card (automatic),0,0,No,0.015393936317350842,Low,N/A,N/A
0379-DJQHR,81.35,67,Two year,DSL,Credit card (automatic),0,2,No,0.0007308725150747806,Low,N/A,N/A
5543-QDCRY,56.4,4,Month-to-month,DSL,Electronic check,0,5,No,0.6828186377398487,High,Tenure,Contract Upgrade Incentive
0297-RBCSG,65.35,19,One year,DSL,Bank transfer (automatic),0,3,No,0.12170970805553348,Low,N/A,N/A
4694-PHWFW,19.95,8,Month-to-month,No,Mailed check,0,0,No,0.3186378184484818,Low,N/A,N/A
0835-JKADZ,111.25,71,Two year,Fiber optic,Electronic check,0,0,No,0.0013969730529252533,Low,N/A,N/A
7508-SMHXL,89.0,15,Month-to-month,Fiber optic,Credit card (automatic),0,0,No,0.7128019113701343,Critical,Internetservice Fiber Optic,Contract Upgrade Incentive
3865-YIOTT,106.1,72,One year,Fiber optic,Bank transfer (automatic),0,0,No,0.00329327909520605,Low,N/A,N/A
5993-BQHEA,20.05,12,One year,No,Credit card (automatic),0,0,No,0.13163812574267406,Low,N/A,N/A
6024-RUGGH,25.2,72,Two year,No,Bank transfer (automatic),0,0,No,0.0011247843931737173,Low,N/A,N/A
3956-CJUST,75.4,23,Month-to-month,Fiber optic,Bank transfer (automatic),0,0,No,0.6557943942476258,High,Internetservice Fiber Optic,Contract Upgrade Incentive
4079-WWQQQ,65.55,72,Two year,DSL,Bank transfer (automatic),0,0,No,0.0009181182882445749,Low,N/A,N/A
6103-BOCOU,80.7,26,Month-to-month,Fiber optic,Electronic check,0,0,No,0.5962346921893206,High,Internetservice Fiber Optic,Contract Upgrade Incentive
5149-TGWDZ,104.55,21,One year,Fiber optic,Mailed check,0,0,No,0.2012651390690832,Low,N/A,N/A
7471-WNSUF,24.15,60,One year,No,Bank transfer (automatic),0,0,No,0.009115953723652403,Low,N/A,N/A
8942-DBMHZ,20.45,12,Month-to-month,No,Mailed check,0,2,No,0.28219586146895864,Low,N/A,N/A
4301-VVZKA,75.4,16,Month-to-month,Fiber optic,Electronic check,0,0,No,0.7548629667836443,Critical,Internetservice Fiber Optic,Contract Upgrade Incentive
9199-PWQVC,79.7,63,One year,DSL,Credit card (automatic),0,3,No,0.0049465385659283835,Low,N/A,N/A
4824-GUCBY,81.7,22,Month-to-month,Fiber optic,Electronic check,0,3,No,0.7124258219347677,Critical,Internetservice Fiber Optic,Contract Upgrade Incentive
5393-HJZSM,76.3,32,Month-to-month,DSL,Bank transfer (automatic),0,0,No,0.09563248577349026,Low,N/A,N/A
0862-PRCBS,103.75,68,Two year,Fiber optic,Credit card (automatic),0,0,No,0.001301181894892653,Low,N/A,N/A
8812-ZRHFP,86.45,30,One year,Fiber optic,Electronic check,0,0,No,0.22937802056789033,Low,N/A,N/A
5146-CBVOE,75.1,16,Month-to-month,Fiber optic,Bank transfer (automatic),0,0,No,0.7146698931474647,Critical,Internetservice Fiber Optic,Contract Upgrade Incentive
0454-OKRCT,80.6,33,Two year,Fiber optic,Bank transfer (automatic),0,0,No,0.04682057055457301,Low,N/A,N/A
5787-KXGIY,19.3,72,Two year,No,Credit card (automatic),0,0,No,0.001561916993712043,Low,N/A,N/A
4198-VFOEA,33.6,12,One year,DSL,Mailed check,0,0,No,0.27431013761005957,Low,N/A,N/A
6630-UJZMY,83.25,4,Month-to-month,Fiber optic,Electronic check,0,0,No,0.9005545783558241,Critical,Internetservice Fiber Optic,Contract Upgrade Incentive
5709-LVOEQ,80.85,0,Two year,DSL,Mailed check,0,0,No,0.10601269155457489,Low,N/A,N/A
2692-AQCPF,108.05,65,One year,Fiber optic,Credit card (automatic),0,0,No,0.005621079178657002,Low,N/A,N/A
0347-UBKUZ,19.9,15,Month-to-month,No,Mailed check,0,0,No,0.2690297372183697,Low,N/A,N/A
0835-DUUIQ,21.05,24,One year,No,Bank transfer (automatic),0,0,No,0.07128172655765583,Low,N/A,N/A
0811-GSDTP,30.15,13,Month-to-month,DSL,Electronic check,0,0,No,0.6390193407567891,High,Tenure,Contract Upgrade Incentive
7567-ECMCM,79.85,24,Month-to-month,Fiber optic,Credit card (automatic),0,0,No,0.5123559980955119,High,Internetservice Fiber Optic,Contract Upgrade Incentive
6115-ZTBFQ,65.5,72,Two year,DSL,Bank transfer (automatic),0,0,No,0.00091888157362507,Low,N/A,N/A
6353-BRMMA,104.1,54,Month-to-month,Fiber optic,Bank transfer (automatic),0,0,No,0.04819595292664661,Low,N/A,N/A
6231-WFGFH,20.5,4,Month-to-month,No,Mailed check,0,0,No,0.33318765090092695,Low,N/A,N/A
9904-EHEVJ,91.35,32,Month-to-month,Fiber optic,Mailed check,0,0,No,0.3226737532811765,Low,N/A,N/A
6169-PPETC,20.5,35,Two year,No,Bank transfer (automatic),0,5,No,0.010173629758713517,Low,N/A,N/A
8584-KMVXD,75.6,8,Month-to-month,Fiber optic,Electronic check,0,0,No,0.8675511137156477,Critical,Internetservice Fiber Optic,Contract Upgrade Incentive
8467-WYNSR,55.1,22,Month-to-month,DSL,Mailed check,0,0,No,0.24947041963554412,Low,N/A,N/A
0851-DFJKB,58.95,15,Month-to-month,DSL,Electronic check,0,0,No,0.4632854073461147,High,Tenure,Contract Upgrade Incentive
5382-SOYZL,95.1,22,Month-to-month,Fiber optic,Electronic check,0,0,No,0.5767048079505305,High,Internetservice Fiber Optic,Contract Upgrade Incentive
3261-CQXOL,25.45,71,Two year,No,Bank transfer (automatic),0,0,No,0.0012878427237313498,Low,N/A,N/A
8388-FYNPZ,56.75,4,Month-to-month,DSL,Electronic check,0,0,No,0.681079544439228,High,Tenure,Contract Upgrade Incentive
4002-BQWPQ,81.75,25,Month-to-month,DSL,Bank transfer (automatic),0,0,No,0.1493005935330854,Low,N/A,N/A
5651-YLPRD,86.1,32,Month-to-month,Fiber optic,Electronic check,0,0,No,0.41153842847510824,High,Internetservice Fiber Optic,Contract Upgrade Incentive
2826-DXLQO,29.8,7,Month-to-month,DSL,Bank transfer (automatic),0,0,No,0.6853576771779006,High,Tenure,Contract Upgrade Incentive
4378-BZYFP,20.5,17,One year,No,Mailed check,0,0,No,0.09771395600081903,Low,N/A,N/A
9489-UTFKA,60.9,8,Month-to-month,DSL,Bank transfer (automatic),0,0,No,0.5518064379835148,High,Tenure,Contract Upgrade Incentive
4849-PYRLQ,73.25,56,Two year,DSL,Bank transfer (automatic),0,1,No,0.0031477972698593175,Low,N/A,N/A
7764-BDPEE,20.85,3,Month-to-month,No,Mailed check,0,5,No,0.3575095408268179,Low,N/A,N/A
3429-IFLEM,77.35,71,Two year,DSL,Credit card (automatic),0,0,No,0.0006681052820553406,Low,N/A,N/A
5002-GCQFH,93.85,49,Month-to-month,Fiber optic,Bank transfer (automatic),0,2,No,0.09554141748235458,Low,N/A,N/A
0556-FJEGU,70.1,58,Two year,DSL,Bank transfer (automatic),0,0,No,0.0021930381453184825,Low,N/A,N/A
0604-THJFP,75.95,59,Two year,DSL,Credit card (automatic),0,0,No,0.0013798138206963285,Low,N/A,N/A
5879-SESNB,75.25,11,Month-to-month,Fiber optic,Electronic check,0,0,No,0.8350732147024481,Critical,Internetservice Fiber Optic,Contract Upgrade Incentive
6461-PPAXN,54.95,35,One year,DSL,Bank transfer (automatic),0,0,No,0.0493518929948666,Low,N/A,N/A
3318-ISQFQ,19.5,20,Month-to-month,No,Bank transfer (automatic),0,0,No,0.23990021637602885,Low,N/A,N/A
1106-HRLKZ,19.6,40,Two year,No,Mailed check,0,0,No,0.007088472819029415,Low,N/A,N/A
2483-XSSMZ,47.85,39,One year,DSL,Electronic check,0,0,No,0.09244532221799932,Low,N/A,N/A
8165-ZJRNM,23.75,72,Two year,No,Bank transfer (automatic),0,0,No,0.001310597986757441,Low,N/A,N/A
2604-XVDAM,43.8,12,Month-to-month,DSL,Bank transfer (automatic),0,0,No,0.5454459577284712,High,Tenure,Contract Upgrade Incentive
3717-OFRTN,19.75,1,Month-to-month,No,Bank transfer (automatic),0,0,No,0.45171743495566513,High,Tenure,Contract Upgrade Incentive
9046-JBFWA,19.15,27,Month-to-month,No,Mailed check,0,0,No,0.13091980525564062,Low,N/A,N/A
3280-NMUVX,19.6,34,One year,No,Credit card (automatic),0,0,No,0.03558454588358458,Low,N/A,N/A
1206-EHBDD,80.3,56,Two year,Fiber optic,Bank transfer (automatic),0,0,No,0.010936516719031626,Low,N/A,N/A
8361-LBRDI,24.35,58,Two year,No,Credit card (automatic),0,0,No,0.003238858083872768,Low,N/A,N/A
4883-KCPZJ,25.25,22,Two year,No,Credit card (automatic),0,2,No,0.019723697800783587,Low,N/A,N/A
9108-EQPNQ,26.1,10,Two year,No,Credit card (automatic),0,0,No,0.03831776735602097,Low,N/A,N/A
7277-KAMWT,20.0,13,Two year,No,Credit card (automatic),0,0,No,0.03960771530752535,Low,N/A,N/A
2545-LXYVJ,20.7,72,Two year,No,Bank transfer (automatic),0,3,No,0.001534547221971769,Low,N/A,N/A
3234-VKACU,70.3,2,Month-to-month,DSL,Electronic check,0,3,No,0.6252583443968466,High,Tenure,Contract Upgrade Incentive
8120-JDCAM,69.55,4,Month-to-month,Fiber optic,Mailed check,0,0,No,0.8119580016687988,Critical,Internetservice Fiber Optic,Contract Upgrade Incentive
8917-FAEMR,19.85,37,Two year,No,Mailed check,0,0,No,0.011126251658161631,Low,N/A,N/A
7047-YXDMZ,20.0,21,Month-to-month,No,Mailed check,0,0,No,0.19454887764336617,Low,N/A,N/A
2858-EIMXH,95.85,53,One year,Fiber optic,Credit card (automatic),0,0,No,0.034739724698503616,Low,N/A,N/A
6419-ZTTLE,20.75,23,One year,No,Electronic check,0,0,No,0.12654681982840815,Low,N/A,N/A
0929-HYQEW,50.15,3,Month-to-month,DSL,Mailed check,0,0,No,0.6110614425163557,High,Tenure,Contract Upgrade Incentive
6614-YOLAC,58.65,71,Two year,DSL,Mailed check,0,0,No,0.001042574247984772,Low,N/A,N/A
7426-RHZGU,95.9,9,Month-to-month,Fiber optic,Bank transfer (automatic),0,0,No,0.6929450948911209,High,Internetservice Fiber Optic,Contract Upgrade Incentive
4065-JJAVA,49.5,1,Month-to-month,DSL,Electronic check,0,0,No,0.7614071581548697,Critical,Tenure,Contract Upgrade Incentive
7649-SIJJF,80.1,71,Two year,DSL,Mailed check,0,0,No,0.0005182158247445835,Low,N/A,N/A
9361-YNQWJ,24.4,64,One year,No,Bank transfer (automatic),0,3,No,0.008441716463682523,Low,N/A,N/A
3748-FVMZZ,40.05,4,Month-to-month,DSL,Electronic check,0,3,No,0.6913187778265906,High,Tenure,Contract Upgrade Incentive
9391-TTOYH,19.5,23,Month-to-month,No,Mailed check,2,0,No,0.7691404876766845,Critical,Numtechtickets,Contract Upgrade Incentive
1452-XRSJV,51.05,39,Month-to-month,DSL,Credit card (automatic),0,0,No,0.11882306760630078,Low,N/A,N/A
3422-WJOYD,54.35,28,One year,DSL,Mailed check,2,0,No,0.5325595724272815,High,Numtechtickets,VIP Loyalty Check-in
8242-SOQUO,84.7,5,Month-to-month,Fiber optic,Electronic check,0,0,No,0.8971050135678225,Critical,Internetservice Fiber Optic,Contract Upgrade Incentive
7460-ITWWP,86.1,45,Month-to-month,Fiber optic,Electronic check,0,0,No,0.26880122533528855,Low,N/A,N/A
7147-AYBAA,70.35,37,Month-to-month,Fiber optic,Mailed check,0,4,No,0.3331560158968862,Low,N/A,N/A
7868-TMWMZ,110.0,60,Two year,Fiber optic,Bank transfer (automatic),0,0,No,0.0030571191439407214,Low,N/A,N/A
6732-FZUGP,94.9,47,One year,Fiber optic,Credit card (automatic),0,1,No,0.04551709835914057,Low,N/A,N/A
8329-GWVPJ,69.75,50,Month-to-month,Fiber optic,Bank transfer (automatic),0,0,No,0.16132193046394594,Low,N/A,N/A
1352-VHKAJ,71.6,27,Month-to-month,DSL,Bank transfer (automatic),0,0,No,0.13143229024597386,Low,N/A,N/A
2632-TACXW,23.65,62,Two year,No,Bank transfer (automatic),0,0,No,0.002707720680973423,Low,N/A,N/A
8146-QQKZH,81.85,71,Two year,DSL,Bank transfer (automatic),0,4,No,0.0005593026449939473,Low,N/A,N/A
1767-CJKBA,25.1,66,Two year,No,Mailed check,0,0,No,0.0017122903394527725,Low,N/A,N/A
6445-TNRXS,114.7,68,Two year,Fiber optic,Bank transfer (automatic),0,0,No,0.000835882248788787,Low,N/A,N/A
4581-LNWUM,49.15,13,Month-to-month,DSL,Electronic check,0,3,No,0.5944128145779337,High,Tenure,Contract Upgrade Incentive
4869-EPIUS,80.9,56,One year,Fiber optic,Electronic check,0,0,No,0.04683311684875491,Low,N/A,N/A
1915-OAKWD,19.3,16,One year,No,Bank transfer (automatic),0,0,No,0.10940762831547705,Low,N/A,N/A
7296-PIXQY,70.2,14,Month-to-month,Fiber optic,Electronic check,0,0,No,0.782799330827387,Critical,Internetservice Fiber Optic,Contract Upgrade Incentive
3354-OADJP,54.25,8,One year,DSL,Bank transfer (automatic),0,1,No,0.280901370101536,Low,N/A,N/A
3524-WQDSG,99.3,43,Month-to-month,Fiber optic,Bank transfer (automatic),0,0,No,0.12874703619530947,Low,N/A,N/A
0810-DHDBD,74.0,52,One year,DSL,Credit card (automatic),0,0,No,0.010590889227373862,Low,N/A,N/A
4026-SKKHW,50.25,3,Month-to-month,DSL,Mailed check,0,0,No,0.5626307780554921,High,Tenure,Contract Upgrade Incentive
2829-HYVZP,19.8,29,One year,No,Mailed check,0,0,No,0.05377021833377353,Low,N/A,N/A
3845-JHAMY,35.5,16,Month-to-month,DSL,Credit card (automatic),0,0,No,0.4556796730552194,High,Tenure,Contract Upgrade Incentive
7013-PSXHK,80.75,40,One year,DSL,Mailed check,1,0,No,0.07201792342915048,Low,N/A,N/A
3486-NPGST,19.55,36,One year,No,Mailed check,0,0,No,0.04197235904445254,Low,N/A,N/A
6100-FJZDG,20.05,26,One year,No,Bank transfer (automatic),0,0,No,0.05755152207620983,Low,N/A,N/A
4829-ZLJTK,112.4,72,Two year,Fiber optic,Electronic check,0,0,No,0.001833512802789969,Low,N/A,N/A
1730-VFMWO,50.2,34,Month-to-month,DSL,Bank transfer (automatic),0,0,No,0.16053968600574883,Low,N/A,N/A
7143-BQIBA,62.25,10,Month-to-month,DSL,Bank transfer (automatic),0,0,No,0.42929510559298195,High,Tenure,Contract Upgrade Incentive
3800-LYTRK,55.7,14,One year,DSL,Mailed check,0,0,No,0.1851388290016613,Low,N/A,N/A
9646-NMHXE,19.65,47,Two year,No,Mailed check,0,0,No,0.005553348217984128,Low,N/A,N/A
7030-NJVDP,89.25,24,Month-to-month,Fiber optic,Electronic check,0,2,No,0.5036061822589972,High,Internetservice Fiber Optic,Contract Upgrade Incentive
8883-GRDWQ,54.0,20,One year,DSL,Mailed check,0,0,No,0.15198150068168007,Low,N/A,N/A
7771-ZONAT,56.75,22,Two year,DSL,Bank transfer (automatic),0,0,No,0.03606627533478038,Low,N/A,N/A
2111-DWYHN,21.1,1,Month-to-month,No,Mailed check,0,4,No,0.4187663144905769,High,Tenure,Contract Upgrade Incentive
4194-WHFCB,96.65,59,Month-to-month,Fiber optic,Bank transfer (automatic),0,0,No,0.03527416127555383,Low,N/A,N/A
4121-AGSIN,24.5,58,One year,No,Credit card (automatic),0,0,No,0.008913662434404234,Low,N/A,N/A
9845-PEEKO,79.2,59,Two year,Fiber optic,Credit card (automatic),0,5,No,0.011513950265891125,Low,N/A,N/A
0455-XFASS,69.55,3,Month-to-month,Fiber optic,Electronic check,0,0,No,0.8914051521521659,Critical,Internetservice Fiber Optic,Contract Upgrade Incentive
0301-KOBTQ,20.05,32,Two year,No,Bank transfer (automatic),0,0,No,0.015233385496606432,Low,N/A,N/A
1751-NCDLI,98.85,46,Month-to-month,Fiber optic,Electronic check,0,0,No,0.17599861638023512,Low,N/A,N/A
4367-NUYAO,25.75,0,Two year,No,Mailed check,0,1,No,0.05712170262993553,Low,N/A,N/A
9170-ARBTB,19.6,52,One year,No,Credit card (automatic),0,0,No,0.014861140322052263,Low,N/A,N/A
7241-AJHFS,87.65,32,Month-to-month,Fiber optic,Bank transfer (automatic),0,0,No,0.30262238664854846,Low,N/A,N/A
4546-FOKWR,74.75,16,Month-to-month,Fiber optic,Credit card (automatic),0,0,No,0.7084758485372996,Critical,Internetservice Fiber Optic,Contract Upgrade Incentive
9036-CSKBW,107.45,51,One year,Fiber optic,Bank transfer (automatic),1,0,No,0.0852726077445276,Low,N/A,N/A
5832-TRLPB,75.35,29,One year,DSL,Bank transfer (automatic),0,0,No,0.05073850638797208,Low,N/A,N/A
8590-YFFQO,64.95,70,Two year,DSL,Credit card (automatic),0,0,No,0.000993226008404363,Low,N/A,N/A
8659-IOOPU,100.45,71,Two year,Fiber optic,Electronic check,0,4,No,0.0017129954257635329,Low,N/A,N/A
1338-CECEE,68.5,41,One year,DSL,Bank transfer (automatic),0,0,No,0.02590859467402279,Low,N/A,N/A
7439-DKZTW,80.55,1,Month-to-month,Fiber optic,Electronic check,0,0,No,0.9011437376300011,Critical,Internetservice Fiber Optic,Contract Upgrade Incentive
4646-QZXTF,81.25,7,Month-to-month,DSL,Bank transfer (automatic),0,0,No,0.4150987412736592,High,Tenure,Contract Upgrade Incentive
9742-XOKTS,89.55,67,One year,Fiber optic,Electronic check,0,0,No,0.010959891487566311,Low,N/A,N/A
6921-OZMFH,55.7,5,Month-to-month,DSL,Mailed check,0,0,No,0.4595482343320605,High,Tenure,Contract Upgrade Incentive
9578-FOMUK,24.8,15,Month-to-month,No,Electronic check,0,0,No,0.3014482903755961,Low,N/A,N/A
4712-UYOOI,20.0,20,Month-to-month,No,Electronic check,0,0,No,0.26604350978728575,Low,N/A,N/A
7722-CVFXN,105.2,54,One year,Fiber optic,Electronic check,0,0,No,0.01900505469237258,Low,N/A,N/A
8717-VCTXJ,19.55,42,One year,No,Mailed check,0,0,No,0.026925350414478293,Low,N/A,N/A
7363-QTBIW,79.75,9,Month-to-month,Fiber optic,Electronic check,0,0,No,0.8377058866022034,Critical,Internetservice Fiber Optic,Contract Upgrade Incentive
4159-NAAIX,97.45,63,Two year,Fiber optic,Bank transfer (automatic),0,0,No,0.003737536134099233,Low,N/A,N/A
0971-QIFJK,24.25,69,Two year,No,Bank transfer (automatic),0,0,No,0.00177402835765227,Low,N/A,N/A
9397-TZSHA,24.6,69,Two year,No,Credit card (automatic),0,0,No,0.0017375721604363755,Low,N/A,N/A
3391-JSQEW,50.15,40,Month-to-month,DSL,Mailed check,0,0,No,0.11553234667048294,Low,N/A,N/A
0343-QLUZP,39.6,60,Two year,DSL,Bank transfer (automatic),0,0,No,0.00617959383737451,Low,N/A,N/A
2176-LVPNX,89.85,71,Two year,DSL,Mailed check,0,1,No,0.0005207902124106611,Low,N/A,N/A
3312-UUMZW,98.85,32,Month-to-month,Fiber optic,Credit card (automatic),2,5,No,0.8336185591861734,Critical,Numtechtickets,Contract Upgrade Incentive
1271-UODNO,53.85,39,Two year,DSL,Credit card (automatic),0,0,No,0.011735968521042427,Low,N/A,N/A
8461-EFQYM,24.25,38,One year,No,Electronic check,0,0,No,0.05151521502946088,Low,N/A,N/A
6900-RBKER,89.45,52,Two year,Fiber optic,Credit card (automatic),0,0,No,0.010450293867149333,Low,N/A,N/A
6891-JPYFF,105.25,48,Month-to-month,Fiber optic,Credit card (automatic),0,2,No,0.07207778194933091,Low,N/A,N/A
1459-QNFQT,59.5,70,Two year,DSL,Bank transfer (automatic),0,0,No,0.0011056183598287545,Low,N/A,N/A
1047-NNCBF,70.55,20,Month-to-month,Fiber optic,Credit card (automatic),0,2,No,0.6305269437342136,High,Internetservice Fiber Optic,Contract Upgrade Incentive
3696-XRIEN,82.5,50,One year,DSL,Credit card (automatic),0,0,No,0.00946326182569596,Low,N/A,N/A
0074-HDKDG,61.6,25,One year,DSL,Bank transfer (automatic),0,0,No,0.0869702226656787,Low,N/A,N/A
8791-GFXLZ,49.05,12,Month-to-month,DSL,Bank transfer (automatic),0,0,No,0.5001990977421163,High,Tenure,Contract Upgrade Incentive
9330-DHBFL,66.25,23,One year,DSL,Mailed check,0,0,No,0.07499353660171144,Low,N/A,N/A
0098-BOWSO,19.4,27,Month-to-month,No,Electronic check,0,0,No,0.2189782810691249,Low,N/A,N/A
3452-ABWRL,86.05,47,Month-to-month,Fiber optic,Credit card (automatic),0,0,No,0.1745708261932226,Low,N/A,N/A
5859-HZYLF,19.15,26,Two year,No,Credit card (automatic),0,0,No,0.016266374138125733,Low,N/A,N/A
3156-QLHBO,19.25,2,Month-to-month,No,Mailed check,0,3,No,0.3747211720426949,Low,N/A,N/A
2208-NQBCT,81.95,26,Month-to-month,Fiber optic,Electronic check,0,0,No,0.5509712506386578,High,Internetservice Fiber Optic,Contract Upgrade Incentive
1779-PWPMG,114.65,72,Two year,Fiber optic,Bank transfer (automatic),0,0,No,0.0009292250963973694,Low,N/A,N/A
6621-NRZAK,20.0,63,Two year,No,Credit card (automatic),0,0,No,0.0023415946397007,Low,N/A,N/A
0831-JNISG,19.8,71,Two year,No,Mailed check,3,0,No,0.06322204273534003,Low,N/A,N/A
0774-IFUVM,65.15,11,Month-to-month,DSL,Bank transfer (automatic),0,0,No,0.39756052996861124,Low,N/A,N/A
3082-WQRVY,19.65,14,One year,No,Mailed check,0,0,No,0.13418622082776788,Low,N/A,N/A
9553-DLCLU,88.95,13,Two year,DSL,Credit card (automatic),0,0,No,0.03405494902116718,Low,N/A,N/A
1641-BYBTK,20.2,6,Month-to-month,No,Mailed check,0,3,No,0.32375827340455565,Low,N/A,N/A
2460-NGXBJ,75.2,11,Month-to-month,Fiber optic,Credit card (automatic),0,0,No,0.7599132290920898,Critical,Internetservice Fiber Optic,Contract Upgrade Incentive
2446-ZKVAF,56.8,18,Month-to-month,DSL,Credit card (automatic),0,0,No,0.3378379666735427,Low,N/A,N/A
3522-CDKHF,75.5,32,Month-to-month,Fiber optic,Bank transfer (automatic),0,2,No,0.4278256370931215,High,Internetservice Fiber Optic,Contract Upgrade Incentive
1430-SFQSA,35.6,29,One year,DSL,Mailed check,0,0,No,0.10587420959395345,Low,N/A,N/A
0411-EZJZE,60.25,3,Month-to-month,DSL,Electronic check,0,0,No,0.7068676222754552,Critical,Tenure,Contract Upgrade Incentive
8807-ARQET,40.35,41,Month-to-month,DSL,Electronic check,0,0,No,0.23040597831648646,Low,N/A,N/A
8992-CEUEN,18.85,1,Month-to-month,No,Electronic check,0,0,No,0.5667502229658352,High,Tenure,Contract Upgrade Incentive
4320-QMLLA,54.85,7,Month-to-month,DSL,Mailed check,0,0,No,0.5312709373030536,High,Tenure,Contract Upgrade Incentive
8777-PVYGU,64.3,52,One year,DSL,Mailed check,0,0,No,0.01528380140846054,Low,N/A,N/A
8292-ITGYJ,24.65,45,Two year,No,Bank transfer (automatic),0,0,No,0.005759365259690139,Low,N/A,N/A
6870-ZWMNX,76.1,70,Two year,DSL,Credit card (automatic),0,0,No,0.0006724101033699921,Low,N/A,N/A
0621-CXBKL,18.7,53,Two year,No,Mailed check,0,0,No,0.004836833901856235,Low,N/A,N/A
5268-DSMNQ,97.95,62,One year,Fiber optic,Credit card (automatic),0,0,No,0.016410129535417217,Low,N/A,N/A
5334-JLAXU,94.1,60,Month-to-month,Fiber optic,Credit card (automatic),5,0,No,0.9732810407478742,Critical,Numtechtickets,Proactive Tech Support Outreach
6242-MBHPK,95.1,23,Month-to-month,Fiber optic,Electronic check,0,0,No,0.6123654714741154,High,Internetservice Fiber Optic,Contract Upgrade Incentive
9359-UGBTK,72.35,67,One year,DSL,Bank transfer (automatic),0,0,No,0.0038701798670180924,Low,N/A,N/A
4782-OSFXZ,82.7,71,Two year,DSL,Bank transfer (automatic),0,0,No,0.0007056972662211652,Low,N/A,N/A
6479-OAUSD,19.9,25,One year,No,Credit card (automatic),0,0,No,0.06914758032484834,Low,N/A,N/A
7129-ACFOG,53.8,5,Month-to-month,DSL,Electronic check,0,0,No,0.6965781484708782,High,Tenure,Contract Upgrade Incentive
4189-NAKJS,51.55,26,One year,DSL,Credit card (automatic),0,0,No,0.1174593818698989,Low,N/A,N/A
5562-BETPV,19.65,1,One year,No,Mailed check,0,5,No,0.17873436791924038,Low,N/A,N/A
1282-IHQAC,44.05,70,One year,DSL,Credit card (automatic),0,0,No,0.011939357857394832,Low,N/A,N/A
9127-FHJBZ,114.0,72,Two year,Fiber optic,Electronic check,0,0,No,0.0009141494594248842,Low,N/A,N/A
1641-RQDAY,100.4,32,Month-to-month,Fiber optic,Electronic check,0,0,No,0.37856853026772935,Low,N/A,N/A
6994-ORCWG,54.25,14,One year,DSL,Mailed check,0,2,No,0.2219961761427765,Low,N/A,N/A
1346-UFHAX,80.0,13,Month-to-month,Fiber optic,Credit card (automatic),0,0,No,0.73058591762211,Critical,Internetservice Fiber Optic,Contract Upgrade Incentive
2933-XEUJM,79.2,46,Two year,DSL,Mailed check,0,3,No,0.0048431792398303895,Low,N/A,N/A
5461-QKNTN,94.3,43,Month-to-month,Fiber optic,Electronic check,0,0,No,0.20784528895426396,Low,N/A,N/A
4835-YSJMR,49.8,39,Two year,DSL,Bank transfer (automatic),0,0,No,0.01417078820360019,Low,N/A,N/A
3164-YAXFY,53.75,57,Month-to-month,DSL,Electronic check,0,2,No,0.059672267771139,Low,N/A,N/A
0887-WBJVH,93.45,53,One year,Fiber optic,Electronic check,3,0,No,0.6712431719458539,High,Numtechtickets,Proactive Tech Support Outreach
4660-IRIBM,87.9,18,Month-to-month,Fiber optic,Mailed check,0,0,No,0.5342096433820926,High,Internetservice Fiber Optic,Contract Upgrade Incentive
7670-ZBPOQ,61.05,58,One year,DSL,Bank transfer (automatic),0,0,No,0.010732631813760257,Low,N/A,N/A
8089-UZWLX,104.05,71,Two year,Fiber optic,Bank transfer (automatic),0,0,No,0.0019648759059032574,Low,N/A,N/A
0080-OROZO,99.25,35,One year,Fiber optic,Electronic check,0,0,No,0.12521730456455163,Low,N/A,N/A
3916-NRPAP,85.7,3,Month-to-month,Fiber optic,Credit card (automatic),0,0,No,0.8275919995577259,Critical,Internetservice Fiber Optic,Contract Upgrade Incentive
6807-SIWJI,104.85,38,One year,Fiber optic,Electronic check,0,0,No,0.10206837961752768,Low,N/A,N/A
8221-HVAYI,69.15,35,Two year,DSL,Credit card (automatic),0,0,No,0.008624810160975022,Low,N/A,N/A
5232-NXPAY,74.45,47,Two year,DSL,Mailed check,0,0,No,0.004130571382828612,Low,N/A,N/A
8967-SZQAS,50.45,14,Month-to-month,DSL,Electronic check,0,3,No,0.5690883278471712,High,Tenure,Contract Upgrade Incentive
4468-KAZHE,60.0,20,Month-to-month,DSL,Electronic check,1,0,No,0.7633159745064321,Critical,Numtechtickets,Contract Upgrade Incentive
0455-ENTCR,85.25,66,Two year,DSL,Electronic check,2,0,No,0.013866907202274974,Low,N/A,N/A
8944-AILEF,19.45,15,Month-to-month,No,Credit card (automatic),0,5,No,0.24989558723366262,Low,N/A,N/A
5542-NKVRU,20.75,42,Two year,No,Bank transfer (automatic),0,3,No,0.009493264109646968,Low,N/A,N/A
7126-RBHSD,78.9,17,Month-to-month,Fiber optic,Electronic check,0,0,No,0.7449490219030872,Critical,Internetservice Fiber Optic,Contract Upgrade Incentive
5370-IIVVL,104.5,37,One year,Fiber optic,Credit card (automatic),0,3,No,0.0627313695871547,Low,N/A,N/A
6789-HJBWG,49.4,12,Month-to-month,DSL,Electronic check,0,0,No,0.6082946052079805,High,Tenure,Contract Upgrade Incentive
9087-EYCPR,25.0,60,Two year,No,Mailed check,0,0,No,0.0026891067364297546,Low,N/A,N/A
6791-YBNAK,25.55,18,Month-to-month,DSL,Credit card (automatic),0,0,No,0.4476257041903217,High,Tenure,Contract Upgrade Incentive
6077-BDPXA,70.15,3,Month-to-month,Fiber optic,Electronic check,0,0,No,0.9095335303171753,Critical,Internetservice Fiber Optic,Contract Upgrade Incentive
0013-MHZWF,69.4,9,Month-to-month,DSL,Credit card (automatic),0,0,No,0.3927723562931163,Low,N/A,N/A
8268-YDIXR,93.15,56,One year,Fiber optic,Electronic check,0,0,No,0.03218117372295337,Low,N/A,N/A
4291-SHSBH,69.55,7,Month-to-month,Fiber optic,Electronic check,0,0,No,0.8719947212322846,Critical,Internetservice Fiber Optic,Contract Upgrade Incentive
6980-IMXXE,20.2,69,Two year,No,Bank transfer (automatic),0,4,No,0.001735098733156298,Low,N/A,N/A
0040-HALCW,20.4,54,Two year,No,Credit card (automatic),0,0,No,0.003416312573568307,Low,N/A,N/A
0784-GTUUK,23.75,62,One year,No,Credit card (automatic),0,0,No,0.007971740075916887,Low,N/A,N/A
2294-DMMUS,70.45,62,Month-to-month,DSL,Credit card (automatic),0,0,No,0.016041340144639454,Low,N/A,N/A
0872-JCPIB,65.75,17,Month-to-month,DSL,Bank transfer (automatic),0,0,No,0.3463841678824684,Low,N/A,N/A
3055-MJDSB,24.6,9,Month-to-month,DSL,Mailed check,0,0,No,0.6197243202090661,High,Tenure,Contract Upgrade Incentive
9091-WTUUY,69.25,64,Two year,DSL,Mailed check,0,0,No,0.0010507306031805731,Low,N/A,N/A
7115-IRDHS,24.65,72,Two year,No,Bank transfer (automatic),0,0,No,0.0014334158565835631,Low,N/A,N/A
8496-DMZUK,90.4,30,One year,Fiber optic,Bank transfer (automatic),2,0,No,0.738810288569067,Critical,Numtechtickets,VIP Loyalty Check-in
2040-VZIKE,100.85,49,Month-to-month,Fiber optic,Mailed check,0,3,No,0.08323553489272639,Low,N/A,N/A
9068-VPWQQ,75.35,61,Two year,DSL,Credit card (automatic),0,0,No,0.0012553431007465833,Low,N/A,N/A
0178-SZBHO,87.2,47,Month-to-month,Fiber optic,Electronic check,0,0,No,0.1647592201243977,Low,N/A,N/A
0384-RVBPI,64.4,20,Month-to-month,DSL,Credit card (automatic),0,1,No,0.28499992249218087,Low,N/A,N/A
1299-AURJA,24.7,70,Two year,No,Bank transfer (automatic),0,2,No,0.001423838345580365,Low,N/A,N/A
4525-VZCZG,105.85,54,One year,Fiber optic,Electronic check,0,0,No,0.018772868708111453,Low,N/A,N/A
1543-LLLFT,98.3,61,One year,Fiber optic,Mailed check,0,0,No,0.011643961141193756,Low,N/A,N/A
2788-CJQAQ,19.45,13,One year,No,Mailed check,0,0,No,0.12109377599598617,Low,N/A,N/A
0319-QZTCO,58.7,3,Month-to-month,DSL,Credit card (automatic),0,0,No,0.5683515485532931,High,Tenure,Contract Upgrade Incentive
2120-SMPEX,20.15,25,Month-to-month,No,Mailed check,0,0,No,0.16015580154728823,Low,N/A,N/A
0096-FCPUF,64.5,30,Month-to-month,DSL,Mailed check,0,1,No,0.16468428009620684,Low,N/A,N/A
0668-OGMHD,28.5,21,Month-to-month,DSL,Electronic check,0,0,No,0.5533535970539769,High,Tenure,Contract Upgrade Incentive
6507-ZJSUR,90.45,23,Month-to-month,Fiber optic,Electronic check,0,0,No,0.6207241640440597,High,Internetservice Fiber Optic,Contract Upgrade Incentive
9408-HRXRK,105.15,45,Month-to-month,Fiber optic,Electronic check,0,1,No,0.12982337332040256,Low,N/A,N/A
5593-SUAOO,83.15,24,One year,Fiber optic,Bank transfer (automatic),0,0,No,0.2563704611827164,Low,N/A,N/A
6766-HFKLA,103.2,56,Two year,Fiber optic,Bank transfer (automatic),0,0,No,0.004439836033863198,Low,N/A,N/A
7617-EYGLW,19.45,1,Month-to-month,No,Electronic check,0,1,No,0.5413405879936893,High,Tenure,Contract Upgrade Incentive
9220-ZNKJI,88.8,55,Two year,Fiber optic,Credit card (automatic),0,0,No,0.008888109959274,Low,N/A,N/A
2226-ICFDO,85.9,72,Two year,DSL,Credit card (automatic),4,0,No,0.06982406839674213,Low,N/A,N/A
0723-VSOBE,34.2,45,One year,DSL,Electronic check,0,0,No,0.110279055792576,Low,N/A,N/A
5529-GIBVH,20.15,47,Two year,No,Mailed check,0,0,No,0.006269294933293298,Low,N/A,N/A
9992-UJOEL,50.3,2,Month-to-month,DSL,Mailed check,0,0,No,0.6273670817751594,High,Tenure,Contract Upgrade Incentive
4741-WWJQZ,80.15,2,Month-to-month,Fiber optic,Electronic check,0,0,No,0.8770320553619595,Critical,Internetservice Fiber Optic,Contract Upgrade Incentive
6625-UTXEW,51.25,12,Month-to-month,DSL,Electronic check,0,0,No,0.5884564948826024,High,Tenure,Contract Upgrade Incentive
6244-BESBM,95.2,69,Two year,Fiber optic,Credit card (automatic),5,5,No,0.5103866796771782,High,Numtechtickets,Proactive Tech Support Outreach
1004-NOZNR,94.8,56,One year,Fiber optic,Credit card (automatic),0,0,No,0.02351888652894504,Low,N/A,N/A
1251-STYSZ,80.25,4,Month-to-month,Fiber optic,Electronic check,0,0,No,0.9090854795170169,Critical,Internetservice Fiber Optic,Contract Upgrade Incentive
2612-PHGOX,76.1,64,Two year,DSL,Bank transfer (automatic),0,0,No,0.0011093596662798933,Low,N/A,N/A
8480-PPONV,115.55,62,Two year,Fiber optic,Bank transfer (automatic),0,0,No,0.0013882881076003055,Low,N/A,N/A
8780-IHCRN,24.65,63,Two year,No,Credit card (automatic),0,0,No,0.0017780283229145895,Low,N/A,N/A
4598-ZADCK,53.6,53,One year,DSL,Electronic check,0,0,No,0.027358363106050207,Low,N/A,N/A
1257-SXUXQ,19.45,5,Month-to-month,No,Mailed check,0,0,No,0.3248646452441484,Low,N/A,N/A
9681-KYGYB,88.2,49,Month-to-month,Fiber optic,Electronic check,0,0,No,0.1952418548078749,Low,N/A,N/A
7182-OVLBJ,101.15,62,Two year,Fiber optic,Bank transfer (automatic),0,0,No,0.002676338683376506,Low,N/A,N/A
5095-ETBRJ,56.8,55,Two year,DSL,Mailed check,0,4,No,0.00379815940970089,Low,N/A,N/A
7005-CYUIL,99.4,71,Two year,Fiber optic,Electronic check,0,0,No,0.0024919050779409636,Low,N/A,N/A
4821-WQOYN,20.1,72,Two year,No,Credit card (automatic),0,0,No,0.001450804269004958,Low,N/A,N/A
4730-AWNAU,60.7,36,One year,DSL,Credit card (automatic),0,0,No,0.034077995207187385,Low,N/A,N/A
3452-FLHYD,20.95,25,One year,No,Bank transfer (automatic),0,5,No,0.06885608256431437,Low,N/A,N/A
2388-LAESQ,114.85,72,Two year,Fiber optic,Bank transfer (automatic),0,0,No,0.0009316168585122084,Low,N/A,N/A
9531-NSBMR,19.25,36,One year,No,Bank transfer (automatic),2,0,No,0.4037977211602668,High,Numtechtickets,VIP Loyalty Check-in
6260-ONULR,62.8,1,Month-to-month,DSL,Mailed check,0,2,No,0.6019309316715183,High,Tenure,Contract Upgrade Incentive
4389-UEFCZ,105.5,72,Two year,Fiber optic,Electronic check,0,0,No,0.001913177515364124,Low,N/A,N/A
8711-LOBKY,19.85,59,Two year,No,Mailed check,1,0,No,0.009197838459798461,Low,N/A,N/A
8985-OOPOS,74.1,1,One year,DSL,Credit card (automatic),0,0,No,0.30970464419369487,Low,N/A,N/A
8800-ZKRFW,107.5,30,Month-to-month,Fiber optic,Electronic check,0,4,No,0.28594091915213016,Low,N/A,N/A
2616-FLVQC,19.55,64,Two year,No,Mailed check,0,3,No,0.0023591448292962767,Low,N/A,N/A
9968-FFVVH,68.8,63,One year,DSL,Bank transfer (automatic),0,0,No,0.005971352232457045,Low,N/A,N/A
3108-PCCGG,84.45,72,Two year,DSL,Credit card (automatic),0,0,No,0.000671291884517637,Low,N/A,N/A
8390-FESFV,84.5,62,Two year,DSL,Bank transfer (automatic),0,1,No,0.0011275575258852186,Low,N/A,N/A
3022-BEXHZ,111.2,67,Two year,Fiber optic,Bank transfer (automatic),0,0,No,0.0010204584829373966,Low,N/A,N/A
6248-TKCQV,80.6,70,Two year,DSL,Bank transfer (automatic),0,0,No,0.0005976179039854055,Low,N/A,N/A
6729-GDNGC,80.7,20,Month-to-month,Fiber optic,Bank transfer (automatic),0,2,No,0.6749042726734557,High,Internetservice Fiber Optic,Contract Upgrade Incentive
6198-ZFIOJ,75.6,5,Month-to-month,Fiber optic,Electronic check,0,0,No,0.8879181497312268,Critical,Internetservice Fiber Optic,Contract Upgrade Incentive
5989-OMNJE,57.6,24,One year,DSL,Electronic check,0,1,No,0.1519291201166955,Low,N/A,N/A
1291-CUOCY,110.6,72,Two year,Fiber optic,Credit card (automatic),0,0,No,0.0007647681830891728,Low,N/A,N/A
9795-SHUHB,58.2,66,Two year,DSL,Credit card (automatic),6,0,No,0.8117972054249336,Critical,Numtechtickets,Proactive Tech Support Outreach
3230-IUALN,81.0,45,Two year,DSL,Mailed check,0,0,No,0.003365320632967861,Low,N/A,N/A
0042-RLHYP,19.7,69,Two year,No,Bank transfer (automatic),0,0,No,0.0017556459521074807,Low,N/A,N/A
4945-RVMTE,59.55,28,Month-to-month,DSL,Bank transfer (automatic),0,0,No,0.23673128819258565,Low,N/A,N/A
1866-NXPSP,75.55,36,One year,DSL,Mailed check,0,0,No,0.031142323773249093,Low,N/A,N/A
3941-XTSKM,45.1,42,One year,DSL,Credit card (automatic),0,0,No,0.04037058546797788,Low,N/A,N/A
1661-CZBAU,70.95,48,One year,DSL,Bank transfer (automatic),0,0,No,0.01403096178815816,Low,N/A,N/A
5158-RIVOP,20.9,11,Two year,No,Credit card (automatic),0,0,No,0.039355741231216435,Low,N/A,N/A
9788-YTFGE,19.95,7,Month-to-month,No,Mailed check,0,0,No,0.34361336265982184,Low,N/A,N/A
9277-JOOMO,24.6,3,Month-to-month,No,Mailed check,0,0,No,0.40160788423142546,High,Tenure,Contract Upgrade Incentive
1907-YLNYW,66.7,8,Month-to-month,DSL,Electronic check,0,0,No,0.5797650283805591,High,Tenure,Contract Upgrade Incentive
8947-YRTDV,94.8,32,One year,Fiber optic,Mailed check,0,0,No,0.10152409963136964,Low,N/A,N/A
3161-ONRWK,65.85,60,One year,DSL,Bank transfer (automatic),0,0,No,0.006194605121224511,Low,N/A,N/A
0114-RSRRW,19.95,10,Month-to-month,No,Bank transfer (automatic),0,0,No,0.3419810776505169,Low,N/A,N/A
4565-NLZBV,24.65,71,Two year,No,Bank transfer (automatic),0,0,No,0.0015652065540492218,Low,N/A,N/A
6682-VCIXC,51.25,43,One year,DSL,Bank transfer (automatic),0,1,No,0.033016972625673026,Low,N/A,N/A
6475-VHUIZ,54.25,23,Month-to-month,DSL,Electronic check,0,0,No,0.3496164013317614,Low,N/A,N/A
3910-MRQOY,19.4,72,Two year,No,Bank transfer (automatic),1,0,No,0.006377754569007804,Low,N/A,N/A
0661-WCQNQ,56.25,22,One year,DSL,Credit card (automatic),0,4,No,0.10510183743080737,Low,N/A,N/A
7537-RBWEA,25.15,1,Month-to-month,DSL,Mailed check,0,5,No,0.7351333669251036,Critical,Tenure,Contract Upgrade Incentive
4656-CAURT,23.95,69,Two year,No,Bank transfer (automatic),0,0,No,0.0016772628077913816,Low,N/A,N/A
0121-SNYRK,35.4,50,One year,DSL,Mailed check,0,0,No,0.03296575989815588,Low,N/A,N/A
3733-LSYCE,75.35,15,Month-to-month,Fiber optic,Bank transfer (automatic),0,0,No,0.7187054812935229,Critical,Internetservice Fiber Optic,Contract Upgrade Incentive
6265-FRMTQ,20.4,31,Two year,No,Bank transfer (automatic),0,0,No,0.01593890350232675,Low,N/A,N/A
1371-DWPAZ,56.05,0,Two year,DSL,Credit card (automatic),0,0,No,0.1245116086165953,Low,N/A,N/A
2017-CCBLH,20.0,8,Two year,No,Mailed check,0,5,No,0.05410066369999443,Low,N/A,N/A
7690-KPNCU,73.05,64,One year,DSL,Credit card (automatic),0,0,No,0.004158591916509836,Low,N/A,N/A
0536-BGFMZ,20.5,28,Month-to-month,No,Mailed check,0,1,No,0.14427088947473807,Low,N/A,N/A
2293-IJWPS,100.75,57,One year,Fiber optic,Credit card (automatic),0,2,No,0.01605791871807454,Low,N/A,N/A
5469-NUJUR,19.95,19,Two year,No,Mailed check,0,0,No,0.027412941707141102,Low,N/A,N/A
2625-TRCZQ,49.65,51,Month-to-month,DSL,Electronic check,0,0,No,0.10316251411394711,Low,N/A,N/A
4102-HLENU,65.65,67,Two year,DSL,Mailed check,0,0,No,0.0015496506310218804,Low,N/A,N/A
7266-GSSJX,20.45,11,Month-to-month,No,Electronic check,0,0,No,0.34957919035381363,Low,N/A,N/A
7722-VJRQD,60.95,72,Two year,DSL,Bank transfer (automatic),0,1,No,0.0008619483149649176,Low,N/A,N/A
7073-QETQY,20.35,66,One year,No,Electronic check,0,0,No,0.009201581633937465,Low,N/A,N/A
5624-RYAMH,19.5,9,Month-to-month,No,Electronic check,0,0,No,0.45425916658338833,High,Tenure,Contract Upgrade Incentive
0196-JTUQI,75.2,9,Month-to-month,Fiber optic,Credit card (automatic),0,0,No,0.7999921671302925,Critical,Internetservice Fiber Optic,Contract Upgrade Incentive
7130-YXBRO,111.45,48,Month-to-month,Fiber optic,Bank transfer (automatic),0,3,No,0.06767117204104096,Low,N/A,N/A
9272-LSVYH,70.15,10,Month-to-month,Fiber optic,Mailed check,0,0,No,0.77258015111181,Critical,Internetservice Fiber Optic,Contract Upgrade Incentive
3084-DOWLE,92.0,72,Two year,DSL,Bank transfer (automatic),0,0,No,0.00038888664862880184,Low,N/A,N/A
1084-MNSMJ,85.5,51,Two year,DSL,Credit card (automatic),0,0,No,0.0018683449112916514,Low,N/A,N/A
4238-HFHSN,82.15,61,Month-to-month,Fiber optic,Electronic check,0,0,No,0.10281808910821394,Low,N/A,N/A
6250-CGGUN,84.4,54,One year,Fiber optic,Electronic check,0,5,No,0.043877749427548345,Low,N/A,N/A
5478-JJVZK,60.9,33,Month-to-month,DSL,Mailed check,0,0,No,0.15769795274141582,Low,N/A,N/A
7596-IIWYC,20.25,27,Two year,No,Bank transfer (automatic),0,0,No,0.021721521710250904,Low,N/A,N/A
9793-WECQC,95.3,23,Month-to-month,Fiber optic,Mailed check,0,0,No,0.4444033511823666,High,Internetservice Fiber Optic,Contract Upgrade Incentive
4291-HPAXL,19.85,1,Month-to-month,No,Mailed check,0,0,No,0.3865638176598367,Low,N/A,N/A
8999-YPYBV,84.35,45,Two year,DSL,Mailed check,0,0,No,0.0026352465700602914,Low,N/A,N/A
1839-FBNFR,19.85,39,Two year,No,Bank transfer (automatic),0,0,No,0.009002843978430411,Low,N/A,N/A
3071-MVJCD,82.3,72,Two year,DSL,Bank transfer (automatic),0,0,No,0.00042923817951855776,Low,N/A,N/A
1697-BCSHV,66.8,58,Month-to-month,DSL,Bank transfer (automatic),0,0,No,0.024072561475545855,Low,N/A,N/A
0562-KBDVM,44.6,70,Two year,DSL,Bank transfer (automatic),0,0,No,0.0026003133339574957,Low,N/A,N/A
1131-SUEKT,98.45,61,One year,Fiber optic,Bank transfer (automatic),0,0,No,0.008856898921047188,Low,N/A,N/A
3717-OEAUQ,70.7,2,Month-to-month,Fiber optic,Mailed check,0,0,No,0.8587535671906622,Critical,Internetservice Fiber Optic,Contract Upgrade Incentive
4538-WNTMJ,24.95,46,One year,No,Mailed check,0,3,No,0.016699254699147844,Low,N/A,N/A
9432-RUVSL,102.5,48,Two year,Fiber optic,Credit card (automatic),0,0,No,0.00864659724583684,Low,N/A,N/A
8060-HIWJJ,86.55,64,Two year,DSL,Credit card (automatic),0,0,No,0.0007370971081213613,Low,N/A,N/A
7684-XSZIY,24.3,72,Two year,No,Bank transfer (automatic),5,0,No,0.46711900842634624,High,Numtechtickets,Proactive Tech Support Outreach
9089-UOWJG,58.35,12,Month-to-month,DSL,Credit card (automatic),0,0,No,0.41405444413205605,High,Tenure,Contract Upgrade Incentive
8039-ACLPL,68.75,72,Two year,DSL,Credit card (automatic),0,0,No,0.0008788523227139271,Low,N/A,N/A
9885-AIBVB,85.8,29,Month-to-month,Fiber optic,Electronic check,0,0,No,0.4855037272968453,High,Internetservice Fiber Optic,Contract Upgrade Incentive
1934-MKPXS,20.1,33,One year,No,Credit card (automatic),0,0,No,0.03774887112728131,Low,N/A,N/A
2592-YKDIF,20.35,1,Month-to-month,No,Mailed check,0,0,No,0.4444961832995811,High,Tenure,Contract Upgrade Incentive
2272-JKMSI,110.8,62,One year,Fiber optic,Electronic check,0,0,No,0.008941824045639915,Low,N/A,N/A
8714-CTZJW,82.85,4,Month-to-month,Fiber optic,Credit card (automatic),0,0,No,0.836413858279168,Critical,Internetservice Fiber Optic,Contract Upgrade Incentive
3569-EDBPQ,84.35,24,Month-to-month,Fiber optic,Electronic check,0,0,No,0.579576071614695,High,Internetservice Fiber Optic,Contract Upgrade Incentive
3131-NWVFJ,19.55,14,One year,No,Mailed check,0,0,No,0.10392333372525422,Low,N/A,N/A
7521-YXVZY,19.95,3,Month-to-month,No,Mailed check,0,0,No,0.3604383321518376,Low,N/A,N/A
2373-NTKOD,66.25,8,Month-to-month,DSL,Electronic check,0,0,No,0.5838090538647138,High,Tenure,Contract Upgrade Incentive
1970-KKFWL,23.3,35,Two year,No,Bank transfer (automatic),0,0,No,0.013076245163100334,Low,N/A,N/A
9337-SRRNI,25.3,66,Two year,No,Credit card (automatic),0,0,No,0.0015617013088878367,Low,N/A,N/A
0895-UADGO,44.55,8,Two year,DSL,Mailed check,0,2,No,0.08382752483956135,Low,N/A,N/A
5678-VFNEQ,104.1,71,One year,Fiber optic,Credit card (automatic),0,2,No,0.004912915169964572,Low,N/A,N/A
5977-CKHON,92.55,43,Month-to-month,Fiber optic,Bank transfer (automatic),2,0,No,0.7050144703454657,Critical,Numtechtickets,Contract Upgrade Incentive
2692-BUCFV,101.45,29,Month-to-month,Fiber optic,Bank transfer (automatic),0,0,No,0.37373106712629,Low,N/A,N/A
1830-GGFNM,94.55,65,Two year,Fiber optic,Credit card (automatic),0,0,No,0.0021186061375761144,Low,N/A,N/A
5302-BDJNT,95.5,35,Month-to-month,Fiber optic,Electronic check,0,0,No,0.2801887297939517,Low,N/A,N/A
5223-UZAVK,100.3,64,One year,Fiber optic,Credit card (automatic),0,0,No,0.009095935485508121,Low,N/A,N/A
4859-ZSRDZ,55.5,58,Two year,DSL,Credit card (automatic),0,4,No,0.002976196230012542,Low,N/A,N/A
5651-WYIPH,49.85,18,Month-to-month,DSL,Credit card (automatic),0,5,No,0.4634892158641995,High,Tenure,Contract Upgrade Incentive
9350-VLHMB,89.55,67,Month-to-month,Fiber optic,Bank transfer (automatic),0,0,No,0.022802976742065294,Low,N/A,N/A
3498-LZGQZ,19.15,63,Two year,No,Mailed check,0,0,No,0.0020639918231597607,Low,N/A,N/A
8785-CJSHH,99.8,60,Month-to-month,Fiber optic,Electronic check,0,0,No,0.05603652835283674,Low,N/A,N/A
3870-SPZSI,113.05,70,Two year,Fiber optic,Credit card (automatic),0,0,No,0.0007954897914318548,Low,N/A,N/A
7560-QRBXH,19.95,48,One year,No,Mailed check,0,0,No,0.018448827905619334,Low,N/A,N/A
7077-XJMET,74.15,12,Month-to-month,DSL,Electronic check,0,0,No,0.4292098035483593,High,Tenure,Contract Upgrade Incentive
8752-GHJFU,92.0,71,One year,Fiber optic,Electronic check,0,0,No,0.010509612399254764,Low,N/A,N/A
6896-SRVYQ,73.85,44,Month-to-month,Fiber optic,Electronic check,0,0,No,0.3579450403306275,Low,N/A,N/A
4652-ODEVH,24.45,45,Two year,No,Mailed check,0,0,No,0.00476164832948448,Low,N/A,N/A
6510-UPNKS,24.8,23,One year,No,Credit card (automatic),0,0,No,0.07539182218973929,Low,N/A,N/A
6718-BDGHG,64.85,43,One year,DSL,Bank transfer (automatic),0,0,No,0.02522753715803096,Low,N/A,N/A
9046-DQMTP,20.75,35,Month-to-month,No,Bank transfer (automatic),0,0,No,0.10863295389672992,Low,N/A,N/A
6439-LAJXL,68.95,9,Month-to-month,DSL,Mailed check,0,0,No,0.37938035258421465,Low,N/A,N/A
9052-VKDUW,109.4,65,Month-to-month,Fiber optic,Credit card (automatic),0,0,No,0.021751166781863073,Low,N/A,N/A
1666-JZPZT,49.0,27,Month-to-month,DSL,Mailed check,0,0,No,0.25427665680125805,Low,N/A,N/A
5777-KJIRB,50.25,40,One year,DSL,Mailed check,0,0,No,0.05310723566835227,Low,N/A,N/A
7677-SJJJK,19.9,8,One year,No,Credit card (automatic),0,0,No,0.1346073423785736,Low,N/A,N/A
2480-EJWYP,97.8,58,One year,Fiber optic,Bank transfer (automatic),0,3,No,0.02466406968064076,Low,N/A,N/A
3253-HKOKL,100.3,52,One year,Fiber optic,Electronic check,4,2,No,0.8720624900783719,Critical,Numtechtickets,Proactive Tech Support Outreach
7055-HNEOJ,55.8,3,Month-to-month,DSL,Mailed check,0,0,No,0.5298468637377892,High,Tenure,Contract Upgrade Incentive
5514-YQENT,111.15,41,Two year,Fiber optic,Electronic check,0,2,No,0.01458715560590273,Low,N/A,N/A
3211-AAPKX,98.55,20,Month-to-month,Fiber optic,Mailed check,0,0,No,0.43325080322540777,High,Internetservice Fiber Optic,Contract Upgrade Incentive
8445-DNBAE,50.05,1,Month-to-month,DSL,Electronic check,0,0,No,0.71244088358893,Critical,Tenure,Contract Upgrade Incentive
2958-NHPPS,20.85,23,Month-to-month,No,Electronic check,0,0,No,0.25406361886925083,Low,N/A,N/A
6806-YDEUL,19.5,6,Month-to-month,No,Bank transfer (automatic),0,0,No,0.46128579210084886,High,Tenure,Contract Upgrade Incentive
1735-XMJVH,19.35,8,Month-to-month,No,Mailed check,0,0,No,0.28933658757691433,Low,N/A,N/A
6890-PFRQX,69.5,18,Month-to-month,DSL,Mailed check,1,0,No,0.6084119981867692,High,Numtechtickets,Contract Upgrade Incentive
0222-CNVPT,48.8,52,Month-to-month,DSL,Credit card (automatic),0,0,No,0.0800522910609586,Low,N/A,N/A
5899-OUVKV,94.5,31,Month-to-month,Fiber optic,Electronic check,0,1,No,0.4037761198986246,High,Internetservice Fiber Optic,Contract Upgrade Incentive
8681-ICONS,20.65,29,Month-to-month,No,Mailed check,0,5,No,0.10843664904712699,Low,N/A,N/A
1621-YNCJH,106.05,36,Two year,Fiber optic,Credit card (automatic),2,5,No,0.2188022841785052,Low,N/A,N/A
6362-QHAFM,108.3,42,One year,Fiber optic,Electronic check,0,2,No,0.051977181733372194,Low,N/A,N/A
3070-BDOQC,99.65,60,Two year,Fiber optic,Electronic check,0,0,No,0.006621628839264963,Low,N/A,N/A
6234-PFPXL,95.9,22,Month-to-month,Fiber optic,Credit card (automatic),0,0,No,0.40088739005655116,High,Internetservice Fiber Optic,Contract Upgrade Incentive
9824-QCJPK,20.0,36,One year,No,Mailed check,0,0,No,0.035522910116349206,Low,N/A,N/A
4283-IVYCI,64.95,9,Month-to-month,DSL,Mailed check,0,0,No,0.40947388046036365,High,Tenure,Contract Upgrade Incentive
1866-OBPNR,74.6,1,Month-to-month,Fiber optic,Credit card (automatic),0,0,No,0.8408679256301466,Critical,Internetservice Fiber Optic,Contract Upgrade Incentive
8205-MQUGY,49.2,12,Month-to-month,DSL,Electronic check,0,0,No,0.5380671259647883,High,Tenure,Contract Upgrade Incentive
8970-ANWXO,73.75,23,One year,DSL,Mailed check,0,1,No,0.07755005470821284,Low,N/A,N/A
9480-BQJEI,92.3,62,One year,Fiber optic,Bank transfer (automatic),0,0,No,0.01568280574697114,Low,N/A,N/A
6979-TNDEU,19.2,8,Month-to-month,No,Mailed check,0,1,No,0.35559820122336616,Low,N/A,N/A
9777-WJJPR,88.65,31,Month-to-month,Fiber optic,Credit card (automatic),0,0,No,0.3338993205061224,Low,N/A,N/A
9495-SKLKD,95.95,45,Month-to-month,Fiber optic,Bank transfer (automatic),3,0,No,0.8600845116775405,Critical,Numtechtickets,Proactive Tech Support Outreach
6048-UWKAL,105.4,69,Two year,Fiber optic,Credit card (automatic),0,0,No,0.0017676573086774698,Low,N/A,N/A
5067-DGXLL,20.25,2,Month-to-month,No,Mailed check,0,0,No,0.40840343704692705,High,Tenure,Contract Upgrade Incentive
6281-FKEWS,49.05,44,One year,DSL,Electronic check,0,0,No,0.06486918548156843,Low,N/A,N/A
8898-KASCD,35.55,39,One year,DSL,Mailed check,0,0,No,0.06302157239211069,Low,N/A,N/A
9242-TKFSV,65.1,72,Two year,DSL,Credit card (automatic),0,3,No,0.0007169202655103144,Low,N/A,N/A
9290-SHCMB,96.85,13,Month-to-month,Fiber optic,Electronic check,0,0,No,0.7920400592006331,Critical,Internetservice Fiber Optic,Contract Upgrade Incentive
0743-HNPFG,69.75,51,One year,DSL,Credit card (automatic),0,0,No,0.010586767300074199,Low,N/A,N/A
2277-BKJKN,99.2,71,Two year,Fiber optic,Electronic check,0,1,No,0.003009302061582654,Low,N/A,N/A
5035-PGZXH,106.8,56,One year,Fiber optic,Electronic check,0,0,No,0.025371327481427897,Low,N/A,N/A
8695-WDYEA,51.25,1,Month-to-month,DSL,Mailed check,0,0,No,0.6389415778898573,High,Tenure,Contract Upgrade Incentive
6543-JXSOO,57.75,23,One year,DSL,Mailed check,0,0,No,0.0896914622734722,Low,N/A,N/A
8016-ZMGMO,70.85,66,One year,DSL,Bank transfer (automatic),0,0,No,0.006418562798287819,Low,N/A,N/A
8605-ITULD,19.55,1,Month-to-month,No,Mailed check,0,0,No,0.44718727706188965,High,Tenure,Contract Upgrade Incentive
6416-YJTTB,79.5,11,Month-to-month,Fiber optic,Bank transfer (automatic),0,0,No,0.7587541414396607,Critical,Internetservice Fiber Optic,Contract Upgrade Incentive
4472-VESGY,98.15,52,Month-to-month,Fiber optic,Bank transfer (automatic),1,0,No,0.21856349708048575,Low,N/A,N/A
3195-TQDZX,20.25,3,Month-to-month,No,Electronic check,0,0,No,0.5108971321578459,High,Tenure,Contract Upgrade Incentive
3128-YOVTD,79.15,51,Month-to-month,Fiber optic,Bank transfer (automatic),0,3,No,0.12207909559591364,Low,N/A,N/A
1728-CXQBE,94.25,64,Month-to-month,Fiber optic,Electronic check,0,0,No,0.05424886985478725,Low,N/A,N/A
7041-TXQJH,40.2,37,Month-to-month,DSL,Credit card (automatic),0,0,No,0.2040905429174219,Low,N/A,N/A
5014-GSOUQ,19.95,13,Two year,No,Mailed check,0,0,No,0.03793740878529275,Low,N/A,N/A
5724-BIDBU,55.35,49,One year,DSL,Electronic check,0,0,No,0.036627825219719884,Low,N/A,N/A
0481-SUMCB,102.15,45,One year,Fiber optic,Bank transfer (automatic),0,0,No,0.05703828635659119,Low,N/A,N/A
1769-GRUIK,71.1,18,Month-to-month,Fiber optic,Electronic check,0,0,No,0.7716274997234345,Critical,Internetservice Fiber Optic,Contract Upgrade Incentive
8819-WFGGJ,54.1,68,Two year,DSL,Bank transfer (automatic),0,0,No,0.002087228259878969,Low,N/A,N/A
7427-AUFPY,19.65,54,Two year,No,Credit card (automatic),0,3,No,0.004362918775571727,Low,N/A,N/A
2811-POVEX,88.45,23,Month-to-month,Fiber optic,Bank transfer (automatic),0,0,No,0.5257765146185849,High,Internetservice Fiber Optic,Contract Upgrade Incentive
7898-PDWQE,80.4,71,Two year,DSL,Credit card (automatic),0,0,No,0.0005199116754384417,Low,N/A,N/A
9972-EWRJS,19.25,67,Two year,No,Bank transfer (automatic),0,0,No,0.001962539756842316,Low,N/A,N/A
9314-IJWSQ,84.8,14,Month-to-month,Fiber optic,Electronic check,0,2,No,0.7381911794783428,Critical,Internetservice Fiber Optic,Contract Upgrade Incentive
5799-JRCZO,19.5,63,Two year,No,Credit card (automatic),0,0,No,0.002492392818458149,Low,N/A,N/A
1921-KYSAY,68.6,41,One year,DSL,Electronic check,0,0,No,0.039813902037999956,Low,N/A,N/A
6198-RTPMF,92.6,17,Month-to-month,Fiber optic,Electronic check,0,3,No,0.6930390935439371,High,Internetservice Fiber Optic,Contract Upgrade Incentive
2924-KHUVI,100.55,56,One year,Fiber optic,Electronic check,0,0,No,0.026927187718123483,Low,N/A,N/A
1925-GMVBW,20.55,5,Month-to-month,No,Credit card (automatic),0,1,No,0.4031570231352502,High,Tenure,Contract Upgrade Incentive
6184-DYUOB,19.6,3,Month-to-month,No,Mailed check,0,0,No,0.40612887451714524,High,Tenure,Contract Upgrade Incentive
9207-ZPANB,67.45,37,One year,DSL,Electronic check,0,5,No,0.05093364290503199,Low,N/A,N/A
9327-QSDED,43.55,8,Month-to-month,DSL,Mailed check,0,0,No,0.5592097246499109,High,Tenure,Contract Upgrade Incentive
1656-DRSMG,109.85,63,Month-to-month,Fiber optic,Credit card (automatic),0,0,No,0.018022741010653178,Low,N/A,N/A
3012-VFFMN,20.65,7,Month-to-month,No,Mailed check,0,0,No,0.3155339952175966,Low,N/A,N/A
2984-AFWNC,95.4,3,Month-to-month,Fiber optic,Electronic check,0,0,No,0.8743602553434896,Critical,Internetservice Fiber Optic,Contract Upgrade Incentive
0640-YJTPY,21.0,72,Two year,No,Bank transfer (automatic),0,0,No,0.0013138634310431048,Low,N/A,N/A
8096-LOIST,56.2,19,Month-to-month,DSL,Electronic check,0,0,No,0.4625830233177459,High,Tenure,Contract Upgrade Incentive
9764-REAFF,18.4,59,Two year,No,Bank transfer (automatic),0,0,No,0.0037765297669743805,Low,N/A,N/A
7107-UBYKY,25.75,35,Month-to-month,No,Electronic check,0,0,No,0.121685761185893,Low,N/A,N/A
4881-GQJTW,19.6,14,Month-to-month,No,Credit card (automatic),0,0,No,0.27265055023296114,Low,N/A,N/A
7876-DNYAP,19.8,69,Two year,No,Credit card (automatic),0,0,No,0.0016264747685273266,Low,N/A,N/A
7905-NJMXS,64.2,7,Month-to-month,DSL,Electronic check,0,5,No,0.5968031741920673,High,Tenure,Contract Upgrade Incentive
2882-WDTBA,75.75,69,Two year,DSL,Bank transfer (automatic),0,0,No,0.0006233612950657189,Low,N/A,N/A
2091-GPPIQ,78.95,72,Two year,DSL,Electronic check,0,0,No,0.0007235038887002399,Low,N/A,N/A
5071-FBJFS,50.3,4,Month-to-month,DSL,Electronic check,0,0,No,0.6768914400662299,High,Tenure,Contract Upgrade Incentive
2796-UUZZO,80.3,63,Month-to-month,Fiber optic,Credit card (automatic),0,0,No,0.04658971048133915,Low,N/A,N/A
2429-AYKKO,19.85,72,Two year,No,Bank transfer (automatic),0,0,No,0.0016756160727350669,Low,N/A,N/A
9798-OPFEM,21.1,46,Two year,No,Electronic check,0,0,No,0.010742444173821347,Low,N/A,N/A
3794-NFNCH,50.0,30,Month-to-month,DSL,Mailed check,0,0,No,0.20526081873533114,Low,N/A,N/A
5193-QLVZB,104.75,63,Two year,Fiber optic,Bank transfer (automatic),0,0,No,0.00281502679852679,Low,N/A,N/A
7114-AEOZE,19.85,60,Two year,No,Bank transfer (automatic),0,4,No,0.003653310168824194,Low,N/A,N/A
5522-NYKPB,85.9,25,Month-to-month,Fiber optic,Electronic check,0,0,No,0.4657376518026672,High,Internetservice Fiber Optic,Contract Upgrade Incentive
9957-YODKZ,80.8,6,Month-to-month,Fiber optic,Electronic check,0,0,No,0.8802450356110554,Critical,Internetservice Fiber Optic,Contract Upgrade Incentive
6518-KZXCB,25.25,22,Two year,No,Mailed check,0,0,No,0.02085382120790092,Low,N/A,N/A
2245-ADZFJ,80.55,31,Two year,DSL,Bank transfer (automatic),0,0,No,0.010587044743368265,Low,N/A,N/A
7776-QGYJC,81.5,39,Month-to-month,Fiber optic,Bank transfer (automatic),0,0,No,0.21066806461853854,Low,N/A,N/A
9313-QOLTZ,20.9,26,Month-to-month,No,Mailed check,0,0,No,0.1531602507019834,Low,N/A,N/A
4672-FOTSD,67.25,12,Month-to-month,DSL,Electronic check,0,0,No,0.4587756167166226,High,Tenure,Contract Upgrade Incentive
9818-XQCUV,20.35,2,Month-to-month,No,Mailed check,0,0,No,0.43045802953433243,High,Tenure,Contract Upgrade Incentive
7338-ERIVA,45.05,39,One year,DSL,Bank transfer (automatic),0,0,No,0.0466170646704413,Low,N/A,N/A
8259-NFJTV,34.65,7,Month-to-month,DSL,Mailed check,0,0,No,0.5296284088808405,High,Tenure,Contract Upgrade Incentive
3223-DWFIO,69.35,4,Month-to-month,Fiber optic,Electronic check,0,0,No,0.9142301375157147,Critical,Internetservice Fiber Optic,Contract Upgrade Incentive
6968-GMKPR,81.55,55,Month-to-month,Fiber optic,Electronic check,0,0,No,0.1422570685079983,Low,N/A,N/A
4751-ERMAN,75.4,72,Two year,DSL,Bank transfer (automatic),0,0,No,0.0006418598771207865,Low,N/A,N/A
1436-ZMJAN,67.8,10,Month-to-month,DSL,Credit card (automatic),0,0,No,0.45128281971063344,High,Tenure,Contract Upgrade Incentive
3292-PBZEJ,111.4,11,Month-to-month,Fiber optic,Electronic check,0,0,No,0.7236775891161402,Critical,Internetservice Fiber Optic,Contract Upgrade Incentive
0799-DDIHE,46.3,15,Month-to-month,DSL,Electronic check,0,0,No,0.5291642771375392,High,Tenure,Contract Upgrade Incentive
3070-FNFZQ,20.4,23,Two year,No,Bank transfer (automatic),0,0,No,0.021811401822513062,Low,N/A,N/A
2812-SFXMJ,20.05,1,Month-to-month,No,Mailed check,0,0,No,0.3859182948279613,Low,N/A,N/A
5014-WUQMG,96.1,47,One year,Fiber optic,Electronic check,0,0,No,0.05356393716511413,Low,N/A,N/A
5312-TSZVC,19.65,15,One year,No,Mailed check,0,5,No,0.10536837108554765,Low,N/A,N/A
0993-OSGPT,60.65,68,One year,DSL,Bank transfer (automatic),0,0,No,0.006989448492719439,Low,N/A,N/A
7108-DGVUU,71.7,21,One year,DSL,Bank transfer (automatic),0,0,No,0.14264744690199968,Low,N/A,N/A
2782-JEEBU,36.0,21,Month-to-month,DSL,Mailed check,0,0,No,0.3443186139330252,Low,N/A,N/A
5127-BZENZ,65.2,56,One year,DSL,Bank transfer (automatic),2,0,No,0.141397964538604,Low,N/A,N/A
2720-FVBQP,48.95,6,Month-to-month,DSL,Credit card (automatic),0,0,No,0.5557180740057964,High,Tenure,Contract Upgrade Incentive
9906-NHHVC,53.5,65,Two year,DSL,Bank transfer (automatic),0,0,No,0.003838755400314333,Low,N/A,N/A
4522-XRWWI,80.45,42,One year,DSL,Credit card (automatic),0,0,No,0.015947188633390792,Low,N/A,N/A
3766-EJLFL,109.05,68,Two year,Fiber optic,Bank transfer (automatic),0,0,No,0.001107174631137531,Low,N/A,N/A
5939-SXWHM,26.3,48,Two year,No,Bank transfer (automatic),0,0,No,0.004281405797184467,Low,N/A,N/A
8152-UOBNY,106.8,50,One year,Fiber optic,Electronic check,0,0,No,0.04078385335554731,Low,N/A,N/A
7351-KYHQH,64.95,7,Month-to-month,DSL,Electronic check,0,0,No,0.6748098311442138,High,Tenure,Contract Upgrade Incentive
7643-RCHXS,19.35,63,Two year,No,Electronic check,0,1,No,0.0035182343639950458,Low,N/A,N/A
8246-SHFGA,21.1,17,Month-to-month,No,Credit card (automatic),0,0,No,0.23583312053954356,Low,N/A,N/A
0620-XEFWH,18.85,4,Month-to-month,No,Mailed check,0,5,No,0.33759398398390644,Low,N/A,N/A
6485-QXWWE,26.0,62,Two year,No,Bank transfer (automatic),0,0,No,0.002224820822806275,Low,N/A,N/A
7321-VGNKU,70.35,2,Month-to-month,Fiber optic,Electronic check,0,0,No,0.9105632753965291,Critical,Internetservice Fiber Optic,Contract Upgrade Incentive
5327-CNLUQ,96.9,48,Two year,Fiber optic,Bank transfer (automatic),0,0,No,0.011942311975788449,Low,N/A,N/A
7552-KEYGT,19.55,27,Two year,No,Bank transfer (automatic),0,4,No,0.018984902019623565,Low,N/A,N/A
5816-JMLGY,80.4,70,Two year,DSL,Bank transfer (automatic),0,3,No,0.0005508297138648619,Low,N/A,N/A
2927-QRRQV,94.65,46,One year,Fiber optic,Electronic check,0,2,No,0.06742720475932523,Low,N/A,N/A
6265-SXWBU,95.75,69,One year,Fiber optic,Credit card (automatic),0,0,No,0.006347533903535478,Low,N/A,N/A
7941-RCJOW,19.55,65,Two year,No,Credit card (automatic),0,0,No,0.002386920320475063,Low,N/A,N/A
6374-NTQLP,104.1,72,Two year,Fiber optic,Credit card (automatic),0,0,No,0.0010498165647109391,Low,N/A,N/A
2387-KDZQY,20.1,17,One year,No,Mailed check,0,0,No,0.10071014483721098,Low,N/A,N/A
3584-WKTTW,111.55,51,One year,Fiber optic,Electronic check,4,0,No,0.8202444952110233,Critical,Numtechtickets,Proactive Tech Support Outreach
3399-BMLVW,60.5,51,Two year,DSL,Credit card (automatic),0,0,No,0.0036181708962008956,Low,N/A,N/A
1971-DTCZB,90.95,72,Two year,DSL,Bank transfer (automatic),0,0,No,0.00039509670678198423,Low,N/A,N/A
3374-PZLXD,19.7,34,Month-to-month,No,Mailed check,0,1,No,0.10558616555300053,Low,N/A,N/A
3813-DHBBB,50.95,67,Two year,DSL,Bank transfer (automatic),0,0,No,0.00204299764553779,Low,N/A,N/A
2812-REYAT,20.05,49,One year,No,Bank transfer (automatic),0,0,No,0.02164591660969252,Low,N/A,N/A
6518-PPLMZ,19.4,53,Two year,No,Mailed check,3,0,No,0.15226374195888837,Low,N/A,N/A
4939-KYYPY,59.45,27,Month-to-month,DSL,Electronic check,0,0,No,0.25926586257634604,Low,N/A,N/A
5930-GBIWP,81.5,69,Two year,DSL,Credit card (automatic),0,0,No,0.0006335846719680062,Low,N/A,N/A
6022-KOUQO,29.05,2,Month-to-month,DSL,Bank transfer (automatic),0,0,No,0.6500459397998972,High,Tenure,Contract Upgrade Incentive
2361-UPSND,70.6,46,One year,DSL,Mailed check,0,0,No,0.01632460227463128,Low,N/A,N/A
6035-RIIOM,97.2,54,Two year,Fiber optic,Bank transfer (automatic),3,5,No,0.30613799917715523,Low,N/A,N/A
9504-DSHWM,59.2,20,Month-to-month,DSL,Bank transfer (automatic),0,3,No,0.2845182098350901,Low,N/A,N/A
5035-BVCXS,75.9,11,Month-to-month,Fiber optic,Mailed check,0,2,No,0.7417040799533898,Critical,Internetservice Fiber Optic,Contract Upgrade Incentive
6267-DCFFZ,90.05,30,Month-to-month,Fiber optic,Electronic check,0,0,No,0.5209070016746696,High,Internetservice Fiber Optic,Contract Upgrade Incentive
3533-UVMOM,70.95,68,Two year,DSL,Bank transfer (automatic),6,0,No,0.7703103244229925,Critical,Numtechtickets,Proactive Tech Support Outreach
2439-LYPMQ,102.6,38,Month-to-month,Fiber optic,Electronic check,0,0,No,0.26488663756064446,Low,N/A,N/A
1478-VPOAD,43.8,1,Month-to-month,DSL,Electronic check,0,0,No,0.7752185906095311,Critical,Tenure,Contract Upgrade Incentive
9995-HOTOH,59.0,63,Two year,DSL,Electronic check,0,0,No,0.0031486097457722587,Low,N/A,N/A
2988-PLAHS,69.95,3,One year,DSL,Electronic check,0,0,No,0.43215446800713997,High,Tenure,VIP Loyalty Check-in
1371-OJCEK,24.35,48,One year,No,Bank transfer (automatic),0,0,No,0.021241649111770403,Low,N/A,N/A
4999-IEZLT,29.45,66,One year,DSL,Credit card (automatic),0,4,No,0.016223209398936327,Low,N/A,N/A
8883-ANODQ,84.4,68,Two year,Fiber optic,Credit card (automatic),0,0,No,0.0031348069203755826,Low,N/A,N/A
2351-RRBUE,20.65,7,One year,No,Mailed check,0,0,No,0.14500945787943892,Low,N/A,N/A
5980-BDHPY,87.1,72,Two year,DSL,Bank transfer (automatic),0,0,No,0.00040893338055749626,Low,N/A,N/A
1498-DQNRX,19.85,29,Month-to-month,No,Mailed check,2,0,No,0.6929627380151613,High,Numtechtickets,Contract Upgrade Incentive
9469-WEJBT,90.35,37,Month-to-month,Fiber optic,Electronic check,0,0,No,0.2628776882386257,Low,N/A,N/A
2581-VKIRT,65.5,59,One year,DSL,Mailed check,0,4,No,0.006667423355284346,Low,N/A,N/A
7426-WEIJX,80.95,60,Month-to-month,Fiber optic,Electronic check,0,0,No,0.09643652928296527,Low,N/A,N/A
2851-MMUTZ,56.15,27,Month-to-month,DSL,Mailed check,0,4,No,0.20981691627013893,Low,N/A,N/A
3307-TLCUD,34.4,17,Month-to-month,DSL,Mailed check,0,0,No,0.44461628855444324,High,Tenure,Contract Upgrade Incentive
6625-FLENO,20.75,58,Two year,No,Mailed check,0,1,No,0.002989069854042385,Low,N/A,N/A
2967-MXRAV,18.8,1,One year,No,Mailed check,0,0,No,0.18043946421624452,Low,N/A,N/A
8189-HBVRW,90.8,53,Month-to-month,Fiber optic,Electronic check,0,0,No,0.12385786717301275,Low,N/A,N/A
4163-KIUHY,25.6,35,Month-to-month,No,Electronic check,0,0,No,0.13393701812431513,Low,N/A,N/A
3500-NSDOA,70.8,68,Two year,DSL,Credit card (automatic),0,0,No,0.0007806966396083311,Low,N/A,N/A
1171-TYKUR,25.4,47,Month-to-month,No,Electronic check,0,0,No,0.07002825583637186,Low,N/A,N/A
3761-FLYZI,108.8,65,Month-to-month,Fiber optic,Bank transfer (automatic),0,0,No,0.02439710404704462,Low,N/A,N/A
1219-NNDDO,76.85,9,Month-to-month,Fiber optic,Electronic check,0,0,No,0.8547223203878525,Critical,Internetservice Fiber Optic,Contract Upgrade Incentive
8388-DMKAE,20.25,8,Two year,No,Mailed check,0,0,No,0.053382283434257945,Low,N/A,N/A
4403-BWPAY,24.8,14,One year,No,Credit card (automatic),0,2,No,0.11251172424907104,Low,N/A,N/A
9659-QEQSY,115.65,45,Month-to-month,Fiber optic,Electronic check,0,2,No,0.10306180401516833,Low,N/A,N/A
5405-ZMYXQ,74.6,8,Month-to-month,Fiber optic,Credit card (automatic),0,4,No,0.8131914248897483,Critical,Internetservice Fiber Optic,Contract Upgrade Incentive
1442-OKRJE,103.15,66,One year,Fiber optic,Bank transfer (automatic),0,4,No,0.0059828179320597814,Low,N/A,N/A
4737-AQCPU,72.1,72,Two year,DSL,Credit card (automatic),0,3,No,0.000599620436583445,Low,N/A,N/A
2808-CHTDM,25.1,23,Two year,No,Mailed check,1,0,No,0.06262399104658509,Low,N/A,N/A
0793-TWELN,80.15,4,Month-to-month,Fiber optic,Electronic check,0,0,No,0.8894465268483582,Critical,Internetservice Fiber Optic,Contract Upgrade Incentive
3283-WCWXT,25.4,6,Two year,No,Mailed check,0,0,No,0.04138500491801252,Low,N/A,N/A
1060-ENTOF,105.4,67,One year,Fiber optic,Credit card (automatic),0,4,No,0.006709731516299707,Low,N/A,N/A
0999-QXNSA,45.75,7,Month-to-month,DSL,Mailed check,0,5,No,0.5786529839811315,High,Tenure,Contract Upgrade Incentive
5451-MHQOF,24.45,56,One year,No,Mailed check,0,0,No,0.00866809826930794,Low,N/A,N/A
4836-WNFNO,25.0,72,Two year,No,Credit card (automatic),0,0,No,0.0013325847645472779,Low,N/A,N/A
9225-BZLNZ,85.25,72,Two year,DSL,Electronic check,0,0,No,0.0007671028373544959,Low,N/A,N/A
0354-VXMJC,19.6,23,Two year,No,Credit card (automatic),0,0,No,0.019219366711767414,Low,N/A,N/A
4422-QVIJA,50.15,35,Month-to-month,DSL,Mailed check,0,2,No,0.1600828391932276,Low,N/A,N/A
9365-SRSZE,70.55,27,Month-to-month,Fiber optic,Electronic check,0,0,No,0.6498008138999634,High,Internetservice Fiber Optic,Contract Upgrade Incentive
8332-OSJDW,26.4,12,One year,No,Mailed check,0,0,No,0.09543633235654786,Low,N/A,N/A
4735-BJKOU,20.15,40,Two year,No,Mailed check,0,0,No,0.009521304750982484,Low,N/A,N/A
0274-JKUJR,58.85,7,Month-to-month,DSL,Mailed check,0,0,No,0.45813565798219985,High,Tenure,Contract Upgrade Incentive
5740-YHGTW,97.55,70,Month-to-month,Fiber optic,Credit card (automatic),0,0,No,0.015222207411512204,Low,N/A,N/A
8917-SZTTJ,19.65,60,Two year,No,Credit card (automatic),3,0,No,0.1165278543634577,Low,N/A,N/A
1696-MZVAU,25.25,39,One year,DSL,Credit card (automatic),0,0,No,0.08332824984321453,Low,N/A,N/A
7359-WWYJV,114.45,72,Two year,Fiber optic,Credit card (automatic),0,0,No,0.0006349679959268544,Low,N/A,N/A
4906-ZHGPK,70.7,54,One year,DSL,Electronic check,0,0,No,0.011637491851843018,Low,N/A,N/A
3795-GWTRD,75.55,63,Two year,DSL,Credit card (automatic),0,0,No,0.0010810037771752763,Low,N/A,N/A
1298-PHBTI,84.8,71,Two year,Fiber optic,Electronic check,0,0,No,0.002664089981250868,Low,N/A,N/A
6223-DHJGV,20.65,42,One year,No,Mailed check,0,0,No,0.02802806890289837,Low,N/A,N/A
6961-MJKBO,20.45,47,Two year,No,Bank transfer (automatic),0,0,No,0.006593733287829465,Low,N/A,N/A
8158-WPEZG,35.65,11,Month-to-month,DSL,Electronic check,0,0,No,0.6074608240302573,High,Tenure,Contract Upgrade Incentive
4918-FYJNT,90.45,55,Month-to-month,Fiber optic,Electronic check,0,0,No,0.10567579136069194,Low,N/A,N/A
0727-BNRLG,97.65,69,Two year,Fiber optic,Credit card (automatic),0,0,No,0.0016584964923903494,Low,N/A,N/A
4854-CIDCF,73.85,3,Month-to-month,Fiber optic,Electronic check,0,0,No,0.9221220691971413,Critical,Internetservice Fiber Optic,Contract Upgrade Incentive
3280-MRDOF,69.1,30,Two year,DSL,Credit card (automatic),0,0,No,0.01893685345877447,Low,N/A,N/A
6435-SRWBJ,82.75,5,Month-to-month,Fiber optic,Electronic check,0,0,No,0.8542407210320822,Critical,Internetservice Fiber Optic,Contract Upgrade Incentive
9964-WBQDJ,24.4,71,Two year,No,Credit card (automatic),0,0,No,0.0014686178490131356,Low,N/A,N/A
6303-KFWSL,55.25,29,One year,DSL,Electronic check,0,0,No,0.14105873843300706,Low,N/A,N/A
1702-CCFNJ,61.35,52,Month-to-month,DSL,Bank transfer (automatic),0,0,No,0.03842507015105095,Low,N/A,N/A
8932-CZHRQ,76.75,68,One year,DSL,Credit card (automatic),0,0,No,0.003360173401599367,Low,N/A,N/A
0386-CWRGM,19.4,46,Two year,No,Mailed check,0,0,No,0.005540475580010074,Low,N/A,N/A
5515-RUGKN,54.75,8,Month-to-month,DSL,Credit card (automatic),0,0,No,0.5272639180100116,High,Tenure,Contract Upgrade Incentive
0404-AHASP,19.7,72,Two year,No,Credit card (automatic),0,0,No,0.0014953841694782108,Low,N/A,N/A
7279-NMVJC,19.9,17,One year,No,Bank transfer (automatic),0,0,No,0.12019853570842816,Low,N/A,N/A
2081-VEYEH,107.95,3,Month-to-month,Fiber optic,Electronic check,0,4,No,0.8128892674928553,Critical,Internetservice Fiber Optic,Contract Upgrade Incentive
6407-UTSLV,83.8,2,Month-to-month,Fiber optic,Bank transfer (automatic),0,0,No,0.8852900250732133,Critical,Internetservice Fiber Optic,Contract Upgrade Incentive
9060-HJJRW,56.4,51,One year,DSL,Credit card (automatic),0,0,No,0.02314280311078171,Low,N/A,N/A
2587-YNLES,20.1,6,Two year,No,Mailed check,0,0,No,0.04925953855205619,Low,N/A,N/A
7398-SKNQZ,94.9,3,Month-to-month,Fiber optic,Electronic check,0,0,No,0.8693710877003228,Critical,Internetservice Fiber Optic,Contract Upgrade Incentive
5935-FCCNB,94.2,17,Month-to-month,Fiber optic,Electronic check,0,0,No,0.7417535806385557,Critical,Internetservice Fiber Optic,Contract Upgrade Incentive
1958-RNRKS,49.9,30,Month-to-month,DSL,Electronic check,0,0,No,0.2951468732349847,Low,N/A,N/A
5136-RGMZO,71.05,31,Month-to-month,DSL,Electronic check,0,0,No,0.170593023419228,Low,N/A,N/A
8345-MVDYC,81.65,45,Two year,DSL,Bank transfer (automatic),0,5,No,0.004483736002230862,Low,N/A,N/A
8226-BXGES,89.45,64,One year,Fiber optic,Bank transfer (automatic),0,0,No,0.014140905711780826,Low,N/A,N/A
9705-IOVQQ,99.0,61,One year,Fiber optic,Electronic check,5,0,No,0.9368653214120968,Critical,Numtechtickets,Proactive Tech Support Outreach
1015-OWJKI,19.05,1,Month-to-month,No,Mailed check,0,0,No,0.4255749384376336,High,Tenure,Contract Upgrade Incentive
2040-XBAVJ,114.45,72,Two year,Fiber optic,Bank transfer (automatic),0,0,No,0.000635545618371366,Low,N/A,N/A
8887-IPQNC,44.25,7,Month-to-month,DSL,Mailed check,0,0,No,0.5797105585940585,High,Tenure,Contract Upgrade Incentive
8646-JCOMS,90.55,66,One year,Fiber optic,Bank transfer (automatic),0,0,No,0.00988470086035482,Low,N/A,N/A
1222-KJNZD,20.4,40,Month-to-month,No,Bank transfer (automatic),0,0,No,0.07208159049011865,Low,N/A,N/A
0106-GHRQR,71.4,16,Month-to-month,DSL,Bank transfer (automatic),0,2,No,0.333111788482031,Low,N/A,N/A
3768-VHXQO,24.85,67,Two year,No,Credit card (automatic),0,4,No,0.0016911056153135786,Low,N/A,N/A
8952-WCVCD,104.45,41,One year,Fiber optic,Bank transfer (automatic),0,0,No,0.061561829434205316,Low,N/A,N/A
2418-TPEUN,19.8,56,Two year,No,Credit card (automatic),0,0,No,0.0034003637230644716,Low,N/A,N/A
3963-RYFNS,116.45,72,Two year,Fiber optic,Bank transfer (automatic),0,0,No,0.0008623019822768742,Low,N/A,N/A
8540-ZQGEA,20.05,54,Two year,No,Credit card (automatic),0,0,No,0.004366901122829033,Low,N/A,N/A
1320-REHCS,110.75,52,Month-to-month,Fiber optic,Electronic check,0,0,No,0.07222634290804471,Low,N/A,N/A
4137-JOPHL,89.7,50,Two year,Fiber optic,Bank transfer (automatic),0,0,No,0.011992599896095543,Low,N/A,N/A
7801-CEDNV,48.7,27,One year,DSL,Credit card (automatic),0,0,No,0.10651258330721629,Low,N/A,N/A
2057-BOYKM,96.6,72,Two year,Fiber optic,Bank transfer (automatic),0,0,No,0.0019307958407292509,Low,N/A,N/A
3658-QQJYD,74.3,62,One year,DSL,Credit card (automatic),0,0,No,0.005532751926501488,Low,N/A,N/A
1803-BGNBD,54.3,12,Month-to-month,DSL,Electronic check,1,0,No,0.8143500695863215,Critical,Tenure,Contract Upgrade Incentive
0134-XWXCE,74.85,44,One year,DSL,Bank transfer (automatic),0,0,No,0.024545245147386197,Low,N/A,N/A
6950-TWMYB,79.95,54,Two year,Fiber optic,Bank transfer (automatic),2,3,No,0.10322325005970465,Low,N/A,N/A
5848-FHRFC,20.05,68,Two year,No,Bank transfer (automatic),0,0,No,0.0022673763993592303,Low,N/A,N/A
2243-FNMMI,19.4,20,Month-to-month,No,Mailed check,0,0,No,0.2037365853058473,Low,N/A,N/A
2511-MORQY,54.9,50,One year,DSL,Bank transfer (automatic),0,0,No,0.021617381071847106,Low,N/A,N/A
5356-KZCKT,24.45,58,Two year,No,Credit card (automatic),3,0,No,0.13033881916492915,Low,N/A,N/A
9470-XCCEM,89.65,35,Month-to-month,Fiber optic,Bank transfer (automatic),0,0,No,0.2414613493328999,Low,N/A,N/A
6519-CFDBX,45.4,2,Month-to-month,DSL,Electronic check,0,0,No,0.7605538315703032,Critical,Tenure,Contract Upgrade Incentive
3902-MIVLE,75.7,63,Two year,DSL,Mailed check,0,0,No,0.0009398182951275493,Low,N/A,N/A
0409-WTMPL,110.65,58,One year,Fiber optic,Credit card (automatic),0,0,No,0.011285505537425956,Low,N/A,N/A
8763-KIAFH,20.55,27,One year,No,Mailed check,0,0,No,0.05226880260828621,Low,N/A,N/A
3669-WHAFY,115.15,71,Two year,Fiber optic,Credit card (automatic),0,0,No,0.0008001283583085384,Low,N/A,N/A
3055-VTCGS,58.55,63,One year,DSL,Credit card (automatic),1,0,No,0.0381617463697871,Low,N/A,N/A
3144-KMTWZ,93.25,71,Month-to-month,Fiber optic,Bank transfer (automatic),5,0,No,0.9337655341214223,Critical,Numtechtickets,Proactive Tech Support Outreach
2007-QVGAW,19.35,68,Two year,No,Bank transfer (automatic),0,1,No,0.0019161159981625974,Low,N/A,N/A
5207-PLSTK,48.75,1,Month-to-month,DSL,Mailed check,0,0,No,0.5977316144962113,High,Tenure,Contract Upgrade Incentive
2307-FYNNL,109.05,65,Two year,Fiber optic,Electronic check,0,0,No,0.002887923855261847,Low,N/A,N/A
5605-XNWEN,25.0,72,Two year,No,Bank transfer (automatic),0,0,No,0.0016209070391557236,Low,N/A,N/A
2155-AMQRX,54.9,28,Month-to-month,DSL,Credit card (automatic),0,0,No,0.20978427362039256,Low,N/A,N/A
6181-AXXYF,24.75,72,Two year,No,Credit card (automatic),0,0,No,0.0010427311809252059,Low,N/A,N/A
5091-HFAZW,91.15,2,Month-to-month,Fiber optic,Electronic check,0,0,No,0.8895538099200896,Critical,Internetservice Fiber Optic,Contract Upgrade Incentive
2519-LBNQL,104.35,60,One year,Fiber optic,Electronic check,0,0,No,0.020046284927961042,Low,N/A,N/A
8623-ULFNQ,66.05,26,Month-to-month,DSL,Electronic check,0,0,No,0.311362387249164,Low,N/A,N/A
1568-LJSZU,92.2,68,Two year,DSL,Credit card (automatic),0,0,No,0.0003560635090173958,Low,N/A,N/A
7789-HKSBS,105.2,42,One year,Fiber optic,Bank transfer (automatic),0,0,No,0.062242079600597196,Low,N/A,N/A
7416-CKTEP,19.6,57,Two year,No,Bank transfer (automatic),0,0,No,0.003996608685965277,Low,N/A,N/A
2586-CWXVV,30.4,54,Month-to-month,DSL,Electronic check,0,0,No,0.13664354012746627,Low,N/A,N/A
2348-KCJLT,61.5,44,One year,DSL,Mailed check,0,0,No,0.02896804325993734,Low,N/A,N/A
8401-EMUWF,69.4,42,Month-to-month,DSL,Bank transfer (automatic),0,4,No,0.060024258553861794,Low,N/A,N/A
4193-IBKSW,24.75,72,Two year,No,Bank transfer (automatic),0,0,No,0.0011424009764044235,Low,N/A,N/A
5377-NDTOU,91.05,71,Two year,DSL,Mailed check,0,0,No,0.00033604014155912024,Low,N/A,N/A
2474-LCNUE,73.65,23,Month-to-month,DSL,Credit card (automatic),0,0,No,0.19251715263329092,Low,N/A,N/A
0839-QNXME,19.4,30,Two year,No,Credit card (automatic),0,0,No,0.01766796862532764,Low,N/A,N/A
3506-OVLKD,26.2,35,One year,No,Bank transfer (automatic),0,0,No,0.0371279914748781,Low,N/A,N/A
6650-VJONK,43.85,1,Month-to-month,DSL,Bank transfer (automatic),0,0,No,0.687240842128575,High,Tenure,Contract Upgrade Incentive
2178-PMGCJ,69.7,22,Month-to-month,Fiber optic,Mailed check,0,0,No,0.5975874754017761,High,Internetservice Fiber Optic,Contract Upgrade Incentive
7492-TAFJD,38.55,7,Two year,DSL,Mailed check,0,0,No,0.10924150828633046,Low,N/A,N/A
2773-MADBQ,53.1,36,Two year,DSL,Mailed check,0,0,No,0.0157095043216104,Low,N/A,N/A
6016-LVTJQ,20.65,34,Month-to-month,No,Mailed check,0,0,No,0.09307130051979981,Low,N/A,N/A
7860-KSUGX,64.45,72,Two year,DSL,Credit card (automatic),0,0,No,0.0008942938294280813,Low,N/A,N/A
8966-KZXXA,25.1,36,Two year,No,Credit card (automatic),0,3,No,0.008114321119407892,Low,N/A,N/A
5149-QYTTU,95.15,71,One year,Fiber optic,Credit card (automatic),0,0,No,0.004798211573551178,Low,N/A,N/A
2070-XYMFH,79.35,23,Month-to-month,Fiber optic,Mailed check,0,0,No,0.6019765227489734,High,Internetservice Fiber Optic,Contract Upgrade Incentive
2085-BOJKI,96.65,17,One year,Fiber optic,Bank transfer (automatic),0,0,No,0.33172565717811925,Low,N/A,N/A
0817-HSUSE,75.5,1,Month-to-month,DSL,Electronic check,0,0,No,0.6248820522806663,High,Tenure,Contract Upgrade Incentive
5442-PPTJY,19.7,12,Two year,No,Mailed check,0,0,No,0.032467092083132455,Low,N/A,N/A
1927-QEWMY,20.5,72,Two year,No,Credit card (automatic),0,2,No,0.001584216673713845,Low,N/A,N/A
1663-MHLHE,19.2,1,Month-to-month,No,Mailed check,0,5,No,0.42507575525491903,High,Tenure,Contract Upgrade Incentive
5663-QBGIS,98.35,72,Two year,Fiber optic,Bank transfer (automatic),0,5,No,0.002029861779767717,Low,N/A,N/A
4450-MDZFX,74.35,60,Month-to-month,Fiber optic,Bank transfer (automatic),1,0,No,0.21976135711057077,Low,N/A,N/A
6701-DHKWQ,51.35,61,Two year,DSL,Credit card (automatic),5,0,No,0.6600430133246991,High,Numtechtickets,Proactive Tech Support Outreach
7554-AKDQF,45.65,6,Month-to-month,DSL,Mailed check,0,0,No,0.5862791399617705,High,Tenure,Contract Upgrade Incentive
0794-YVSGE,20.3,72,Two year,No,Bank transfer (automatic),0,0,No,0.0013668288616944554,Low,N/A,N/A
5423-BHIXO,54.2,32,Month-to-month,DSL,Electronic check,0,0,No,0.27483618075025307,Low,N/A,N/A
6908-VVYHM,90.65,65,Month-to-month,Fiber optic,Electronic check,0,0,No,0.04636432606060561,Low,N/A,N/A
2959-EEXWB,50.9,45,Month-to-month,DSL,Bank transfer (automatic),0,0,No,0.0894460584705275,Low,N/A,N/A
1839-UMACK,25.05,42,One year,No,Electronic check,0,4,No,0.03821837482389178,Low,N/A,N/A
3030-YDNRM,74.85,8,Month-to-month,Fiber optic,Electronic check,0,0,No,0.8560282404550241,Critical,Internetservice Fiber Optic,Contract Upgrade Incentive
7321-KKSDU,20.5,32,Two year,No,Mailed check,0,0,No,0.011334549533007138,Low,N/A,N/A
3402-XRIUO,63.55,22,Month-to-month,DSL,Mailed check,0,0,No,0.26787109589477964,Low,N/A,N/A
8286-AFUYI,47.95,1,Month-to-month,DSL,Electronic check,0,0,No,0.7477822383270293,Critical,Tenure,Contract Upgrade Incentive
8356-WUAOJ,45.0,1,Month-to-month,DSL,Electronic check,0,0,No,0.762031178915917,Critical,Tenure,Contract Upgrade Incentive
8058-DMYRU,90.05,54,Month-to-month,Fiber optic,Electronic check,0,0,No,0.13238764006985218,Low,N/A,N/A
9350-ZXYJC,25.3,4,Two year,No,Credit card (automatic),0,2,No,0.06449521552590831,Low,N/A,N/A
8958-JPTRR,24.3,56,One year,No,Electronic check,0,0,No,0.018613508824013945,Low,N/A,N/A
6959-GQEGV,75.95,45,Month-to-month,DSL,Electronic check,0,0,No,0.07648505454282171,Low,N/A,N/A
3173-WSSUE,19.7,71,Two year,No,Credit card (automatic),0,0,No,0.001487351482586595,Low,N/A,N/A
1265-HVPZB,66.4,59,One year,DSL,Credit card (automatic),0,0,No,0.008528063282290574,Low,N/A,N/A
4115-UMJFQ,35.75,69,One year,DSL,Bank transfer (automatic),0,1,No,0.014227392387523453,Low,N/A,N/A
7369-TRPFD,18.8,19,One year,No,Mailed check,0,0,No,0.0936577301946652,Low,N/A,N/A
1098-KFQEC,19.4,55,Two year,No,Credit card (automatic),0,3,No,0.0036324962651496516,Low,N/A,N/A
7190-XHTWJ,19.3,38,One year,No,Mailed check,0,0,No,0.036742752383822505,Low,N/A,N/A
3537-RYBHH,67.45,47,Month-to-month,DSL,Credit card (automatic),0,0,No,0.06685806983225666,Low,N/A,N/A
5296-BFCYD,20.1,46,Two year,No,Mailed check,0,2,No,0.00504660159115896,Low,N/A,N/A
9359-JANWS,58.9,65,Two year,DSL,Credit card (automatic),0,0,No,0.001876940807758583,Low,N/A,N/A
3279-DYZQM,19.45,71,Two year,No,Mailed check,0,0,No,0.001302701776364241,Low,N/A,N/A
0523-VNGTF,50.5,52,Month-to-month,DSL,Electronic check,0,3,No,0.1036707831672359,Low,N/A,N/A
9575-IWCAZ,25.1,6,One year,No,Mailed check,0,0,No,0.1492687388289939,Low,N/A,N/A
7105-MXJLL,60.7,26,One year,DSL,Mailed check,0,0,No,0.11503688245378457,Low,N/A,N/A
7064-FRRSW,99.0,48,One year,Fiber optic,Electronic check,0,0,No,0.06584324494801566,Low,N/A,N/A
7940-UQQUG,104.4,64,One year,Fiber optic,Bank transfer (automatic),2,0,No,0.08322206124240394,Low,N/A,N/A
3961-SXAXY,44.05,1,Month-to-month,DSL,Bank transfer (automatic),0,0,No,0.686655249458833,High,Tenure,Contract Upgrade Incentive
7010-BRBUU,24.1,72,Two year,No,Credit card (automatic),6,1,No,0.749853285231703,Critical,Numtechtickets,Proactive Tech Support Outreach
3566-HJGPK,45.55,1,Month-to-month,DSL,Mailed check,0,0,No,0.6566453364797841,High,Tenure,Contract Upgrade Incentive
3062-ICYZQ,93.8,51,Month-to-month,Fiber optic,Electronic check,0,0,No,0.12106003686236563,Low,N/A,N/A
9938-PRCVK,19.7,41,Two year,No,Bank transfer (automatic),0,0,No,0.008322491611046558,Low,N/A,N/A
0973-KYVNF,70.65,72,Two year,DSL,Credit card (automatic),0,0,No,0.0008232255270849299,Low,N/A,N/A
5129-HHMZC,86.45,43,Two year,DSL,Credit card (automatic),0,0,No,0.004175591696577631,Low,N/A,N/A
9637-CDTKZ,114.1,72,Two year,Fiber optic,Credit card (automatic),0,0,No,0.0007010114606495196,Low,N/A,N/A
3946-JEWRQ,95.2,47,One year,Fiber optic,Credit card (automatic),4,0,No,0.8902280369048068,Critical,Numtechtickets,Proactive Tech Support Outreach
7873-CVMAW,88.55,72,Two year,DSL,Credit card (automatic),0,0,No,0.0003825184396464705,Low,N/A,N/A
0463-WZZKO,20.75,3,Month-to-month,No,Credit card (automatic),0,0,No,0.40554448669115467,High,Tenure,Contract Upgrade Incentive
4524-QCSSM,44.65,26,Month-to-month,DSL,Bank transfer (automatic),0,3,No,0.30800947742104934,Low,N/A,N/A
5832-EXGTT,60.2,29,Month-to-month,DSL,Mailed check,0,0,No,0.15332136114645753,Low,N/A,N/A
2039-JONDJ,55.45,27,One year,DSL,Bank transfer (automatic),0,0,No,0.10765894441561714,Low,N/A,N/A
7217-JYHOQ,70.3,24,Month-to-month,DSL,Credit card (automatic),1,5,No,0.4047542612088892,High,Numtechtickets,Contract Upgrade Incentive
6695-FRVEC,60.4,67,Two year,DSL,Bank transfer (automatic),0,0,No,0.0013462923737081176,Low,N/A,N/A
9894-QMIMJ,55.8,23,One year,DSL,Bank transfer (automatic),0,0,No,0.14426656717479241,Low,N/A,N/A
8069-YQQAJ,31.1,14,Month-to-month,DSL,Mailed check,0,0,No,0.5206092241903626,High,Tenure,Contract Upgrade Incentive
1636-NTNCO,50.95,4,Month-to-month,DSL,Credit card (automatic),0,0,No,0.6556833219688634,High,Tenure,Contract Upgrade Incentive
3466-WAESX,69.1,16,Month-to-month,DSL,Electronic check,0,0,No,0.39719335428574304,Low,N/A,N/A
9281-PKKZE,43.95,46,Month-to-month,DSL,Electronic check,0,0,No,0.15922151561373835,Low,N/A,N/A
3638-VBZTA,86.5,68,Two year,DSL,Bank transfer (automatic),0,0,No,0.0005115358659070643,Low,N/A,N/A
7459-IMVYU,69.95,38,Month-to-month,DSL,Electronic check,2,0,No,0.6384726577430118,High,Numtechtickets,Contract Upgrade Incentive
8563-OYMQY,90.95,17,Month-to-month,Fiber optic,Credit card (automatic),0,0,No,0.59176909316172,High,Internetservice Fiber Optic,Contract Upgrade Incentive
0754-EEBDC,19.9,4,Two year,No,Mailed check,0,0,No,0.04989542259223807,Low,N/A,N/A
5777-ZPQNC,20.15,12,One year,No,Electronic check,0,0,No,0.202037673284874,Low,N/A,N/A
1951-IEYXM,90.6,72,Two year,DSL,Credit card (automatic),0,0,No,0.00029437221674119156,Low,N/A,N/A
3318-NMQXL,92.0,3,Month-to-month,Fiber optic,Electronic check,0,0,No,0.8697980134721132,Critical,Internetservice Fiber Optic,Contract Upgrade Incentive
1022-RKXDR,24.85,41,One year,No,Mailed check,0,0,No,0.027803498323351203,Low,N/A,N/A
2361-FJWNO,36.0,40,One year,DSL,Credit card (automatic),0,0,No,0.06153905534032889,Low,N/A,N/A
2272-UOINI,78.5,7,Month-to-month,DSL,Electronic check,0,0,No,0.5274213318061096,High,Tenure,Contract Upgrade Incentive
8232-UTFOZ,19.95,69,Two year,No,Credit card (automatic),0,0,No,0.001841523071289701,Low,N/A,N/A
3750-YHRYO,20.65,7,One year,No,Mailed check,0,0,No,0.13305647428290973,Low,N/A,N/A
6637-KYRCV,30.5,5,Month-to-month,DSL,Electronic check,0,0,No,0.7251299718552865,Critical,Tenure,Contract Upgrade Incentive
5668-MEISB,106.1,72,Two year,Fiber optic,Credit card (automatic),0,4,No,0.0008478193394692652,Low,N/A,N/A
0129-QMPDR,20.5,44,One year,No,Bank transfer (automatic),0,0,No,0.02189733568101681,Low,N/A,N/A
7188-CBBBA,95.5,65,One year,Fiber optic,Electronic check,0,1,No,0.017695558683411196,Low,N/A,N/A
5356-CSVSQ,64.6,3,Month-to-month,DSL,Electronic check,0,0,No,0.6501750395355669,High,Tenure,Contract Upgrade Incentive
3221-CJMSG,51.1,24,Month-to-month,DSL,Credit card (automatic),0,0,No,0.2501427000939681,Low,N/A,N/A
3219-JQRSL,89.1,72,Two year,DSL,Credit card (automatic),0,0,No,0.0004892857235549336,Low,N/A,N/A
2801-NISEI,54.95,24,Month-to-month,DSL,Electronic check,0,0,No,0.31923585089854717,Low,N/A,N/A
4623-ZKHLY,20.45,22,Month-to-month,No,Bank transfer (automatic),0,0,No,0.19227413292592865,Low,N/A,N/A
6732-VAILE,85.95,70,Two year,DSL,Credit card (automatic),0,0,No,0.000407918325479094,Low,N/A,N/A
8201-AAXCB,60.35,25,Month-to-month,DSL,Electronic check,0,3,No,0.288294108089748,Low,N/A,N/A
7696-CFTAT,19.8,37,Two year,No,Bank transfer (automatic),2,0,No,0.11737249652507283,Low,N/A,N/A
1845-CSBRZ,85.35,22,Month-to-month,Fiber optic,Bank transfer (automatic),0,0,No,0.5618112421306063,High,Internetservice Fiber Optic,Contract Upgrade Incentive
2123-VSCOT,72.1,59,Two year,DSL,Bank transfer (automatic),0,0,No,0.0017306387902221115,Low,N/A,N/A
2018-QKYGT,81.05,1,Month-to-month,Fiber optic,Electronic check,0,0,No,0.8802079916153487,Critical,Internetservice Fiber Optic,Contract Upgrade Incentive
2792-VPPET,20.5,3,Month-to-month,No,Electronic check,0,0,No,0.5088006223026356,High,Tenure,Contract Upgrade Incentive
7409-JURKQ,111.8,53,One year,Fiber optic,Bank transfer (automatic),0,0,No,0.015541045032777942,Low,N/A,N/A
3247-MHJKM,20.2,1,Month-to-month,No,Mailed check,0,0,No,0.42175181757207836,High,Tenure,Contract Upgrade Incentive
1964-SVLEA,19.7,20,One year,No,Mailed check,0,0,No,0.08507481591513961,Low,N/A,N/A
7297-DVYGA,19.85,51,One year,No,Bank transfer (automatic),0,0,No,0.02038233833577429,Low,N/A,N/A
2239-CGBUZ,60.5,51,One year,DSL,Bank transfer (automatic),0,0,No,0.016872343011855834,Low,N/A,N/A
0854-UYHZD,19.55,13,Two year,No,Mailed check,0,0,No,0.03392796238445716,Low,N/A,N/A
7243-LCGGZ,20.9,1,Month-to-month,No,Mailed check,0,1,No,0.44264793338839614,High,Tenure,Contract Upgrade Incentive
8267-KFGYD,21.05,1,Month-to-month,No,Mailed check,0,0,No,0.38269673498739554,Low,N/A,N/A
4890-VMUAV,71.5,63,One year,DSL,Electronic check,0,0,No,0.007052599477833149,Low,N/A,N/A
9261-WDCAF,54.65,3,Month-to-month,DSL,Mailed check,0,0,No,0.594534568290797,High,Tenure,Contract Upgrade Incentive
3764-MNMOI,19.2,46,Two year,No,Credit card (automatic),0,0,No,0.006691163310033561,Low,N/A,N/A
7442-YGZFK,49.8,1,Month-to-month,DSL,Credit card (automatic),0,0,No,0.6556822267538797,High,Tenure,Contract Upgrade Incentive
8229-BUJHX,20.5,71,Two year,No,Bank transfer (automatic),4,0,No,0.22969970314426028,Low,N/A,N/A
7449-HVPIV,90.4,55,Month-to-month,Fiber optic,Credit card (automatic),0,0,No,0.05582760503370222,Low,N/A,N/A
5504-WSIUR,90.25,70,One year,Fiber optic,Bank transfer (automatic),0,0,No,0.007970952608621525,Low,N/A,N/A
8466-PZBLH,104.6,67,Two year,Fiber optic,Bank transfer (automatic),0,0,No,0.0013750337446874876,Low,N/A,N/A
8735-IJJEG,50.2,14,Month-to-month,DSL,Credit card (automatic),0,0,No,0.4360989674812448,High,Tenure,Contract Upgrade Incentive
0564-MUUQK,95.5,20,Month-to-month,Fiber optic,Bank transfer (automatic),0,0,No,0.4529894545769482,High,Internetservice Fiber Optic,Contract Upgrade Incentive
0701-RFGFI,95.4,49,Month-to-month,Fiber optic,Bank transfer (automatic),0,4,No,0.09231544961535249,Low,N/A,N/A
0019-EFAEP,101.3,72,Two year,Fiber optic,Bank transfer (automatic),0,0,No,0.0016482568445323204,Low,N/A,N/A
5619-PTMIK,53.1,46,Month-to-month,DSL,Electronic check,0,0,No,0.12637798783657558,Low,N/A,N/A
3737-XBQDD,84.85,24,Month-to-month,Fiber optic,Bank transfer (automatic),0,0,No,0.5073732550009813,High,Internetservice Fiber Optic,Contract Upgrade Incentive
5882-CMAZQ,34.25,5,Month-to-month,DSL,Electronic check,0,0,No,0.6726109787077056,High,Tenure,Contract Upgrade Incentive
5846-QFDFI,88.6,33,Month-to-month,Fiber optic,Credit card (automatic),0,0,No,0.24739333009221665,Low,N/A,N/A
4445-KWOKW,60.15,42,One year,DSL,Bank transfer (automatic),0,0,No,0.042103233672197246,Low,N/A,N/A
3511-APPBJ,99.95,23,One year,Fiber optic,Credit card (automatic),0,0,No,0.21887974394926046,Low,N/A,N/A
7967-HYCDE,70.7,8,Month-to-month,Fiber optic,Bank transfer (automatic),0,0,No,0.8158786299441283,Critical,Internetservice Fiber Optic,Contract Upgrade Incentive
2430-RRYUW,54.8,66,One year,DSL,Mailed check,4,5,No,0.6217300004450006,High,Numtechtickets,Proactive Tech Support Outreach
3723-BFBGR,54.8,24,Month-to-month,DSL,Credit card (automatic),0,0,No,0.32316876934384076,Low,N/A,N/A
5447-WZAFP,100.3,53,One year,Fiber optic,Mailed check,0,4,No,0.025253479473800185,Low,N/A,N/A
5110-CHOPY,53.6,60,Two year,DSL,Electronic check,2,5,No,0.07987100433236381,Low,N/A,N/A
4425-OWHWB,19.35,20,One year,No,Credit card (automatic),0,0,No,0.09724606664553281,Low,N/A,N/A
7892-QVYKW,85.6,23,Month-to-month,Fiber optic,Electronic check,0,0,No,0.591142982134223,High,Internetservice Fiber Optic,Contract Upgrade Incentive
9675-ICXCT,80.8,72,Two year,DSL,Electronic check,0,4,No,0.0006425420110548395,Low,N/A,N/A
4703-MQYKT,19.6,21,Two year,No,Mailed check,1,0,No,0.08716864929787944,Low,N/A,N/A
5692-ICXLW,90.7,31,Month-to-month,Fiber optic,Electronic check,0,0,No,0.4795194003336457,High,Internetservice Fiber Optic,Contract Upgrade Incentive
0602-DDUML,69.75,57,Two year,DSL,Mailed check,0,0,No,0.0023824638339264713,Low,N/A,N/A
2208-MPXIO,20.0,45,Two year,No,Bank transfer (automatic),0,0,No,0.0066474835353186,Low,N/A,N/A
1960-UYCNN,95.25,10,Month-to-month,Fiber optic,Electronic check,0,0,No,0.7802290225338557,Critical,Internetservice Fiber Optic,Contract Upgrade Incentive
3190-FZATL,19.95,14,Month-to-month,No,Mailed check,0,0,No,0.23505938130966006,Low,N/A,N/A
7336-RLLRH,80.85,27,One year,DSL,Mailed check,0,0,No,0.04457738303503462,Low,N/A,N/A
7710-JSYOA,93.3,69,Two year,Fiber optic,Bank transfer (automatic),0,0,No,0.0018672960215273457,Low,N/A,N/A
9885-MFVSU,46.35,35,Two year,DSL,Credit card (automatic),0,0,No,0.01669087669928416,Low,N/A,N/A
0607-MVMGC,78.75,45,One year,DSL,Credit card (automatic),0,0,No,0.013795522427009701,Low,N/A,N/A
3365-SAIGS,83.55,17,Month-to-month,Fiber optic,Electronic check,0,0,No,0.7454261558392214,Critical,Internetservice Fiber Optic,Contract Upgrade Incentive
8022-BECSI,19.6,22,One year,No,Mailed check,0,0,No,0.07770653209743815,Low,N/A,N/A
9993-LHIEB,67.85,67,Two year,DSL,Mailed check,0,0,No,0.000871778315667373,Low,N/A,N/A
0266-CLZKZ,105.65,67,Two year,Fiber optic,Bank transfer (automatic),0,0,No,0.0015744301347730555,Low,N/A,N/A
7020-OZKXZ,75.5,9,Month-to-month,Fiber optic,Credit card (automatic),0,0,No,0.8312576490428492,Critical,Internetservice Fiber Optic,Contract Upgrade Incentive
3977-QCRSL,20.15,5,Month-to-month,No,Mailed check,0,1,No,0.38989545623647304,Low,N/A,N/A
0017-DINOC,45.2,54,Two year,DSL,Credit card (automatic),0,1,No,0.005842843521445676,Low,N/A,N/A
7639-OPLNG,79.25,70,Two year,DSL,Bank transfer (automatic),0,0,No,0.0005064777590681215,Low,N/A,N/A
1492-QGCLU,85.7,53,Month-to-month,DSL,Electronic check,0,0,No,0.02061720953728853,Low,N/A,N/A
7328-OWMOM,20.1,31,One year,No,Credit card (automatic),0,0,No,0.048439929143891954,Low,N/A,N/A
4418-LZMSV,61.8,13,Month-to-month,DSL,Bank transfer (automatic),0,0,No,0.3364734053025133,Low,N/A,N/A
5155-AZQPB,49.9,28,Month-to-month,DSL,Mailed check,0,5,No,0.215895390659849,Low,N/A,N/A
1087-GRUYI,20.4,38,Two year,No,Bank transfer (automatic),0,0,No,0.01028289149165698,Low,N/A,N/A
2546-KZAAT,75.4,52,One year,DSL,Mailed check,0,0,No,0.010390142064351827,Low,N/A,N/A
0181-RITDD,108.15,62,Two year,Fiber optic,Mailed check,0,5,No,0.0015212630018682275,Low,N/A,N/A
5989-PGKJB,86.25,16,Month-to-month,Fiber optic,Electronic check,0,0,No,0.7472122239678504,Critical,Internetservice Fiber Optic,Contract Upgrade Incentive
8272-ONJLV,95.7,12,One year,Fiber optic,Electronic check,0,2,No,0.5254955545647104,High,Internetservice Fiber Optic,VIP Loyalty Check-in
1488-PBLJN,116.85,72,Two year,Fiber optic,Bank transfer (automatic),0,0,No,0.0005982606720192931,Low,N/A,N/A
0308-GIQJT,105.75,71,One year,Fiber optic,Bank transfer (automatic),0,0,No,0.005036775160682633,Low,N/A,N/A
3778-FOAQW,20.15,24,One year,No,Mailed check,0,0,No,0.07219957087253177,Low,N/A,N/A
4452-ROHMO,19.6,15,Two year,No,Mailed check,0,0,No,0.03695735440784423,Low,N/A,N/A
3090-LETTY,60.95,2,Month-to-month,DSL,Bank transfer (automatic),0,0,No,0.581881685397345,High,Tenure,Contract Upgrade Incentive
5349-AZPEW,25.05,5,Month-to-month,DSL,Mailed check,0,0,No,0.6422150207934433,High,Tenure,Contract Upgrade Incentive
9720-JJJOR,60.3,41,One year,DSL,Bank transfer (automatic),0,0,No,0.03196815928394445,Low,N/A,N/A
8100-HZZLJ,63.95,43,Month-to-month,DSL,Electronic check,0,0,No,0.10768214754768415,Low,N/A,N/A
8775-ERLNB,74.3,1,Month-to-month,Fiber optic,Electronic check,0,5,No,0.9206148960492663,Critical,Internetservice Fiber Optic,Contract Upgrade Incentive
8309-IEYJD,70.6,1,Month-to-month,Fiber optic,Mailed check,0,0,No,0.8986685070844388,Critical,Internetservice Fiber Optic,Contract Upgrade Incentive
7398-HPYZQ,90.55,71,Two year,DSL,Bank transfer (automatic),0,0,No,0.0003875209832316367,Low,N/A,N/A
3546-GHEAE,19.45,7,Two year,No,Mailed check,0,1,No,0.05178170817916929,Low,N/A,N/A
7361-YPXFS,64.45,28,Month-to-month,DSL,Bank transfer (automatic),0,0,No,0.21483505675155554,Low,N/A,N/A
6557-BZXLQ,69.65,16,Month-to-month,Fiber optic,Electronic check,0,3,No,0.8205662191711827,Critical,Internetservice Fiber Optic,Contract Upgrade Incentive
2550-QHZGP,19.5,7,One year,No,Mailed check,0,0,No,0.1620391281609822,Low,N/A,N/A
7519-JTWQH,110.5,69,Two year,Fiber optic,Bank transfer (automatic),4,0,No,0.20241574907197257,Low,N/A,N/A
2538-OIMXF,24.7,1,Month-to-month,DSL,Mailed check,0,0,No,0.7059913698947539,Critical,Tenure,Contract Upgrade Incentive
8543-MSDMF,77.4,3,Month-to-month,DSL,Electronic check,0,0,No,0.6332013247166197,High,Tenure,Contract Upgrade Incentive
1170-SASML,85.4,69,Month-to-month,Fiber optic,Bank transfer (automatic),0,0,No,0.03260587868381741,Low,N/A,N/A
4872-JCVCA,47.6,71,Two year,DSL,Bank transfer (automatic),0,2,No,0.0020240950275726382,Low,N/A,N/A
5346-BZCHP,19.4,69,Two year,No,Mailed check,0,0,No,0.0015965293886060698,Low,N/A,N/A
2038-LLMLM,103.85,48,Month-to-month,Fiber optic,Electronic check,4,0,No,0.9601021619587395,Critical,Numtechtickets,Proactive Tech Support Outreach
1216-BGTSP,108.45,45,Month-to-month,Fiber optic,Credit card (automatic),0,0,No,0.07394392991779158,Low,N/A,N/A
4138-NAXED,81.0,51,Month-to-month,Fiber optic,Bank transfer (automatic),0,0,No,0.12950471796989452,Low,N/A,N/A
0744-BIKKF,86.65,72,Two year,DSL,Bank transfer (automatic),0,0,No,0.0004366218515547023,Low,N/A,N/A
7483-IQWIB,92.95,37,Month-to-month,Fiber optic,Electronic check,2,0,No,0.8353377300195792,Critical,Numtechtickets,Contract Upgrade Incentive
5248-KWLAR,90.35,71,Two year,DSL,Electronic check,0,0,No,0.0004890684511500565,Low,N/A,N/A
7996-MHXLW,25.15,66,Two year,No,Credit card (automatic),0,0,No,0.001993288494129871,Low,N/A,N/A
7833-PKIHD,76.4,51,One year,DSL,Bank transfer (automatic),0,0,No,0.008240260015943355,Low,N/A,N/A
7061-OVMIM,19.55,30,One year,No,Bank transfer (automatic),0,0,No,0.051000538928268925,Low,N/A,N/A
5153-RTHKF,85.35,34,Month-to-month,Fiber optic,Electronic check,0,0,No,0.42723389822888974,High,Internetservice Fiber Optic,Contract Upgrade Incentive
1852-QSWCD,24.8,64,Two year,No,Mailed check,0,0,No,0.0016334091987981112,Low,N/A,N/A
4832-VRBMR,103.15,65,One year,Fiber optic,Bank transfer (automatic),0,2,No,0.009742574354255537,Low,N/A,N/A
9079-LWTFD,100.75,47,Month-to-month,Fiber optic,Mailed check,0,0,No,0.07726625733831956,Low,N/A,N/A
3392-EHMNK,94.1,67,Two year,Fiber optic,Credit card (automatic),0,0,No,0.001974956704961487,Low,N/A,N/A
5986-WWXDV,19.35,39,One year,No,Bank transfer (automatic),0,0,No,0.030661339766135567,Low,N/A,N/A
3061-BCKYI,19.9,14,Month-to-month,No,Mailed check,0,0,No,0.2624341193651855,Low,N/A,N/A
7901-TBKJX,101.05,56,Month-to-month,Fiber optic,Electronic check,0,0,No,0.08782774879831311,Low,N/A,N/A
7228-PAQPD,59.1,14,One year,DSL,Credit card (automatic),0,0,No,0.18751998295915745,Low,N/A,N/A
7746-QYVCO,55.85,16,One year,DSL,Mailed check,0,0,No,0.15391005139326996,Low,N/A,N/A
5804-HYIEZ,106.05,70,Month-to-month,Fiber optic,Electronic check,0,4,No,0.015452457315217463,Low,N/A,N/A
9919-FZDED,84.1,72,Two year,DSL,Credit card (automatic),0,4,No,0.000656634633126218,Low,N/A,N/A
5934-TSSAU,75.3,23,Month-to-month,Fiber optic,Credit card (automatic),0,1,No,0.535477175524368,High,Internetservice Fiber Optic,Contract Upgrade Incentive
3486-KHMLI,24.7,21,Month-to-month,No,Mailed check,0,0,No,0.16106857277056377,Low,N/A,N/A
6784-XYJAE,55.8,36,One year,DSL,Electronic check,0,3,No,0.09439495119039104,Low,N/A,N/A
3933-DQPWX,39.7,50,Two year,DSL,Credit card (automatic),0,0,No,0.009944098348515822,Low,N/A,N/A
6661-EIPZC,29.5,48,Month-to-month,DSL,Credit card (automatic),0,0,No,0.10447216493939096,Low,N/A,N/A
8957-THMOA,20.15,50,Two year,No,Credit card (automatic),3,0,No,0.2094043371055874,Low,N/A,N/A
2251-PYLPB,79.55,72,Two year,DSL,Credit card (automatic),0,3,No,0.0004872197845118286,Low,N/A,N/A
5555-RNPGT,24.8,10,Month-to-month,No,Credit card (automatic),0,0,No,0.272753606200684,Low,N/A,N/A
1057-FOGLZ,19.65,18,Month-to-month,No,Mailed check,1,2,No,0.5381005592334651,High,Numtechtickets,Contract Upgrade Incentive
8087-LGYHQ,94.05,9,Month-to-month,Fiber optic,Electronic check,0,0,No,0.8022568057044775,Critical,Internetservice Fiber Optic,Contract Upgrade Incentive
4137-BTIKL,90.75,2,Month-to-month,Fiber optic,Mailed check,0,0,No,0.8210758974936321,Critical,Internetservice Fiber Optic,Contract Upgrade Incentive
2190-BCXEC,78.85,40,Month-to-month,Fiber optic,Credit card (automatic),0,0,No,0.22232933681030362,Low,N/A,N/A
6227-FBDXH,99.5,69,One year,Fiber optic,Bank transfer (automatic),0,0,No,0.00670607535766718,Low,N/A,N/A
2911-WDXMV,80.55,18,Month-to-month,Fiber optic,Credit card (automatic),0,3,No,0.5931082073076596,High,Internetservice Fiber Optic,Contract Upgrade Incentive
7206-PQBBZ,70.2,11,Month-to-month,Fiber optic,Electronic check,0,0,No,0.8541719746628589,Critical,Internetservice Fiber Optic,Contract Upgrade Incentive
4547-FZJWE,59.45,55,One year,DSL,Credit card (automatic),0,0,No,0.012655360341185234,Low,N/A,N/A
7422-WNBTY,93.35,33,Month-to-month,Fiber optic,Electronic check,0,0,No,0.36193742477818525,Low,N/A,N/A
0842-IWYCP,44.95,46,Month-to-month,DSL,Bank transfer (automatic),0,0,No,0.11634263368059687,Low,N/A,N/A
3521-HTQTV,26.1,34,Two year,No,Bank transfer (automatic),0,0,No,0.01135459856648491,Low,N/A,N/A
3744-ZBHON,20.2,3,Month-to-month,No,Electronic check,0,0,No,0.5343167436430668,High,Tenure,Contract Upgrade Incentive
3373-DIUUN,21.25,30,Two year,No,Mailed check,0,0,No,0.011618735370527586,Low,N/A,N/A
8383-SGHJU,59.4,33,One year,DSL,Electronic check,0,0,No,0.08569511215575344,Low,N/A,N/A
7607-QKKTJ,95.0,45,One year,Fiber optic,Credit card (automatic),0,0,No,0.040327545026723775,Low,N/A,N/A
7707-PYBBH,61.9,40,Month-to-month,DSL,Mailed check,0,0,No,0.07394835356621561,Low,N/A,N/A
8984-HPEMB,118.65,71,Two year,Fiber optic,Electronic check,0,3,No,0.0010778584105381938,Low,N/A,N/A
4139-DETXS,64.45,72,Two year,DSL,Bank transfer (automatic),0,0,No,0.0009106998726186288,Low,N/A,N/A
9779-DPNEJ,80.15,22,Month-to-month,Fiber optic,Electronic check,0,0,No,0.6260770505245224,High,Internetservice Fiber Optic,Contract Upgrade Incentive
9805-FILKB,20.2,46,One year,No,Bank transfer (automatic),0,0,No,0.020100827439921403,Low,N/A,N/A
5793-YOLJN,21.0,55,Two year,No,Mailed check,5,0,No,0.7034561068039665,Critical,Numtechtickets,Proactive Tech Support Outreach
0673-IGUQO,20.45,1,Month-to-month,No,Mailed check,0,0,No,0.42092192745457413,High,Tenure,Contract Upgrade Incentive
4123-FCVCB,75.85,12,One year,DSL,Mailed check,0,5,No,0.15825443609673115,Low,N/A,N/A
8819-IMISP,80.45,31,Month-to-month,Fiber optic,Electronic check,0,0,No,0.4941959536604531,High,Internetservice Fiber Optic,Contract Upgrade Incentive
8311-UEUAB,75.5,67,Two year,DSL,Electronic check,0,0,No,0.0013924575650086438,Low,N/A,N/A
5858-EAFCZ,44.45,1,Month-to-month,DSL,Mailed check,0,0,No,0.6600140659939948,High,Tenure,Contract Upgrade Incentive
1163-ONYEY,74.55,41,Month-to-month,DSL,Credit card (automatic),0,0,No,0.05617774783201728,Low,N/A,N/A
5656-MJEFC,48.15,42,Two year,DSL,Credit card (automatic),0,0,No,0.009396656584490262,Low,N/A,N/A
6082-OQFBA,19.65,23,One year,No,Mailed check,0,0,No,0.06082635540632726,Low,N/A,N/A
8974-OVACP,20.15,1,Month-to-month,No,Mailed check,0,1,No,0.44516865788280213,High,Tenure,Contract Upgrade Incentive
4010-YLMVT,106.6,56,Month-to-month,Fiber optic,Credit card (automatic),0,0,No,0.04527993945236374,Low,N/A,N/A
1379-FRVEB,91.0,15,Month-to-month,Fiber optic,Electronic check,0,0,No,0.688799387620062,High,Internetservice Fiber Optic,Contract Upgrade Incentive
8612-GXIDD,25.4,12,Two year,No,Bank transfer (automatic),0,1,No,0.033169045082238974,Low,N/A,N/A
6288-CHQJB,69.95,54,Two year,DSL,Bank transfer (automatic),0,3,No,0.002525196480181288,Low,N/A,N/A
8160-HOWOX,66.85,7,Month-to-month,DSL,Electronic check,0,0,No,0.6231468082171934,High,Tenure,Contract Upgrade Incentive
6648-INWPS,20.15,16,Month-to-month,No,Electronic check,0,0,No,0.29091061299734433,Low,N/A,N/A
4223-BKEOR,64.85,21,One year,DSL,Mailed check,0,0,No,0.11181035097031565,Low,N/A,N/A
4079-VTGLK,74.85,30,Two year,DSL,Electronic check,0,0,No,0.029553074515689767,Low,N/A,N/A
1763-WQFUK,50.5,3,Month-to-month,DSL,Mailed check,0,0,No,0.5621792713351563,High,Tenure,Contract Upgrade Incentive
1391-UBDAR,72.9,11,Month-to-month,Fiber optic,Electronic check,0,0,No,0.8294169266553314,Critical,Internetservice Fiber Optic,Contract Upgrade Incentive
8894-JVDCV,115.05,62,One year,Fiber optic,Credit card (automatic),0,0,No,0.006250256147326667,Low,N/A,N/A
2023-VQFDL,19.0,18,Month-to-month,No,Electronic check,0,0,No,0.3171036079365348,Low,N/A,N/A
1345-GKDZZ,19.55,6,Month-to-month,No,Mailed check,0,0,No,0.32348425519994856,Low,N/A,N/A
2014-MKGMH,101.1,46,One year,Fiber optic,Electronic check,0,3,No,0.06426032142832912,Low,N/A,N/A
5628-FCGYG,84.1,21,Month-to-month,Fiber optic,Electronic check,0,0,No,0.6555020884796727,High,Internetservice Fiber Optic,Contract Upgrade Incentive
2560-WBWXF,24.15,68,Two year,No,Bank transfer (automatic),0,0,No,0.0018836905176449752,Low,N/A,N/A
0248-IPDFW,50.1,1,Month-to-month,DSL,Electronic check,0,0,No,0.7599199319432584,Critical,Tenure,Contract Upgrade Incentive
7978-DKUQH,74.6,25,Month-to-month,Fiber optic,Electronic check,0,0,No,0.6436255553965357,High,Internetservice Fiber Optic,Contract Upgrade Incentive
4335-UPJSI,19.75,24,Two year,No,Mailed check,0,0,No,0.01969025144726642,Low,N/A,N/A
1784-EZDKJ,106.8,51,One year,Fiber optic,Bank transfer (automatic),0,0,No,0.02240032821306156,Low,N/A,N/A
9297-FVVDH,84.5,57,Two year,DSL,Electronic check,0,5,No,0.0018665224284888982,Low,N/A,N/A
8007-YYPWD,25.05,15,Two year,No,Bank transfer (automatic),0,0,No,0.03807829960416932,Low,N/A,N/A
7101-HRBLJ,83.7,72,Two year,DSL,Bank transfer (automatic),0,0,No,0.00042242015603378156,Low,N/A,N/A
6635-CPNUN,96.6,28,Month-to-month,Fiber optic,Credit card (automatic),0,0,No,0.34300230528485254,Low,N/A,N/A
5453-YBTWV,101.1,70,Two year,Fiber optic,Credit card (automatic),0,0,No,0.001128374923074617,Low,N/A,N/A
5039-LZRQT,20.2,13,One year,No,Mailed check,0,0,No,0.1302917215361215,Low,N/A,N/A
2931-VUVJN,94.05,59,One year,Fiber optic,Electronic check,5,0,No,0.9553734272615909,Critical,Numtechtickets,Proactive Tech Support Outreach
6418-PIQSP,81.0,62,Two year,DSL,Mailed check,2,0,No,0.01465720099925953,Low,N/A,N/A
8220-OCUFY,60.25,21,One year,DSL,Electronic check,0,0,No,0.17294024063588817,Low,N/A,N/A
3995-WFCSM,60.85,2,Month-to-month,DSL,Electronic check,0,0,No,0.7191923612655424,Critical,Tenure,Contract Upgrade Incentive
1895-QTKDO,43.95,1,Month-to-month,DSL,Credit card (automatic),0,0,No,0.6939082489297225,High,Tenure,Contract Upgrade Incentive
2038-OEQZH,86.05,4,Month-to-month,Fiber optic,Electronic check,0,3,No,0.871674472531198,Critical,Internetservice Fiber Optic,Contract Upgrade Incentive
1178-PZGAB,20.25,19,One year,No,Credit card (automatic),0,1,No,0.10202774787362352,Low,N/A,N/A
2626-VEEWG,19.4,67,Two year,No,Credit card (automatic),0,0,No,0.0017240202931849804,Low,N/A,N/A
2878-RMWXY,102.65,72,Two year,Fiber optic,Credit card (automatic),0,1,No,0.0014714887072980484,Low,N/A,N/A
1657-DYMBM,19.9,53,Two year,No,Credit card (automatic),0,0,No,0.0041701050982390735,Low,N/A,N/A
7311-MQJCH,19.55,5,One year,No,Electronic check,0,0,No,0.2747363224192103,Low,N/A,N/A
7375-WMVMT,95.5,71,Two year,Fiber optic,Credit card (automatic),0,0,No,0.001829538352946704,Low,N/A,N/A
1136-XGEQU,84.15,50,One year,DSL,Credit card (automatic),0,0,No,0.007564176431297272,Low,N/A,N/A
2530-FMFXO,103.2,56,Two year,Fiber optic,Electronic check,0,0,No,0.004748087139014199,Low,N/A,N/A
6844-DZKRF,50.2,2,Month-to-month,DSL,Credit card (automatic),0,4,No,0.5912347345364726,High,Tenure,Contract Upgrade Incentive
5970-GHJAW,19.95,46,Two year,No,Credit card (automatic),0,0,No,0.005464231167007148,Low,N/A,N/A
8879-XUAHX,116.25,71,Two year,Fiber optic,Electronic check,0,0,No,0.0009286732067228024,Low,N/A,N/A
3689-MOZGR,31.2,29,Month-to-month,DSL,Electronic check,2,0,No,0.8988394566335205,Critical,Numtechtickets,Contract Upgrade Incentive
4195-PNGZS,24.45,69,Two year,No,Bank transfer (automatic),0,0,No,0.0013503855128017422,Low,N/A,N/A
5003-XZWWO,84.2,71,Two year,DSL,Credit card (automatic),0,0,No,0.0004585785776553392,Low,N/A,N/A
7622-FWGEW,85.65,56,Two year,DSL,Bank transfer (automatic),5,0,No,0.5664721879550916,High,Numtechtickets,Proactive Tech Support Outreach
6922-NCEDI,21.2,56,One year,No,Mailed check,0,0,No,0.010198262818829866,Low,N/A,N/A
9891-NQDBD,25.55,28,One year,No,Mailed check,0,0,No,0.05259481032687908,Low,N/A,N/A
6131-IUNXN,20.2,19,Month-to-month,No,Mailed check,0,0,No,0.19339775552831875,Low,N/A,N/A
8548-AWOFC,63.85,66,Month-to-month,DSL,Electronic check,0,3,No,0.019073960767867444,Low,N/A,N/A
9798-DRYDS,61.95,17,One year,DSL,Mailed check,0,0,No,0.11810373042846227,Low,N/A,N/A
8532-UEFWH,25.75,52,Two year,No,Mailed check,0,0,No,0.0030604703957422207,Low,N/A,N/A
6296-DDOOR,58.2,19,One year,DSL,Electronic check,0,0,No,0.23706419260169706,Low,N/A,N/A
7951-VRDVK,85.85,36,One year,DSL,Bank transfer (automatic),0,0,No,0.027533837582539713,Low,N/A,N/A
4815-YOSUK,104.9,72,One year,Fiber optic,Credit card (automatic),0,0,No,0.0028474458203090977,Low,N/A,N/A
0380-NEAVX,99.85,34,One year,Fiber optic,Electronic check,0,0,No,0.179300073877669,Low,N/A,N/A
4365-MSDYN,19.55,8,Month-to-month,No,Bank transfer (automatic),0,0,No,0.3458396540643064,Low,N/A,N/A
7036-TYDEC,104.0,69,Two year,Fiber optic,Electronic check,0,0,No,0.0023162054218518833,Low,N/A,N/A
5802-ADBRC,104.4,50,One year,Fiber optic,Mailed check,0,0,No,0.02584774853046047,Low,N/A,N/A
8076-FEZKJ,19.5,10,One year,No,Mailed check,0,0,No,0.13924170343593514,Low,N/A,N/A
5197-YPYBZ,25.25,12,Two year,No,Credit card (automatic),0,2,No,0.03471245746785413,Low,N/A,N/A
4312-GVYNH,49.85,70,Two year,DSL,Bank transfer (automatic),0,0,No,0.0020679476472784666,Low,N/A,N/A
8495-LJDFO,108.95,64,Month-to-month,Fiber optic,Bank transfer (automatic),0,0,No,0.021995206134049112,Low,N/A,N/A
0839-JTCUD,89.9,66,Two year,DSL,Credit card (automatic),0,0,No,0.0005127950504558322,Low,N/A,N/A
5494-WOZRZ,82.0,71,Two year,DSL,Credit card (automatic),0,0,No,0.0004401268138208247,Low,N/A,N/A
1302-UHBDD,89.95,20,Month-to-month,Fiber optic,Electronic check,0,0,No,0.7020403734056762,Critical,Internetservice Fiber Optic,Contract Upgrade Incentive
2234-EOFPT,79.35,72,Two year,DSL,Bank transfer (automatic),0,0,No,0.0005296978230307292,Low,N/A,N/A
8619-IJNDK,64.05,71,Two year,DSL,Credit card (automatic),0,0,No,0.0009139381852325059,Low,N/A,N/A
8378-LKJAF,101.15,38,Month-to-month,Fiber optic,Credit card (automatic),0,0,No,0.14601080424422996,Low,N/A,N/A
1153-GNOLC,39.1,33,One year,DSL,Electronic check,0,0,No,0.14424838619176433,Low,N/A,N/A
3298-QEICA,34.6,23,Two year,DSL,Mailed check,1,0,No,0.14301187090330422,Low,N/A,N/A
0788-DXBFY,19.55,58,One year,No,Electronic check,0,3,No,0.014840985149716013,Low,N/A,N/A
3597-YASZG,104.45,70,Two year,Fiber optic,Bank transfer (automatic),0,0,No,0.001617876416690716,Low,N/A,N/A
3496-LFSZU,70.5,4,Month-to-month,Fiber optic,Electronic check,0,0,No,0.8878726385842142,Critical,Internetservice Fiber Optic,Contract Upgrade Incentive
5242-UOWHD,20.35,45,Two year,No,Mailed check,0,0,No,0.00529380598840199,Low,N/A,N/A
6479-SZPLM,19.45,36,Two year,No,Credit card (automatic),0,0,No,0.009255729930701161,Low,N/A,N/A
8097-VBQTZ,69.9,54,Month-to-month,DSL,Mailed check,4,0,No,0.8253595982963537,Critical,Numtechtickets,Proactive Tech Support Outreach
4500-HKANN,59.7,23,Two year,DSL,Mailed check,0,0,No,0.02333886633238513,Low,N/A,N/A
9917-KWRBE,78.35,41,One year,DSL,Credit card (automatic),0,0,No,0.020905341673151577,Low,N/A,N/A
3420-ZDBMA,71.45,5,Month-to-month,Fiber optic,Mailed check,0,5,No,0.856012327823439,Critical,Internetservice Fiber Optic,Contract Upgrade Incentive
2212-LYASK,45.85,27,One year,DSL,Credit card (automatic),0,3,No,0.10132112540751817,Low,N/A,N/A
1393-IMKZG,95.85,1,Month-to-month,Fiber optic,Electronic check,0,5,No,0.8693225847953927,Critical,Internetservice Fiber Optic,Contract Upgrade Incentive
8069-RHUXK,35.7,67,Two year,DSL,Credit card (automatic),3,0,No,0.13808601679300958,Low,N/A,N/A
3398-GCPMU,89.55,72,Two year,DSL,Credit card (automatic),1,0,No,0.001513753679900933,Low,N/A,N/A
2908-WGAXL,24.95,56,Two year,No,Credit card (automatic),2,0,No,0.038228197344539715,Low,N/A,N/A
3378-AJRAO,24.85,44,One year,No,Electronic check,0,0,No,0.02791640139232743,Low,N/A,N/A
1013-QCWAM,100.8,66,Month-to-month,Fiber optic,Electronic check,0,4,No,0.04118070317125623,Low,N/A,N/A
6050-FFXES,105.35,69,Two year,Fiber optic,Bank transfer (automatic),0,1,No,0.0014054074941035612,Low,N/A,N/A
0362-RAOQO,19.65,40,Two year,No,Credit card (automatic),0,0,No,0.0100237856027066,Low,N/A,N/A
9554-DFKIC,54.45,30,Month-to-month,DSL,Bank transfer (automatic),0,0,No,0.18462792314512858,Low,N/A,N/A
5527-ACHSO,70.5,11,Month-to-month,DSL,Mailed check,0,0,No,0.3693496134451258,Low,N/A,N/A
0829-DDVLK,20.1,15,One year,No,Credit card (automatic),0,5,No,0.12446754532893844,Low,N/A,N/A
1399-UBQIU,69.35,11,Month-to-month,DSL,Electronic check,0,0,No,0.5240706060925612,High,Tenure,Contract Upgrade Incentive
1813-JLKWR,19.8,64,One year,No,Bank transfer (automatic),0,0,No,0.007944740511710105,Low,N/A,N/A
0336-PIKEI,74.4,72,Two year,DSL,Bank transfer (automatic),0,0,No,0.000796001520083807,Low,N/A,N/A
7322-OCWHC,93.05,72,Two year,Fiber optic,Bank transfer (automatic),0,5,No,0.0018977483106334507,Low,N/A,N/A
9537-VHDTA,51.2,1,Month-to-month,DSL,Mailed check,0,0,No,0.626022325871116,High,Tenure,Contract Upgrade Incentive
4957-TIALW,65.6,15,One year,DSL,Credit card (automatic),0,0,No,0.13824314744915336,Low,N/A,N/A
2054-PJOCK,80.55,60,One year,DSL,Credit card (automatic),0,0,No,0.004810162117121656,Low,N/A,N/A
9150-HEPMB,52.7,56,One year,DSL,Mailed check,0,0,No,0.016047015253791406,Low,N/A,N/A
9030-QGZNL,20.85,8,Two year,No,Mailed check,0,5,No,0.0531944597673844,Low,N/A,N/A
3126-WQMGH,52.15,49,Month-to-month,DSL,Credit card (automatic),0,0,No,0.0740922518320591,Low,N/A,N/A
7176-WRTNX,114.95,70,Two year,Fiber optic,Bank transfer (automatic),0,0,No,0.0009739336796496355,Low,N/A,N/A
5732-IKGQH,104.45,52,One year,Fiber optic,Bank transfer (automatic),4,0,No,0.8175303696690861,Critical,Numtechtickets,Proactive Tech Support Outreach
9239-GZHZE,113.65,72,Two year,Fiber optic,Credit card (automatic),0,0,No,0.0007656890659052226,Low,N/A,N/A
7205-BAIAD,20.6,40,Two year,No,Bank transfer (automatic),0,0,No,0.010537201315726745,Low,N/A,N/A
0093-EXYQL,91.55,40,Month-to-month,Fiber optic,Electronic check,0,0,No,0.32972428776604396,Low,N/A,N/A
8064-RAVOH,49.85,1,Month-to-month,DSL,Electronic check,0,0,No,0.7129984286335432,Critical,Tenure,Contract Upgrade Incentive
0219-QAERP,19.8,30,One year,No,Credit card (automatic),0,0,No,0.05105985708046663,Low,N/A,N/A
9168-INPSZ,104.15,44,Month-to-month,Fiber optic,Electronic check,0,0,No,0.16792526260653584,Low,N/A,N/A
0015-UOCOJ,48.2,7,Month-to-month,DSL,Electronic check,0,0,No,0.731592383969391,Critical,Tenure,Contract Upgrade Incentive
5334-AFQJB,25.1,72,Two year,No,Credit card (automatic),0,0,No,0.0016184940364784087,Low,N/A,N/A
2754-SDJRD,100.15,8,Month-to-month,Fiber optic,Credit card (automatic),0,5,No,0.7361127286804717,Critical,Internetservice Fiber Optic,Contract Upgrade Incentive
8963-JLGJT,55.9,3,Month-to-month,DSL,Mailed check,0,0,No,0.5561345077314046,High,Tenure,Contract Upgrade Incentive
1465-LNTLJ,64.4,8,Month-to-month,DSL,Credit card (automatic),0,0,No,0.4720818680594082,High,Tenure,Contract Upgrade Incentive
2135-DQWAQ,85.3,5,Month-to-month,Fiber optic,Mailed check,0,0,No,0.8121085795097349,Critical,Internetservice Fiber Optic,Contract Upgrade Incentive
4056-QHXHZ,107.45,72,Two year,Fiber optic,Mailed check,0,0,No,0.0008104195692300476,Low,N/A,N/A
7401-JIXNM,91.3,54,Two year,DSL,Credit card (automatic),0,0,No,0.0012515585454450713,Low,N/A,N/A
9339-FIIJL,85.95,72,Two year,DSL,Bank transfer (automatic),0,0,No,0.0004259754662565459,Low,N/A,N/A
4706-DGAHW,45.2,1,Month-to-month,DSL,Electronic check,0,5,No,0.7921162817202536,Critical,Tenure,Contract Upgrade Incentive
6670-MFRPK,79.2,69,Two year,Fiber optic,Credit card (automatic),0,5,No,0.0032368026178740813,Low,N/A,N/A
6177-PEVRA,55.5,48,Two year,DSL,Credit card (automatic),0,0,No,0.008674681673653652,Low,N/A,N/A
4813-HQMGZ,90.25,8,Month-to-month,Fiber optic,Electronic check,0,0,No,0.7953550775647541,Critical,Internetservice Fiber Optic,Contract Upgrade Incentive
7579-KKLOE,91.25,71,Two year,DSL,Mailed check,0,0,No,0.0002767789613214408,Low,N/A,N/A
8402-EIVQS,100.9,67,One year,Fiber optic,Credit card (automatic),0,0,No,0.007064689063740766,Low,N/A,N/A
4947-DSMXK,97.7,34,Month-to-month,Fiber optic,Bank transfer (automatic),0,1,No,0.2168752516770463,Low,N/A,N/A
7245-NIIWQ,69.85,3,Month-to-month,Fiber optic,Electronic check,0,0,No,0.9097094118984285,Critical,Internetservice Fiber Optic,Contract Upgrade Incentive
0002-ORFBO,65.6,9,One year,DSL,Mailed check,0,0,No,0.18067120144209864,Low,N/A,N/A
3324-OIRTO,104.65,71,One year,Fiber optic,Bank transfer (automatic),0,0,No,0.004230034770433232,Low,N/A,N/A
5414-OFQCB,90.45,57,Two year,Fiber optic,Credit card (automatic),0,0,No,0.005362587066108854,Low,N/A,N/A
4967-WPNCF,63.7,72,Two year,DSL,Bank transfer (automatic),0,2,No,0.0010523632552089989,Low,N/A,N/A
8552-OBVRU,104.5,48,Month-to-month,Fiber optic,Electronic check,0,0,No,0.10539109232046778,Low,N/A,N/A
8499-BRXTD,20.1,18,One year,No,Mailed check,0,0,No,0.09294043694967881,Low,N/A,N/A
9154-QDGTH,104.3,43,One year,Fiber optic,Credit card (automatic),0,0,No,0.031557268457552044,Low,N/A,N/A
8197-BFWVU,93.25,72,Two year,DSL,Bank transfer (automatic),0,0,No,0.0003066359158400663,Low,N/A,N/A
2577-GVSIL,73.45,35,One year,DSL,Bank transfer (automatic),0,2,No,0.028132808518990655,Low,N/A,N/A
9367-OIUXP,20.7,4,Month-to-month,No,Mailed check,0,0,No,0.3807929269995644,Low,N/A,N/A
6770-UAYGJ,25.25,49,Two year,No,Mailed check,0,0,No,0.004093575794410271,Low,N/A,N/A
6463-HHXJR,100.5,71,Two year,Fiber optic,Bank transfer (automatic),0,0,No,0.0015310543290854993,Low,N/A,N/A
7928-VJYAB,90.6,11,Month-to-month,Fiber optic,Electronic check,0,0,No,0.7448920500941887,Critical,Internetservice Fiber Optic,Contract Upgrade Incentive
1187-WILMM,89.4,63,Two year,DSL,Credit card (automatic),0,0,No,0.00061184912418643,Low,N/A,N/A
9776-OJUZI,95.45,65,Month-to-month,Fiber optic,Bank transfer (automatic),0,0,No,0.040214193841240385,Low,N/A,N/A
1306-RPWXZ,20.45,49,Two year,No,Credit card (automatic),0,0,No,0.005179311357396433,Low,N/A,N/A
3097-PYWXL,19.95,4,Month-to-month,No,Electronic check,0,3,No,0.46943388946992415,High,Tenure,Contract Upgrade Incentive
2266-SJNAT,109.15,72,One year,Fiber optic,Credit card (automatic),0,0,No,0.003167248229978722,Low,N/A,N/A
0869-PAPRP,85.7,26,Month-to-month,Fiber optic,Credit card (automatic),1,2,No,0.8055836506333884,Critical,Internetservice Fiber Optic,Contract Upgrade Incentive
4238-JSSWH,102.05,35,Month-to-month,Fiber optic,Bank transfer (automatic),0,2,No,0.27979977917384874,Low,N/A,N/A
2972-YDYUW,94.7,57,One year,Fiber optic,Electronic check,0,0,No,0.02679677921081019,Low,N/A,N/A
1104-FEJAM,64.4,28,Month-to-month,DSL,Electronic check,0,0,No,0.2254598789383094,Low,N/A,N/A
2809-ILCYT,26.8,25,One year,No,Mailed check,0,0,No,0.05835407658798075,Low,N/A,N/A
5499-ECUTN,66.05,47,One year,DSL,Credit card (automatic),0,0,No,0.02267539704700308,Low,N/A,N/A
4981-FLTMF,65.2,57,Month-to-month,DSL,Bank transfer (automatic),0,0,No,0.023176023723214156,Low,N/A,N/A
9121-PHQSR,85.05,16,Month-to-month,Fiber optic,Credit card (automatic),0,0,No,0.6740323153791419,High,Internetservice Fiber Optic,Contract Upgrade Incentive
3113-IWHLC,55.8,5,Month-to-month,DSL,Mailed check,0,0,No,0.5601591157969774,High,Tenure,Contract Upgrade Incentive
4277-BWBML,19.95,72,Two year,No,Bank transfer (automatic),4,0,No,0.21618111503267265,Low,N/A,N/A
0234-TEVTT,45.0,48,One year,DSL,Credit card (automatic),0,0,No,0.03186345490709394,Low,N/A,N/A
4304-TSPVK,114.9,68,Two year,Fiber optic,Bank transfer (automatic),0,1,No,0.0010677516494758,Low,N/A,N/A
1552-AAGRX,106.4,30,Month-to-month,Fiber optic,Bank transfer (automatic),0,0,No,0.2616982015710553,Low,N/A,N/A
2637-FKFSY,46.1,3,Month-to-month,DSL,Mailed check,0,0,No,0.6347140493897979,High,Tenure,Contract Upgrade Incentive
9796-MVYXX,39.7,14,Two year,DSL,Mailed check,0,0,No,0.09319043489528411,Low,N/A,N/A
7874-ECPQJ,20.05,4,Month-to-month,No,Bank transfer (automatic),0,3,No,0.39600107833584813,Low,N/A,N/A
0020-INWCK,95.75,71,Two year,Fiber optic,Credit card (automatic),0,0,No,0.0016259715715457516,Low,N/A,N/A
7089-RKVSZ,24.4,8,One year,No,Mailed check,0,0,No,0.12019756032405814,Low,N/A,N/A
2683-JXWQQ,33.6,61,Month-to-month,DSL,Bank transfer (automatic),0,4,No,0.05231843838177491,Low,N/A,N/A
9548-ZMVTX,90.45,72,Two year,Fiber optic,Bank transfer (automatic),0,0,No,0.0014427644724485755,Low,N/A,N/A
8739-XNIKG,84.0,5,Month-to-month,Fiber optic,Electronic check,0,0,No,0.875528866871199,Critical,Internetservice Fiber Optic,Contract Upgrade Incentive
9755-JHNMN,67.4,49,Two year,DSL,Bank transfer (automatic),0,0,No,0.004932007083966895,Low,N/A,N/A
3981-QSVQI,19.7,8,Month-to-month,No,Bank transfer (automatic),0,0,No,0.3579957985381286,Low,N/A,N/A
2789-HQBOU,80.35,3,Month-to-month,Fiber optic,Electronic check,0,0,No,0.8867768736172048,Critical,Internetservice Fiber Optic,Contract Upgrade Incentive
9424-CMPOG,19.6,9,Two year,No,Mailed check,0,0,No,0.038177197638033934,Low,N/A,N/A
5067-WJEUN,54.2,67,Two year,DSL,Bank transfer (automatic),0,1,No,0.0018559323339167111,Low,N/A,N/A
3450-WXOAT,45.2,46,Month-to-month,DSL,Credit card (automatic),2,0,No,0.6187000140065118,High,Numtechtickets,Contract Upgrade Incentive
9251-WNSOD,75.1,67,One year,DSL,Mailed check,0,0,No,0.003746695055087566,Low,N/A,N/A
6974-DAFLI,19.7,55,One year,No,Electronic check,0,2,No,0.021556389770415373,Low,N/A,N/A
2616-UUTFK,72.75,33,Month-to-month,DSL,Bank transfer (automatic),0,0,No,0.11868558284966566,Low,N/A,N/A
7064-JHXCE,20.05,62,Two year,No,Credit card (automatic),0,0,No,0.00219601695149128,Low,N/A,N/A
7989-AWGEH,39.2,49,Month-to-month,DSL,Electronic check,0,0,No,0.12589378469910797,Low,N/A,N/A
4373-VVHQL,44.75,1,Month-to-month,DSL,Electronic check,0,0,No,0.7559104484571744,Critical,Tenure,Contract Upgrade Incentive
4559-UWIHT,82.65,14,Month-to-month,Fiber optic,Electronic check,0,0,No,0.7553959032755894,Critical,Internetservice Fiber Optic,Contract Upgrade Incentive
7268-IGMFD,93.9,18,Month-to-month,Fiber optic,Bank transfer (automatic),0,0,No,0.5779435521036177,High,Internetservice Fiber Optic,Contract Upgrade Incentive
6650-BWFRT,117.15,72,Two year,Fiber optic,Credit card (automatic),6,0,No,0.6365448366870053,High,Numtechtickets,Proactive Tech Support Outreach
9570-KYEUA,99.25,64,Two year,Fiber optic,Credit card (automatic),0,0,No,0.0022078400342622735,Low,N/A,N/A
6993-YGFJV,112.55,69,Two year,Fiber optic,Bank transfer (automatic),0,0,No,0.0009660018352219533,Low,N/A,N/A
2712-SYWAY,25.7,1,Month-to-month,No,Electronic check,0,0,No,0.5437230011456141,High,Tenure,Contract Upgrade Incentive
0730-BGQGF,90.3,71,Two year,DSL,Credit card (automatic),0,0,No,0.0003264303558026166,Low,N/A,N/A
5498-IBWPI,49.4,66,One year,DSL,Credit card (automatic),0,0,No,0.0073995179112385,Low,N/A,N/A
9101-NTIXF,19.4,2,Month-to-month,No,Mailed check,0,2,No,0.410043438737519,High,Tenure,Contract Upgrade Incentive
0013-SMEOE,109.7,71,Two year,Fiber optic,Bank transfer (automatic),0,0,No,0.0011989803702417872,Low,N/A,N/A
9314-QDMDW,61.25,11,One year,DSL,Electronic check,0,0,No,0.3079217712923394,Low,N/A,N/A
9308-ANMVE,55.3,47,Month-to-month,DSL,Electronic check,0,0,No,0.09424910663786433,Low,N/A,N/A
3413-DHLPB,103.75,60,Month-to-month,Fiber optic,Bank transfer (automatic),0,0,No,0.024750519439600827,Low,N/A,N/A
7649-PHJVR,19.5,11,One year,No,Mailed check,0,0,No,0.1334485982039097,Low,N/A,N/A
6114-TCFID,39.5,29,One year,DSL,Credit card (automatic),0,0,No,0.11502120887583392,Low,N/A,N/A
3787-TRIAL,26.05,21,Month-to-month,DSL,Electronic check,1,0,No,0.7926250056434714,Critical,Numtechtickets,Contract Upgrade Incentive
2573-GYRUU,91.05,48,Month-to-month,Fiber optic,Credit card (automatic),0,0,No,0.13103030461886114,Low,N/A,N/A
5156-UMKOW,29.65,3,Month-to-month,DSL,Mailed check,0,0,No,0.6662045824927293,High,Tenure,Contract Upgrade Incentive
1247-QBVSH,50.2,43,Month-to-month,DSL,Mailed check,0,0,No,0.09318977540331597,Low,N/A,N/A
6734-GMPVK,105.3,5,Month-to-month,Fiber optic,Electronic check,0,0,No,0.822280622492773,Critical,Internetservice Fiber Optic,Contract Upgrade Incentive
9822-OAOVB,55.45,1,Month-to-month,DSL,Electronic check,0,0,No,0.7463802397360078,Critical,Tenure,Contract Upgrade Incentive
6161-ERDGD,85.45,71,One year,DSL,Electronic check,0,0,No,0.0018396016677520975,Low,N/A,N/A
1226-JZNKR,19.8,8,One year,No,Electronic check,0,0,No,0.20598927719008922,Low,N/A,N/A
7318-EIVKO,59.25,8,Month-to-month,DSL,Electronic check,0,0,No,0.6147587148346686,High,Tenure,Contract Upgrade Incentive
3771-PZOBW,90.7,20,Month-to-month,Fiber optic,Credit card (automatic),0,0,No,0.5430509800108687,High,Internetservice Fiber Optic,Contract Upgrade Incentive
8231-BSWXX,79.05,71,One year,Fiber optic,Credit card (automatic),0,0,No,0.012045222981819773,Low,N/A,N/A
6486-LHTMA,90.7,31,One year,Fiber optic,Electronic check,0,0,No,0.259223417606129,Low,N/A,N/A
4083-BFNYK,95.0,38,One year,Fiber optic,Credit card (automatic),0,0,No,0.10774540369632646,Low,N/A,N/A
7389-KBFIT,30.25,2,Month-to-month,DSL,Mailed check,0,0,No,0.6643533030631374,High,Tenure,Contract Upgrade Incentive
7176-WIONM,49.85,12,Month-to-month,DSL,Bank transfer (automatic),0,0,No,0.5047875765973592,High,Tenure,Contract Upgrade Incentive
5141-ZUVBH,93.0,9,Month-to-month,Fiber optic,Bank transfer (automatic),0,0,No,0.686154971889034,High,Internetservice Fiber Optic,Contract Upgrade Incentive
1089-HDMKP,54.55,11,Month-to-month,DSL,Electronic check,0,0,No,0.5474630086216502,High,Tenure,Contract Upgrade Incentive
7623-HKYRK,19.7,6,Month-to-month,No,Mailed check,0,0,No,0.32426119463119285,Low,N/A,N/A
0310-SUCIN,84.8,71,One year,DSL,Bank transfer (automatic),0,0,No,0.0018071735447928096,Low,N/A,N/A
5197-PYEPU,94.45,42,One year,Fiber optic,Credit card (automatic),4,0,No,0.9241558893431432,Critical,Numtechtickets,Proactive Tech Support Outreach
6619-RPLQZ,20.85,45,Two year,No,Mailed check,0,0,No,0.005848249863174744,Low,N/A,N/A
3275-RHRNE,60.0,28,One year,DSL,Credit card (automatic),0,0,No,0.05933593340904872,Low,N/A,N/A
3503-TYDAY,80.45,43,Month-to-month,Fiber optic,Electronic check,0,0,No,0.2910886372768283,Low,N/A,N/A
6901-GOGZG,84.95,60,Two year,DSL,Electronic check,0,0,No,0.001476035452952121,Low,N/A,N/A
7021-XSNYE,49.65,7,Two year,DSL,Credit card (automatic),0,3,No,0.08300767240202546,Low,N/A,N/A
9621-OUPYD,20.2,25,One year,No,Bank transfer (automatic),0,0,No,0.07558502911122926,Low,N/A,N/A
8982-NHAVY,100.5,27,One year,Fiber optic,Bank transfer (automatic),0,3,No,0.17691186921372454,Low,N/A,N/A
4307-KWMXE,35.75,10,Month-to-month,DSL,Electronic check,0,3,No,0.6214611637170896,High,Tenure,Contract Upgrade Incentive
0141-YEAYS,86.45,27,Month-to-month,Fiber optic,Bank transfer (automatic),0,0,No,0.5136375607949919,High,Internetservice Fiber Optic,Contract Upgrade Incentive
2450-ZKEED,53.8,11,One year,DSL,Bank transfer (automatic),0,4,No,0.2409794615012944,Low,N/A,N/A
3694-DELSO,38.55,4,Month-to-month,DSL,Credit card (automatic),0,0,No,0.5995015012695125,High,Tenure,Contract Upgrade Incentive
3893-JRNFS,39.9,68,Month-to-month,DSL,Bank transfer (automatic),0,0,No,0.034361007807846074,Low,N/A,N/A
9603-OAIHC,70.05,1,Month-to-month,Fiber optic,Electronic check,0,0,No,0.928669332188924,Critical,Internetservice Fiber Optic,Contract Upgrade Incentive
1133-KXCGE,20.1,18,One year,No,Mailed check,0,0,No,0.10108244392807404,Low,N/A,N/A
0142-GVYSN,20.3,26,Month-to-month,No,Electronic check,0,0,No,0.2264206785757382,Low,N/A,N/A
1049-FYSYG,35.65,17,Month-to-month,DSL,Credit card (automatic),0,0,No,0.4729782517258895,High,Tenure,Contract Upgrade Incentive
8406-LNMHF,82.95,59,One year,Fiber optic,Credit card (automatic),0,0,No,0.02919390526821746,Low,N/A,N/A
1821-BUCWY,55.65,30,Two year,DSL,Mailed check,0,0,No,0.02434918149011184,Low,N/A,N/A
0023-UYUPN,25.2,50,One year,No,Electronic check,0,0,No,0.02974787964603051,Low,N/A,N/A
8314-DPQHL,50.8,9,One year,DSL,Mailed check,0,0,No,0.23891383709293457,Low,N/A,N/A
1465-WCZVT,19.65,3,Month-to-month,No,Mailed check,0,0,No,0.3697288913365692,Low,N/A,N/A
9481-SFCQY,59.8,14,Month-to-month,DSL,Credit card (automatic),0,0,No,0.39316913963766703,Low,N/A,N/A
6360-SVNWV,73.55,31,Month-to-month,Fiber optic,Credit card (automatic),0,0,No,0.5171066255322172,High,Internetservice Fiber Optic,Contract Upgrade Incentive
0567-GGCAC,61.4,7,Month-to-month,DSL,Electronic check,0,4,No,0.6414411492797099,High,Tenure,Contract Upgrade Incentive
8884-MRNSU,19.9,17,One year,No,Bank transfer (automatic),0,0,No,0.09143878874121632,Low,N/A,N/A
2171-UDMFD,19.45,32,Month-to-month,No,Credit card (automatic),0,0,No,0.10061726083780458,Low,N/A,N/A
9050-IKDZA,81.5,2,Month-to-month,Fiber optic,Mailed check,0,0,No,0.8763945876500582,Critical,Internetservice Fiber Optic,Contract Upgrade Incentive
9802-CAQUT,109.55,72,Two year,Fiber optic,Credit card (automatic),0,4,No,0.0009187429690980531,Low,N/A,N/A
0187-WZNAB,74.4,27,Month-to-month,Fiber optic,Mailed check,0,0,No,0.4543412993373574,High,Internetservice Fiber Optic,Contract Upgrade Incentive
1475-VWVDO,74.9,7,Month-to-month,Fiber optic,Electronic check,0,0,No,0.8650272834982102,Critical,Internetservice Fiber Optic,Contract Upgrade Incentive
1357-MVDOZ,59.65,11,Month-to-month,DSL,Bank transfer (automatic),0,0,No,0.4183757176352918,High,Tenure,Contract Upgrade Incentive
7602-MVRMB,110.45,72,Two year,Fiber optic,Bank transfer (automatic),0,0,No,0.0007468412720687684,Low,N/A,N/A
1197-BVMVG,74.45,4,Month-to-month,Fiber optic,Electronic check,0,0,No,0.915492019767072,Critical,Internetservice Fiber Optic,Contract Upgrade Incentive
5406-KGRMX,24.55,71,Two year,No,Electronic check,0,0,No,0.002360393244326855,Low,N/A,N/A
5968-HYJRZ,24.55,47,Two year,No,Mailed check,0,0,No,0.004214064290922137,Low,N/A,N/A
5198-EFNBM,90.65,57,One year,Fiber optic,Electronic check,0,0,No,0.03961358974720575,Low,N/A,N/A
7516-GMHUV,105.05,50,Two year,Fiber optic,Credit card (automatic),0,0,No,0.009049792340439731,Low,N/A,N/A
7140-ADSMJ,20.45,8,Month-to-month,No,Credit card (automatic),0,0,No,0.3420861060892871,Low,N/A,N/A
2230-XTUWL,19.55,48,Two year,No,Mailed check,0,0,No,0.005156784961567138,Low,N/A,N/A
7706-YLMQA,19.7,70,One year,No,Bank transfer (automatic),0,1,No,0.007303374230180618,Low,N/A,N/A
2585-KTFRE,70.45,1,Month-to-month,DSL,Bank transfer (automatic),0,0,No,0.5181746960837376,High,Tenure,Contract Upgrade Incentive
7994-UYIVZ,85.65,8,Month-to-month,Fiber optic,Bank transfer (automatic),0,0,No,0.7680814984706456,Critical,Internetservice Fiber Optic,Contract Upgrade Incentive
7717-BICXI,20.55,60,Two year,No,Mailed check,0,0,No,0.002324023733759669,Low,N/A,N/A
6559-RAKOZ,97.95,49,One year,Fiber optic,Electronic check,0,0,No,0.03332039897277492,Low,N/A,N/A
4716-MRVEN,20.0,29,One year,No,Mailed check,0,0,No,0.058162692622902884,Low,N/A,N/A
2143-LJULT,25.25,67,Two year,No,Credit card (automatic),0,0,No,0.0017608005058223465,Low,N/A,N/A
3200-MNQTF,70.9,67,Two year,DSL,Credit card (automatic),0,0,No,0.0010105552172922539,Low,N/A,N/A
6164-HXUGH,19.85,6,Month-to-month,No,Mailed check,0,0,No,0.33139386402651816,Low,N/A,N/A
5630-IXDXV,106.35,47,Month-to-month,Fiber optic,Electronic check,0,1,No,0.13633096875876521,Low,N/A,N/A
0320-DWVTU,99.5,53,Two year,Fiber optic,Mailed check,0,0,No,0.00565191105182387,Low,N/A,N/A
9135-MGVPY,84.7,69,Two year,DSL,Mailed check,0,0,No,0.0004883972241126297,Low,N/A,N/A
1212-GLHMD,86.05,3,Month-to-month,Fiber optic,Mailed check,0,2,No,0.8196975923526162,Critical,Internetservice Fiber Optic,Contract Upgrade Incentive
7878-JGDKK,44.55,4,Month-to-month,DSL,Mailed check,0,0,No,0.6124722898321779,High,Tenure,Contract Upgrade Incentive
1088-AUUZZ,75.85,56,Two year,DSL,Credit card (automatic),0,0,No,0.001595131887253705,Low,N/A,N/A
6614-YWYSC,25.0,61,Two year,No,Bank transfer (automatic),1,0,No,0.01133901770749792,Low,N/A,N/A
9588-OZDMQ,45.0,2,Month-to-month,DSL,Electronic check,0,0,No,0.7503212206710483,Critical,Tenure,Contract Upgrade Incentive
6476-EPYZR,20.5,12,Month-to-month,No,Mailed check,0,0,No,0.24175205155049642,Low,N/A,N/A
1174-FGIFN,90.45,28,One year,Fiber optic,Electronic check,0,2,No,0.20437407057332851,Low,N/A,N/A
6620-HVDUJ,60.45,24,Month-to-month,DSL,Bank transfer (automatic),1,0,No,0.5257213372075615,High,Numtechtickets,Contract Upgrade Incentive
1032-MAELW,78.45,68,One year,DSL,Electronic check,0,0,No,0.003520297810873899,Low,N/A,N/A
7641-TQFHN,100.55,39,Two year,Fiber optic,Mailed check,3,0,No,0.42832265520629054,High,Numtechtickets,Proactive Tech Support Outreach
1552-TKMXS,20.35,42,Month-to-month,No,Credit card (automatic),0,0,No,0.07519659198552396,Low,N/A,N/A
8622-ZLFKO,90.75,6,Month-to-month,Fiber optic,Electronic check,0,4,No,0.8488654545047983,Critical,Internetservice Fiber Optic,Contract Upgrade Incentive
6188-UXBBR,20.25,38,One year,No,Credit card (automatic),0,0,No,0.03548183120969058,Low,N/A,N/A
2333-KWEWW,20.05,18,Two year,No,Credit card (automatic),0,0,No,0.03009842680626182,Low,N/A,N/A
5702-SKUOB,19.6,4,Month-to-month,No,Mailed check,0,0,No,0.3914140737492965,Low,N/A,N/A
1134-YWTYF,53.8,27,Month-to-month,DSL,Electronic check,0,0,No,0.2768724163147937,Low,N/A,N/A
6061-GWWAV,70.2,41,One year,DSL,Mailed check,0,0,No,0.0235392559481272,Low,N/A,N/A
0679-TDGAK,75.5,50,One year,DSL,Electronic check,0,0,No,0.012205432851036096,Low,N/A,N/A
6585-WCEWR,20.35,72,Two year,No,Electronic check,0,0,No,0.0019776131341129348,Low,N/A,N/A
9067-YGSCA,26.05,70,One year,No,Credit card (automatic),0,0,No,0.0053413091856202265,Low,N/A,N/A
9067-SQTNS,20.6,44,One year,No,Bank transfer (automatic),0,0,No,0.021446706960853046,Low,N/A,N/A
1776-SPBWV,20.1,34,One year,No,Bank transfer (automatic),0,0,No,0.0410711905912605,Low,N/A,N/A
8735-SDUFN,24.3,72,Two year,No,Bank transfer (automatic),0,0,No,0.0018122830553677412,Low,N/A,N/A
9668-PUGNU,24.5,71,Two year,No,Electronic check,6,0,No,0.8433310353696285,Critical,Numtechtickets,Proactive Tech Support Outreach
9405-GPBBG,110.5,64,Two year,Fiber optic,Credit card (automatic),0,0,No,0.0017642541596967897,Low,N/A,N/A
1926-QUZNN,25.25,72,Two year,No,Bank transfer (automatic),0,0,No,0.0014168820747835426,Low,N/A,N/A
7016-NVRIC,90.1,29,One year,Fiber optic,Bank transfer (automatic),0,0,No,0.20818786602063968,Low,N/A,N/A
5829-NVSQN,68.75,23,One year,DSL,Bank transfer (automatic),0,0,No,0.08868316419606388,Low,N/A,N/A
9565-AXSMR,19.2,52,Two year,No,Mailed check,1,0,No,0.013586202909032048,Low,N/A,N/A
8869-LIHMK,115.1,64,Two year,Fiber optic,Bank transfer (automatic),0,0,No,0.0016198086036951248,Low,N/A,N/A
0447-RXSGD,99.65,24,Month-to-month,Fiber optic,Bank transfer (automatic),0,0,No,0.429578483043525,High,Internetservice Fiber Optic,Contract Upgrade Incentive
4927-WWOOZ,91.45,2,Month-to-month,Fiber optic,Electronic check,0,0,No,0.8731072030576233,Critical,Internetservice Fiber Optic,Contract Upgrade Incentive
5788-YPOEG,84.75,34,Two year,DSL,Mailed check,0,0,No,0.006854649498569528,Low,N/A,N/A
0661-KBKPA,78.75,53,One year,DSL,Mailed check,0,0,No,0.006513205978182733,Low,N/A,N/A
9081-WWXKP,20.25,47,Two year,No,Credit card (automatic),0,0,No,0.0056759067783647725,Low,N/A,N/A
0784-ZQJZX,19.9,72,Two year,No,Credit card (automatic),0,0,No,0.0013120040483297212,Low,N/A,N/A
3133-PZNSR,97.75,72,Two year,Fiber optic,Credit card (automatic),0,0,No,0.0010710225420555192,Low,N/A,N/A
0722-SVSFK,100.4,7,Month-to-month,Fiber optic,Electronic check,0,2,No,0.7922854895389981,Critical,Internetservice Fiber Optic,Contract Upgrade Incentive
3612-YVGSJ,24.45,71,Two year,No,Credit card (automatic),0,0,No,0.0014887786870101916,Low,N/A,N/A
9825-YCXWZ,101.1,41,One year,Fiber optic,Bank transfer (automatic),0,0,No,0.07161940470235074,Low,N/A,N/A
5397-NSKQG,50.9,67,Two year,DSL,Credit card (automatic),4,5,No,0.2997983809876693,Low,N/A,N/A
8565-HBFNN,107.2,69,One year,Fiber optic,Credit card (automatic),0,0,No,0.003992420173661198,Low,N/A,N/A
2000-DHJUY,92.2,70,Two year,DSL,Bank transfer (automatic),0,0,No,0.0005293902403150299,Low,N/A,N/A
8670-ERCJH,113.4,72,Two year,Fiber optic,Bank transfer (automatic),0,0,No,0.0007776742673782163,Low,N/A,N/A
7758-UJWYS,40.55,34,Two year,DSL,Electronic check,0,4,No,0.028822242955392586,Low,N/A,N/A
2050-ONYDQ,26.0,65,Two year,No,Credit card (automatic),0,0,No,0.001696030372010708,Low,N/A,N/A
7055-JCGNI,111.95,70,Two year,Fiber optic,Credit card (automatic),0,0,No,0.0010184515797127486,Low,N/A,N/A
0739-UUAJR,53.8,72,Two year,DSL,Credit card (automatic),0,1,No,0.0014547859271605314,Low,N/A,N/A
4826-DXMUP,72.1,35,One year,DSL,Mailed check,0,4,No,0.028526340646642084,Low,N/A,N/A
7285-KLOTR,78.85,12,One year,DSL,Electronic check,0,0,No,0.24903839185604165,Low,N/A,N/A
0654-PQKDW,70.75,62,One year,DSL,Bank transfer (automatic),0,0,No,0.00519096282455384,Low,N/A,N/A
7175-NTIXE,76.15,25,Month-to-month,DSL,Credit card (automatic),0,5,No,0.16501222344874167,Low,N/A,N/A
7963-SHNDT,39.1,52,Two year,DSL,Mailed check,0,0,No,0.008490147046740283,Low,N/A,N/A
9796-BPKIW,69.95,8,Month-to-month,Fiber optic,Credit card (automatic),0,0,No,0.8384764303513865,Critical,Internetservice Fiber Optic,Contract Upgrade Incentive
0188-GWFLE,20.05,2,Month-to-month,No,Mailed check,0,0,No,0.40929071161006547,High,Tenure,Contract Upgrade Incentive
8129-GMVGI,20.05,56,Two year,No,Mailed check,0,2,No,0.0032441820364310027,Low,N/A,N/A
2882-DDZPG,19.45,12,Month-to-month,No,Bank transfer (automatic),0,4,No,0.3316423483385243,Low,N/A,N/A
3547-LQRIK,26.9,47,One year,No,Electronic check,0,0,No,0.02775874690353593,Low,N/A,N/A
9137-NOQKA,19.2,2,Month-to-month,No,Electronic check,0,0,No,0.581232849868631,High,Tenure,Contract Upgrade Incentive
5843-TTHGI,50.0,18,Month-to-month,DSL,Mailed check,0,0,No,0.395518956657229,Low,N/A,N/A
1849-RJYIG,60.0,8,Month-to-month,DSL,Electronic check,0,0,No,0.6307338485056119,High,Tenure,Contract Upgrade Incentive
8868-GAGIO,84.55,45,Month-to-month,Fiber optic,Mailed check,0,0,No,0.1530114837126675,Low,N/A,N/A
4061-UKJWL,45.45,3,Month-to-month,DSL,Mailed check,0,0,No,0.6272627445182992,High,Tenure,Contract Upgrade Incentive
5380-XPJNZ,20.05,38,One year,No,Mailed check,0,5,No,0.03728827733339667,Low,N/A,N/A
8263-QMNTJ,115.55,72,Two year,Fiber optic,Electronic check,0,0,No,0.000934255345296382,Low,N/A,N/A
3230-JCNZS,99.0,71,Two year,Fiber optic,Credit card (automatic),0,0,No,0.0014531059574851746,Low,N/A,N/A
0277-ORXQS,50.55,66,Two year,DSL,Bank transfer (automatic),0,0,No,0.0019525433847798937,Low,N/A,N/A
7996-BPXHY,25.0,13,Two year,No,Bank transfer (automatic),0,0,No,0.0346342553858058,Low,N/A,N/A
3227-WLKLI,91.55,65,Two year,DSL,Bank transfer (automatic),0,0,No,0.0005596199127969096,Low,N/A,N/A
2266-FUBDZ,19.35,15,Two year,No,Mailed check,0,0,No,0.02810638878991021,Low,N/A,N/A
8237-ULIXL,24.85,72,Two year,No,Credit card (automatic),0,0,No,0.0013254025724333159,Low,N/A,N/A
8216-AZUUZ,100.4,42,Two year,Fiber optic,Electronic check,3,2,No,0.4852837334802555,High,Numtechtickets,Proactive Tech Support Outreach
9153-BTBVV,25.0,71,Two year,No,Bank transfer (automatic),0,0,No,0.0015363160785702415,Low,N/A,N/A
5186-PEIZU,19.25,35,Month-to-month,No,Bank transfer (automatic),0,0,No,0.12453276208657442,Low,N/A,N/A
1074-AMIOH,108.25,53,Month-to-month,Fiber optic,Bank transfer (automatic),0,0,No,0.03607850716100444,Low,N/A,N/A
4361-FEBGN,20.15,48,Two year,No,Credit card (automatic),0,0,No,0.005851926016872622,Low,N/A,N/A
7748-UMTRK,101.3,30,Month-to-month,Fiber optic,Electronic check,0,0,No,0.3836983244294297,Low,N/A,N/A
0380-ZCSBI,20.0,10,Month-to-month,No,Credit card (automatic),0,0,No,0.3191424120123562,Low,N/A,N/A
7145-FEJWU,105.3,12,Month-to-month,Fiber optic,Electronic check,0,0,No,0.7101959411717216,Critical,Internetservice Fiber Optic,Contract Upgrade Incentive
6463-MVYRY,69.85,57,Two year,DSL,Bank transfer (automatic),0,1,No,0.003188938534142504,Low,N/A,N/A
3969-JQABI,65.25,58,Month-to-month,DSL,Credit card (automatic),3,0,No,0.6040218684991826,High,Numtechtickets,Proactive Tech Support Outreach
9624-EGDEQ,19.8,37,Two year,No,Mailed check,0,0,No,0.011029490398775883,Low,N/A,N/A
1051-EQPZR,19.6,44,Month-to-month,No,Mailed check,0,0,No,0.05882626398588015,Low,N/A,N/A
5849-ASHZJ,20.05,27,One year,No,Credit card (automatic),0,0,No,0.05394392699451122,Low,N/A,N/A
5780-INQIK,49.4,8,Month-to-month,DSL,Electronic check,0,0,No,0.6226510632047466,High,Tenure,Contract Upgrade Incentive
4526-ZJJTM,88.4,25,Month-to-month,Fiber optic,Bank transfer (automatic),0,0,No,0.5342525513743716,High,Internetservice Fiber Optic,Contract Upgrade Incentive
8384-FZBJK,100.6,57,Month-to-month,Fiber optic,Electronic check,0,0,No,0.06199432660525715,Low,N/A,N/A
3750-RNQKR,19.45,12,Month-to-month,No,Mailed check,0,0,No,0.3052040384303121,Low,N/A,N/A
0962-CQPWQ,20.3,62,Two year,No,Bank transfer (automatic),0,0,No,0.002532650630050105,Low,N/A,N/A
3096-YXENJ,107.65,65,Two year,Fiber optic,Bank transfer (automatic),0,0,No,0.0017446956111604678,Low,N/A,N/A
1265-BCFEO,80.45,71,Two year,DSL,Bank transfer (automatic),0,0,No,0.0006207537038869665,Low,N/A,N/A
5837-LXSDN,58.85,21,One year,DSL,Credit card (automatic),0,0,No,0.12376883835164905,Low,N/A,N/A
5945-AZYHT,109.6,71,One year,Fiber optic,Electronic check,3,0,No,0.22287323694902852,Low,N/A,N/A
8325-QRPZR,75.15,7,Month-to-month,Fiber optic,Electronic check,0,0,No,0.8741100745637851,Critical,Internetservice Fiber Optic,Contract Upgrade Incentive
6384-VMJHP,73.0,72,Two year,DSL,Credit card (automatic),0,0,No,0.0007398334088040665,Low,N/A,N/A
2262-SLNVK,70.1,1,Month-to-month,Fiber optic,Electronic check,0,5,No,0.9203397057064467,Critical,Internetservice Fiber Optic,Contract Upgrade Incentive
7730-CLDSV,98.65,72,Two year,Fiber optic,Bank transfer (automatic),0,3,No,0.0011832917085496308,Low,N/A,N/A
1135-HIORI,111.45,64,One year,Fiber optic,Electronic check,0,1,No,0.007007639240941206,Low,N/A,N/A
0164-APGRB,114.9,72,Two year,Fiber optic,Electronic check,0,0,No,0.0010721616822681522,Low,N/A,N/A
6481-ESCNL,100.55,29,Month-to-month,Fiber optic,Bank transfer (automatic),0,0,No,0.3542927318437039,Low,N/A,N/A
1790-NESIO,20.4,13,Two year,No,Mailed check,0,0,No,0.041083505095406016,Low,N/A,N/A
1550-EENBN,104.35,31,Month-to-month,Fiber optic,Electronic check,0,0,No,0.3775487862227796,Low,N/A,N/A
8198-RKSZG,80.45,14,Month-to-month,DSL,Credit card (automatic),0,4,No,0.25545919503631304,Low,N/A,N/A
9297-EONCV,91.35,72,Two year,DSL,Bank transfer (automatic),0,4,No,0.00038641852187294354,Low,N/A,N/A
1069-QJOEE,19.9,25,One year,No,Electronic check,0,0,No,0.08398625802049846,Low,N/A,N/A
7799-DSEWS,68.35,18,Month-to-month,DSL,Electronic check,0,4,No,0.3484007860973221,Low,N/A,N/A
8766-PAFNE,79.1,71,Two year,DSL,Credit card (automatic),0,0,No,0.0005577744312167676,Low,N/A,N/A
5315-CKEQK,51.0,28,One year,DSL,Electronic check,2,0,No,0.7159698353958381,Critical,Numtechtickets,VIP Loyalty Check-in
3130-ICDUP,80.55,2,Month-to-month,Fiber optic,Credit card (automatic),0,5,No,0.8391830729711508,Critical,Internetservice Fiber Optic,Contract Upgrade Incentive
0820-FNRNX,66.7,17,Month-to-month,DSL,Mailed check,0,0,No,0.23824201568314404,Low,N/A,N/A
0880-FVFWF,86.4,56,Month-to-month,Fiber optic,Electronic check,0,0,No,0.10529879421880864,Low,N/A,N/A
4611-ANLQC,50.05,60,One year,DSL,Electronic check,0,0,No,0.023360807592243266,Low,N/A,N/A
4213-HKBJO,25.7,33,Two year,No,Credit card (automatic),0,0,No,0.013002659071334141,Low,N/A,N/A
2792-LSHWX,83.4,1,Month-to-month,Fiber optic,Mailed check,0,0,No,0.8310906695081499,Critical,Internetservice Fiber Optic,Contract Upgrade Incentive
0014-BMAQU,84.65,63,Two year,Fiber optic,Credit card (automatic),0,0,No,0.0038900871386696578,Low,N/A,N/A
9018-PCIOK,64.75,55,Two year,DSL,Mailed check,0,0,No,0.0037548007020311064,Low,N/A,N/A
4837-QUSFT,100.15,65,One year,Fiber optic,Bank transfer (automatic),0,0,No,0.007743938494150565,Low,N/A,N/A
9953-ZMKSM,25.25,63,Two year,No,Mailed check,0,0,No,0.002069696675107092,Low,N/A,N/A
0907-HQNTS,113.0,70,Two year,Fiber optic,Credit card (automatic),0,3,No,0.0011021149888518623,Low,N/A,N/A
7665-NKLAV,40.65,36,Two year,DSL,Credit card (automatic),0,0,No,0.017780501128629923,Low,N/A,N/A
4391-LNRXK,94.95,22,Month-to-month,Fiber optic,Bank transfer (automatic),0,0,No,0.44051808391987435,High,Internetservice Fiber Optic,Contract Upgrade Incentive
8250-ZNGGW,59.9,5,Month-to-month,DSL,Credit card (automatic),0,1,No,0.5849857181331987,High,Tenure,Contract Upgrade Incentive
8562-GHPPI,19.8,1,Month-to-month,No,Credit card (automatic),0,0,No,0.4596256705772121,High,Tenure,Contract Upgrade Incentive
5893-PYOLZ,81.8,56,Two year,DSL,Credit card (automatic),4,0,No,0.24541354723330752,Low,N/A,N/A
4986-MXSFP,20.0,2,Month-to-month,No,Mailed check,0,0,No,0.43195154680230685,High,Tenure,Contract Upgrade Incentive
6131-FOYAS,59.6,35,Month-to-month,DSL,Electronic check,0,0,No,0.1978948724061379,Low,N/A,N/A
3027-YNWZU,25.0,64,Two year,No,Credit card (automatic),0,0,No,0.00214658552647705,Low,N/A,N/A
5609-IMCGG,84.35,15,Month-to-month,Fiber optic,Credit card (automatic),0,4,No,0.6797585413521311,High,Internetservice Fiber Optic,Contract Upgrade Incentive
4727-MCYZG,55.55,1,Month-to-month,DSL,Mailed check,0,0,No,0.6253285529221568,High,Tenure,Contract Upgrade Incentive
9481-WHGWY,75.35,70,Two year,DSL,Credit card (automatic),0,0,No,0.0006066282664606562,Low,N/A,N/A
4328-VUFWD,59.3,39,One year,DSL,Electronic check,0,0,No,0.060472005158847604,Low,N/A,N/A
3301-LSLWQ,66.1,29,Month-to-month,DSL,Electronic check,0,0,No,0.261519279305924,Low,N/A,N/A
7473-ZBDSN,18.8,14,Two year,No,Mailed check,0,0,No,0.032775884076842794,Low,N/A,N/A
3166-PNEOF,86.45,61,Two year,DSL,Credit card (automatic),0,1,No,0.001090670857661705,Low,N/A,N/A
5639-NTUPK,52.1,13,Month-to-month,DSL,Credit card (automatic),0,0,No,0.41895085067209986,High,Tenure,Contract Upgrade Incentive
8780-YRMTT,47.4,66,Two year,DSL,Mailed check,0,0,No,0.0026099261725429364,Low,N/A,N/A
5140-FOMCQ,109.15,59,One year,Fiber optic,Credit card (automatic),1,0,No,0.03942556324395543,Low,N/A,N/A
6242-SGYTS,94.95,62,One year,Fiber optic,Credit card (automatic),0,1,No,0.011370902503781333,Low,N/A,N/A
8166-ORCHU,93.55,33,One year,Fiber optic,Electronic check,0,0,No,0.17455576142125465,Low,N/A,N/A
8414-OOEEL,79.5,66,Two year,DSL,Credit card (automatic),0,0,No,0.0007280371746701814,Low,N/A,N/A
8454-AATJP,115.05,72,Two year,Fiber optic,Credit card (automatic),0,0,No,0.0007265038202092,Low,N/A,N/A
4531-AUZNK,95.15,51,One year,Fiber optic,Mailed check,0,0,No,0.021216082618598947,Low,N/A,N/A
4191-XOVOM,105.4,63,Month-to-month,Fiber optic,Electronic check,0,2,No,0.028713579383118748,Low,N/A,N/A
2150-OEGBV,20.1,27,One year,No,Bank transfer (automatic),0,0,No,0.06567510063266448,Low,N/A,N/A
1855-CFULU,20.05,4,Month-to-month,No,Mailed check,0,0,No,0.45626231263715483,High,Tenure,Contract Upgrade Incentive
4878-BUNFV,20.7,42,Two year,No,Mailed check,0,5,No,0.006298792923387776,Low,N/A,N/A
1872-EBWSC,20.35,29,One year,No,Mailed check,0,2,No,0.05758735596297656,Low,N/A,N/A
7026-YMSBE,19.7,30,One year,No,Mailed check,0,0,No,0.05056504488944607,Low,N/A,N/A
6997-UVGOX,85.45,71,Two year,DSL,Bank transfer (automatic),0,5,No,0.0004029717515496268,Low,N/A,N/A
9674-EHPPG,40.4,46,Two year,DSL,Credit card (automatic),0,0,No,0.010585776563879207,Low,N/A,N/A
5440-VHLUL,105.2,69,One year,Fiber optic,Bank transfer (automatic),0,4,No,0.004517082394938396,Low,N/A,N/A
5781-BKHOP,100.65,72,Two year,Fiber optic,Bank transfer (automatic),0,5,No,0.0015324098771644448,Low,N/A,N/A
5213-TWWJU,91.0,28,Month-to-month,Fiber optic,Electronic check,0,4,No,0.4298290454021815,High,Internetservice Fiber Optic,Contract Upgrade Incentive
8628-MFKAX,116.75,72,Two year,Fiber optic,Credit card (automatic),0,3,No,0.0008652182692889886,Low,N/A,N/A
7629-WIXZF,59.1,7,One year,DSL,Electronic check,0,0,No,0.4077917952425975,High,Tenure,VIP Loyalty Check-in
5445-GLVOT,49.8,22,Month-to-month,DSL,Electronic check,0,0,No,0.4508887890753999,High,Tenure,Contract Upgrade Incentive
3976-HXHCE,19.3,72,Two year,No,Bank transfer (automatic),0,0,No,0.0016985518240934887,Low,N/A,N/A
2466-NEJOJ,19.65,8,Month-to-month,No,Credit card (automatic),0,2,No,0.29846765095033656,Low,N/A,N/A
0254-KCJGT,81.4,52,One year,DSL,Credit card (automatic),0,0,No,0.007076693079810034,Low,N/A,N/A
5472-CVMDX,38.9,68,Two year,DSL,Mailed check,0,0,No,0.0030764166166598293,Low,N/A,N/A
6461-SZMCV,87.95,71,Two year,DSL,Bank transfer (automatic),0,0,No,0.0004465674030271294,Low,N/A,N/A
8150-QUDFX,19.85,2,Month-to-month,No,Mailed check,0,0,No,0.40851867739985676,High,Tenure,Contract Upgrade Incentive
9508-ILZDG,96.35,34,Month-to-month,Fiber optic,Electronic check,0,0,No,0.3720937741175059,Low,N/A,N/A
2346-DJQTB,24.15,35,Month-to-month,DSL,Electronic check,0,0,No,0.3978338749161497,Low,N/A,N/A
1697-LYYYX,19.1,61,One year,No,Credit card (automatic),0,0,No,0.009281805613160925,Low,N/A,N/A
1942-OQFRW,44.0,1,Month-to-month,DSL,Electronic check,0,1,No,0.7577896312782388,Critical,Tenure,Contract Upgrade Incentive
9640-ZSLDC,60.6,53,One year,DSL,Credit card (automatic),0,0,No,0.014407275807295287,Low,N/A,N/A
4231-LZUYM,25.65,72,Two year,No,Bank transfer (automatic),0,0,No,0.0013884652887200088,Low,N/A,N/A
6128-AQBMT,53.95,41,Month-to-month,DSL,Electronic check,0,4,No,0.18219705120112306,Low,N/A,N/A
3594-BDSOA,20.4,24,One year,No,Credit card (automatic),0,0,No,0.07504950698829725,Low,N/A,N/A
5133-VRSAB,29.35,8,Month-to-month,DSL,Mailed check,0,0,No,0.6143267587181986,High,Tenure,Contract Upgrade Incentive
5996-DAOQL,20.45,1,Month-to-month,No,Mailed check,0,0,No,0.42092192745457413,High,Tenure,Contract Upgrade Incentive
6838-YAUVY,95.1,54,Two year,Fiber optic,Bank transfer (automatic),0,0,No,0.00719393203949136,Low,N/A,N/A
0484-JPBRU,25.25,41,Month-to-month,No,Bank transfer (automatic),0,4,No,0.07297917181215774,Low,N/A,N/A
7883-ROJOC,44.9,19,Month-to-month,DSL,Mailed check,0,0,No,0.3903644077366355,Low,N/A,N/A
0244-LGNFY,92.65,72,Two year,DSL,Bank transfer (automatic),0,0,No,0.00030467186187155813,Low,N/A,N/A
7274-CGTOD,43.7,62,Two year,DSL,Bank transfer (automatic),0,0,No,0.0040810017909206735,Low,N/A,N/A
4295-YURET,72.6,56,Two year,DSL,Credit card (automatic),0,0,No,0.0023996325456158265,Low,N/A,N/A
4635-EJYPD,18.95,32,Two year,No,Mailed check,0,0,No,0.011221387038942515,Low,N/A,N/A
1866-ZSLJM,20.5,21,Month-to-month,No,Credit card (automatic),0,0,No,0.20279558894495395,Low,N/A,N/A
4636-TVXVG,19.95,62,One year,No,Bank transfer (automatic),0,0,No,0.00819384152674958,Low,N/A,N/A
4236-UJPWO,24.5,2,Month-to-month,DSL,Electronic check,0,0,No,0.8091874849152899,Critical,Tenure,Contract Upgrade Incentive
9392-XBGTD,20.6,27,Two year,No,Mailed check,0,0,No,0.014952816088979824,Low,N/A,N/A
6402-SSEJG,61.05,25,One year,DSL,Electronic check,0,0,No,0.15951048018043115,Low,N/A,N/A
1169-SAOCL,106.65,49,One year,Fiber optic,Bank transfer (automatic),0,0,No,0.023853035474790105,Low,N/A,N/A
1110-KYLGQ,108.25,63,Month-to-month,Fiber optic,Credit card (automatic),0,1,No,0.024070055001035325,Low,N/A,N/A
9929-PLVPA,20.4,4,Month-to-month,No,Credit card (automatic),0,3,No,0.3794512464380233,Low,N/A,N/A
3518-PZXZQ,55.3,1,Month-to-month,DSL,Mailed check,0,0,No,0.6347143455903633,High,Tenure,Contract Upgrade Incentive
2371-JUNGC,20.25,11,Month-to-month,No,Mailed check,0,5,No,0.2959693254969732,Low,N/A,N/A
7693-QPEFS,72.95,52,Month-to-month,Fiber optic,Bank transfer (automatic),0,0,No,0.17507086447197295,Low,N/A,N/A
0924-BJCRC,89.45,60,Month-to-month,Fiber optic,Electronic check,0,0,No,0.09559715091188176,Low,N/A,N/A
5074-FBGHB,104.65,64,One year,Fiber optic,Credit card (automatic),0,0,No,0.006409847356395949,Low,N/A,N/A
2351-BKRZW,75.2,43,Two year,DSL,Bank transfer (automatic),0,0,No,0.006014251464457309,Low,N/A,N/A
4455-BFSPD,101.15,61,One year,Fiber optic,Bank transfer (automatic),0,5,No,0.010091459292305038,Low,N/A,N/A
3948-KXDUF,68.75,66,Two year,DSL,Bank transfer (automatic),0,5,No,0.0013266398037940998,Low,N/A,N/A
2323-ARSVR,111.05,67,Two year,Fiber optic,Electronic check,0,0,No,0.001815514046078562,Low,N/A,N/A
0815-MFZGM,99.0,42,Two year,Fiber optic,Credit card (automatic),0,2,No,0.014652363304329872,Low,N/A,N/A
5480-XTFFL,21.0,31,Two year,No,Mailed check,0,0,No,0.012252671491511455,Low,N/A,N/A
8295-FHIVV,19.4,7,Month-to-month,No,Mailed check,0,1,No,0.34370229275460257,Low,N/A,N/A
9086-YJYXS,77.2,34,One year,DSL,Bank transfer (automatic),0,0,No,0.033177898124400314,Low,N/A,N/A
1179-INLAT,19.45,3,One year,No,Mailed check,0,0,No,0.19348875864440684,Low,N/A,N/A
7909-FIOIY,24.85,19,Month-to-month,DSL,Mailed check,0,0,No,0.45067207949800125,High,Tenure,Contract Upgrade Incentive
6351-SCJKT,41.35,3,Month-to-month,DSL,Mailed check,0,0,No,0.5950398251321531,High,Tenure,Contract Upgrade Incentive
5468-BPMMO,19.6,46,Month-to-month,No,Electronic check,0,0,No,0.08579149912072995,Low,N/A,N/A
0197-PNKNK,84.45,69,One year,Fiber optic,Bank transfer (automatic),0,0,No,0.0106687827669752,Low,N/A,N/A
2439-QKJUL,20.25,5,Month-to-month,No,Mailed check,0,0,No,0.3679292805854466,Low,N/A,N/A
1194-SPVSP,19.65,1,Month-to-month,No,Bank transfer (automatic),0,0,No,0.4520546641712921,High,Tenure,Contract Upgrade Incentive
9534-NSXEM,20.65,26,One year,No,Credit card (automatic),0,0,No,0.06378029434404679,Low,N/A,N/A
8929-KSWIH,99.3,25,Two year,Fiber optic,Bank transfer (automatic),0,0,No,0.055943064970274785,Low,N/A,N/A
2250-IVBWA,81.05,64,Month-to-month,Fiber optic,Electronic check,0,0,No,0.060760091118981084,Low,N/A,N/A
1810-MVMAI,67.6,30,Month-to-month,DSL,Electronic check,0,2,No,0.16238661813242333,Low,N/A,N/A
9506-UXUSK,70.15,13,Month-to-month,Fiber optic,Electronic check,0,3,No,0.8150583862422358,Critical,Internetservice Fiber Optic,Contract Upgrade Incentive
1229-RCALF,115.0,64,One year,Fiber optic,Electronic check,0,0,No,0.007449174831742579,Low,N/A,N/A
3572-UOLYZ,84.8,46,Month-to-month,Fiber optic,Bank transfer (automatic),0,0,No,0.12702142346523745,Low,N/A,N/A
1429-UYJSV,19.7,12,One year,No,Mailed check,0,0,No,0.13719229891434495,Low,N/A,N/A
6366-XIVKZ,63.15,13,Month-to-month,DSL,Mailed check,0,0,No,0.36855315600060595,Low,N/A,N/A
3470-OBUET,74.0,67,Two year,DSL,Credit card (automatic),0,0,No,0.0008612694061684657,Low,N/A,N/A
2770-NSVDG,29.1,24,Month-to-month,DSL,Electronic check,0,0,No,0.4864315144965472,High,Totalcharges,Contract Upgrade Incentive
9375-MHRRS,50.05,6,Month-to-month,DSL,Mailed check,0,0,No,0.5158322660630272,High,Tenure,Contract Upgrade Incentive
4860-YZGZM,20.0,10,Month-to-month,No,Electronic check,0,4,No,0.416818342925632,High,Tenure,Contract Upgrade Incentive
6599-GZWCM,74.65,13,One year,Fiber optic,Mailed check,0,0,No,0.5069153826408568,High,Internetservice Fiber Optic,VIP Loyalty Check-in
5533-NHFRF,44.4,7,Month-to-month,DSL,Electronic check,0,0,No,0.6860018209581242,High,Tenure,Contract Upgrade Incentive
7037-MTYVW,85.4,38,Two year,DSL,Bank transfer (automatic),0,0,No,0.004923961707403938,Low,N/A,N/A
4760-THGOT,94.1,43,Month-to-month,Fiber optic,Electronic check,0,0,No,0.21364763905668832,Low,N/A,N/A
4016-BJKTZ,108.9,25,Two year,Fiber optic,Electronic check,0,1,No,0.06914125337518431,Low,N/A,N/A
6584-VQMYT,56.2,27,One year,DSL,Mailed check,0,0,No,0.08159128580004436,Low,N/A,N/A
9838-BFCQT,26.1,72,Two year,No,Mailed check,0,2,No,0.0009732432008229067,Low,N/A,N/A
2790-XUYMV,85.45,71,One year,Fiber optic,Credit card (automatic),0,0,No,0.008172839132977039,Low,N/A,N/A
0581-MDMPW,88.95,24,Month-to-month,Fiber optic,Credit card (automatic),0,0,No,0.4999370858286181,High,Internetservice Fiber Optic,Contract Upgrade Incentive
1023-BQXZE,74.35,57,Two year,DSL,Bank transfer (automatic),0,0,No,0.0024378366115216676,Low,N/A,N/A
9163-GHAYE,48.85,15,Month-to-month,DSL,Electronic check,0,0,No,0.5646038424927647,High,Tenure,Contract Upgrade Incentive
3904-UKFRE,80.1,4,Month-to-month,Fiber optic,Electronic check,0,0,No,0.8792918607467763,Critical,Internetservice Fiber Optic,Contract Upgrade Incentive
5353-WILCI,56.05,28,Month-to-month,DSL,Electronic check,0,0,No,0.3255650801020178,Low,N/A,N/A
0058-EVZWM,89.8,55,Month-to-month,Fiber optic,Bank transfer (automatic),0,0,No,0.07822847587154308,Low,N/A,N/A
7009-PCARS,19.1,55,One year,No,Bank transfer (automatic),0,0,No,0.01331793992442042,Low,N/A,N/A
0519-DRGTI,20.35,20,Month-to-month,No,Mailed check,0,0,No,0.18261758209925083,Low,N/A,N/A
1017-FBQMM,106.05,62,One year,Fiber optic,Credit card (automatic),0,0,No,0.006577516892741275,Low,N/A,N/A
1985-MBRYP,19.65,43,Two year,No,Bank transfer (automatic),2,0,No,0.1168295762981453,Low,N/A,N/A
9372-TXXPS,59.85,60,Two year,DSL,Bank transfer (automatic),0,0,No,0.002842811657240802,Low,N/A,N/A
3259-QMXUN,86.1,58,Two year,DSL,Electronic check,0,0,No,0.0022177394343139423,Low,N/A,N/A
1015-JPFYW,19.45,7,One year,No,Mailed check,0,0,No,0.1423274485590146,Low,N/A,N/A
6645-MXQJT,97.1,2,Month-to-month,Fiber optic,Electronic check,0,0,No,0.8453421716283441,Critical,Internetservice Fiber Optic,Contract Upgrade Incentive
4360-QRAVE,36.65,37,Month-to-month,DSL,Electronic check,0,0,No,0.3265371443760203,Low,N/A,N/A
8433-WPJTV,103.9,65,One year,Fiber optic,Bank transfer (automatic),0,0,No,0.007533757469539882,Low,N/A,N/A
5804-JMYIO,19.75,39,Two year,No,Mailed check,0,0,No,0.008293906931859798,Low,N/A,N/A
6484-LATFU,24.55,68,Two year,No,Mailed check,0,0,No,0.0015851174733266685,Low,N/A,N/A
7599-NTMDP,48.7,62,Two year,DSL,Bank transfer (automatic),4,0,No,0.37055067098291544,Low,N/A,N/A
0536-ACXIP,109.55,72,Two year,Fiber optic,Electronic check,0,0,No,0.0014804300523379747,Low,N/A,N/A
0936-NQLJU,20.65,41,Two year,No,Credit card (automatic),0,0,No,0.00877060364921797,Low,N/A,N/A
1575-KRZZE,55.2,4,Month-to-month,DSL,Electronic check,0,3,No,0.7072444041617918,Critical,Tenure,Contract Upgrade Incentive
3251-YMVWZ,24.05,53,One year,No,Bank transfer (automatic),0,0,No,0.014478921388048498,Low,N/A,N/A
4884-LEVMQ,20.45,39,Two year,No,Bank transfer (automatic),0,0,No,0.009644312529351953,Low,N/A,N/A
8857-CUPFQ,19.25,63,Two year,No,Mailed check,0,0,No,0.0023494335057495904,Low,N/A,N/A
7610-TVOPG,26.35,15,Month-to-month,No,Electronic check,0,0,No,0.3256667478205514,Low,N/A,N/A
3638-DIMPH,43.8,13,One year,DSL,Electronic check,0,0,No,0.3557161425830038,Low,N/A,N/A
1845-ZLLIG,50.15,1,Month-to-month,DSL,Mailed check,0,0,No,0.6423894079456534,High,Tenure,Contract Upgrade Incentive
8559-WNQZS,20.45,1,Two year,No,Mailed check,0,0,No,0.07042930142370066,Low,N/A,N/A
1699-UOTXU,61.4,60,Two year,DSL,Electronic check,0,0,No,0.004445551808840538,Low,N/A,N/A
0635-WKOLD,70.75,40,One year,DSL,Credit card (automatic),0,0,No,0.02303926633829393,Low,N/A,N/A
5993-JSUWV,61.15,66,Two year,DSL,Bank transfer (automatic),0,0,No,0.0022691259042390394,Low,N/A,N/A
4518-FZBSX,20.25,42,One year,No,Mailed check,0,0,No,0.0216565970911556,Low,N/A,N/A
5387-ASZNZ,63.85,66,One year,DSL,Credit card (automatic),0,0,No,0.00689353467971833,Low,N/A,N/A
6988-CJEYV,98.7,49,Month-to-month,Fiber optic,Electronic check,0,0,No,0.12343618883843349,Low,N/A,N/A
3097-FQTVJ,20.0,41,Two year,No,Mailed check,0,5,No,0.00907300845929584,Low,N/A,N/A
5465-BUBFA,19.3,41,Two year,No,Bank transfer (automatic),0,0,No,0.008453304450937178,Low,N/A,N/A
7299-GNVPL,84.4,23,Month-to-month,Fiber optic,Mailed check,0,0,No,0.4230534456886739,High,Internetservice Fiber Optic,Contract Upgrade Incentive
9743-DQKQW,25.1,3,Month-to-month,DSL,Electronic check,0,2,No,0.7828343684857605,Critical,Tenure,Contract Upgrade Incentive
1215-VFYVK,48.25,4,Month-to-month,DSL,Mailed check,0,0,No,0.5763714526793845,High,Tenure,Contract Upgrade Incentive
9371-BITHB,19.85,52,Two year,No,Mailed check,0,0,No,0.003977924753416689,Low,N/A,N/A
9093-FPDLG,94.2,11,Month-to-month,Fiber optic,Electronic check,0,0,No,0.7562885038441063,Critical,Internetservice Fiber Optic,Contract Upgrade Incentive
0541-FITGH,62.15,2,Month-to-month,DSL,Mailed check,0,0,No,0.5971688627143988,High,Tenure,Contract Upgrade Incentive
6985-HAYWX,79.3,26,Month-to-month,Fiber optic,Bank transfer (automatic),0,0,No,0.5132752420523489,High,Internetservice Fiber Optic,Contract Upgrade Incentive
7508-KBIMB,56.25,24,One year,DSL,Credit card (automatic),0,0,No,0.09603281021075126,Low,N/A,N/A
6838-HVLXG,20.3,12,Month-to-month,No,Mailed check,0,3,No,0.302783092598953,Low,N/A,N/A
2277-DJJDL,99.0,60,Month-to-month,Fiber optic,Electronic check,0,4,No,0.05182895263638371,Low,N/A,N/A
1897-OKVMW,90.6,64,Two year,DSL,Mailed check,0,0,No,0.0005560984952324271,Low,N/A,N/A
5485-ITNPC,85.9,66,Two year,DSL,Bank transfer (automatic),0,0,No,0.0006854675809252665,Low,N/A,N/A
0233-FTHAV,79.2,60,One year,Fiber optic,Bank transfer (automatic),0,0,No,0.030564402312785753,Low,N/A,N/A
4644-PIZRT,70.35,17,One year,DSL,Bank transfer (automatic),0,0,No,0.12537176899903774,Low,N/A,N/A
8922-NPKBJ,19.35,42,Two year,No,Mailed check,0,0,No,0.006332488947232507,Low,N/A,N/A
2740-TVLFN,50.15,1,Month-to-month,DSL,Electronic check,0,4,No,0.7420910686267423,Critical,Tenure,Contract Upgrade Incentive
7771-CFQRQ,63.8,47,Two year,DSL,Bank transfer (automatic),0,1,No,0.005105656875988485,Low,N/A,N/A
9512-PHSMG,20.55,10,Month-to-month,No,Mailed check,0,2,No,0.31014826180660965,Low,N/A,N/A
6963-EZQEE,88.55,70,Two year,DSL,Credit card (automatic),0,0,No,0.0005018683408575951,Low,N/A,N/A
2452-KDRRH,101.4,67,Month-to-month,Fiber optic,Credit card (automatic),0,0,No,0.023936643860380646,Low,N/A,N/A
4146-SVFUD,44.6,1,Month-to-month,DSL,Mailed check,0,0,No,0.6595556364305527,High,Tenure,Contract Upgrade Incentive
1564-HJUVY,63.75,4,Month-to-month,DSL,Bank transfer (automatic),0,1,No,0.5287501320573559,High,Tenure,Contract Upgrade Incentive
3617-XLSGQ,109.25,66,Two year,Fiber optic,Bank transfer (automatic),0,0,No,0.0017108890401895933,Low,N/A,N/A
7517-LDMPS,84.6,12,Month-to-month,Fiber optic,Electronic check,0,0,No,0.8032616058581465,Critical,Internetservice Fiber Optic,Contract Upgrade Incentive
7244-KXYZN,20.45,24,One year,No,Credit card (automatic),0,0,No,0.0780608691932658,Low,N/A,N/A
5226-NOZFC,85.75,26,Month-to-month,Fiber optic,Electronic check,0,0,No,0.5605025330926094,High,Internetservice Fiber Optic,Contract Upgrade Incentive
1400-WIVLL,107.95,57,Two year,Fiber optic,Electronic check,0,0,No,0.004783803919608906,Low,N/A,N/A
8148-NLEGT,22.95,42,Two year,No,Electronic check,0,2,No,0.010092908740871653,Low,N/A,N/A
8347-GDTMP,19.45,64,Two year,No,Credit card (automatic),0,0,No,0.002597602971696941,Low,N/A,N/A
6746-WAUWT,19.7,19,One year,No,Credit card (automatic),0,0,No,0.09421591092122726,Low,N/A,N/A
0428-IKYCP,87.0,22,Month-to-month,Fiber optic,Bank transfer (automatic),0,0,No,0.5263898470426055,High,Internetservice Fiber Optic,Contract Upgrade Incentive
2187-PKZAY,79.95,12,Month-to-month,Fiber optic,Bank transfer (automatic),0,4,No,0.7330192811144236,Critical,Internetservice Fiber Optic,Contract Upgrade Incentive
4003-OCTMP,64.0,31,One year,DSL,Electronic check,0,0,No,0.08511507330092451,Low,N/A,N/A
6652-YFFJO,64.9,11,Month-to-month,DSL,Electronic check,0,0,No,0.561912068230789,High,Tenure,Contract Upgrade Incentive
7225-IILWY,25.75,68,Two year,No,Mailed check,0,1,No,0.001254648665950923,Low,N/A,N/A
5248-RPYWW,90.15,72,Two year,DSL,Bank transfer (automatic),0,0,No,0.00039199446809922155,Low,N/A,N/A
7923-IYJWY,116.1,67,Two year,Fiber optic,Credit card (automatic),0,0,No,0.0012386411065959636,Low,N/A,N/A
3170-GWYKC,104.95,60,Month-to-month,Fiber optic,Bank transfer (automatic),0,5,No,0.03007480735352971,Low,N/A,N/A
9830-ECLEN,50.0,58,One year,DSL,Mailed check,4,2,No,0.7153429684769385,Critical,Numtechtickets,Proactive Tech Support Outreach
2668-TZSPS,20.45,1,Month-to-month,No,Mailed check,0,0,No,0.42092192745457413,High,Tenure,Contract Upgrade Incentive
7446-SFAOA,19.85,37,One year,No,Bank transfer (automatic),0,0,No,0.040915179862024594,Low,N/A,N/A
9522-ZSINC,19.95,13,One year,No,Electronic check,0,0,No,0.1806011059783574,Low,N/A,N/A
8234-GSZYK,26.45,43,Two year,No,Bank transfer (automatic),0,0,No,0.007007142960558505,Low,N/A,N/A
6505-OZNPG,63.4,6,Two year,DSL,Mailed check,0,0,No,0.09110306780022026,Low,N/A,N/A
6164-HAQTX,53.95,71,Two year,DSL,Bank transfer (automatic),0,0,No,0.0015179777600695553,Low,N/A,N/A
7765-LWVVH,95.1,72,Two year,Fiber optic,Electronic check,0,0,No,0.002374207954582895,Low,N/A,N/A
1658-TJVOA,74.1,6,Month-to-month,Fiber optic,Electronic check,0,0,No,0.9036396823432227,Critical,Internetservice Fiber Optic,Contract Upgrade Incentive
0953-LGOVU,35.5,12,Month-to-month,DSL,Mailed check,0,3,No,0.42739454920163783,High,Tenure,Contract Upgrade Incentive
4692-NNQRU,79.2,21,One year,Fiber optic,Electronic check,1,0,No,0.7012161666962643,Critical,Internetservice Fiber Optic,VIP Loyalty Check-in
7742-MYPGI,48.8,6,Month-to-month,DSL,Mailed check,0,0,No,0.49073201062628813,High,Tenure,Contract Upgrade Incentive
9619-GSATL,55.45,43,One year,DSL,Electronic check,0,0,No,0.04905735824028643,Low,N/A,N/A
5622-UEJFI,25.4,35,Two year,No,Credit card (automatic),0,0,No,0.009261911355021645,Low,N/A,N/A
0674-DGMAQ,93.5,32,Month-to-month,Fiber optic,Electronic check,0,0,No,0.4336497911833279,High,Internetservice Fiber Optic,Contract Upgrade Incentive
6203-HBZPA,63.9,52,Two year,DSL,Credit card (automatic),0,0,No,0.003783774690744547,Low,N/A,N/A
0484-FFVBJ,64.85,32,One year,DSL,Bank transfer (automatic),0,0,No,0.06546118369093819,Low,N/A,N/A
0301-FIDRB,63.8,72,Two year,DSL,Bank transfer (automatic),0,0,No,0.0008728741783677434,Low,N/A,N/A
4139-JPIAM,44.45,51,Month-to-month,DSL,Credit card (automatic),0,0,No,0.06737672203788246,Low,N/A,N/A
2181-TIDSV,19.95,68,Two year,No,Bank transfer (automatic),0,0,No,0.0017235057704288164,Low,N/A,N/A
2761-XECQW,43.35,8,Month-to-month,DSL,Mailed check,0,0,No,0.5949536335792472,High,Tenure,Contract Upgrade Incentive
1936-CZAKF,49.65,49,Two year,DSL,Credit card (automatic),0,0,No,0.008233911436920665,Low,N/A,N/A
9453-PATOS,85.1,72,Two year,DSL,Mailed check,0,1,No,0.0004213678925700515,Low,N/A,N/A
4402-FTBXC,89.8,54,Month-to-month,Fiber optic,Mailed check,0,0,No,0.0776506102577199,Low,N/A,N/A
2931-XIQBR,103.05,50,One year,Fiber optic,Mailed check,0,0,No,0.01911836024455812,Low,N/A,N/A
0106-UGRDO,116.0,69,Two year,Fiber optic,Electronic check,0,0,No,0.0012792846936854672,Low,N/A,N/A
5542-TBBWB,69.9,1,Month-to-month,Fiber optic,Electronic check,0,0,No,0.913330852047471,Critical,Internetservice Fiber Optic,Contract Upgrade Incentive
1930-QPBVZ,95.1,68,Two year,Fiber optic,Bank transfer (automatic),0,0,No,0.001586872319591837,Low,N/A,N/A
2606-PKWJB,40.25,40,One year,DSL,Mailed check,0,0,No,0.04544162965303492,Low,N/A,N/A
5322-ZSMZY,25.75,31,Two year,No,Mailed check,0,0,No,0.010288105945808442,Low,N/A,N/A
8059-UDZFY,105.35,33,Month-to-month,Fiber optic,Bank transfer (automatic),0,0,No,0.2711616551429063,Low,N/A,N/A
7740-BTPUX,113.6,55,Two year,Fiber optic,Electronic check,0,0,No,0.005447717884666663,Low,N/A,N/A
5220-AGAAX,24.0,68,Two year,No,Bank transfer (automatic),0,0,No,0.0014517667285482963,Low,N/A,N/A
0208-BPQEJ,19.4,12,Month-to-month,No,Bank transfer (automatic),0,0,No,0.28919522060507086,Low,N/A,N/A
9435-JMLSX,86.1,71,Two year,DSL,Bank transfer (automatic),0,0,No,0.0004621537528437215,Low,N/A,N/A
3352-ALMCK,102.65,40,Month-to-month,Fiber optic,Mailed check,0,0,No,0.14451650038284958,Low,N/A,N/A
5312-IRCFR,92.85,64,One year,Fiber optic,Electronic check,4,3,No,0.7669025498617951,Critical,Numtechtickets,Proactive Tech Support Outreach
5294-IMHHT,97.75,53,One year,Fiber optic,Bank transfer (automatic),0,0,No,0.021753176364238496,Low,N/A,N/A
6176-YJWAS,97.95,72,Two year,Fiber optic,Credit card (automatic),0,0,No,0.0014591093156208937,Low,N/A,N/A
5310-NOOVA,19.95,46,Two year,No,Electronic check,0,0,No,0.01002754784385178,Low,N/A,N/A
4526-EXKKN,24.6,40,Two year,No,Mailed check,0,5,No,0.007738600600333168,Low,N/A,N/A
5311-IHLEI,50.95,12,Month-to-month,DSL,Bank transfer (automatic),0,0,No,0.4427521774562574,High,Tenure,Contract Upgrade Incentive
3987-KQDDU,75.6,9,Month-to-month,Fiber optic,Electronic check,0,3,No,0.8448411961511578,Critical,Internetservice Fiber Optic,Contract Upgrade Incentive
3404-JNXAX,80.75,51,Month-to-month,Fiber optic,Electronic check,0,2,No,0.13327494858808955,Low,N/A,N/A
5131-PONJI,90.4,49,Month-to-month,Fiber optic,Credit card (automatic),0,0,No,0.08809931906829815,Low,N/A,N/A
3489-VSFRD,60.25,56,One year,DSL,Credit card (automatic),0,2,No,0.012673543770317739,Low,N/A,N/A
3345-JHUEO,20.2,4,Month-to-month,No,Electronic check,0,0,No,0.49931189655242164,High,Tenure,Contract Upgrade Incentive
5815-HGGHV,64.15,20,One year,DSL,Mailed check,0,0,No,0.1000411900974451,Low,N/A,N/A
5260-UMPWX,20.25,26,Month-to-month,No,Credit card (automatic),0,0,No,0.14755250664403066,Low,N/A,N/A
5649-RXQTV,99.0,51,Month-to-month,Fiber optic,Electronic check,0,0,No,0.10904810903909905,Low,N/A,N/A
2674-MIAHT,80.3,4,Month-to-month,Fiber optic,Mailed check,0,0,No,0.8334904125847767,Critical,Internetservice Fiber Optic,Contract Upgrade Incentive
2576-HXMPA,19.55,1,Month-to-month,No,Credit card (automatic),0,0,No,0.4604711901837956,High,Tenure,Contract Upgrade Incentive
7587-AOVVU,100.75,27,Month-to-month,Fiber optic,Electronic check,2,0,No,0.8819533455725191,Critical,Numtechtickets,Contract Upgrade Incentive
6898-MDLZW,53.75,12,Month-to-month,DSL,Mailed check,0,0,No,0.40204360540426204,High,Tenure,Contract Upgrade Incentive
4707-YNOQA,25.6,34,One year,No,Credit card (automatic),0,0,No,0.0334860391293211,Low,N/A,N/A
9357-UJRUN,58.35,24,One year,DSL,Electronic check,0,0,No,0.1337927029550215,Low,N/A,N/A
8648-PFRMP,46.35,14,Month-to-month,DSL,Electronic check,0,0,No,0.6402397145770532,High,Tenure,Contract Upgrade Incentive
7663-CUXZB,113.75,59,Two year,Fiber optic,Electronic check,0,0,No,0.0033151904649837425,Low,N/A,N/A
0258-NOKBL,90.4,3,Month-to-month,Fiber optic,Electronic check,0,0,No,0.8721268287799208,Critical,Internetservice Fiber Optic,Contract Upgrade Incentive
1163-VIPRI,109.3,65,Two year,Fiber optic,Electronic check,0,0,No,0.0019263711910737973,Low,N/A,N/A
9348-ROUAI,90.3,59,Two year,DSL,Credit card (automatic),0,0,No,0.000921886881930562,Low,N/A,N/A
9443-JUBUO,65.25,72,Two year,DSL,Credit card (automatic),0,0,No,0.0007828607881541938,Low,N/A,N/A
3043-TYBNO,60.65,3,Month-to-month,DSL,Mailed check,0,0,No,0.5247464492479039,High,Tenure,Contract Upgrade Incentive
4830-FAXFM,24.1,19,Month-to-month,No,Credit card (automatic),1,0,No,0.4593617430930167,High,Numtechtickets,Contract Upgrade Incentive
5906-BFOZT,19.5,1,Month-to-month,No,Mailed check,0,0,No,0.4240778480897637,High,Tenure,Contract Upgrade Incentive
2960-NKRSO,85.95,24,Month-to-month,Fiber optic,Electronic check,0,2,No,0.5373790941396784,High,Internetservice Fiber Optic,Contract Upgrade Incentive
8996-ZROXE,53.5,57,One year,DSL,Electronic check,0,0,No,0.024182318149937976,Low,N/A,N/A
5598-IKHQQ,25.45,72,Two year,No,Credit card (automatic),0,0,No,0.0013955225165262492,Low,N/A,N/A
0397-ZXWQF,20.5,67,Two year,No,Bank transfer (automatic),0,1,No,0.002122481176545474,Low,N/A,N/A
5266-PFRQK,20.85,52,One year,No,Credit card (automatic),0,2,No,0.013064691954737381,Low,N/A,N/A
4674-HGNUA,89.9,71,Two year,DSL,Credit card (automatic),0,0,No,0.00031044940933559225,Low,N/A,N/A
6765-MBQNU,26.0,26,One year,No,Mailed check,0,0,No,0.05715262723179186,Low,N/A,N/A
9786-IJYDL,113.2,35,Two year,Fiber optic,Mailed check,0,0,No,0.018372160832373162,Low,N/A,N/A
1303-SRDOK,69.05,55,Two year,Fiber optic,Credit card (automatic),3,0,No,0.41501123334647916,High,Numtechtickets,Proactive Tech Support Outreach
3769-MHZNV,20.1,33,Two year,No,Mailed check,0,0,No,0.01135624419563602,Low,N/A,N/A
6295-OSINB,109.65,72,Two year,Fiber optic,Electronic check,5,2,No,0.519399844603904,High,Numtechtickets,Proactive Tech Support Outreach
3308-MHOOC,19.2,1,Month-to-month,No,Mailed check,0,0,No,0.3886645113754355,Low,N/A,N/A
2207-QPJED,90.0,37,Month-to-month,Fiber optic,Electronic check,0,0,No,0.3312124842247681,Low,N/A,N/A
4177-JPDFU,34.0,12,Month-to-month,DSL,Mailed check,0,3,No,0.4832306921834959,High,Tenure,Contract Upgrade Incentive
2239-CFOUJ,20.4,1,One year,No,Mailed check,0,0,No,0.1772403622943196,Low,N/A,N/A
8046-DNVTL,38.6,62,Two year,DSL,Credit card (automatic),0,0,No,0.004234080295379355,Low,N/A,N/A
2209-XADXF,25.25,1,Month-to-month,DSL,Bank transfer (automatic),0,0,No,0.7567952952578003,Critical,Tenure,Contract Upgrade Incentive
6620-JDYNW,60.6,18,Month-to-month,DSL,Mailed check,0,0,No,0.3427147296869538,Low,N/A,N/A
4770-UEZOX,74.75,2,Month-to-month,Fiber optic,Electronic check,0,0,No,0.9017811454530678,Critical,Internetservice Fiber Optic,Contract Upgrade Incentive
1038-RQOST,20.6,19,Month-to-month,No,Mailed check,0,0,No,0.1767100815592986,Low,N/A,N/A
4568-TTZRT,20.4,9,Month-to-month,No,Mailed check,0,0,No,0.3181666372606995,Low,N/A,N/A
9513-DXHDA,81.7,27,One year,DSL,Electronic check,0,0,No,0.07242937315914474,Low,N/A,N/A
0516-QREYC,20.3,24,Month-to-month,No,Mailed check,0,0,No,0.21805601260344862,Low,N/A,N/A
8084-OIVBS,20.0,11,One year,No,Mailed check,0,0,No,0.14456262425095318,Low,N/A,N/A
8896-BQTTI,25.0,1,Month-to-month,No,Mailed check,0,1,No,0.4059003701138619,High,Tenure,Contract Upgrade Incentive
3865-QBWSJ,80.45,38,Month-to-month,Fiber optic,Mailed check,0,5,No,0.2662217066655441,Low,N/A,N/A
3352-RICWQ,19.75,9,Two year,No,Mailed check,0,0,No,0.0415578677894903,Low,N/A,N/A
2160-GPFXD,65.65,54,Two year,DSL,Credit card (automatic),0,0,No,0.0025253852841365556,Low,N/A,N/A
2065-MMKGR,71.0,29,One year,DSL,Credit card (automatic),0,0,No,0.0701958843036184,Low,N/A,N/A
5857-TYBCJ,89.2,44,Month-to-month,Fiber optic,Electronic check,0,0,No,0.24119375433008525,Low,N/A,N/A
1498-NHTLT,86.75,59,Two year,DSL,Electronic check,0,0,No,0.001337605926379055,Low,N/A,N/A
1402-PTHGN,61.5,18,One year,DSL,Mailed check,0,0,No,0.11315624060024589,Low,N/A,N/A
4176-RELJR,25.1,67,Two year,No,Credit card (automatic),0,5,No,0.0021466783635300675,Low,N/A,N/A
5199-FPUSP,34.05,33,One year,DSL,Credit card (automatic),0,0,No,0.0817017625152905,Low,N/A,N/A
6377-KSLXC,19.95,5,Month-to-month,No,Mailed check,0,0,No,0.3690661757300038,Low,N/A,N/A
1796-JANOW,19.95,2,Month-to-month,No,Mailed check,0,0,No,0.4323352079239598,High,Tenure,Contract Upgrade Incentive
0238-WHBIQ,89.7,72,Two year,DSL,Credit card (automatic),0,0,No,0.00030806667017685185,Low,N/A,N/A
8735-NBLWT,20.4,9,Month-to-month,No,Mailed check,0,0,No,0.2861982696005206,Low,N/A,N/A
6651-RLGGM,26.3,67,Two year,No,Mailed check,0,0,No,0.001306677855318337,Low,N/A,N/A
1614-JBEBI,20.7,8,Month-to-month,No,Mailed check,0,0,No,0.3524789680368084,Low,N/A,N/A
5696-EXCYS,19.45,17,Two year,No,Credit card (automatic),0,0,No,0.032000953226342554,Low,N/A,N/A
5795-KTGUD,110.8,68,Two year,Fiber optic,Bank transfer (automatic),0,0,No,0.0015155453335709266,Low,N/A,N/A
7924-GJZFI,69.3,25,Month-to-month,Fiber optic,Electronic check,0,0,No,0.7047485100941918,Critical,Internetservice Fiber Optic,Contract Upgrade Incentive
4702-HDRKD,49.35,67,One year,DSL,Bank transfer (automatic),0,0,No,0.008214240570154753,Low,N/A,N/A
8512-WIWYV,20.35,32,One year,No,Credit card (automatic),0,0,No,0.0468694217548723,Low,N/A,N/A
5897-ZYEKH,105.6,67,One year,Fiber optic,Electronic check,0,0,No,0.01205400409813289,Low,N/A,N/A
5456-ITGIC,64.45,72,Two year,DSL,Credit card (automatic),0,0,No,0.001079952878301224,Low,N/A,N/A
1406-PUQVY,49.9,1,Month-to-month,DSL,Electronic check,0,0,No,0.7128591029339804,Critical,Tenure,Contract Upgrade Incentive
9114-AAFQH,65.65,48,One year,DSL,Electronic check,0,0,No,0.031875409578478155,Low,N/A,N/A
8715-KKTFG,103.3,61,One year,Fiber optic,Bank transfer (automatic),0,0,No,0.009392125926130115,Low,N/A,N/A
1728-BQDMA,44.45,2,Month-to-month,DSL,Electronic check,0,0,No,0.7627417092855193,Critical,Tenure,Contract Upgrade Incentive
5117-ZSMHQ,89.9,71,Two year,DSL,Bank transfer (automatic),0,0,No,0.00037698068056989505,Low,N/A,N/A
5151-HQRDG,55.05,37,Month-to-month,DSL,Mailed check,0,0,No,0.1251214621241131,Low,N/A,N/A
0960-HUWBM,104.1,65,Two year,Fiber optic,Bank transfer (automatic),0,0,No,0.0016215269750461767,Low,N/A,N/A
6465-GSRCL,106.6,67,One year,Fiber optic,Bank transfer (automatic),0,0,No,0.004838811996677968,Low,N/A,N/A
0263-FJTQO,70.5,50,Two year,DSL,Credit card (automatic),0,4,No,0.0029542745481363234,Low,N/A,N/A
7319-ZNRTR,19.6,25,One year,No,Electronic check,0,0,No,0.08670373722834845,Low,N/A,N/A
7503-EPSZW,24.05,64,Two year,No,Mailed check,0,0,No,0.0017872773377085396,Low,N/A,N/A
7089-XXAYG,38.1,25,One year,DSL,Credit card (automatic),0,0,No,0.14922728693966453,Low,N/A,N/A
8070-AAWZP,34.25,24,Month-to-month,DSL,Mailed check,0,0,No,0.3480550252097961,Low,N/A,N/A
1666-JXLKU,100.05,37,Month-to-month,Fiber optic,Electronic check,0,0,No,0.28212468034253624,Low,N/A,N/A
7855-DIWPO,68.65,21,Month-to-month,Fiber optic,Electronic check,0,0,No,0.7355880925545613,Critical,Internetservice Fiber Optic,Contract Upgrade Incentive
5133-POWUA,45.8,1,Month-to-month,DSL,Mailed check,0,0,No,0.6558774969842794,High,Tenure,Contract Upgrade Incentive
5652-MSDEY,75.75,10,Month-to-month,Fiber optic,Mailed check,0,0,No,0.773740243350109,Critical,Internetservice Fiber Optic,Contract Upgrade Incentive
1810-BOHSY,96.4,51,One year,Fiber optic,Credit card (automatic),0,0,No,0.029090840724454985,Low,N/A,N/A
1784-BXEFA,20.55,10,Month-to-month,No,Mailed check,0,0,No,0.3273455717183541,Low,N/A,N/A
7351-MHQVU,50.95,6,Month-to-month,DSL,Credit card (automatic),0,0,No,0.548196861509056,High,Tenure,Contract Upgrade Incentive
9224-VTYID,90.5,47,Two year,DSL,Mailed check,0,0,No,0.0018959692332074262,Low,N/A,N/A
9500-IWPXQ,79.4,61,One year,DSL,Electronic check,0,1,No,0.005775033926740421,Low,N/A,N/A
5762-TJXGK,58.75,52,Two year,DSL,Bank transfer (automatic),0,0,No,0.0063704867826830875,Low,N/A,N/A
4504-YOULA,59.45,35,Month-to-month,DSL,Credit card (automatic),0,0,No,0.12533452669446532,Low,N/A,N/A
5569-IDSEY,105.7,71,One year,Fiber optic,Bank transfer (automatic),0,1,No,0.004566771869129502,Low,N/A,N/A
7284-ZZLOH,53.3,45,Two year,DSL,Credit card (automatic),0,0,No,0.009883008532917828,Low,N/A,N/A
1777-JYQPJ,24.3,2,Month-to-month,DSL,Mailed check,0,0,No,0.7076889393185861,Critical,Tenure,Contract Upgrade Incentive
3401-URHDA,59.9,51,One year,DSL,Credit card (automatic),0,0,No,0.015939532707485226,Low,N/A,N/A
1599-EAHXY,23.95,60,One year,No,Credit card (automatic),0,0,No,0.007397669057419903,Low,N/A,N/A
8631-XVRZL,20.15,9,One year,No,Mailed check,0,0,No,0.14666140198313019,Low,N/A,N/A
3853-LYGAM,95.65,17,Month-to-month,Fiber optic,Bank transfer (automatic),0,0,No,0.540032358656397,High,Internetservice Fiber Optic,Contract Upgrade Incentive
5751-USDBL,81.0,46,Two year,DSL,Mailed check,0,0,No,0.0026337982177262026,Low,N/A,N/A
5680-LQOGP,82.45,68,Two year,DSL,Credit card (automatic),0,0,No,0.0007004839578697266,Low,N/A,N/A
8189-DUKMV,20.5,4,One year,No,Bank transfer (automatic),0,0,No,0.2073525938434178,Low,N/A,N/A
9931-DCEZH,54.4,28,One year,DSL,Credit card (automatic),0,0,No,0.07063096151373047,Low,N/A,N/A
1898-JSNDC,58.6,39,One year,DSL,Credit card (automatic),1,0,No,0.16299093596900371,Low,N/A,N/A
0315-LVCRK,84.8,11,Month-to-month,Fiber optic,Electronic check,0,0,No,0.8022453156997932,Critical,Internetservice Fiber Optic,Contract Upgrade Incentive
3911-RSNHI,61.4,71,Two year,DSL,Credit card (automatic),0,0,No,0.0011683638404939721,Low,N/A,N/A
2410-CIYFZ,20.4,2,Month-to-month,No,Mailed check,0,0,No,0.3715634697977372,Low,N/A,N/A
5505-OVWQW,20.15,17,One year,No,Mailed check,0,0,No,0.10720923738134859,Low,N/A,N/A
7271-AJDTL,94.45,55,Month-to-month,Fiber optic,Credit card (automatic),3,0,No,0.7906750374878742,Critical,Numtechtickets,Proactive Tech Support Outreach
1867-TJHTS,79.8,58,Month-to-month,Fiber optic,Bank transfer (automatic),0,0,No,0.0926959914618661,Low,N/A,N/A
6860-YRJZP,74.05,9,Month-to-month,Fiber optic,Electronic check,0,0,No,0.8724992981042343,Critical,Internetservice Fiber Optic,Contract Upgrade Incentive
4429-WYGFR,49.15,26,Month-to-month,DSL,Bank transfer (automatic),1,0,No,0.5552390191752812,High,Numtechtickets,Contract Upgrade Incentive
2817-LVCPP,19.4,50,Two year,No,Credit card (automatic),0,0,No,0.005814075857071249,Low,N/A,N/A
5038-ETMLM,113.65,72,Two year,Fiber optic,Bank transfer (automatic),0,0,No,0.0007992956483938711,Low,N/A,N/A
5056-FIMPT,106.0,43,One year,Fiber optic,Credit card (automatic),2,0,No,0.3357126793899881,Low,N/A,N/A
4521-WFJAI,25.95,56,Two year,No,Bank transfer (automatic),0,0,No,0.00336171607158836,Low,N/A,N/A
6569-KTMDU,19.1,1,Month-to-month,No,Mailed check,0,0,No,0.4487023885570937,High,Tenure,Contract Upgrade Incentive
8809-XKHMD,100.55,72,Two year,Fiber optic,Bank transfer (automatic),0,1,No,0.0011449869962184102,Low,N/A,N/A
0396-YCHWO,95.4,36,Month-to-month,Fiber optic,Electronic check,0,0,No,0.2961226946972857,Low,N/A,N/A
0867-LDTTC,75.15,5,Month-to-month,DSL,Bank transfer (automatic),0,0,No,0.46513992491889267,High,Tenure,Contract Upgrade Incentive
9391-DXGGG,89.15,44,One year,Fiber optic,Credit card (automatic),0,0,No,0.08299221872156018,Low,N/A,N/A
9844-FELAJ,107.9,70,One year,Fiber optic,Electronic check,0,0,No,0.006338682619528189,Low,N/A,N/A
2122-SZZZD,19.5,44,One year,No,Credit card (automatic),0,1,No,0.02584026574576293,Low,N/A,N/A
3148-AOIQT,24.95,69,Two year,No,Credit card (automatic),0,0,No,0.0016111677437633642,Low,N/A,N/A
8395-ETZKQ,19.5,68,One year,No,Bank transfer (automatic),0,0,No,0.0077422207539535395,Low,N/A,N/A
6692-YQHXC,69.95,16,Month-to-month,Fiber optic,Credit card (automatic),0,0,No,0.6968173489578472,High,Internetservice Fiber Optic,Contract Upgrade Incentive
3889-VWBID,82.85,68,Two year,DSL,Bank transfer (automatic),0,0,No,0.0005247005693236987,Low,N/A,N/A
5222-JCXZT,19.0,4,Month-to-month,No,Mailed check,0,5,No,0.3856803847319985,Low,N/A,N/A
9754-CLVZW,38.85,26,Month-to-month,DSL,Credit card (automatic),0,0,No,0.2559677344209936,Low,N/A,N/A
2739-CCZMB,20.35,5,Month-to-month,No,Credit card (automatic),0,0,No,0.34439023627297133,Low,N/A,N/A
7080-TNUWP,95.0,70,One year,Fiber optic,Bank transfer (automatic),0,0,No,0.007324920676776751,Low,N/A,N/A
0496-AHOOK,74.4,24,One year,DSL,Bank transfer (automatic),0,0,No,0.07201425629523155,Low,N/A,N/A
8336-TAVKX,78.45,72,Two year,DSL,Bank transfer (automatic),0,0,No,0.0007465206179705124,Low,N/A,N/A
2468-SJFLM,74.3,1,Month-to-month,Fiber optic,Mailed check,0,0,No,0.835150794200045,Critical,Internetservice Fiber Optic,Contract Upgrade Incentive
3181-VTHOE,51.05,70,One year,DSL,Bank transfer (automatic),0,0,No,0.005920940676007229,Low,N/A,N/A
7168-HDQHG,19.2,36,Month-to-month,No,Bank transfer (automatic),0,0,No,0.0966446402545501,Low,N/A,N/A
4567-AKPIA,109.1,41,One year,Fiber optic,Bank transfer (automatic),0,0,No,0.03791171353169124,Low,N/A,N/A
7901-HXJVA,76.45,14,Month-to-month,Fiber optic,Electronic check,0,0,No,0.7841251441811103,Critical,Internetservice Fiber Optic,Contract Upgrade Incentive
5924-IFQTT,72.8,13,Month-to-month,DSL,Electronic check,0,0,No,0.37082943658332357,Low,N/A,N/A
7968-QUXNS,18.95,6,Month-to-month,No,Mailed check,0,0,No,0.3605812663929256,Low,N/A,N/A
8903-WMRNW,101.75,15,Month-to-month,Fiber optic,Electronic check,0,0,No,0.6816223235578377,High,Internetservice Fiber Optic,Contract Upgrade Incentive
2452-SNHFZ,75.45,47,Month-to-month,Fiber optic,Credit card (automatic),0,0,No,0.1936112655499222,Low,N/A,N/A
3629-WEAAM,64.1,8,Month-to-month,DSL,Mailed check,0,5,No,0.45091941370450234,High,Tenure,Contract Upgrade Incentive
6029-CSMJE,25.65,17,Month-to-month,DSL,Mailed check,0,0,No,0.5003817673364392,High,Tenure,Contract Upgrade Incentive
7993-NQLJE,75.1,15,Month-to-month,Fiber optic,Mailed check,0,4,No,0.638277857302734,High,Internetservice Fiber Optic,Contract Upgrade Incentive
9909-DFRJA,95.85,26,One year,Fiber optic,Bank transfer (automatic),0,0,No,0.1871450639258731,Low,N/A,N/A
9099-FTUHS,54.4,23,Month-to-month,DSL,Electronic check,1,0,No,0.7203802379545057,Critical,Numtechtickets,Contract Upgrade Incentive
0581-BXBUB,72.75,4,Month-to-month,Fiber optic,Electronic check,0,0,No,0.9166432408712006,Critical,Internetservice Fiber Optic,Contract Upgrade Incentive
4962-CHQPW,19.85,29,One year,No,Mailed check,0,0,No,0.04709970305594499,Low,N/A,N/A
9467-ROOLM,19.05,25,Month-to-month,No,Mailed check,0,0,No,0.17898747160569364,Low,N/A,N/A
5150-ITWWB,94.85,3,Month-to-month,Fiber optic,Electronic check,0,5,No,0.8861727300079941,Critical,Internetservice Fiber Optic,Contract Upgrade Incentive
2253-KPMNB,46.25,69,Two year,DSL,Bank transfer (automatic),0,0,No,0.0021246530023392835,Low,N/A,N/A
1345-ZUKID,19.35,14,One year,No,Mailed check,0,0,No,0.11430261700750224,Low,N/A,N/A
6429-SHBCB,69.6,19,Month-to-month,DSL,Mailed check,0,0,No,0.2704633704298632,Low,N/A,N/A
9281-OFDMF,90.7,39,Month-to-month,Fiber optic,Electronic check,0,0,No,0.34100325563005657,Low,N/A,N/A
2603-HVKCG,101.4,31,Month-to-month,Fiber optic,Electronic check,0,0,No,0.3693033186664004,Low,N/A,N/A
1834-WULEG,20.25,24,One year,No,Mailed check,0,2,No,0.05760723505881732,Low,N/A,N/A
9097-ZUBYC,48.8,14,Month-to-month,DSL,Bank transfer (automatic),0,0,No,0.40703931984896763,High,Tenure,Contract Upgrade Incentive
5148-ORICT,74.35,64,Two year,DSL,Mailed check,0,0,No,0.0011335477115721004,Low,N/A,N/A
4893-GYUJU,19.35,50,One year,No,Mailed check,2,0,No,0.21304359714395021,Low,N/A,N/A
4578-PHJYZ,68.75,52,One year,DSL,Electronic check,0,0,No,0.0144252213370526,Low,N/A,N/A
7272-QDCKA,100.2,28,One year,Fiber optic,Electronic check,0,3,No,0.22586115284522182,Low,N/A,N/A
8908-SLFCJ,20.85,21,Two year,No,Credit card (automatic),0,0,No,0.027906705383591152,Low,N/A,N/A
9766-HGEDE,19.35,17,One year,No,Mailed check,0,0,No,0.1041893655866982,Low,N/A,N/A
6968-MHOMU,45.0,58,One year,DSL,Credit card (automatic),0,0,No,0.01784971950863677,Low,N/A,N/A
5044-XDPYX,25.5,51,Two year,No,Mailed check,0,0,No,0.004205550742278445,Low,N/A,N/A
1814-WFGVS,48.9,72,Two year,DSL,Mailed check,0,0,No,0.0012580574226023255,Low,N/A,N/A
3721-WKIIL,19.6,27,Two year,No,Mailed check,0,0,No,0.01941541646693578,Low,N/A,N/A
6734-CKRSM,20.0,3,Month-to-month,No,Mailed check,0,3,No,0.41819041043350186,High,Tenure,Contract Upgrade Incentive
1265-ZFOSD,81.3,64,Two year,DSL,Mailed check,0,0,No,0.0009160707078286977,Low,N/A,N/A
6568-POCUI,95.2,45,Two year,Fiber optic,Credit card (automatic),0,0,No,0.012693724641764253,Low,N/A,N/A
5197-LQXXH,83.3,71,Two year,DSL,Credit card (automatic),0,0,No,0.0005206649568834794,Low,N/A,N/A
3457-PQBYH,20.3,58,Two year,No,Credit card (automatic),0,0,No,0.003023688539619289,Low,N/A,N/A
7682-AZNDK,89.85,34,Month-to-month,Fiber optic,Electronic check,0,0,No,0.3273435118699481,Low,N/A,N/A
5384-ZTTWP,19.8,15,Month-to-month,No,Mailed check,0,2,No,0.23299390956713212,Low,N/A,N/A
3745-HRPHI,54.65,66,Two year,DSL,Bank transfer (automatic),0,0,No,0.0016946477423631493,Low,N/A,N/A
7636-OWBPG,29.35,12,Month-to-month,DSL,Credit card (automatic),0,0,No,0.618496847864869,High,Tenure,Contract Upgrade Incentive
1231-YNDEK,19.15,58,Two year,No,Bank transfer (automatic),0,3,No,0.0038119410437109425,Low,N/A,N/A
1407-DIGZV,19.1,3,Two year,No,Mailed check,0,0,No,0.05817481407604567,Low,N/A,N/A
0570-BFQHT,80.55,9,Month-to-month,Fiber optic,Electronic check,0,0,No,0.8489151514758024,Critical,Internetservice Fiber Optic,Contract Upgrade Incentive
4393-OBCRR,20.25,3,One year,No,Mailed check,0,0,No,0.20684118955607506,Low,N/A,N/A
8564-LDKFL,106.0,40,One year,Fiber optic,Bank transfer (automatic),0,0,No,0.05754065468489967,Low,N/A,N/A
3696-DFHHB,25.5,68,Two year,No,Bank transfer (automatic),0,0,No,0.0018302699775125078,Low,N/A,N/A
4717-GHADL,79.6,50,Two year,DSL,Mailed check,0,0,No,0.002819662475124476,Low,N/A,N/A
5501-TVMGM,55.25,1,Month-to-month,DSL,Electronic check,0,0,No,0.7285795423260785,Critical,Tenure,Contract Upgrade Incentive
5879-HMFFH,88.05,72,Two year,DSL,Bank transfer (automatic),0,0,No,0.00040366810801163044,Low,N/A,N/A
6772-WFQRD,20.4,40,One year,No,Bank transfer (automatic),0,0,No,0.028162318556230862,Low,N/A,N/A
3810-DVDQQ,117.6,72,Two year,Fiber optic,Bank transfer (automatic),0,1,No,0.0006259161188573559,Low,N/A,N/A
6972-SNKKW,20.0,6,Month-to-month,No,Mailed check,0,0,No,0.3794719930867166,Low,N/A,N/A
3694-GLTJM,19.65,5,Month-to-month,No,Credit card (automatic),0,0,No,0.40635739042192637,High,Tenure,Contract Upgrade Incentive
8550-XSXUQ,70.55,48,One year,DSL,Credit card (automatic),0,5,No,0.016344588538188796,Low,N/A,N/A
9055-MOJJJ,65.8,64,One year,DSL,Mailed check,0,0,No,0.0047755092324258674,Low,N/A,N/A
4359-INNWN,20.05,17,One year,No,Credit card (automatic),0,0,No,0.11309636226477499,Low,N/A,N/A
0585-EGDDA,80.0,40,Month-to-month,Fiber optic,Electronic check,0,0,No,0.31931944984336147,Low,N/A,N/A
4032-RMHCI,35.4,41,One year,DSL,Credit card (automatic),0,0,No,0.06369529002910602,Low,N/A,N/A
0549-CYCQN,79.6,51,One year,Fiber optic,Bank transfer (automatic),0,0,No,0.0662961273728498,Low,N/A,N/A
3481-JHUZH,80.25,41,Month-to-month,Fiber optic,Electronic check,0,0,No,0.2895717720969496,Low,N/A,N/A
3594-IVHJZ,20.45,2,Month-to-month,No,Mailed check,0,0,No,0.4303606734723118,High,Tenure,Contract Upgrade Incentive
6869-FGJJC,79.6,68,One year,Fiber optic,Credit card (automatic),0,0,No,0.014233300756729251,Low,N/A,N/A
3896-ZVNET,24.7,24,Two year,No,Mailed check,0,0,No,0.01703287864858245,Low,N/A,N/A
8205-VSLRB,77.3,70,Two year,DSL,Credit card (automatic),0,0,No,0.0006130824268562066,Low,N/A,N/A
5960-MVTUK,29.75,3,Month-to-month,DSL,Electronic check,0,0,No,0.7337044577141864,Critical,Tenure,Contract Upgrade Incentive
6817-WTYHE,44.9,2,Month-to-month,DSL,Bank transfer (automatic),0,0,No,0.6687280230039943,High,Tenure,Contract Upgrade Incentive
3082-VQXNH,29.8,3,Month-to-month,DSL,Credit card (automatic),0,0,No,0.6769264573429224,High,Tenure,Contract Upgrade Incentive
4931-TRZWN,71.95,13,Month-to-month,DSL,Electronic check,0,0,No,0.49738546955889423,High,Tenure,Contract Upgrade Incentive
0750-EKNGL,20.75,7,Month-to-month,No,Mailed check,0,0,No,0.3416901670525036,Low,N/A,N/A
7669-LCRSD,56.3,12,Month-to-month,DSL,Mailed check,0,0,No,0.3937212804542795,Low,N/A,N/A
3567-PQTSO,105.25,53,One year,Fiber optic,Electronic check,0,3,No,0.02474401538598422,Low,N/A,N/A
8043-PNYSD,19.55,63,Two year,No,Mailed check,0,0,No,0.002007665860567733,Low,N/A,N/A
9938-EKRGF,84.45,15,Month-to-month,DSL,Mailed check,0,0,No,0.25619187311911495,Low,N/A,N/A
2703-AMTUL,53.65,36,One year,DSL,Mailed check,0,1,No,0.047135704154276106,Low,N/A,N/A
0928-JMXNP,29.9,4,Month-to-month,DSL,Electronic check,0,0,No,0.787956714037208,Critical,Tenure,Contract Upgrade Incentive
8173-RXAYP,19.7,24,Two year,No,Mailed check,0,5,No,0.018890592537463682,Low,N/A,N/A
4825-XJGDM,43.7,61,One year,DSL,Credit card (automatic),0,0,No,0.014944078091144888,Low,N/A,N/A
5402-HTOTQ,55.3,16,Month-to-month,DSL,Electronic check,0,0,No,0.4963194156517504,High,Tenure,Contract Upgrade Incentive
6734-JDTTV,19.85,65,Two year,No,Credit card (automatic),0,3,No,0.0019000753500175982,Low,N/A,N/A
7850-THJMU,19.65,26,Two year,No,Credit card (automatic),2,0,No,0.20268503569466473,Low,N/A,N/A
3890-RTCMS,49.45,16,Month-to-month,DSL,Mailed check,0,3,No,0.357889132653142,Low,N/A,N/A
3717-FDJFU,20.45,5,Two year,No,Mailed check,0,1,No,0.04950533285897264,Low,N/A,N/A
3665-JATSN,39.7,19,Month-to-month,DSL,Electronic check,0,2,No,0.5485052402134465,High,Tenure,Contract Upgrade Incentive
7966-YOTQW,54.5,10,Month-to-month,DSL,Credit card (automatic),0,0,No,0.493038850499892,High,Tenure,Contract Upgrade Incentive
8853-TZDGH,111.6,72,Two year,Fiber optic,Bank transfer (automatic),0,0,No,0.000919893414078385,Low,N/A,N/A
4324-BZCKL,55.55,10,Month-to-month,DSL,Mailed check,0,0,No,0.44918485713694767,High,Tenure,Contract Upgrade Incentive
6924-TDGMT,20.55,11,One year,No,Mailed check,0,0,No,0.12687162870554763,Low,N/A,N/A
1536-YHDOE,62.1,17,One year,DSL,Mailed check,0,0,No,0.10758190276230024,Low,N/A,N/A
8123-QBNAZ,104.5,36,Month-to-month,Fiber optic,Credit card (automatic),1,0,No,0.4475587227216091,High,Internetservice Fiber Optic,Contract Upgrade Incentive
3629-ZNKXA,101.8,17,Month-to-month,Fiber optic,Electronic check,0,0,No,0.6925872532987701,High,Internetservice Fiber Optic,Contract Upgrade Incentive
4827-LTQRJ,110.6,66,One year,Fiber optic,Credit card (automatic),0,0,No,0.005346660764754121,Low,N/A,N/A
7711-YIJWC,84.9,61,One year,DSL,Bank transfer (automatic),0,0,No,0.002968502337535466,Low,N/A,N/A
5482-VXSXJ,93.2,22,Month-to-month,Fiber optic,Mailed check,0,2,No,0.46633247611563444,High,Internetservice Fiber Optic,Contract Upgrade Incentive
7365-BVCJH,24.4,1,Month-to-month,DSL,Electronic check,0,0,No,0.8033646862821086,Critical,Tenure,Contract Upgrade Incentive
9620-ENEJV,70.55,6,Month-to-month,Fiber optic,Credit card (automatic),0,0,No,0.8402464740279922,Critical,Internetservice Fiber Optic,Contract Upgrade Incentive
2378-YIZKA,85.0,68,Two year,DSL,Credit card (automatic),0,0,No,0.0005566529154740528,Low,N/A,N/A
0689-DSXGL,85.8,52,Month-to-month,Fiber optic,Bank transfer (automatic),0,2,No,0.07964849837644335,Low,N/A,N/A
6818-DJXAA,91.1,10,Month-to-month,Fiber optic,Electronic check,0,0,No,0.7470966372305868,Critical,Internetservice Fiber Optic,Contract Upgrade Incentive
0464-WJTKO,20.1,72,Two year,No,Bank transfer (automatic),0,0,No,0.0014773025199944876,Low,N/A,N/A
8902-ZEOVF,20.05,47,One year,No,Mailed check,0,0,No,0.01656190109154903,Low,N/A,N/A
6778-EICRF,74.8,24,One year,DSL,Mailed check,0,0,No,0.06524347810784548,Low,N/A,N/A
2662-NNTDK,24.8,65,One year,No,Credit card (automatic),0,5,No,0.006847221807261874,Low,N/A,N/A
4132-KALRO,100.85,4,Month-to-month,Fiber optic,Mailed check,0,0,No,0.7524202851162582,Critical,Internetservice Fiber Optic,Contract Upgrade Incentive
2874-YXVVA,105.1,34,Month-to-month,Fiber optic,Electronic check,0,0,No,0.26927234652232906,Low,N/A,N/A
1245-HARPS,20.4,14,Two year,No,Mailed check,0,0,No,0.03671772090069539,Low,N/A,N/A
4323-ELYYB,20.0,13,One year,No,Mailed check,0,0,No,0.10144006970295626,Low,N/A,N/A
4293-ETKAP,79.4,65,Two year,DSL,Bank transfer (automatic),0,0,No,0.0008800839326616436,Low,N/A,N/A
6064-PUPMC,57.2,23,One year,DSL,Credit card (automatic),0,0,No,0.0833918213803427,Low,N/A,N/A
6504-VBLFL,58.6,55,Two year,DSL,Electronic check,0,0,No,0.006684014038254315,Low,N/A,N/A
6322-PJJDJ,94.8,49,Two year,Fiber optic,Electronic check,0,0,No,0.015485319458300294,Low,N/A,N/A
0330-BGYZE,102.5,60,One year,Fiber optic,Bank transfer (automatic),0,0,No,0.012440412021954561,Low,N/A,N/A
1085-LDWAM,20.35,69,One year,No,Credit card (automatic),0,0,No,0.005619819076725837,Low,N/A,N/A
7586-ZATGZ,84.9,40,Month-to-month,Fiber optic,Electronic check,0,0,No,0.3037159094211459,Low,N/A,N/A
7197-VOJMM,69.2,67,Two year,DSL,Credit card (automatic),0,0,No,0.0010354610893293145,Low,N/A,N/A
1843-TLSGD,20.85,13,Two year,No,Mailed check,0,0,No,0.03329202838985977,Low,N/A,N/A
9626-VFRGG,88.5,41,Month-to-month,Fiber optic,Bank transfer (automatic),0,0,No,0.19336705931912376,Low,N/A,N/A
7075-BNDVQ,35.0,4,Month-to-month,DSL,Mailed check,0,0,No,0.6697605512265384,High,Tenure,Contract Upgrade Incentive
9143-CANJF,55.15,24,Month-to-month,DSL,Electronic check,0,2,No,0.2963641962565818,Low,N/A,N/A
7284-BUYEC,50.95,5,Month-to-month,DSL,Credit card (automatic),0,0,No,0.6152042149067695,High,Tenure,Contract Upgrade Incentive
2041-JIJCI,64.0,5,Month-to-month,DSL,Electronic check,0,0,No,0.6608987631733153,High,Tenure,Contract Upgrade Incentive
4900-MSOMT,80.2,72,Two year,DSL,Bank transfer (automatic),0,0,No,0.000501469070708664,Low,N/A,N/A
2229-VWQJH,49.3,24,Month-to-month,DSL,Credit card (automatic),0,0,No,0.3173541349434058,Low,N/A,N/A
9194-GFVOI,84.35,42,Two year,DSL,Credit card (automatic),0,2,No,0.004511655363867435,Low,N/A,N/A
1336-EZFZY,20.05,4,Month-to-month,No,Mailed check,0,1,No,0.40463165796557043,High,Tenure,Contract Upgrade Incentive
4282-MSACW,117.2,68,One year,Fiber optic,Credit card (automatic),0,4,No,0.0030776002175475934,Low,N/A,N/A
1403-LKLIK,20.1,33,One year,No,Mailed check,0,0,No,0.03978112308031751,Low,N/A,N/A
0136-IFMYD,109.95,69,Two year,Fiber optic,Electronic check,0,0,No,0.0018668044884214722,Low,N/A,N/A
5144-TVGLP,94.75,38,Month-to-month,Fiber optic,Electronic check,0,4,No,0.3225383761856351,Low,N/A,N/A
9643-AVVWI,80.0,3,Month-to-month,Fiber optic,Electronic check,0,0,No,0.8521392705536679,Critical,Internetservice Fiber Optic,Contract Upgrade Incentive
0253-ZTEOB,79.65,48,Two year,DSL,Electronic check,0,0,No,0.004241635407471639,Low,N/A,N/A
2706-QZIHY,25.2,15,Two year,No,Mailed check,0,0,No,0.031953956376766554,Low,N/A,N/A
6061-PQHMK,19.9,25,One year,No,Credit card (automatic),0,0,No,0.07511682906592765,Low,N/A,N/A
6137-MFAJN,44.8,48,Month-to-month,DSL,Electronic check,0,3,No,0.1484394595178791,Low,N/A,N/A
9122-UMROB,20.3,1,Month-to-month,No,Mailed check,0,0,No,0.42141980821323716,High,Tenure,Contract Upgrade Incentive
4232-JGKIY,19.2,1,Month-to-month,No,Electronic check,0,3,No,0.5421856037398212,High,Tenure,Contract Upgrade Incentive
2402-TAIRZ,80.05,37,One year,Fiber optic,Electronic check,0,0,No,0.19505374734551442,Low,N/A,N/A
9659-ZTWSM,107.35,66,One year,Fiber optic,Bank transfer (automatic),0,3,No,0.006610954691042002,Low,N/A,N/A
9139-TWBAS,47.85,26,One year,DSL,Bank transfer (automatic),0,5,No,0.13773174960768272,Low,N/A,N/A
6685-GBWJZ,70.8,63,One year,DSL,Credit card (automatic),0,0,No,0.0046249796789965625,Low,N/A,N/A
2195-VVRJF,59.1,18,Month-to-month,DSL,Credit card (automatic),0,0,No,0.38479457044341436,Low,N/A,N/A
3913-RDSJZ,25.55,64,Two year,No,Mailed check,0,0,No,0.0019360244046339817,Low,N/A,N/A
4203-QGNZA,20.25,28,Month-to-month,No,Mailed check,0,0,No,0.1345852080458893,Low,N/A,N/A
5043-TRZWM,75.55,1,Month-to-month,Fiber optic,Electronic check,0,2,No,0.9147270554786202,Critical,Internetservice Fiber Optic,Contract Upgrade Incentive
9494-BDNNC,95.3,66,One year,Fiber optic,Electronic check,0,0,No,0.014002334593183481,Low,N/A,N/A
1640-PLFMP,70.25,1,Month-to-month,Fiber optic,Electronic check,0,0,No,0.9201898478296555,Critical,Internetservice Fiber Optic,Contract Upgrade Incentive
5366-OBVMR,50.3,18,Month-to-month,DSL,Mailed check,0,0,No,0.33344777660770414,Low,N/A,N/A
7644-OMVMY,19.85,0,Two year,No,Mailed check,0,0,No,0.06149386572964829,Low,N/A,N/A
4573-JKNAE,19.35,12,Two year,No,Bank transfer (automatic),0,0,No,0.03911829335278107,Low,N/A,N/A
9817-APLHW,25.0,12,Month-to-month,No,Electronic check,0,4,No,0.3675283859111142,Low,N/A,N/A
8380-MQINP,20.3,55,Two year,No,Mailed check,0,0,No,0.0034071702840961973,Low,N/A,N/A
0840-DFEZH,75.35,7,Month-to-month,Fiber optic,Electronic check,0,0,No,0.8723811610746705,Critical,Internetservice Fiber Optic,Contract Upgrade Incentive
8690-ZVLCL,88.0,68,Two year,DSL,Credit card (automatic),0,0,No,0.0004463153884344003,Low,N/A,N/A
1125-SNVCK,43.8,49,Month-to-month,DSL,Mailed check,0,0,No,0.11500214252694405,Low,N/A,N/A
0384-LPITE,62.05,40,One year,DSL,Credit card (automatic),0,2,No,0.03774925747905498,Low,N/A,N/A
4616-EWBNJ,20.1,16,One year,No,Bank transfer (automatic),0,0,No,0.12533732645973958,Low,N/A,N/A
1335-HQMKX,101.35,72,One year,Fiber optic,Electronic check,0,1,No,0.00756473814542366,Low,N/A,N/A
2545-EBUPK,84.05,2,Month-to-month,Fiber optic,Electronic check,0,0,No,0.91592842586196,Critical,Internetservice Fiber Optic,Contract Upgrade Incentive
6923-AQONU,20.9,23,Two year,No,Mailed check,0,0,No,0.017771248729617807,Low,N/A,N/A
2172-EJXVF,105.9,71,One year,Fiber optic,Electronic check,0,0,No,0.009176176032164573,Low,N/A,N/A
4536-PLEQY,85.05,12,Month-to-month,Fiber optic,Credit card (automatic),0,0,No,0.6977315275147323,High,Internetservice Fiber Optic,Contract Upgrade Incentive
7029-IJEJK,44.1,54,One year,DSL,Bank transfer (automatic),0,0,No,0.024543179997885255,Low,N/A,N/A
8871-JLMHM,90.2,68,Two year,Fiber optic,Credit card (automatic),5,5,No,0.628274812358774,High,Numtechtickets,Proactive Tech Support Outreach
5447-VYTKW,53.45,27,Month-to-month,DSL,Mailed check,0,1,No,0.1990774745994795,Low,N/A,N/A
3623-FQBOX,19.95,21,Month-to-month,No,Mailed check,0,0,No,0.19471964447931026,Low,N/A,N/A
8659-HDIYE,74.65,64,Month-to-month,DSL,Credit card (automatic),0,0,No,0.014271274523775678,Low,N/A,N/A
3474-BAFSJ,57.5,57,Two year,DSL,Bank transfer (automatic),0,4,No,0.0033155822579280622,Low,N/A,N/A
3865-ZFZIB,19.65,19,Two year,No,Mailed check,0,1,No,0.027654044260823477,Low,N/A,N/A
1855-AGAWH,93.8,31,One year,Fiber optic,Electronic check,0,0,No,0.19255969102415021,Low,N/A,N/A
7109-CQYUZ,89.25,52,Two year,DSL,Mailed check,0,4,No,0.001668109191026177,Low,N/A,N/A
1370-GGAWX,94.15,46,One year,Fiber optic,Electronic check,0,0,No,0.07592148569963124,Low,N/A,N/A
4680-KUTAJ,55.6,11,Month-to-month,DSL,Electronic check,0,1,No,0.652536527573763,High,Tenure,Contract Upgrade Incentive
5307-UVGNB,48.7,53,Month-to-month,DSL,Bank transfer (automatic),0,0,No,0.06093553729427454,Low,N/A,N/A
2883-ILGWO,104.9,57,Month-to-month,Fiber optic,Bank transfer (automatic),0,0,No,0.04302946623183763,Low,N/A,N/A
3642-BYHDO,19.9,71,Two year,No,Bank transfer (automatic),0,0,No,0.001592057488890751,Low,N/A,N/A
9629-NHXFW,19.4,1,Month-to-month,No,Mailed check,0,4,No,0.3968066815176052,Low,N/A,N/A
2696-RZVZW,25.05,68,Two year,No,Credit card (automatic),0,0,No,0.0015824930260519583,Low,N/A,N/A
5766-FTRTS,84.45,72,Two year,DSL,Mailed check,0,0,No,0.00040240149439697864,Low,N/A,N/A
0396-HUJBP,19.3,2,Month-to-month,No,Mailed check,0,0,No,0.4339542768470018,High,Tenure,Contract Upgrade Incentive
8879-ZKJOF,79.85,41,One year,DSL,Bank transfer (automatic),0,3,No,0.021189171170335593,Low,N/A,N/A
6285-FTQBF,25.55,72,Two year,No,Credit card (automatic),0,0,No,0.001028822738005474,Low,N/A,N/A
1474-JUWSM,68.4,58,One year,DSL,Electronic check,0,4,No,0.011805793540215853,Low,N/A,N/A
3530-CRZSB,20.65,7,Month-to-month,No,Mailed check,0,0,No,0.3624869075797501,Low,N/A,N/A
8498-XXGWA,55.15,65,Month-to-month,DSL,Mailed check,4,0,No,0.8202795703327588,Critical,Numtechtickets,Proactive Tech Support Outreach
9617-INGJY,70.6,1,Month-to-month,Fiber optic,Mailed check,0,0,No,0.8669612839439074,Critical,Internetservice Fiber Optic,Contract Upgrade Incentive
0621-TSSMU,19.95,56,One year,No,Credit card (automatic),0,0,No,0.01242709829843126,Low,N/A,N/A
7234-KMNRQ,19.0,4,Month-to-month,No,Mailed check,0,0,No,0.386102611055877,Low,N/A,N/A
7636-PEPNS,44.1,58,One year,DSL,Mailed check,0,0,No,0.017717437893856002,Low,N/A,N/A
4683-WYDOU,107.6,62,Two year,Fiber optic,Bank transfer (automatic),0,0,No,0.001943813594592398,Low,N/A,N/A
9052-DHNKM,61.55,26,One year,DSL,Electronic check,0,0,No,0.1387448365475073,Low,N/A,N/A
6794-HKIAJ,90.7,62,Month-to-month,Fiber optic,Bank transfer (automatic),0,3,No,0.04467405304683308,Low,N/A,N/A
5578-NKCXI,99.25,58,One year,Fiber optic,Credit card (automatic),0,0,No,0.014062879940954238,Low,N/A,N/A
1642-HMARX,91.7,68,Two year,DSL,Electronic check,0,0,No,0.0006882698121820931,Low,N/A,N/A
3096-WPXBT,100.7,61,One year,Fiber optic,Credit card (automatic),0,0,No,0.011292855201859285,Low,N/A,N/A
8434-PNQZX,78.45,42,Two year,DSL,Credit card (automatic),0,0,No,0.005510673376829129,Low,N/A,N/A
5950-AAAGJ,84.3,18,Month-to-month,Fiber optic,Bank transfer (automatic),0,0,No,0.6217959847934149,High,Internetservice Fiber Optic,Contract Upgrade Incentive
4299-OPXEJ,19.55,56,Two year,No,Bank transfer (automatic),0,0,No,0.004526083048600757,Low,N/A,N/A
9618-LFJRU,20.45,4,Month-to-month,No,Credit card (automatic),0,0,No,0.4163499592826571,High,Tenure,Contract Upgrade Incentive
6693-DJWTY,55.6,35,One year,DSL,Credit card (automatic),0,0,No,0.05718672617591296,Low,N/A,N/A
0744-GKNGE,86.8,64,Month-to-month,Fiber optic,Bank transfer (automatic),0,0,No,0.03424487364431261,Low,N/A,N/A
6447-EGDIV,20.95,31,One year,No,Mailed check,0,0,No,0.05105530036522258,Low,N/A,N/A
1167-OYZJF,20.05,67,Two year,No,Bank transfer (automatic),0,3,No,0.0028950801288577786,Low,N/A,N/A
4806-DXQCE,113.65,70,Two year,Fiber optic,Electronic check,3,1,No,0.08669932085064508,Low,N/A,N/A
4854-SSLTN,59.5,2,Two year,DSL,Mailed check,0,0,No,0.09237584508276055,Low,N/A,N/A
5294-DMSFH,87.8,29,Month-to-month,Fiber optic,Credit card (automatic),0,0,No,0.3503053833885952,Low,N/A,N/A
4837-PZTIC,41.9,47,Two year,DSL,Mailed check,0,0,No,0.010791583594742743,Low,N/A,N/A
0603-OLQDC,69.85,12,Month-to-month,DSL,Mailed check,0,0,No,0.3492813446256403,Low,N/A,N/A
3272-VUHPV,56.3,8,Month-to-month,DSL,Bank transfer (automatic),0,0,No,0.4618627446683439,High,Tenure,Contract Upgrade Incentive
4176-FXYBO,109.55,54,Month-to-month,Fiber optic,Electronic check,0,3,No,0.057403529428145465,Low,N/A,N/A
1063-DHQJF,92.15,69,Two year,Fiber optic,Mailed check,0,5,No,0.0014957687250465722,Low,N/A,N/A
8663-UPDGF,69.5,26,Month-to-month,DSL,Bank transfer (automatic),0,0,No,0.22177820105509197,Low,N/A,N/A
6719-FGEDO,97.0,72,Two year,Fiber optic,Bank transfer (automatic),0,0,No,0.0014179385208207729,Low,N/A,N/A
1837-YQUCE,58.35,70,Two year,DSL,Bank transfer (automatic),0,0,No,0.001485994796599959,Low,N/A,N/A
0369-ZGOVK,70.4,28,One year,Fiber optic,Bank transfer (automatic),0,0,No,0.2539402128227455,Low,N/A,N/A
9919-KNPOO,94.3,21,Month-to-month,Fiber optic,Electronic check,0,0,No,0.616729488208905,High,Internetservice Fiber Optic,Contract Upgrade Incentive
7872-BAAZR,19.55,53,One year,No,Bank transfer (automatic),0,0,No,0.01508789070307921,Low,N/A,N/A
9391-LMANN,95.95,53,One year,Fiber optic,Electronic check,0,0,No,0.03501402293763091,Low,N/A,N/A
8174-TBVCF,94.8,70,Two year,DSL,Credit card (automatic),0,2,No,0.00034241821709120324,Low,N/A,N/A
1698-XFZCI,107.75,61,One year,Fiber optic,Electronic check,0,2,No,0.01479124779528264,Low,N/A,N/A
1877-HKBQX,54.6,11,One year,DSL,Mailed check,0,0,No,0.22051701800604986,Low,N/A,N/A
4450-DLLMH,71.3,2,Month-to-month,Fiber optic,Credit card (automatic),0,0,No,0.863098284507623,Critical,Internetservice Fiber Optic,Contract Upgrade Incentive
0428-AXXLJ,19.5,25,One year,No,Bank transfer (automatic),0,4,No,0.07349439176270539,Low,N/A,N/A
2746-DIJLO,56.3,41,One year,DSL,Credit card (automatic),0,0,No,0.04445254097415918,Low,N/A,N/A
3508-VLHCZ,90.55,71,Two year,DSL,Credit card (automatic),0,0,No,0.0003633351932540026,Low,N/A,N/A
4086-ATNFV,60.8,34,One year,DSL,Mailed check,0,0,No,0.050089839281273564,Low,N/A,N/A
0468-YRPXN,98.8,29,Month-to-month,Fiber optic,Credit card (automatic),0,0,No,0.28663881614104186,Low,N/A,N/A
5996-NRVXR,98.15,40,One year,Fiber optic,Credit card (automatic),0,0,No,0.061715078656650886,Low,N/A,N/A
3739-YBWAB,35.35,36,One year,DSL,Mailed check,0,0,No,0.08247684744185073,Low,N/A,N/A
7047-FWEYA,103.15,46,One year,Fiber optic,Electronic check,0,3,No,0.050268940574716196,Low,N/A,N/A
2000-MPKCA,107.75,58,One year,Fiber optic,Electronic check,0,0,No,0.01992583942586745,Low,N/A,N/A
9762-YAQAA,81.4,39,One year,Fiber optic,Credit card (automatic),0,0,No,0.10821818139591623,Low,N/A,N/A
5473-KHBPS,95.7,52,One year,Fiber optic,Credit card (automatic),0,0,No,0.025958718299894983,Low,N/A,N/A
0100-DUVFC,104.8,70,One year,Fiber optic,Electronic check,0,0,No,0.009001619266111361,Low,N/A,N/A
5397-TUPSH,70.95,65,One year,Fiber optic,Bank transfer (automatic),0,0,No,0.030407733053286798,Low,N/A,N/A
8950-MTZNV,44.95,1,Month-to-month,DSL,Mailed check,0,0,No,0.6584848063524766,High,Tenure,Contract Upgrade Incentive
0326-VDYXE,97.65,70,One year,Fiber optic,Electronic check,0,0,No,0.009772633243843348,Low,N/A,N/A
6773-LQTVT,35.65,29,Month-to-month,DSL,Mailed check,0,0,No,0.30790810227895754,Low,N/A,N/A
0436-TWFFZ,85.25,67,Two year,DSL,Mailed check,0,0,No,0.0006570788738360098,Low,N/A,N/A
8566-YPRGL,19.5,1,Month-to-month,No,Mailed check,0,2,No,0.44735557488183453,High,Tenure,Contract Upgrade Incentive
6609-MXJHJ,25.1,30,Two year,No,Mailed check,0,0,No,0.011829013953509637,Low,N/A,N/A
2669-OIDSD,100.05,48,Month-to-month,Fiber optic,Credit card (automatic),0,0,No,0.07705218070322974,Low,N/A,N/A
8400-WZICQ,55.7,55,Month-to-month,DSL,Electronic check,0,0,No,0.058491842771826966,Low,N/A,N/A
9576-SYUHJ,91.15,37,Month-to-month,Fiber optic,Electronic check,0,0,No,0.3173219940546112,Low,N/A,N/A
0410-IPFTY,83.85,31,Month-to-month,Fiber optic,Bank transfer (automatic),0,0,No,0.3853182719776932,Low,N/A,N/A
2831-EBWRN,45.9,4,Month-to-month,DSL,Electronic check,0,1,No,0.7145850200775085,Critical,Tenure,Contract Upgrade Incentive
9430-NKQLY,25.1,72,Two year,No,Credit card (automatic),0,0,No,0.0010613082855771756,Low,N/A,N/A
0247-SLUJI,19.7,1,Month-to-month,No,Mailed check,0,0,No,0.37342120895314374,Low,N/A,N/A
9402-ORRAH,91.5,15,Month-to-month,Fiber optic,Electronic check,0,0,No,0.7784601402522534,Critical,Internetservice Fiber Optic,Contract Upgrade Incentive
6483-OATDN,51.3,8,Month-to-month,DSL,Credit card (automatic),0,0,No,0.4887185782044049,High,Tenure,Contract Upgrade Incentive
1293-HHSHJ,21.1,35,One year,No,Mailed check,0,0,No,0.04153159755820389,Low,N/A,N/A
4840-ORQXB,104.75,56,Month-to-month,Fiber optic,Electronic check,0,0,No,0.085037802267629,Low,N/A,N/A
3982-DQLUS,85.75,65,Month-to-month,Fiber optic,Electronic check,0,0,No,0.056421210528430264,Low,N/A,N/A
8610-ZIKJJ,20.3,2,One year,No,Mailed check,0,0,No,0.1836538591008006,Low,N/A,N/A
3756-VNWDH,100.75,65,One year,Fiber optic,Electronic check,0,0,No,0.014837241019391037,Low,N/A,N/A
7801-KICAO,74.15,18,Month-to-month,Fiber optic,Electronic check,0,0,No,0.7585884987516893,Critical,Internetservice Fiber Optic,Contract Upgrade Incentive
7673-LPRNY,78.55,23,One year,DSL,Electronic check,0,0,No,0.13060233651578088,Low,N/A,N/A
6060-QBMGV,19.85,70,Two year,No,Credit card (automatic),0,0,No,0.001639087567954378,Low,N/A,N/A
7339-POGZN,50.7,4,Month-to-month,DSL,Electronic check,0,0,No,0.7198726189418839,Critical,Tenure,Contract Upgrade Incentive
2828-SLQPF,45.0,19,Month-to-month,DSL,Bank transfer (automatic),0,0,No,0.40689570986141554,High,Tenure,Contract Upgrade Incentive
4465-VDKIQ,77.8,18,Month-to-month,Fiber optic,Electronic check,0,0,No,0.7488057826656047,Critical,Internetservice Fiber Optic,Contract Upgrade Incentive
2921-XWDJH,83.45,38,Month-to-month,Fiber optic,Electronic check,0,1,No,0.4037805011207504,High,Internetservice Fiber Optic,Contract Upgrade Incentive
2558-BUOZZ,94.8,47,One year,Fiber optic,Bank transfer (automatic),0,0,No,0.045288304491740844,Low,N/A,N/A
9257-AZMTZ,20.1,52,Two year,No,Bank transfer (automatic),0,0,No,0.00443711903992378,Low,N/A,N/A
0003-MKNFE,59.9,9,Month-to-month,DSL,Mailed check,0,3,No,0.4760501514194635,High,Tenure,Contract Upgrade Incentive
0975-UYDTX,90.1,26,One year,DSL,Credit card (automatic),0,0,No,0.0462634918225668,Low,N/A,N/A
4682-BLBUC,70.95,44,One year,DSL,Electronic check,0,3,No,0.02569543313778994,Low,N/A,N/A
0975-VOOVL,29.2,3,Month-to-month,DSL,Mailed check,0,0,No,0.6995685724789944,High,Tenure,Contract Upgrade Incentive
5968-VXZLG,46.6,2,Month-to-month,DSL,Bank transfer (automatic),0,0,No,0.6653917913656388,High,Tenure,Contract Upgrade Incentive
5201-FRKKS,74.3,25,Month-to-month,Fiber optic,Bank transfer (automatic),0,2,No,0.5380162050232435,High,Internetservice Fiber Optic,Contract Upgrade Incentive
9799-CAYJJ,69.3,2,Month-to-month,Fiber optic,Electronic check,0,1,No,0.9266942815680476,Critical,Internetservice Fiber Optic,Contract Upgrade Incentive
5443-SCMKX,94.3,58,One year,Fiber optic,Electronic check,0,0,No,0.02823689351357627,Low,N/A,N/A
8295-KMENE,76.45,59,Two year,DSL,Mailed check,0,0,No,0.0013089816768574716,Low,N/A,N/A
6738-ISCBM,54.0,44,One year,DSL,Electronic check,0,0,No,0.05284610035042881,Low,N/A,N/A
9821-BESNZ,104.25,66,One year,Fiber optic,Electronic check,0,0,No,0.008934215189875975,Low,N/A,N/A
3678-MNGZX,19.95,68,Two year,No,Bank transfer (automatic),0,0,No,0.0016821334031672942,Low,N/A,N/A
1335-NTIUC,24.95,9,Month-to-month,DSL,Electronic check,0,5,No,0.7220782141060428,Critical,Tenure,Contract Upgrade Incentive
2916-BQZLN,84.75,19,Month-to-month,Fiber optic,Electronic check,0,0,No,0.6814430898910276,High,Internetservice Fiber Optic,Contract Upgrade Incentive
4558-CGYCZ,19.75,4,Month-to-month,No,Mailed check,0,1,No,0.38336814734777086,Low,N/A,N/A
2368-GAKKQ,113.65,70,Two year,Fiber optic,Bank transfer (automatic),0,0,No,0.0010110432931745338,Low,N/A,N/A
8710-YGLWG,44.9,1,Month-to-month,DSL,Mailed check,0,4,No,0.6586378813785083,High,Tenure,Contract Upgrade Incentive
3199-XGZCY,75.25,8,Month-to-month,Fiber optic,Electronic check,0,1,No,0.866536462105712,Critical,Internetservice Fiber Optic,Contract Upgrade Incentive
3785-KTYSH,24.6,53,Two year,No,Mailed check,0,0,No,0.0037245100413975094,Low,N/A,N/A
6814-ZPWFQ,25.0,51,One year,No,Bank transfer (automatic),0,0,No,0.01967801609065991,Low,N/A,N/A
4063-EIKNQ,20.95,11,Month-to-month,No,Bank transfer (automatic),0,0,No,0.2712412342875068,Low,N/A,N/A
6993-YCOBK,110.6,60,Two year,Fiber optic,Electronic check,0,0,No,0.00280853195126002,Low,N/A,N/A
5206-HPJKM,55.5,17,Month-to-month,DSL,Credit card (automatic),0,2,No,0.37683249689546444,Low,N/A,N/A
8393-JMVMB,19.45,1,Month-to-month,No,Mailed check,0,2,No,0.42424412319258975,High,Tenure,Contract Upgrade Incentive
5019-GQVCR,84.85,43,Month-to-month,Fiber optic,Electronic check,0,0,No,0.2988840931426865,Low,N/A,N/A
6036-TTFYU,19.6,16,Month-to-month,No,Mailed check,0,0,No,0.2496789260124297,Low,N/A,N/A
2550-AEVRU,53.45,57,One year,DSL,Electronic check,0,0,No,0.02127372891357907,Low,N/A,N/A
0969-RGKCU,19.8,37,One year,No,Credit card (automatic),0,0,No,0.030817434552762975,Low,N/A,N/A
0378-CJKPV,112.1,72,Two year,Fiber optic,Credit card (automatic),0,3,No,0.0008230775092015538,Low,N/A,N/A
2880-FPNAE,74.2,2,Month-to-month,Fiber optic,Electronic check,0,0,No,0.9154177954726467,Critical,Internetservice Fiber Optic,Contract Upgrade Incentive
1703-MGIAB,69.0,17,Month-to-month,DSL,Mailed check,0,0,No,0.28914509302671665,Low,N/A,N/A
4311-QTTAI,19.35,16,One year,No,Credit card (automatic),0,3,No,0.12052612944855959,Low,N/A,N/A
4318-RAJVY,19.8,10,One year,No,Mailed check,0,0,No,0.1516302455437645,Low,N/A,N/A
3612-YUNGG,109.2,64,Two year,Fiber optic,Credit card (automatic),0,0,No,0.001475608262325996,Low,N/A,N/A
2254-DLXRI,79.15,1,Month-to-month,Fiber optic,Mailed check,0,5,No,0.8644365609944894,Critical,Internetservice Fiber Optic,Contract Upgrade Incentive
5062-CJJKH,53.65,25,One year,DSL,Mailed check,0,5,No,0.09298321174347632,Low,N/A,N/A
9028-LIHRP,100.2,71,Two year,Fiber optic,Credit card (automatic),0,0,No,0.0010140321489289874,Low,N/A,N/A
1053-MXTTK,108.65,72,Two year,Fiber optic,Bank transfer (automatic),0,0,No,0.0008526642934096893,Low,N/A,N/A
1530-ZTDOZ,40.65,49,Month-to-month,DSL,Bank transfer (automatic),0,0,No,0.10500504523802653,Low,N/A,N/A
1301-LOPVR,55.35,29,One year,DSL,Credit card (automatic),0,0,No,0.060897738894593066,Low,N/A,N/A
0853-TWRVK,105.6,72,Two year,Fiber optic,Bank transfer (automatic),0,0,No,0.0009847435116913364,Low,N/A,N/A
6212-ATMLK,95.7,50,Month-to-month,Fiber optic,Electronic check,0,0,No,0.14036738729327347,Low,N/A,N/A
8200-LGKSR,83.2,71,Two year,DSL,Electronic check,0,0,No,0.0006674067609682491,Low,N/A,N/A
1568-BEKZM,90.05,70,Two year,DSL,Credit card (automatic),0,0,No,0.0004876634183133695,Low,N/A,N/A
0670-ANMUU,97.65,71,One year,Fiber optic,Credit card (automatic),0,0,No,0.005342555492412296,Low,N/A,N/A
6897-RWMUB,68.05,61,Two year,DSL,Bank transfer (automatic),0,0,No,0.0015250100094656956,Low,N/A,N/A
6999-CHVCF,102.1,68,Two year,Fiber optic,Bank transfer (automatic),0,0,No,0.0018707148302021864,Low,N/A,N/A
6134-KWTBV,23.4,62,Two year,No,Bank transfer (automatic),0,0,No,0.0026076475850400397,Low,N/A,N/A
1077-HUUJM,71.05,7,Month-to-month,Fiber optic,Electronic check,0,0,No,0.8651145704278232,Critical,Internetservice Fiber Optic,Contract Upgrade Incentive
0895-LNKRC,19.45,6,One year,No,Mailed check,0,0,No,0.14216424004428962,Low,N/A,N/A
2045-BMBTJ,59.45,33,Month-to-month,DSL,Bank transfer (automatic),2,0,No,0.7956902711558261,Critical,Numtechtickets,Contract Upgrade Incentive
8417-GSODA,92.2,28,One year,Fiber optic,Bank transfer (automatic),0,0,No,0.16105826334255893,Low,N/A,N/A
5171-EPLKN,19.85,27,Two year,No,Credit card (automatic),0,0,No,0.019138983475853834,Low,N/A,N/A
4452-QIIEB,43.9,7,Month-to-month,DSL,Mailed check,0,0,No,0.5746456060930389,High,Tenure,Contract Upgrade Incentive
6741-EGCBI,90.5,30,Month-to-month,Fiber optic,Credit card (automatic),2,0,No,0.906476692001959,Critical,Numtechtickets,Contract Upgrade Incentive
7820-ZYGNY,90.45,63,One year,Fiber optic,Credit card (automatic),0,0,No,0.01397284745239112,Low,N/A,N/A
9677-AVKED,84.6,53,One year,DSL,Electronic check,0,0,No,0.009496117896248638,Low,N/A,N/A
2227-JRSJX,99.15,21,Month-to-month,Fiber optic,Bank transfer (automatic),0,0,No,0.47742866039094495,High,Internetservice Fiber Optic,Contract Upgrade Incentive
9847-HNVGP,19.95,17,One year,No,Mailed check,0,0,No,0.09997226718455836,Low,N/A,N/A
6696-YDAYZ,20.5,16,Two year,No,Mailed check,0,0,No,0.026307333160820852,Low,N/A,N/A
8980-WQFWL,62.1,35,Month-to-month,DSL,Electronic check,0,0,No,0.20776960529508878,Low,N/A,N/A
1730-ZMAME,79.5,32,Month-to-month,Fiber optic,Electronic check,0,0,No,0.5427845114539008,High,Internetservice Fiber Optic,Contract Upgrade Incentive
6506-EYCNH,19.55,28,Month-to-month,No,Bank transfer (automatic),0,5,No,0.14226822737813208,Low,N/A,N/A
4634-JLRJT,20.35,1,Month-to-month,No,Mailed check,0,0,No,0.4444961832995811,High,Tenure,Contract Upgrade Incentive
9501-UKKNL,51.7,59,Month-to-month,DSL,Electronic check,0,0,No,0.04893353870390828,Low,N/A,N/A
2560-QTSBS,23.3,72,One year,No,Bank transfer (automatic),0,0,No,0.004685546892537793,Low,N/A,N/A
4795-WRNVT,65.1,40,Month-to-month,DSL,Mailed check,0,0,No,0.09500326628404036,Low,N/A,N/A
6080-TCMYC,81.2,40,Month-to-month,Fiber optic,Electronic check,0,0,No,0.27603882300057314,Low,N/A,N/A
7860-UXCRM,74.5,63,Two year,DSL,Credit card (automatic),0,0,No,0.0010081406300148593,Low,N/A,N/A
6357-JJPQT,80.5,3,Month-to-month,Fiber optic,Electronic check,0,5,No,0.8964090155932729,Critical,Internetservice Fiber Optic,Contract Upgrade Incentive
2292-XQWSV,60.3,40,One year,DSL,Mailed check,0,0,No,0.025130434814085268,Low,N/A,N/A
9552-TGUZV,75.0,8,Month-to-month,Fiber optic,Mailed check,0,4,No,0.772722193182811,Critical,Internetservice Fiber Optic,Contract Upgrade Incentive
5913-INRQV,90.15,34,One year,Fiber optic,Mailed check,0,0,No,0.11380327217304745,Low,N/A,N/A
9643-YBLUR,69.05,9,Month-to-month,DSL,Credit card (automatic),0,0,No,0.4358152829966375,High,Tenure,Contract Upgrade Incentive
8734-FNWVH,59.7,31,Month-to-month,DSL,Bank transfer (automatic),0,0,No,0.15691389882399395,Low,N/A,N/A
9447-YPTBX,19.85,50,One year,No,Bank transfer (automatic),0,1,No,0.02055609338045064,Low,N/A,N/A
9026-LHEVG,40.75,9,Month-to-month,DSL,Electronic check,0,0,No,0.6865920158634256,High,Tenure,Contract Upgrade Incentive
7011-CVEUC,95.7,25,Month-to-month,Fiber optic,Credit card (automatic),0,0,No,0.35902676381663395,Low,N/A,N/A
6185-TASNN,46.3,1,Month-to-month,DSL,Electronic check,0,0,No,0.7896392956956139,Critical,Tenure,Contract Upgrade Incentive
7925-PNRGI,81.3,45,Month-to-month,DSL,Mailed check,0,0,No,0.031183809102900844,Low,N/A,N/A
1552-CZCLL,20.0,55,Month-to-month,No,Credit card (automatic),0,0,No,0.03349031782084622,Low,N/A,N/A
3038-PQIUY,66.15,38,Month-to-month,DSL,Bank transfer (automatic),0,0,No,0.11571271909490159,Low,N/A,N/A
9313-CDOGY,19.6,38,Month-to-month,No,Electronic check,0,5,No,0.11084028364336249,Low,N/A,N/A
8148-BPLZQ,49.8,34,Month-to-month,DSL,Electronic check,0,0,No,0.2492779632642095,Low,N/A,N/A
2623-DRYAM,101.75,70,One year,Fiber optic,Electronic check,0,0,No,0.009002522035719726,Low,N/A,N/A
9987-LUTYD,55.15,13,One year,DSL,Mailed check,0,0,No,0.19645027664963366,Low,N/A,N/A
4488-KQFDT,103.95,61,One year,Fiber optic,Electronic check,5,0,No,0.9291157124475928,Critical,Numtechtickets,Proactive Tech Support Outreach
5693-PIPCS,99.65,41,Two year,Fiber optic,Credit card (automatic),0,1,No,0.014302649642439632,Low,N/A,N/A
0491-KAPQG,73.7,21,Month-to-month,Fiber optic,Electronic check,0,0,No,0.6984543906744107,High,Internetservice Fiber Optic,Contract Upgrade Incentive
1925-LFCZZ,50.05,55,One year,DSL,Bank transfer (automatic),0,5,No,0.026276705505231243,Low,N/A,N/A
8039-EQPIM,60.25,69,Two year,DSL,Bank transfer (automatic),0,0,No,0.0013760430779490363,Low,N/A,N/A
8707-RMEZH,87.3,69,One year,Fiber optic,Credit card (automatic),0,0,No,0.012958795463790702,Low,N/A,N/A
3209-ZPKFI,54.25,47,Month-to-month,DSL,Electronic check,0,0,No,0.0937377846274281,Low,N/A,N/A
6479-VDGRK,85.3,72,Two year,DSL,Bank transfer (automatic),0,0,No,0.00040919544973641814,Low,N/A,N/A
9373-WSLOY,50.0,33,Month-to-month,DSL,Electronic check,0,1,No,0.24834951652705162,Low,N/A,N/A
3569-JFODW,90.95,72,Two year,DSL,Credit card (automatic),0,0,No,0.00030067601158720444,Low,N/A,N/A
9819-FBNSV,72.25,37,Month-to-month,Fiber optic,Bank transfer (automatic),0,0,No,0.38812470887139655,Low,N/A,N/A
9544-PYPSJ,96.1,62,Month-to-month,Fiber optic,Credit card (automatic),0,0,No,0.03773525054251328,Low,N/A,N/A
1591-XWLGB,19.85,71,Two year,No,Credit card (automatic),0,0,No,0.0017463947859143404,Low,N/A,N/A
0396-UKGAI,55.3,23,Month-to-month,DSL,Bank transfer (automatic),0,0,No,0.2317648898560095,Low,N/A,N/A
3243-ZHOHY,20.1,16,One year,No,Mailed check,0,3,No,0.11392960907699957,Low,N/A,N/A
5186-EJEGL,69.5,9,Month-to-month,DSL,Mailed check,0,0,No,0.38673057140093614,Low,N/A,N/A
7527-QNRUS,25.15,17,Two year,No,Mailed check,0,0,No,0.022713263239037815,Low,N/A,N/A
2203-GHNWN,79.65,24,Month-to-month,Fiber optic,Mailed check,0,0,No,0.514744681621289,High,Internetservice Fiber Optic,Contract Upgrade Incentive
3878-AVSOQ,71.25,1,Month-to-month,Fiber optic,Electronic check,0,0,No,0.9336886827900545,Critical,Internetservice Fiber Optic,Contract Upgrade Incentive
3258-SYSWS,113.8,72,Two year,Fiber optic,Bank transfer (automatic),0,4,No,0.0010623448426188688,Low,N/A,N/A
5296-PSYVW,24.55,72,Two year,No,Electronic check,0,4,No,0.0021002411026341842,Low,N/A,N/A
6319-QSUSR,19.7,11,Month-to-month,No,Credit card (automatic),0,0,No,0.2963778355280126,Low,N/A,N/A
0512-FLFDW,100.5,60,One year,Fiber optic,Credit card (automatic),0,0,No,0.01696262228122566,Low,N/A,N/A
0487-CRLZF,74.45,49,Two year,DSL,Bank transfer (automatic),0,0,No,0.003925083048317236,Low,N/A,N/A
2107-FBPTK,104.1,30,Month-to-month,Fiber optic,Electronic check,0,0,No,0.44851850518836356,High,Internetservice Fiber Optic,Contract Upgrade Incentive
9451-WLYRI,19.05,53,One year,No,Credit card (automatic),0,0,No,0.016667575771235125,Low,N/A,N/A
8219-VYBVI,25.0,39,Two year,No,Mailed check,0,0,No,0.006887842034467866,Low,N/A,N/A
1991-VOPLL,19.05,9,Month-to-month,No,Mailed check,0,1,No,0.3448665728184582,Low,N/A,N/A
9738-QLWTP,81.9,39,One year,Fiber optic,Electronic check,0,0,No,0.12993259357313455,Low,N/A,N/A
1016-DJTSV,69.7,8,Month-to-month,Fiber optic,Electronic check,0,0,No,0.8874004627530429,Critical,Internetservice Fiber Optic,Contract Upgrade Incentive
9419-IPPBE,90.15,51,One year,Fiber optic,Electronic check,0,0,No,0.049875933802484146,Low,N/A,N/A
0174-QRVVY,25.35,71,Two year,No,Credit card (automatic),0,3,No,0.0010903412177081725,Low,N/A,N/A
5699-BNCAS,24.65,71,Two year,No,Mailed check,0,0,No,0.0016328480210344577,Low,N/A,N/A
2900-PHPLN,19.55,70,Two year,No,Credit card (automatic),0,5,No,0.0022177072756941955,Low,N/A,N/A
8106-GWQOK,60.0,38,Two year,DSL,Bank transfer (automatic),0,0,No,0.011437302048127807,Low,N/A,N/A
8751-EDEKA,89.9,28,Month-to-month,Fiber optic,Credit card (automatic),0,0,No,0.4051119386220936,High,Internetservice Fiber Optic,Contract Upgrade Incentive
6878-GGDWG,19.4,32,Month-to-month,No,Bank transfer (automatic),0,0,No,0.13342384641121582,Low,N/A,N/A
4039-PIMHX,49.8,49,Two year,DSL,Mailed check,0,0,No,0.00966447229960147,Low,N/A,N/A
8450-LUGUK,24.1,37,Two year,No,Bank transfer (automatic),3,0,No,0.3305985630126268,Low,N/A,N/A
3604-WLABM,54.25,10,Month-to-month,DSL,Electronic check,0,0,No,0.569902804323264,High,Tenure,Contract Upgrade Incentive
0795-GMVQO,109.9,67,One year,Fiber optic,Credit card (automatic),2,0,No,0.06765606091574827,Low,N/A,N/A
2259-OUUSZ,35.5,7,One year,DSL,Credit card (automatic),0,0,No,0.32432294655418226,Low,N/A,N/A
1142-IHLOO,87.55,51,One year,Fiber optic,Credit card (automatic),0,0,No,0.04329637808725721,Low,N/A,N/A
4633-MKHYU,88.4,9,Month-to-month,Fiber optic,Mailed check,0,0,No,0.751504611265796,Critical,Internetservice Fiber Optic,Contract Upgrade Incentive
6257-RJOHI,50.8,4,Month-to-month,DSL,Mailed check,0,0,No,0.5447051364122993,High,Tenure,Contract Upgrade Incentive
1545-JFUML,99.0,71,Two year,Fiber optic,Electronic check,0,4,No,0.0023832729897668723,Low,N/A,N/A
7826-VVKWT,96.55,24,Two year,Fiber optic,Electronic check,0,0,No,0.11893956112713239,Low,N/A,N/A
1353-GHZOS,59.75,22,One year,DSL,Bank transfer (automatic),0,0,No,0.12437686299426101,Low,N/A,N/A
2587-EKXTS,111.5,44,Month-to-month,Fiber optic,Electronic check,0,5,No,0.1319129018661255,Low,N/A,N/A
5442-BXVND,24.25,33,Month-to-month,No,Bank transfer (automatic),0,0,No,0.09976528638283874,Low,N/A,N/A
9753-OYLBX,20.5,1,Month-to-month,No,Mailed check,0,3,No,0.4439919606099371,High,Tenure,Contract Upgrade Incentive
2364-UFROM,70.4,30,One year,DSL,Electronic check,2,1,No,0.5364785265085084,High,Numtechtickets,VIP Loyalty Check-in
6656-JWRQX,30.55,1,Month-to-month,DSL,Mailed check,0,0,No,0.6782861153039969,High,Tenure,Contract Upgrade Incentive
6473-ULUHT,84.9,16,Month-to-month,DSL,Electronic check,0,0,No,0.2710725062062677,Low,N/A,N/A
7688-AWMDX,54.5,71,Two year,DSL,Bank transfer (automatic),0,0,No,0.0014746068750764504,Low,N/A,N/A
2842-BCQGE,75.35,43,Month-to-month,Fiber optic,Credit card (automatic),0,0,No,0.23164023250423718,Low,N/A,N/A
7244-QWYHG,44.45,50,One year,DSL,Bank transfer (automatic),0,3,No,0.02699268464994843,Low,N/A,N/A
5312-UXESG,98.05,41,Month-to-month,Fiber optic,Bank transfer (automatic),0,1,No,0.17987568664504908,Low,N/A,N/A
2150-WLKUW,63.9,40,One year,DSL,Bank transfer (automatic),0,0,No,0.0390058240515917,Low,N/A,N/A
7159-FVYPK,69.15,3,Month-to-month,DSL,Bank transfer (automatic),0,1,No,0.5440573718389239,High,Tenure,Contract Upgrade Incentive
7032-LMBHI,64.65,37,One year,DSL,Bank transfer (automatic),2,0,No,0.43093179517086516,High,Numtechtickets,VIP Loyalty Check-in
6088-BXMRG,98.85,32,Month-to-month,Fiber optic,Electronic check,0,0,No,0.34374750106045565,Low,N/A,N/A
4821-SJHJV,89.6,32,Month-to-month,Fiber optic,Electronic check,0,0,No,0.38643416025081906,Low,N/A,N/A
7346-MEDWM,83.25,59,Month-to-month,Fiber optic,Electronic check,0,0,No,0.10353588058714357,Low,N/A,N/A
1137-DGOWI,70.25,30,One year,DSL,Bank transfer (automatic),0,0,No,0.05424126213345624,Low,N/A,N/A
3812-LRZIR,24.5,27,Two year,No,Electronic check,0,0,No,0.022085240809822534,Low,N/A,N/A
9483-GCPWE,20.1,9,One year,No,Mailed check,0,0,No,0.1278611648446405,Low,N/A,N/A
4227-OJHAL,73.0,68,One year,DSL,Credit card (automatic),0,0,No,0.0032246716481081866,Low,N/A,N/A
9220-CXRSC,61.4,69,Two year,DSL,Credit card (automatic),0,1,No,0.0012023630287744094,Low,N/A,N/A
4993-JCRGJ,84.3,26,Month-to-month,Fiber optic,Mailed check,0,0,No,0.38836057486736975,Low,N/A,N/A
9537-JALFH,19.9,69,Two year,No,Bank transfer (automatic),0,0,No,0.0016140857204798803,Low,N/A,N/A
6698-OXETB,20.4,11,Two year,No,Mailed check,0,0,No,0.04159266241950989,Low,N/A,N/A
2103-ZRXFN,50.75,1,Month-to-month,DSL,Mailed check,0,0,No,0.6405105737215739,High,Tenure,Contract Upgrade Incentive
3724-BSCVH,20.45,10,One year,No,Mailed check,0,0,No,0.11421153814321998,Low,N/A,N/A
4877-TSOFF,75.75,55,One year,DSL,Bank transfer (automatic),0,0,No,0.006826518957979934,Low,N/A,N/A
9209-NWPGU,65.4,44,One year,DSL,Electronic check,0,0,No,0.033952524130371114,Low,N/A,N/A
7306-YDSOI,59.75,69,Two year,DSL,Bank transfer (automatic),0,0,No,0.0014499262856521866,Low,N/A,N/A
5288-AHOUP,78.5,11,Month-to-month,Fiber optic,Electronic check,0,0,No,0.845838631299593,Critical,Internetservice Fiber Optic,Contract Upgrade Incentive
0655-YDGFJ,48.95,29,Month-to-month,DSL,Bank transfer (automatic),0,0,No,0.25580228288710266,Low,N/A,N/A
8468-EHYJA,99.65,57,Month-to-month,Fiber optic,Electronic check,0,5,No,0.07476833985251026,Low,N/A,N/A
6823-SIDFQ,18.25,28,One year,No,Credit card (automatic),0,0,No,0.06108713451513397,Low,N/A,N/A
1097-FSPVW,54.55,42,Month-to-month,DSL,Credit card (automatic),0,0,No,0.10762759173946373,Low,N/A,N/A
8328-SKJNO,40.65,23,One year,DSL,Bank transfer (automatic),1,0,No,0.35829877908525354,Low,N/A,N/A
7010-ZMVBF,20.45,18,Month-to-month,No,Mailed check,0,0,No,0.20193029165585138,Low,N/A,N/A
5201-CBWYG,24.8,62,One year,No,Bank transfer (automatic),0,3,No,0.007130213533113909,Low,N/A,N/A
6352-GIGGQ,88.8,67,One year,DSL,Bank transfer (automatic),0,0,No,0.002103811506183575,Low,N/A,N/A
3635-QQRQD,20.05,62,Two year,No,Credit card (automatic),0,0,No,0.002759969189835268,Low,N/A,N/A
2897-DOVND,69.8,2,Month-to-month,Fiber optic,Electronic check,0,0,No,0.9074043565910234,Critical,Internetservice Fiber Optic,Contract Upgrade Incentive
3082-YVEKW,77.15,23,Two year,DSL,Bank transfer (automatic),0,0,No,0.020465573162546644,Low,N/A,N/A
0191-EQUUH,35.05,25,Two year,DSL,Bank transfer (automatic),0,0,No,0.04522892006570478,Low,N/A,N/A
7134-HBPBS,108.1,72,Two year,Fiber optic,Bank transfer (automatic),0,0,No,0.001289359403034467,Low,N/A,N/A
3489-HHPFY,84.05,2,Month-to-month,Fiber optic,Electronic check,0,2,No,0.8941613498548769,Critical,Internetservice Fiber Optic,Contract Upgrade Incentive
2926-JEJJC,20.2,8,One year,No,Bank transfer (automatic),0,0,No,0.18318064783940205,Low,N/A,N/A
4950-BDEUX,49.2,35,Month-to-month,DSL,Electronic check,0,5,No,0.24365492478738754,Low,N/A,N/A
5789-LDFXO,24.6,24,One year,No,Electronic check,0,0,No,0.09773403300528152,Low,N/A,N/A
0508-OOLTO,71.65,2,Month-to-month,Fiber optic,Electronic check,0,0,No,0.8954097857739726,Critical,Internetservice Fiber Optic,Contract Upgrade Incentive
2984-TBYKU,104.9,72,Two year,Fiber optic,Credit card (automatic),0,5,No,0.0007646374856384633,Low,N/A,N/A
9822-WMWVG,106.5,41,Month-to-month,Fiber optic,Electronic check,0,0,No,0.17209134732053508,Low,N/A,N/A
9040-KZVWO,75.5,26,One year,Fiber optic,Bank transfer (automatic),0,4,No,0.28048324140888126,Low,N/A,N/A
1548-ARAGG,58.5,4,Month-to-month,DSL,Mailed check,0,0,No,0.48887999735194443,High,Tenure,Contract Upgrade Incentive
6339-RZCBJ,78.9,48,Two year,DSL,Credit card (automatic),0,0,No,0.0032699186504934813,Low,N/A,N/A
4415-WNGVR,79.2,12,One year,DSL,Electronic check,0,0,No,0.24633367691304864,Low,N/A,N/A
2522-AHJXR,109.45,60,Month-to-month,Fiber optic,Bank transfer (automatic),0,0,No,0.021972834693362486,Low,N/A,N/A
0412-UCCNP,59.2,55,Two year,DSL,Electronic check,0,0,No,0.005552543757857412,Low,N/A,N/A
1816-FLZDK,29.15,1,Month-to-month,DSL,Mailed check,0,2,No,0.6615644074328827,High,Tenure,Contract Upgrade Incentive
7096-UCLNH,20.05,1,Month-to-month,No,Mailed check,0,0,No,0.4222499641773774,High,Tenure,Contract Upgrade Incentive
4615-PIVVU,66.5,42,Two year,DSL,Credit card (automatic),0,0,No,0.00786751251331221,Low,N/A,N/A
8885-QSQBX,49.55,1,Month-to-month,DSL,Bank transfer (automatic),0,0,No,0.690901844573067,High,Tenure,Contract Upgrade Incentive
8617-ENBDS,73.6,3,Month-to-month,Fiber optic,Credit card (automatic),0,0,No,0.8503530820840711,Critical,Internetservice Fiber Optic,Contract Upgrade Incentive
9385-NXKDA,82.65,72,Two year,DSL,Credit card (automatic),0,0,No,0.0006067026012568054,Low,N/A,N/A
0430-IHCDJ,49.0,15,Month-to-month,DSL,Electronic check,0,0,No,0.5396938495311341,High,Tenure,Contract Upgrade Incentive
6674-KVJHG,25.2,11,One year,No,Electronic check,0,0,No,0.19992908493418152,Low,N/A,N/A
1814-DKOLC,25.45,5,Month-to-month,No,Mailed check,0,0,No,0.3719939920699118,Low,N/A,N/A
9351-HXDMR,110.9,72,Two year,Fiber optic,Credit card (automatic),6,0,No,0.6554587077300937,High,Numtechtickets,Proactive Tech Support Outreach
3537-HPKQT,77.75,55,Month-to-month,Fiber optic,Credit card (automatic),0,0,No,0.10507652240026809,Low,N/A,N/A
2129-ALKBS,26.2,40,Month-to-month,No,Electronic check,0,0,No,0.09189319599413182,Low,N/A,N/A
5821-MMEIL,19.9,57,Two year,No,Bank transfer (automatic),0,0,No,0.004005018692031086,Low,N/A,N/A
1309-XGFSN,80.85,52,One year,DSL,Electronic check,0,0,No,0.015288581335367283,Low,N/A,N/A
6968-URWQU,56.35,43,One year,DSL,Mailed check,0,0,No,0.032884787413759525,Low,N/A,N/A
4742-TXUEX,19.3,47,Two year,No,Bank transfer (automatic),0,1,No,0.006079892270715925,Low,N/A,N/A
9631-XEYKE,50.4,3,Month-to-month,DSL,Bank transfer (automatic),0,0,No,0.6392002372727325,High,Tenure,Contract Upgrade Incentive
1335-MXCSE,55.25,55,Two year,DSL,Credit card (automatic),0,0,No,0.0031934348038480946,Low,N/A,N/A
8873-TMKGR,19.1,29,One year,No,Mailed check,0,0,No,0.05496608433839902,Low,N/A,N/A
8800-JOOCF,84.05,12,Month-to-month,Fiber optic,Electronic check,0,0,No,0.7824094441374012,Critical,Internetservice Fiber Optic,Contract Upgrade Incentive
1469-LBJQJ,105.2,66,Month-to-month,Fiber optic,Electronic check,0,0,No,0.02930869171863806,Low,N/A,N/A
0064-YIJGF,75.75,27,Month-to-month,Fiber optic,Bank transfer (automatic),2,0,No,0.9221490400974347,Critical,Numtechtickets,Contract Upgrade Incentive
2386-OWURY,95.3,58,Month-to-month,Fiber optic,Electronic check,0,0,No,0.05979759773422286,Low,N/A,N/A
0310-VQXAM,19.85,9,Month-to-month,No,Mailed check,0,0,No,0.31996760135587937,Low,N/A,N/A
3453-RTHJQ,69.1,6,Month-to-month,Fiber optic,Electronic check,0,2,No,0.8809873002994758,Critical,Internetservice Fiber Optic,Contract Upgrade Incentive
6278-FEPBZ,20.25,9,Month-to-month,No,Mailed check,0,0,No,0.3391813621005452,Low,N/A,N/A
4280-DLSHD,54.75,8,Month-to-month,DSL,Mailed check,0,0,No,0.4987968885265029,High,Tenure,Contract Upgrade Incentive
1508-DFXCU,81.45,12,Month-to-month,Fiber optic,Electronic check,0,0,No,0.800338312909407,Critical,Internetservice Fiber Optic,Contract Upgrade Incentive
7868-BGSZA,80.2,43,One year,DSL,Electronic check,0,4,No,0.026178287884059855,Low,N/A,N/A
2800-QQUSO,100.3,42,Month-to-month,Fiber optic,Electronic check,0,0,No,0.16622227357086874,Low,N/A,N/A
7973-DZRKH,90.95,66,Two year,Fiber optic,Credit card (automatic),0,0,No,0.0025866736547699,Low,N/A,N/A
7698-YFGEZ,20.0,1,Month-to-month,No,Mailed check,0,0,No,0.42241604825436585,High,Tenure,Contract Upgrade Incentive
9773-PEQBZ,79.85,10,Month-to-month,Fiber optic,Electronic check,0,0,No,0.8241859654686687,Critical,Internetservice Fiber Optic,Contract Upgrade Incentive
0650-BWOZN,73.55,18,Month-to-month,Fiber optic,Electronic check,0,0,No,0.7960714378541637,Critical,Internetservice Fiber Optic,Contract Upgrade Incentive
7785-RDVIG,19.3,3,Month-to-month,No,Mailed check,0,0,No,0.3712672872659495,Low,N/A,N/A
9602-WCXPI,20.15,50,One year,No,Credit card (automatic),0,0,No,0.01830998225083705,Low,N/A,N/A
2903-YYTBW,44.55,1,Month-to-month,DSL,Electronic check,0,0,No,0.7159218821732322,Critical,Tenure,Contract Upgrade Incentive
3620-MWJNE,54.45,2,Month-to-month,DSL,Mailed check,0,0,No,0.5661540231835259,High,Tenure,Contract Upgrade Incentive
8573-JGCZW,19.65,17,One year,No,Bank transfer (automatic),0,0,No,0.10995427714523073,Low,N/A,N/A
6837-HAEVO,105.0,69,Two year,Fiber optic,Electronic check,0,0,No,0.0018907222280782534,Low,N/A,N/A
6701-YVNQG,88.7,72,Two year,DSL,Credit card (automatic),0,0,No,0.0003675265822252107,Low,N/A,N/A
4304-XUMGI,75.15,50,Two year,DSL,Bank transfer (automatic),0,1,No,0.004005318627954144,Low,N/A,N/A
9504-YAZWB,20.25,53,Two year,No,Mailed check,0,0,No,0.0046732375295053035,Low,N/A,N/A
8819-ZBYNA,109.1,58,Two year,Fiber optic,Credit card (automatic),0,0,No,0.002833880451243854,Low,N/A,N/A
6174-NRBTZ,30.75,46,One year,DSL,Bank transfer (automatic),0,0,No,0.061837347970279476,Low,N/A,N/A
9481-IEBZY,112.9,72,Month-to-month,Fiber optic,Credit card (automatic),0,0,No,0.008462544376534074,Low,N/A,N/A
6137-NICCO,94.05,6,Month-to-month,Fiber optic,Mailed check,0,0,No,0.7422469214379274,Critical,Internetservice Fiber Optic,Contract Upgrade Incentive
9065-ZCPQX,78.85,72,Two year,DSL,Bank transfer (automatic),0,0,No,0.0005315049801591264,Low,N/A,N/A
6402-EJMWF,55.3,4,Month-to-month,DSL,Mailed check,0,0,No,0.5766567898524761,High,Tenure,Contract Upgrade Incentive
3620-EHIMZ,19.35,52,Two year,No,Mailed check,0,0,No,0.004055245402516533,Low,N/A,N/A
3213-VVOLG,25.35,0,Two year,No,Mailed check,0,0,No,0.05740865484147456,Low,N/A,N/A
6870-ECSHE,20.45,2,One year,No,Mailed check,0,0,No,0.2165411423513506,Low,N/A,N/A
8747-UDCOI,19.35,65,Two year,No,Bank transfer (automatic),0,0,No,0.0025558090687259837,Low,N/A,N/A
4626-OZDTJ,78.65,51,One year,DSL,Credit card (automatic),0,0,No,0.009643571687612096,Low,N/A,N/A
9169-BSVIN,74.75,12,Month-to-month,DSL,Bank transfer (automatic),0,0,No,0.3971840042066453,Low,N/A,N/A
8194-PEEBY,19.9,24,One year,No,Mailed check,0,0,No,0.061452024611699026,Low,N/A,N/A
6872-HXFNF,58.35,64,One year,DSL,Bank transfer (automatic),0,0,No,0.007600326905475084,Low,N/A,N/A
7714-YXSMB,100.5,26,Month-to-month,Fiber optic,Bank transfer (automatic),0,0,No,0.4105390199210006,High,Internetservice Fiber Optic,Contract Upgrade Incentive
8387-UGUSU,20.05,15,Month-to-month,No,Mailed check,0,0,No,0.23173949045440942,Low,N/A,N/A
1080-BWSYE,25.65,64,Two year,No,Credit card (automatic),0,0,No,0.0022770600205348347,Low,N/A,N/A
1194-HVAIF,95.0,27,Month-to-month,Fiber optic,Credit card (automatic),0,0,No,0.39829239678053646,Low,N/A,N/A
1767-TGTKO,45.45,8,Month-to-month,DSL,Electronic check,0,0,No,0.6329209272332068,High,Tenure,Contract Upgrade Incentive
8439-LTUGF,20.0,10,Month-to-month,No,Credit card (automatic),0,0,No,0.31914951566782124,Low,N/A,N/A
8805-JNRAZ,49.2,2,Month-to-month,DSL,Mailed check,0,0,No,0.6517339747045275,High,Tenure,Contract Upgrade Incentive
6418-HNFED,83.25,51,Two year,DSL,Credit card (automatic),0,3,No,0.0022693967387270586,Low,N/A,N/A
0206-OYVOC,19.25,46,Two year,No,Mailed check,0,0,No,0.005741705235038881,Low,N/A,N/A
7291-CDTMJ,19.65,1,Month-to-month,No,Bank transfer (automatic),0,4,No,0.4520546641712921,High,Tenure,Contract Upgrade Incentive
7128-GGCNO,72.8,46,Month-to-month,Fiber optic,Bank transfer (automatic),0,0,No,0.21780517441802608,Low,N/A,N/A
0237-YFUTL,109.65,50,Month-to-month,Fiber optic,Bank transfer (automatic),0,0,No,0.055553945911060595,Low,N/A,N/A
7691-KGKGP,65.0,53,Month-to-month,DSL,Credit card (automatic),0,0,No,0.026756719176208768,Low,N/A,N/A
6710-HSJRD,114.1,61,Month-to-month,Fiber optic,Electronic check,0,0,No,0.023342317207308713,Low,N/A,N/A
3675-EQOZA,20.65,5,Month-to-month,No,Bank transfer (automatic),0,0,No,0.39522813930261125,Low,N/A,N/A
0840-DCNZE,86.95,47,One year,DSL,Bank transfer (automatic),0,0,No,0.010123610911563233,Low,N/A,N/A
1732-FEKLD,94.75,54,One year,Fiber optic,Bank transfer (automatic),0,0,No,0.029690522859625892,Low,N/A,N/A
9862-KJTYK,25.35,19,Month-to-month,DSL,Credit card (automatic),0,0,No,0.4425567473401621,High,Tenure,Contract Upgrade Incentive
0479-HMSWA,105.45,26,Two year,Fiber optic,Electronic check,0,0,No,0.06161163123491316,Low,N/A,N/A
5854-KSRBJ,25.4,70,Two year,No,Mailed check,0,0,No,0.00110795710079641,Low,N/A,N/A
0365-BZUWY,102.55,17,Month-to-month,Fiber optic,Electronic check,1,0,No,0.8644937830199978,Critical,Internetservice Fiber Optic,Contract Upgrade Incentive
5701-SVCWR,24.0,1,Month-to-month,No,Mailed check,0,2,No,0.39565846304006613,Low,N/A,N/A
3129-AAQOU,25.6,19,Two year,No,Mailed check,0,0,No,0.021991473960020803,Low,N/A,N/A
4922-CVPDX,73.5,26,Two year,DSL,Credit card (automatic),0,0,No,0.023565833289603003,Low,N/A,N/A
1357-BIJKI,98.25,50,One year,Fiber optic,Electronic check,0,0,No,0.04526640214045851,Low,N/A,N/A
1099-BTKWT,54.4,68,One year,DSL,Electronic check,0,0,No,0.011572263723737741,Low,N/A,N/A
2018-PZKMU,103.1,9,Month-to-month,Fiber optic,Electronic check,0,0,No,0.6938328953113385,High,Internetservice Fiber Optic,Contract Upgrade Incentive
7340-KEFQE,34.2,51,Two year,DSL,Bank transfer (automatic),0,0,No,0.009248841002669006,Low,N/A,N/A
4570-QHXHL,43.75,9,Month-to-month,DSL,Electronic check,0,0,No,0.6746369759474816,High,Tenure,Contract Upgrade Incentive
7392-YYPYJ,100.65,22,Month-to-month,Fiber optic,Electronic check,0,0,No,0.5380974959614825,High,Internetservice Fiber Optic,Contract Upgrade Incentive
2223-GDSHL,116.05,71,Two year,Fiber optic,Bank transfer (automatic),0,0,No,0.0006126238180017194,Low,N/A,N/A
9470-RTWDV,82.0,26,One year,DSL,Credit card (automatic),0,0,No,0.043561595918479266,Low,N/A,N/A
2176-OSJUV,65.15,71,Two year,DSL,Bank transfer (automatic),0,5,No,0.0009531398058781747,Low,N/A,N/A
9348-YVOMK,44.8,4,Month-to-month,DSL,Credit card (automatic),0,0,No,0.6277448698168592,High,Tenure,Contract Upgrade Incentive
8104-OSKWT,79.8,12,Month-to-month,Fiber optic,Electronic check,0,0,No,0.8139478421828862,Critical,Internetservice Fiber Optic,Contract Upgrade Incentive
4521-YEEHE,88.85,18,Month-to-month,Fiber optic,Electronic check,0,0,No,0.6477100292776548,High,Internetservice Fiber Optic,Contract Upgrade Incentive
4090-KPJIP,74.95,3,Month-to-month,Fiber optic,Electronic check,0,0,No,0.9036294496502986,Critical,Internetservice Fiber Optic,Contract Upgrade Incentive
3786-WOVKF,106.85,72,One year,Fiber optic,Bank transfer (automatic),0,0,No,0.005445625702552464,Low,N/A,N/A
2592-HODOV,19.3,13,One year,No,Credit card (automatic),0,0,No,0.12751907854124284,Low,N/A,N/A
7995-ZHHNZ,56.1,42,One year,DSL,Credit card (automatic),0,0,No,0.03647077102042829,Low,N/A,N/A
3824-RHKVR,19.7,17,Month-to-month,No,Credit card (automatic),0,5,No,0.2596887294624807,Low,N/A,N/A
5816-SCGFC,51.3,7,Month-to-month,DSL,Mailed check,0,0,No,0.6141003518964311,High,Tenure,Contract Upgrade Incentive
5989-AXPUC,118.6,68,Two year,Fiber optic,Mailed check,0,0,No,0.0008632717660077955,Low,N/A,N/A
4979-HPRFL,24.15,56,Two year,No,Bank transfer (automatic),0,0,No,0.0028342457195698677,Low,N/A,N/A
8590-OHDIW,20.3,38,One year,No,Mailed check,0,2,No,0.029700344746166823,Low,N/A,N/A
8015-IHCGW,115.5,72,Two year,Fiber optic,Electronic check,0,0,No,0.0008838166721841769,Low,N/A,N/A
2332-TODQS,25.05,48,One year,No,Credit card (automatic),0,0,No,0.019567770701084303,Low,N/A,N/A
9278-VZKCD,109.1,52,Month-to-month,Fiber optic,Electronic check,0,3,No,0.0968585479843325,Low,N/A,N/A
8008-OTEZX,19.65,35,One year,No,Mailed check,0,0,No,0.03496299458863004,Low,N/A,N/A
2773-OVBPK,111.3,67,Two year,Fiber optic,Bank transfer (automatic),0,0,No,0.0011709684937377012,Low,N/A,N/A
5999-LCXAO,29.9,1,Month-to-month,DSL,Mailed check,0,4,No,0.7223509307054718,Critical,Tenure,Contract Upgrade Incentive
5206-XZZQI,80.6,53,Month-to-month,Fiber optic,Mailed check,0,0,No,0.08311913823380754,Low,N/A,N/A
4803-LBYPN,20.8,34,Month-to-month,No,Mailed check,0,0,No,0.08729904717392936,Low,N/A,N/A
2139-FQHLM,89.95,19,Month-to-month,Fiber optic,Mailed check,0,0,No,0.5022114001174804,High,Internetservice Fiber Optic,Contract Upgrade Incentive
8261-GWDBQ,116.05,60,Two year,Fiber optic,Bank transfer (automatic),0,0,No,0.0025943734224844173,Low,N/A,N/A
1093-YSWCA,19.55,11,Two year,No,Credit card (automatic),1,0,No,0.14794018934403874,Low,N/A,N/A
3882-IYOIJ,115.25,60,Two year,Fiber optic,Credit card (automatic),0,0,No,0.001809315408364509,Low,N/A,N/A
8749-TZYEC,24.8,72,Two year,No,Credit card (automatic),0,0,No,0.0012056335881318262,Low,N/A,N/A
1755-FZQEC,19.9,39,One year,No,Mailed check,0,0,No,0.03138328464037139,Low,N/A,N/A
3115-JPJDD,81.25,59,One year,Fiber optic,Credit card (automatic),0,0,No,0.02891250251668096,Low,N/A,N/A
5600-KTXFM,69.95,2,Month-to-month,Fiber optic,Mailed check,0,0,No,0.8322066241256161,Critical,Internetservice Fiber Optic,Contract Upgrade Incentive
6339-TBELP,86.4,71,Two year,Fiber optic,Credit card (automatic),0,0,No,0.0021043868991580793,Low,N/A,N/A
7964-YESJC,66.3,24,Month-to-month,DSL,Mailed check,0,0,No,0.2297140575739754,Low,N/A,N/A
6173-GOLSU,94.65,67,Month-to-month,Fiber optic,Credit card (automatic),0,0,No,0.031458453536642825,Low,N/A,N/A
9938-ZREHM,72.1,37,One year,DSL,Mailed check,0,4,No,0.029560291628201313,Low,N/A,N/A
7950-XWOVN,34.7,11,Month-to-month,DSL,Mailed check,0,0,No,0.5481354240818918,High,Tenure,Contract Upgrade Incentive
4647-MUZON,95.95,18,Month-to-month,Fiber optic,Credit card (automatic),0,0,No,0.5619883525164723,High,Internetservice Fiber Optic,Contract Upgrade Incentive
9702-AIUJO,44.8,50,One year,DSL,Bank transfer (automatic),0,0,No,0.02784397177694235,Low,N/A,N/A
8849-PRIQJ,109.4,67,One year,Fiber optic,Electronic check,0,0,No,0.006194088878515987,Low,N/A,N/A
8851-RAGOV,71.05,25,Month-to-month,DSL,Mailed check,0,0,No,0.16599253512554343,Low,N/A,N/A
5396-IZEPB,19.7,9,Month-to-month,No,Credit card (automatic),0,0,No,0.332044475673119,Low,N/A,N/A
1729-VLAZJ,40.25,10,One year,DSL,Mailed check,0,4,No,0.24851293234531113,Low,N/A,N/A
8285-ABVLB,19.85,70,Two year,No,Credit card (automatic),0,4,No,0.0018646654102175244,Low,N/A,N/A
0701-TJSEF,68.25,9,Month-to-month,DSL,Bank transfer (automatic),0,0,No,0.42462964716471374,High,Tenure,Contract Upgrade Incentive
5712-VBOXD,20.15,4,Month-to-month,No,Credit card (automatic),0,1,No,0.4184641763701656,High,Tenure,Contract Upgrade Incentive
6629-LADHQ,50.95,2,Month-to-month,DSL,Mailed check,0,0,No,0.6449901264761897,High,Tenure,Contract Upgrade Incentive
1559-DTODC,25.15,19,Month-to-month,DSL,Bank transfer (automatic),0,4,No,0.5042273341989275,High,Tenure,Contract Upgrade Incentive
4797-MIWUM,20.25,7,Month-to-month,No,Bank transfer (automatic),0,0,No,0.3201298226064319,Low,N/A,N/A
8720-RQSBJ,44.0,1,Month-to-month,DSL,Electronic check,0,0,No,0.7947938382506996,Critical,Tenure,Contract Upgrade Incentive
4537-CIBHB,20.25,9,One year,No,Mailed check,0,0,No,0.1324714649063801,Low,N/A,N/A
4324-AHJKS,55.8,5,Month-to-month,DSL,Credit card (automatic),0,0,No,0.5942545962620054,High,Tenure,Contract Upgrade Incentive
4355-CVPVS,88.9,56,One year,Fiber optic,Bank transfer (automatic),0,0,No,0.024956204122401716,Low,N/A,N/A
4495-LHSSK,57.65,18,Month-to-month,DSL,Mailed check,0,3,No,0.3297142957372738,Low,N/A,N/A
5915-ANOEI,79.15,70,Two year,DSL,Mailed check,0,0,No,0.0005599526772997065,Low,N/A,N/A
9861-PDSZP,108.05,72,Two year,Fiber optic,Credit card (automatic),0,0,No,0.0009693701582574162,Low,N/A,N/A
7225-CBZPL,94.8,17,Month-to-month,Fiber optic,Electronic check,1,0,No,0.9027330016658833,Critical,Internetservice Fiber Optic,Contract Upgrade Incentive
6704-UTUKK,45.9,29,Month-to-month,DSL,Electronic check,0,0,No,0.32461190367586695,Low,N/A,N/A
2019-HDCZY,102.6,63,Two year,Fiber optic,Electronic check,0,0,No,0.004212588455633809,Low,N/A,N/A
8788-DOXSU,61.35,59,One year,DSL,Bank transfer (automatic),0,0,No,0.011356593540016235,Low,N/A,N/A
7404-JLKQG,57.55,3,Month-to-month,DSL,Electronic check,0,1,No,0.7148497583624095,Critical,Tenure,Contract Upgrade Incentive
7421-ZLUPA,29.25,8,Month-to-month,DSL,Mailed check,0,0,No,0.6360190719089817,High,Tenure,Contract Upgrade Incentive
3274-NSDWE,19.6,68,Two year,No,Credit card (automatic),0,0,No,0.0021058871645152515,Low,N/A,N/A
2632-IVXVF,111.75,68,Two year,Fiber optic,Credit card (automatic),0,0,No,0.0010030132912433969,Low,N/A,N/A
3692-JHONH,106.5,52,One year,Fiber optic,Electronic check,0,4,No,0.039255970021992145,Low,N/A,N/A
8915-NNTRC,107.7,72,Two year,Fiber optic,Credit card (automatic),0,0,No,0.0006930370960186791,Low,N/A,N/A
5914-GXMDA,19.3,32,One year,No,Mailed check,0,1,No,0.04843897602721713,Low,N/A,N/A
7463-IFMQU,20.05,72,Two year,No,Bank transfer (automatic),0,1,No,0.0017397460729266358,Low,N/A,N/A
2920-RNCEZ,69.95,1,Month-to-month,Fiber optic,Credit card (automatic),0,0,No,0.8491578249980333,Critical,Internetservice Fiber Optic,Contract Upgrade Incentive
2541-YGPKE,63.7,42,One year,DSL,Credit card (automatic),0,0,No,0.02082568597703895,Low,N/A,N/A
5382-TEMLV,50.9,45,Month-to-month,DSL,Bank transfer (automatic),1,3,No,0.2940309080203536,Low,N/A,N/A
3441-CGZJH,60.4,43,One year,DSL,Credit card (automatic),3,0,No,0.5587190245268451,High,Numtechtickets,Proactive Tech Support Outreach
9592-ERDKV,79.25,37,One year,DSL,Mailed check,0,0,No,0.027586150760040222,Low,N/A,N/A
4778-IZARL,110.1,63,Two year,Fiber optic,Credit card (automatic),0,0,No,0.0018007888658911728,Low,N/A,N/A
0432-CAJZV,90.7,3,Month-to-month,Fiber optic,Mailed check,0,0,No,0.8107457403273116,Critical,Internetservice Fiber Optic,Contract Upgrade Incentive
7008-LZVOZ,25.3,66,Two year,No,Credit card (automatic),0,0,No,0.001474776385038744,Low,N/A,N/A
1200-TUZHR,85.2,8,Month-to-month,Fiber optic,Electronic check,0,0,No,0.871356469876106,Critical,Internetservice Fiber Optic,Contract Upgrade Incentive
9365-CSLBQ,24.35,71,Two year,No,Mailed check,0,0,No,0.0011817553048934588,Low,N/A,N/A
5884-FBCTL,25.1,72,Two year,No,Bank transfer (automatic),0,4,No,0.0012144035795284367,Low,N/A,N/A
7130-CTCUS,54.55,16,Month-to-month,DSL,Bank transfer (automatic),0,0,No,0.4531178927965237,High,Tenure,Contract Upgrade Incentive
6242-FEGFD,96.6,66,Two year,Fiber optic,Mailed check,0,0,No,0.0019332904276747884,Low,N/A,N/A
6194-HBGQN,81.15,51,One year,DSL,Credit card (automatic),0,0,No,0.008499744648510941,Low,N/A,N/A
7634-WSWDB,38.5,8,Month-to-month,DSL,Electronic check,0,0,No,0.6729188847721089,High,Tenure,Contract Upgrade Incentive
6986-IXNDM,92.9,14,Month-to-month,Fiber optic,Electronic check,0,3,No,0.7309381532943708,Critical,Internetservice Fiber Optic,Contract Upgrade Incentive
2987-BJXIK,84.7,70,Two year,DSL,Mailed check,0,0,No,0.0006386422074169708,Low,N/A,N/A
9769-TSBZE,66.0,70,Two year,DSL,Electronic check,0,0,No,0.0013199865610441666,Low,N/A,N/A
1395-WSWXR,20.75,24,Two year,No,Mailed check,0,0,No,0.0206099352484492,Low,N/A,N/A
6023-GSSXW,61.45,69,Two year,DSL,Credit card (automatic),0,3,No,0.001668936551484475,Low,N/A,N/A
6752-APNJL,54.5,42,Month-to-month,DSL,Mailed check,0,0,No,0.08156216267619897,Low,N/A,N/A
0420-HLGXF,99.75,39,Month-to-month,Fiber optic,Electronic check,0,0,No,0.2915269525399983,Low,N/A,N/A
7446-KQISO,109.75,45,Two year,Fiber optic,Bank transfer (automatic),0,0,No,0.007162225278198344,Low,N/A,N/A
9823-EALYC,80.85,72,Two year,DSL,Bank transfer (automatic),3,0,No,0.023012363353622146,Low,N/A,N/A
0582-AVCLN,20.3,38,Two year,No,Mailed check,0,0,No,0.010679819237411068,Low,N/A,N/A
5803-NQJZO,67.8,72,Two year,DSL,Bank transfer (automatic),0,0,No,0.0008418389262512299,Low,N/A,N/A
2607-DHDAK,19.8,72,Two year,No,Credit card (automatic),0,5,No,0.0012874637541127763,Low,N/A,N/A
1073-XXCZD,25.7,55,Two year,No,Bank transfer (automatic),0,2,No,0.0033433869062496156,Low,N/A,N/A
0743-HRVFF,56.15,51,One year,DSL,Electronic check,0,2,No,0.023606577635509517,Low,N/A,N/A
4006-HKYHO,86.7,63,Two year,DSL,Bank transfer (automatic),0,0,No,0.0009134075475090985,Low,N/A,N/A
3727-JEZTU,20.4,1,Month-to-month,No,Mailed check,0,0,No,0.4443280963169184,High,Tenure,Contract Upgrade Incentive
8143-ETQTI,19.65,23,Two year,No,Mailed check,0,4,No,0.019837650348598804,Low,N/A,N/A
9667-TKTVZ,54.35,2,Month-to-month,DSL,Mailed check,0,0,No,0.5872173932822375,High,Tenure,Contract Upgrade Incentive
3657-COGMW,108.1,52,Month-to-month,Fiber optic,Credit card (automatic),0,0,No,0.06650962998948844,Low,N/A,N/A
8570-KLJYJ,54.45,36,One year,DSL,Mailed check,0,0,No,0.06305602828590012,Low,N/A,N/A
7754-IXRMC,45.35,1,Month-to-month,DSL,Mailed check,0,0,No,0.6782623249727942,High,Tenure,Contract Upgrade Incentive
9473-CBZOP,59.0,28,One year,DSL,Mailed check,0,1,No,0.09197328205737029,Low,N/A,N/A
2969-WGHQO,69.45,7,One year,DSL,Electronic check,0,0,No,0.31980535898172635,Low,N/A,N/A
4334-HOWRP,64.95,72,Two year,DSL,Credit card (automatic),2,0,No,0.015254337028275718,Low,N/A,N/A
5863-OOKCL,18.85,10,Month-to-month,No,Mailed check,0,4,No,0.33409311808233594,Low,N/A,N/A
1686-STUHN,19.8,42,One year,No,Bank transfer (automatic),0,0,No,0.029932466700155442,Low,N/A,N/A
1329-VHWNP,25.05,7,Month-to-month,DSL,Bank transfer (automatic),0,0,No,0.6879711753052108,High,Tenure,Contract Upgrade Incentive
0266-GMEAO,114.3,72,Two year,Fiber optic,Credit card (automatic),0,0,No,0.000606744078852557,Low,N/A,N/A
5574-NXZIU,109.2,63,Two year,Fiber optic,Credit card (automatic),0,0,No,0.0017256676888165732,Low,N/A,N/A
0019-GFNTW,45.05,56,Two year,DSL,Bank transfer (automatic),0,2,No,0.006010675008841258,Low,N/A,N/A
4256-ZWTZI,51.0,5,Month-to-month,DSL,Mailed check,0,0,No,0.510963498591809,High,Tenure,Contract Upgrade Incentive
8309-PPCED,110.45,72,Two year,Fiber optic,Bank transfer (automatic),0,3,No,0.0008903616087926686,Low,N/A,N/A
4098-NAUKP,84.65,68,Month-to-month,Fiber optic,Electronic check,0,0,No,0.049863891585175825,Low,N/A,N/A
5196-WPYOW,60.05,67,One year,DSL,Mailed check,0,0,No,0.0041509651595273474,Low,N/A,N/A
4608-LCIMN,44.65,8,Month-to-month,DSL,Bank transfer (automatic),0,0,No,0.5297749987529606,High,Tenure,Contract Upgrade Incentive
1485-YDHMM,93.25,52,Month-to-month,Fiber optic,Bank transfer (automatic),0,0,No,0.06263870630071981,Low,N/A,N/A
4054-CUMIA,20.25,18,Month-to-month,No,Mailed check,0,0,No,0.1999973876132577,Low,N/A,N/A
0603-TPMIB,25.45,59,Two year,No,Mailed check,0,0,No,0.0022575595177161648,Low,N/A,N/A
2525-GVKQU,20.6,60,Two year,No,Mailed check,1,0,No,0.01208320098424772,Low,N/A,N/A
8161-QYMTT,94.1,7,Month-to-month,Fiber optic,Electronic check,0,0,No,0.8225403986614189,Critical,Internetservice Fiber Optic,Contract Upgrade Incentive
9581-GVBXT,34.8,59,One year,DSL,Mailed check,0,5,No,0.01996004115754623,Low,N/A,N/A
5862-BRIXZ,60.75,46,Two year,DSL,Bank transfer (automatic),0,0,No,0.006486324361682541,Low,N/A,N/A
5404-GGUKR,51.35,5,Month-to-month,DSL,Electronic check,0,0,No,0.684816447752281,High,Tenure,Contract Upgrade Incentive
3308-JSGML,64.05,59,Two year,DSL,Credit card (automatic),0,0,No,0.0026191894615334747,Low,N/A,N/A
2126-GSEGL,84.8,70,Two year,DSL,Bank transfer (automatic),5,0,No,0.29279470353346354,Low,N/A,N/A
0440-QEXBZ,50.15,44,Month-to-month,DSL,Mailed check,0,0,No,0.10862843021004318,Low,N/A,N/A
2434-EEVDB,94.6,64,Two year,Fiber optic,Credit card (automatic),0,0,No,0.0036220615333519505,Low,N/A,N/A
6762-QVYJO,59.75,58,Two year,DSL,Mailed check,0,0,No,0.002297236703819653,Low,N/A,N/A
6199-IWKGC,100.25,46,One year,Fiber optic,Electronic check,0,0,No,0.060720474779196267,Low,N/A,N/A
2675-DHUTR,98.9,58,Month-to-month,Fiber optic,Electronic check,0,0,No,0.07388205698373741,Low,N/A,N/A
8152-VETUR,97.7,72,Two year,Fiber optic,Credit card (automatic),0,0,No,0.0017428230573384024,Low,N/A,N/A
7446-YPODE,60.25,11,Month-to-month,DSL,Bank transfer (automatic),0,0,No,0.5228530842154813,High,Tenure,Contract Upgrade Incentive
9522-BNTHX,56.25,34,Month-to-month,DSL,Electronic check,0,0,No,0.29102865757622687,Low,N/A,N/A
4676-WLUHT,46.2,54,Two year,DSL,Bank transfer (automatic),0,1,No,0.0075615394308605885,Low,N/A,N/A
7980-MHFLQ,24.9,72,Two year,No,Mailed check,0,4,No,0.0010842347039628458,Low,N/A,N/A
0757-WCUUZ,63.35,54,Two year,DSL,Credit card (automatic),0,0,No,0.0033502945725620856,Low,N/A,N/A
1629-DQQVB,50.1,14,Month-to-month,DSL,Bank transfer (automatic),0,1,No,0.4864244362682342,High,Tenure,Contract Upgrade Incentive
0374-AACSZ,50.15,1,Month-to-month,DSL,Electronic check,0,0,No,0.7597957106057575,Critical,Tenure,Contract Upgrade Incentive
4872-VXRIL,64.65,56,One year,DSL,Bank transfer (automatic),0,0,No,0.010234923809552115,Low,N/A,N/A
9140-CZQZZ,79.6,68,Two year,DSL,Bank transfer (automatic),1,0,No,0.0028453752940657056,Low,N/A,N/A
3423-HHXAO,19.5,14,One year,No,Mailed check,0,0,No,0.1046725644876621,Low,N/A,N/A
9938-TKDGL,99.55,68,Two year,Fiber optic,Electronic check,0,0,No,0.0021436259493126716,Low,N/A,N/A
0531-ZZJWQ,74.0,55,Month-to-month,Fiber optic,Electronic check,2,0,No,0.7598446295165446,Critical,Numtechtickets,Contract Upgrade Incentive
6537-QLGEX,38.9,16,Month-to-month,DSL,Electronic check,0,0,No,0.5907009079499342,High,Tenure,Contract Upgrade Incentive
2688-BHGOG,79.55,9,Month-to-month,Fiber optic,Electronic check,0,0,No,0.8625988243298552,Critical,Internetservice Fiber Optic,Contract Upgrade Incentive
3160-TYXLT,46.3,53,Month-to-month,DSL,Bank transfer (automatic),0,0,No,0.06875542424650806,Low,N/A,N/A
1325-USMEC,99.35,70,Two year,Fiber optic,Credit card (automatic),0,0,No,0.001669110045711648,Low,N/A,N/A
0916-QOFDP,95.8,14,Month-to-month,Fiber optic,Electronic check,0,0,No,0.7421803693333119,Critical,Internetservice Fiber Optic,Contract Upgrade Incentive
5606-AMZBO,78.15,10,Month-to-month,Fiber optic,Credit card (automatic),0,0,No,0.7680615750883194,Critical,Internetservice Fiber Optic,Contract Upgrade Incentive
6199-IPCAO,26.1,29,Two year,No,Mailed check,0,0,No,0.012642279608451198,Low,N/A,N/A
5640-CAXOA,40.35,30,One year,DSL,Credit card (automatic),0,0,No,0.10576662376472137,Low,N/A,N/A
2235-EZAIK,79.2,72,Two year,DSL,Credit card (automatic),0,4,No,0.0006150122227077264,Low,N/A,N/A
3847-BAERP,20.9,10,Month-to-month,No,Mailed check,0,0,No,0.32204996860949897,Low,N/A,N/A
1453-RZFON,49.9,1,Month-to-month,DSL,Mailed check,0,0,No,0.6301568479078824,High,Tenure,Contract Upgrade Incentive
8263-OKETD,68.9,20,Month-to-month,DSL,Credit card (automatic),0,2,No,0.2540631727425526,Low,N/A,N/A
0670-KDOMA,20.25,1,Month-to-month,No,Mailed check,0,0,No,0.4448323953357272,High,Tenure,Contract Upgrade Incentive
2476-YGEFM,76.0,29,Month-to-month,Fiber optic,Credit card (automatic),0,0,No,0.47023179165806717,High,Internetservice Fiber Optic,Contract Upgrade Incentive
8687-BAFGU,74.0,1,Month-to-month,Fiber optic,Electronic check,0,0,No,0.8906873298794274,Critical,Internetservice Fiber Optic,Contract Upgrade Incentive
0641-EVBOJ,82.3,3,Month-to-month,Fiber optic,Mailed check,0,0,No,0.7978142998607128,Critical,Internetservice Fiber Optic,Contract Upgrade Incentive
0829-XXPLX,89.4,20,Month-to-month,Fiber optic,Bank transfer (automatic),0,0,No,0.5786838456875142,High,Internetservice Fiber Optic,Contract Upgrade Incentive
9974-JFBHQ,99.15,64,Month-to-month,Fiber optic,Credit card (automatic),0,0,No,0.02026514068788781,Low,N/A,N/A
6624-JDRDS,29.45,6,Month-to-month,DSL,Bank transfer (automatic),0,5,No,0.6879154800558701,High,Tenure,Contract Upgrade Incentive
0608-JDVEC,19.8,50,Two year,No,Electronic check,0,2,No,0.0075513510003502845,Low,N/A,N/A
9780-FKVVF,59.15,6,Month-to-month,DSL,Bank transfer (automatic),0,0,No,0.5606355777423427,High,Tenure,Contract Upgrade Incentive
1919-RTPQD,44.75,7,Month-to-month,DSL,Electronic check,0,0,No,0.6303689551778011,High,Tenure,Contract Upgrade Incentive
5214-NLTIT,90.8,72,Two year,Fiber optic,Credit card (automatic),0,3,No,0.0016796911305901263,Low,N/A,N/A
3345-PBBFH,49.55,8,Month-to-month,DSL,Bank transfer (automatic),0,0,No,0.5491266566909687,High,Tenure,Contract Upgrade Incentive
5055-BRMNE,106.7,67,Two year,Fiber optic,Credit card (automatic),0,0,No,0.0013267469832841379,Low,N/A,N/A
2190-PHBHR,94.45,72,Two year,Fiber optic,Credit card (automatic),0,2,No,0.0017889830667903726,Low,N/A,N/A
2650-GYRYL,19.45,33,One year,No,Bank transfer (automatic),0,0,No,0.04066328013980631,Low,N/A,N/A
5208-FVQKB,67.95,70,Two year,DSL,Mailed check,0,0,No,0.0008639924057328246,Low,N/A,N/A
7184-LRUUR,65.25,22,One year,DSL,Bank transfer (automatic),0,0,No,0.13076279591778986,Low,N/A,N/A
6627-CFOSN,99.45,59,Month-to-month,Fiber optic,Bank transfer (automatic),0,0,No,0.04974881373047018,Low,N/A,N/A
3982-JGSFD,20.35,36,One year,No,Credit card (automatic),0,0,No,0.039009998878161964,Low,N/A,N/A
1574-DYCWE,19.95,51,Two year,No,Mailed check,0,0,No,0.004227966807177166,Low,N/A,N/A
7247-XOZPB,77.4,53,One year,DSL,Bank transfer (automatic),0,0,No,0.008061488778749987,Low,N/A,N/A
2466-FCCPT,19.7,20,One year,No,Bank transfer (automatic),0,1,No,0.08572051887719945,Low,N/A,N/A
6211-WWLTF,99.7,63,Two year,Fiber optic,Credit card (automatic),6,0,No,0.8867470150257055,Critical,Numtechtickets,Proactive Tech Support Outreach
4826-TZEVA,74.8,40,Month-to-month,Fiber optic,Credit card (automatic),0,0,No,0.2914448255072266,Low,N/A,N/A
6016-NXBNJ,19.15,35,One year,No,Mailed check,0,0,No,0.0401562772683836,Low,N/A,N/A
9138-EFSMO,78.95,26,One year,Fiber optic,Bank transfer (automatic),0,0,No,0.23112330022939614,Low,N/A,N/A
4632-XJMEX,62.85,53,One year,DSL,Credit card (automatic),0,0,No,0.010626547742726106,Low,N/A,N/A
8910-LEDAG,71.55,34,Month-to-month,Fiber optic,Credit card (automatic),0,4,No,0.4223980823595755,High,Internetservice Fiber Optic,Contract Upgrade Incentive
3452-GWUIN,94.95,19,Month-to-month,Fiber optic,Electronic check,0,0,No,0.6984226292958593,High,Internetservice Fiber Optic,Contract Upgrade Incentive
2716-GFZOR,86.1,43,Month-to-month,Fiber optic,Credit card (automatic),0,0,No,0.17838433634846027,Low,N/A,N/A
3724-UCSHY,19.55,6,Month-to-month,No,Mailed check,0,0,No,0.3113592429289046,Low,N/A,N/A
8626-XHBIE,24.8,56,Two year,No,Mailed check,4,0,No,0.34045548832763595,Low,N/A,N/A
3192-LNKRK,84.05,34,Month-to-month,Fiber optic,Mailed check,0,0,No,0.2582978940726364,Low,N/A,N/A
4439-YRNVD,36.25,10,Month-to-month,DSL,Electronic check,0,1,No,0.6431288469288916,High,Tenure,Contract Upgrade Incentive
2208-UGTGR,98.6,56,Month-to-month,Fiber optic,Electronic check,0,0,No,0.07466600776334988,Low,N/A,N/A
3005-TYFRD,103.65,55,Month-to-month,Fiber optic,Credit card (automatic),0,0,No,0.049866514474599374,Low,N/A,N/A
8670-MEFCP,92.9,36,Two year,DSL,Credit card (automatic),0,0,No,0.004942604158905832,Low,N/A,N/A
3079-BCHLN,19.9,47,One year,No,Bank transfer (automatic),0,0,No,0.02161615301960825,Low,N/A,N/A
7777-UNYHB,20.1,12,Month-to-month,No,Credit card (automatic),0,0,No,0.2725069427823588,Low,N/A,N/A
7278-CKDNC,80.5,24,Month-to-month,Fiber optic,Electronic check,0,0,No,0.6554754771191056,High,Internetservice Fiber Optic,Contract Upgrade Incentive
8450-UYIBU,39.85,35,Month-to-month,DSL,Electronic check,0,4,No,0.35136771817391316,Low,N/A,N/A
2969-VAPYH,60.5,67,One year,DSL,Credit card (automatic),0,0,No,0.006128846132109953,Low,N/A,N/A
7181-OQCUT,103.85,21,Month-to-month,Fiber optic,Mailed check,0,0,No,0.4387181593747111,High,Internetservice Fiber Optic,Contract Upgrade Incentive
8474-UMLNT,67.8,13,Month-to-month,DSL,Bank transfer (automatic),0,0,No,0.3809726538120988,Low,N/A,N/A
3836-FZSDJ,24.85,71,Two year,No,Bank transfer (automatic),0,0,No,0.0016514530444502607,Low,N/A,N/A
9142-XMYJH,19.35,29,Month-to-month,No,Credit card (automatic),0,0,No,0.1525101312732065,Low,N/A,N/A
0187-QSXOE,89.0,7,Month-to-month,Fiber optic,Electronic check,0,3,No,0.8567307620306578,Critical,Internetservice Fiber Optic,Contract Upgrade Incentive
7733-UDMTP,55.0,57,Month-to-month,DSL,Electronic check,0,0,No,0.08072927614592307,Low,N/A,N/A
2649-HWLYB,76.15,65,Two year,DSL,Bank transfer (automatic),0,0,No,0.0010182765612602156,Low,N/A,N/A
5214-CHIWJ,20.3,27,One year,No,Mailed check,0,0,No,0.058189682065220474,Low,N/A,N/A
6904-JLBGY,117.35,72,Two year,Fiber optic,Credit card (automatic),0,0,No,0.0008633290630044378,Low,N/A,N/A
2465-BLLEU,19.75,1,Month-to-month,No,Mailed check,0,0,No,0.4232467310966666,High,Tenure,Contract Upgrade Incentive
1685-VAYJF,45.2,11,Month-to-month,DSL,Credit card (automatic),0,0,No,0.517930839010645,High,Tenure,Contract Upgrade Incentive
8874-EJNSR,25.2,39,Two year,No,Mailed check,0,0,No,0.006520822988838298,Low,N/A,N/A
6917-YACBP,89.75,59,Month-to-month,Fiber optic,Electronic check,0,0,No,0.09880875578106385,Low,N/A,N/A
5049-MUBWG,75.0,26,One year,DSL,Bank transfer (automatic),0,0,No,0.06488974166587355,Low,N/A,N/A
4223-WOZCM,49.95,2,Month-to-month,DSL,Mailed check,0,0,No,0.675762653470964,High,Tenure,Contract Upgrade Incentive
0769-MURVM,65.7,72,Two year,DSL,Bank transfer (automatic),0,3,No,0.0008819648406937437,Low,N/A,N/A
9253-VIFJQ,67.05,65,One year,DSL,Credit card (automatic),1,3,No,0.020759271671550804,Low,N/A,N/A
7030-FZTFM,110.9,72,Two year,Fiber optic,Credit card (automatic),0,4,No,0.000663564439466067,Low,N/A,N/A
9741-YLNTD,87.95,6,Month-to-month,Fiber optic,Bank transfer (automatic),0,0,No,0.7624185399392346,Critical,Internetservice Fiber Optic,Contract Upgrade Incentive
5917-RYRMG,19.8,32,One year,No,Credit card (automatic),0,0,No,0.05994873287238174,Low,N/A,N/A
5120-ZBLAI,75.7,50,One year,DSL,Bank transfer (automatic),0,0,No,0.013984115857499096,Low,N/A,N/A
1194-BHJYC,62.15,61,Two year,DSL,Mailed check,0,2,No,0.0019333587767236258,Low,N/A,N/A
0906-QVPMS,115.15,72,Two year,Fiber optic,Bank transfer (automatic),0,4,No,0.0006750124892849573,Low,N/A,N/A
1905-OEILC,19.5,1,Month-to-month,No,Mailed check,0,0,No,0.44735557488183453,High,Tenure,Contract Upgrade Incentive
7858-GTZSP,86.55,12,Month-to-month,Fiber optic,Electronic check,0,0,No,0.7965216238599498,Critical,Internetservice Fiber Optic,Contract Upgrade Incentive
6248-BSHKG,20.4,61,One year,No,Mailed check,0,0,No,0.0076683269752204405,Low,N/A,N/A
4685-TFLLS,19.8,18,One year,No,Bank transfer (automatic),0,4,No,0.0872361396521729,Low,N/A,N/A
3470-BTGQO,45.65,21,Month-to-month,DSL,Mailed check,0,0,No,0.31240765279479327,Low,N/A,N/A
1209-VFFOC,56.4,68,Two year,DSL,Mailed check,0,0,No,0.001206527772381838,Low,N/A,N/A
8224-DWCKX,73.3,12,Month-to-month,Fiber optic,Credit card (automatic),0,0,No,0.7891989612677213,Critical,Internetservice Fiber Optic,Contract Upgrade Incentive
4553-DVPZG,101.35,62,Month-to-month,Fiber optic,Electronic check,0,1,No,0.04738222358868326,Low,N/A,N/A
6917-IAYHD,33.6,1,Month-to-month,DSL,Mailed check,0,0,No,0.6127121975462595,High,Tenure,Contract Upgrade Incentive
8620-RJPZN,20.7,1,Month-to-month,No,Electronic check,0,0,No,0.5605553130108942,High,Tenure,Contract Upgrade Incentive
7572-KPVKK,104.05,62,Two year,Fiber optic,Electronic check,0,0,No,0.0029400357834372384,Low,N/A,N/A
2642-MAWLJ,20.25,36,Two year,No,Bank transfer (automatic),0,0,No,0.010824371866095759,Low,N/A,N/A
7103-ZGVNT,73.7,69,One year,DSL,Credit card (automatic),0,0,No,0.0027246702892840756,Low,N/A,N/A
2027-WKXMW,108.75,63,Month-to-month,Fiber optic,Electronic check,0,5,No,0.027100734471306728,Low,N/A,N/A
7137-NAXML,20.15,23,One year,No,Bank transfer (automatic),0,0,No,0.08249846757033907,Low,N/A,N/A
2428-ZMCTB,19.75,10,Month-to-month,No,Credit card (automatic),0,0,No,0.3191858753554407,Low,N/A,N/A
2961-VNFKL,25.95,71,Two year,No,Credit card (automatic),0,0,No,0.0014032361172004071,Low,N/A,N/A
1768-HNVGJ,70.05,45,Month-to-month,DSL,Electronic check,0,0,No,0.09649153658351826,Low,N/A,N/A
6963-KQYQB,24.05,70,Two year,No,Mailed check,0,0,No,0.0012469094790100654,Low,N/A,N/A
5934-RMPOV,84.75,22,Month-to-month,Fiber optic,Electronic check,0,0,No,0.6233038809878322,High,Internetservice Fiber Optic,Contract Upgrade Incentive
1207-BLKSA,23.05,52,Two year,No,Mailed check,0,2,No,0.0035904500231672388,Low,N/A,N/A
8316-BBQAY,59.95,65,Two year,DSL,Credit card (automatic),0,0,No,0.001920440683706709,Low,N/A,N/A
1166-PQLGG,19.55,72,Two year,No,Bank transfer (automatic),0,0,No,0.0014868604614753857,Low,N/A,N/A
3146-JTQHR,19.6,10,One year,No,Bank transfer (automatic),0,0,No,0.14765200900661893,Low,N/A,N/A
4291-YZODP,20.05,7,One year,No,Mailed check,0,0,No,0.1549477842027502,Low,N/A,N/A
4395-PZMSN,85.55,5,Month-to-month,Fiber optic,Electronic check,0,0,No,0.8863757337873457,Critical,Internetservice Fiber Optic,Contract Upgrade Incentive
6427-FEFIG,78.6,24,Two year,DSL,Credit card (automatic),0,0,No,0.0213368941261737,Low,N/A,N/A
0017-IUDMW,116.8,72,Two year,Fiber optic,Credit card (automatic),0,0,No,0.0005664803015170271,Low,N/A,N/A
8706-HRADD,43.55,21,Month-to-month,DSL,Mailed check,1,0,No,0.6221841510130458,High,Numtechtickets,Contract Upgrade Incentive
9955-QOPOY,60.8,69,One year,DSL,Credit card (automatic),0,0,No,0.00418728759960916,Low,N/A,N/A
4385-ZKVNW,54.9,44,Month-to-month,DSL,Bank transfer (automatic),0,4,No,0.0634982707184892,Low,N/A,N/A
5446-DKWYW,65.2,61,One year,DSL,Electronic check,0,0,No,0.013854661877184543,Low,N/A,N/A
9031-ZVQPT,108.2,72,Two year,Fiber optic,Electronic check,0,0,No,0.0012466995962969656,Low,N/A,N/A
2990-IAJSV,92.0,72,Two year,DSL,Bank transfer (automatic),0,3,No,0.00035591416319857454,Low,N/A,N/A
8107-KNCIM,75.1,14,Month-to-month,Fiber optic,Electronic check,0,0,No,0.8172030695577344,Critical,Internetservice Fiber Optic,Contract Upgrade Incentive
9027-YFHQJ,25.05,7,Month-to-month,No,Bank transfer (automatic),0,0,No,0.35410127432138416,Low,N/A,N/A
5176-LDKUH,75.15,48,One year,Fiber optic,Electronic check,0,0,No,0.10559488462671505,Low,N/A,N/A
4644-OBGFZ,19.5,55,One year,No,Mailed check,0,0,No,0.011071684430498711,Low,N/A,N/A
7926-IJOOU,19.3,1,Month-to-month,No,Credit card (automatic),0,0,No,0.4378883605370517,High,Tenure,Contract Upgrade Incentive
6480-YAGIY,112.2,45,One year,Fiber optic,Credit card (automatic),0,4,No,0.0264042660245799,Low,N/A,N/A
4029-HPFVY,70.3,3,Month-to-month,Fiber optic,Mailed check,0,0,No,0.8496149538226846,Critical,Internetservice Fiber Optic,Contract Upgrade Incentive
7602-DBTOU,19.6,71,Two year,No,Mailed check,0,0,No,0.001641026531459951,Low,N/A,N/A
5345-BMKWB,20.25,8,Month-to-month,No,Mailed check,0,0,No,0.3183230666379374,Low,N/A,N/A
5457-COLHT,80.65,69,Two year,DSL,Bank transfer (automatic),0,0,No,0.00055535382134878,Low,N/A,N/A
5451-YHYPW,115.75,72,Two year,Fiber optic,Credit card (automatic),0,0,No,0.0008303308265212029,Low,N/A,N/A
7998-WNZEM,80.6,71,Two year,DSL,Bank transfer (automatic),0,0,No,0.00058821230914867,Low,N/A,N/A
4664-NJCMS,59.55,33,Two year,DSL,Bank transfer (automatic),0,0,No,0.017016550744373242,Low,N/A,N/A
0307-BCOPK,19.05,16,One year,No,Mailed check,0,0,No,0.11433218373159124,Low,N/A,N/A
7629-WFGLW,95.65,56,One year,Fiber optic,Electronic check,0,3,No,0.03225422011792964,Low,N/A,N/A
2542-HYGIQ,19.95,1,Month-to-month,No,Credit card (automatic),0,0,No,0.4591184700395719,High,Tenure,Contract Upgrade Incentive
5016-LIPDW,19.4,57,One year,No,Mailed check,5,0,No,0.8801941659389552,Critical,Numtechtickets,Proactive Tech Support Outreach
6481-LXPWL,36.1,56,One year,DSL,Credit card (automatic),0,0,No,0.02393968330508085,Low,N/A,N/A
6124-ACRHJ,19.75,1,Month-to-month,No,Mailed check,0,0,No,0.44651420717046486,High,Tenure,Contract Upgrade Incentive
9362-MWODR,64.1,40,Month-to-month,DSL,Credit card (automatic),0,4,No,0.07596946356359507,Low,N/A,N/A
9975-GPKZU,19.75,46,Two year,No,Credit card (automatic),0,0,No,0.00548921242975246,Low,N/A,N/A
9625-RZFUK,19.7,63,Two year,No,Mailed check,0,0,No,0.0019839979744420305,Low,N/A,N/A
5153-LXKDT,110.2,68,Two year,Fiber optic,Electronic check,0,0,No,0.001753116743098401,Low,N/A,N/A
5161-UBZXI,106.35,69,Two year,Fiber optic,Credit card (automatic),0,0,No,0.001012833425545008,Low,N/A,N/A
1020-JPQOW,90.55,56,Month-to-month,Fiber optic,Electronic check,0,0,No,0.08144644406161688,Low,N/A,N/A
7919-ZODZZ,65.9,10,One year,DSL,Mailed check,0,1,No,0.20018950632632296,Low,N/A,N/A
0565-JUPYD,104.5,63,One year,Fiber optic,Credit card (automatic),0,0,No,0.00742938082184488,Low,N/A,N/A
6867-ACCZI,52.5,24,Two year,DSL,Mailed check,0,0,No,0.028604212906426788,Low,N/A,N/A
5939-XAIXZ,56.1,19,Month-to-month,DSL,Mailed check,0,0,No,0.3542789023246355,Low,N/A,N/A
9054-FOWNV,88.75,22,Month-to-month,Fiber optic,Electronic check,0,0,No,0.568456372049649,High,Internetservice Fiber Optic,Contract Upgrade Incentive
8207-VVMYB,26.0,70,Two year,No,Bank transfer (automatic),0,2,No,0.0014652728827829905,Low,N/A,N/A
9732-EQMWY,99.4,49,Month-to-month,Fiber optic,Electronic check,0,0,No,0.12272551166024198,Low,N/A,N/A
5269-NRGDP,73.15,42,One year,DSL,Electronic check,0,0,No,0.02496999544581808,Low,N/A,N/A
6195-MELTI,54.65,57,One year,DSL,Mailed check,0,0,No,0.011775932224191486,Low,N/A,N/A
2121-JAFOM,115.55,72,Two year,Fiber optic,Credit card (automatic),0,0,No,0.0007020931367909941,Low,N/A,N/A
8818-DOPVL,104.45,46,Month-to-month,Fiber optic,Electronic check,0,0,No,0.1731710737969865,Low,N/A,N/A
1227-UDMZR,91.15,72,Two year,DSL,Bank transfer (automatic),0,0,No,0.00037283948270802397,Low,N/A,N/A
5198-HQAEN,89.7,35,One year,Fiber optic,Electronic check,0,0,No,0.11912713114945868,Low,N/A,N/A
2167-FQSTQ,92.4,72,Two year,DSL,Electronic check,0,0,No,0.0004983750302936994,Low,N/A,N/A
2819-GWENI,19.9,28,One year,No,Mailed check,0,0,No,0.050943504066508064,Low,N/A,N/A
3572-UUHRS,18.85,45,One year,No,Bank transfer (automatic),0,0,No,0.026130794114718615,Low,N/A,N/A
2692-PFYTJ,25.75,1,Month-to-month,No,Mailed check,0,0,No,0.42642399107422874,High,Tenure,Contract Upgrade Incentive
5955-EPOAZ,20.95,6,Month-to-month,No,Mailed check,0,0,No,0.37648093581776254,Low,N/A,N/A
6821-JPCDC,97.05,48,One year,Fiber optic,Electronic check,0,0,No,0.05807140097889639,Low,N/A,N/A
8815-LMFLX,25.4,25,Month-to-month,No,Bank transfer (automatic),0,0,No,0.13903486086454403,Low,N/A,N/A
9135-HSWOC,19.7,64,Two year,No,Bank transfer (automatic),0,3,No,0.002122081306627372,Low,N/A,N/A
8582-KRHPJ,35.0,50,Month-to-month,DSL,Mailed check,0,0,No,0.10202309427925539,Low,N/A,N/A
5811-IWXYM,101.25,52,One year,Fiber optic,Bank transfer (automatic),0,0,No,0.023139586806573825,Low,N/A,N/A
7044-YAACC,70.2,4,Month-to-month,Fiber optic,Electronic check,0,0,No,0.9081435708109619,Critical,Internetservice Fiber Optic,Contract Upgrade Incentive
8189-XRIKE,90.95,32,Month-to-month,Fiber optic,Electronic check,0,0,No,0.4858164962521284,High,Internetservice Fiber Optic,Contract Upgrade Incentive
1506-YJTYT,73.85,45,Two year,DSL,Credit card (automatic),0,2,No,0.003744218340357228,Low,N/A,N/A
4123-DVHPH,88.05,9,Month-to-month,Fiber optic,Electronic check,0,0,No,0.8062370974318338,Critical,Internetservice Fiber Optic,Contract Upgrade Incentive
2228-BZDEE,20.1,54,Two year,No,Mailed check,0,0,No,0.004415309596397684,Low,N/A,N/A
2789-CZANW,110.3,64,Two year,Fiber optic,Bank transfer (automatic),0,0,No,0.0015643151165480118,Low,N/A,N/A
7596-LDUXP,85.15,12,One year,Fiber optic,Credit card (automatic),0,3,No,0.49660987432940856,High,Internetservice Fiber Optic,VIP Loyalty Check-in
3740-RLMVT,60.95,67,One year,DSL,Bank transfer (automatic),0,0,No,0.006349299822888019,Low,N/A,N/A
2192-OZITF,73.55,45,Two year,DSL,Mailed check,0,0,No,0.0048555878530167195,Low,N/A,N/A
5651-CPDND,46.0,10,Month-to-month,DSL,Mailed check,0,1,No,0.5140929889468059,High,Tenure,Contract Upgrade Incentive
2186-QZEYA,58.55,29,Month-to-month,DSL,Bank transfer (automatic),0,0,No,0.26570556959347813,Low,N/A,N/A
1131-ALZWV,24.6,24,One year,No,Bank transfer (automatic),0,0,No,0.07674095279198291,Low,N/A,N/A
7729-XBTWX,19.75,66,Two year,No,Mailed check,0,0,No,0.001674710640926477,Low,N/A,N/A
9134-WYRVP,86.35,51,One year,Fiber optic,Mailed check,0,0,No,0.04071760615429015,Low,N/A,N/A
3284-SVCRO,25.5,45,Two year,No,Mailed check,0,0,No,0.005932194948751033,Low,N/A,N/A
9732-OUYRN,19.0,49,One year,No,Credit card (automatic),1,0,No,0.07317594459346423,Low,N/A,N/A
0559-CKHUS,19.55,29,Two year,No,Mailed check,0,0,No,0.016887207599538316,Low,N/A,N/A
2931-SVLTV,110.1,40,Month-to-month,Fiber optic,Credit card (automatic),0,0,No,0.08691790291747878,Low,N/A,N/A
7504-UWHNB,69.75,25,Month-to-month,Fiber optic,Electronic check,0,1,No,0.6549977380321338,High,Internetservice Fiber Optic,Contract Upgrade Incentive
2582-FFFZR,50.6,22,Month-to-month,DSL,Electronic check,0,0,No,0.4462982618840636,High,Tenure,Contract Upgrade Incentive
8908-NMQTX,65.6,72,Two year,DSL,Bank transfer (automatic),0,0,No,0.0009926300849716233,Low,N/A,N/A
1431-AIDJQ,82.1,33,Two year,DSL,Credit card (automatic),0,0,No,0.007723951882271632,Low,N/A,N/A
6288-LBEAR,79.1,23,Month-to-month,Fiber optic,Mailed check,1,0,No,0.7921465513582012,Critical,Internetservice Fiber Optic,Contract Upgrade Incentive
8413-YNHNV,90.65,69,Two year,DSL,Mailed check,0,0,No,0.00041367425746105865,Low,N/A,N/A
5808-TOTXO,20.55,3,One year,No,Credit card (automatic),0,2,No,0.19140450796971972,Low,N/A,N/A
4369-NYSCF,75.75,56,One year,DSL,Bank transfer (automatic),0,4,No,0.0072350472029367625,Low,N/A,N/A
6333-YDVLT,110.0,65,One year,Fiber optic,Credit card (automatic),0,0,No,0.005247055157536964,Low,N/A,N/A
5324-KTGCG,20.85,71,One year,No,Electronic check,0,0,No,0.007858979155126075,Low,N/A,N/A
5599-HVLTW,80.35,14,Month-to-month,Fiber optic,Bank transfer (automatic),0,0,No,0.7703437653622461,Critical,Internetservice Fiber Optic,Contract Upgrade Incentive
7394-LWLYN,70.15,2,Month-to-month,Fiber optic,Electronic check,0,0,No,0.9152785504071007,Critical,Internetservice Fiber Optic,Contract Upgrade Incentive
6873-UDNLD,67.45,40,Month-to-month,DSL,Electronic check,0,0,No,0.1238756611399349,Low,N/A,N/A
2700-LUEVA,20.75,1,Month-to-month,No,Credit card (automatic),0,0,No,0.4330351056373753,High,Tenure,Contract Upgrade Incentive
0958-YHXGP,69.9,7,Month-to-month,Fiber optic,Mailed check,0,0,No,0.824263176400736,Critical,Internetservice Fiber Optic,Contract Upgrade Incentive
1101-SSWAG,51.1,15,Month-to-month,DSL,Electronic check,0,0,No,0.5450088791921048,High,Tenure,Contract Upgrade Incentive
5743-KHMNA,25.55,71,Two year,No,Bank transfer (automatic),0,0,No,0.001402019450777434,Low,N/A,N/A
4194-FJARJ,60.0,54,Two year,DSL,Bank transfer (automatic),0,4,No,0.003500910870580911,Low,N/A,N/A
5325-UWTWJ,90.55,31,Month-to-month,Fiber optic,Credit card (automatic),0,0,No,0.269364878880266,Low,N/A,N/A
3969-GYXEL,76.4,11,Month-to-month,Fiber optic,Electronic check,0,0,No,0.8352174963147163,Critical,Internetservice Fiber Optic,Contract Upgrade Incentive
9208-OLGAQ,84.95,18,Month-to-month,Fiber optic,Electronic check,0,1,No,0.765469870151806,Critical,Internetservice Fiber Optic,Contract Upgrade Incentive
3244-CQPHU,110.1,72,Two year,Fiber optic,Bank transfer (automatic),0,0,No,0.0012668488497539336,Low,N/A,N/A
2674-MLXMN,99.65,71,Month-to-month,Fiber optic,Credit card (automatic),6,0,No,0.9835629934841286,Critical,Numtechtickets,Proactive Tech Support Outreach
9708-HPXWZ,45.4,5,Month-to-month,DSL,Credit card (automatic),0,0,No,0.6142372029457847,High,Tenure,Contract Upgrade Incentive
6992-TKNYO,69.0,38,One year,DSL,Credit card (automatic),0,4,No,0.028093360993533333,Low,N/A,N/A
4468-YDOVK,48.65,5,Month-to-month,DSL,Bank transfer (automatic),0,0,No,0.5282171044201255,High,Tenure,Contract Upgrade Incentive
5792-JALQC,59.85,52,Two year,DSL,Bank transfer (automatic),0,0,No,0.007599918390086878,Low,N/A,N/A
2200-DSAAL,80.65,68,Two year,DSL,Electronic check,0,0,No,0.0014762593297212986,Low,N/A,N/A
4302-ZYFEL,20.55,69,One year,No,Credit card (automatic),0,0,No,0.005167205750568658,Low,N/A,N/A
9351-LZYGF,66.4,42,Month-to-month,DSL,Credit card (automatic),0,0,No,0.06779482373962459,Low,N/A,N/A
4366-CTOUZ,100.2,50,Two year,Fiber optic,Mailed check,0,0,No,0.007343315382248904,Low,N/A,N/A
1518-OMDIK,44.55,33,Month-to-month,DSL,Credit card (automatic),0,0,No,0.20256003130975178,Low,N/A,N/A
6671-NGWON,20.35,7,Month-to-month,No,Mailed check,0,0,No,0.3638095861911937,Low,N/A,N/A
0595-ITUDF,91.8,64,Month-to-month,Fiber optic,Electronic check,0,0,No,0.041061993865474884,Low,N/A,N/A
1955-IBMMB,20.2,59,Two year,No,Bank transfer (automatic),0,0,No,0.0034022745086308755,Low,N/A,N/A
0096-BXERS,50.35,6,Month-to-month,DSL,Electronic check,0,0,No,0.6813915923049324,High,Tenure,Contract Upgrade Incentive
3806-YAZOV,18.8,3,Month-to-month,No,Mailed check,0,0,No,0.4226813440006212,High,Tenure,Contract Upgrade Incentive
7998-ZLXWN,20.45,15,Month-to-month,No,Credit card (automatic),0,1,No,0.26610448523756863,Low,N/A,N/A
6253-WRFHY,64.75,13,One year,DSL,Electronic check,0,0,No,0.2295023860053472,Low,N/A,N/A
9133-AYJZG,98.7,23,Month-to-month,Fiber optic,Credit card (automatic),0,0,No,0.4654121445215696,High,Internetservice Fiber Optic,Contract Upgrade Incentive
2675-OTVVJ,89.45,31,Month-to-month,Fiber optic,Electronic check,0,0,No,0.47229616247035733,High,Internetservice Fiber Optic,Contract Upgrade Incentive
8680-CGLTP,58.75,29,One year,DSL,Electronic check,0,0,No,0.10211246378941564,Low,N/A,N/A
8430-TWCBX,20.7,49,One year,No,Credit card (automatic),0,0,No,0.019503993607425368,Low,N/A,N/A
5018-GWURO,85.6,56,Month-to-month,Fiber optic,Bank transfer (automatic),0,2,No,0.0800862447186125,Low,N/A,N/A
6741-QRLUP,80.3,63,Two year,DSL,Credit card (automatic),0,2,No,0.001138274239206268,Low,N/A,N/A
4737-HOBAX,79.8,63,Two year,DSL,Credit card (automatic),0,0,No,0.0009715599547495905,Low,N/A,N/A
0537-QYZZN,79.85,24,Month-to-month,Fiber optic,Electronic check,2,5,No,0.9591545207437366,Critical,Numtechtickets,Contract Upgrade Incentive
3340-QBBFM,54.1,36,One year,DSL,Credit card (automatic),0,0,No,0.056610469781401294,Low,N/A,N/A
8200-KLNYW,80.9,21,One year,DSL,Mailed check,0,0,No,0.07463688701817589,Low,N/A,N/A
3372-CDXFJ,24.5,13,One year,No,Bank transfer (automatic),0,0,No,0.10281983290914065,Low,N/A,N/A
4781-ZXYGU,20.15,1,Month-to-month,No,Bank transfer (automatic),0,0,No,0.39939920782445193,Low,N/A,N/A
7632-YUTXB,20.05,25,One year,No,Mailed check,1,2,No,0.18943497442654594,Low,N/A,N/A
2718-YSKCS,19.6,71,Two year,No,Bank transfer (automatic),0,3,No,0.0014551043256403186,Low,N/A,N/A
9896-UYMIE,114.3,66,One year,Fiber optic,Bank transfer (automatic),0,0,No,0.004637917819971747,Low,N/A,N/A
0853-NWIFK,100.3,45,One year,Fiber optic,Electronic check,0,5,No,0.07198362125779316,Low,N/A,N/A
8212-CRQXP,80.0,22,Month-to-month,Fiber optic,Credit card (automatic),0,0,No,0.5691496022409162,High,Internetservice Fiber Optic,Contract Upgrade Incentive
6980-CDGFC,20.85,67,One year,No,Bank transfer (automatic),0,0,No,0.007892527036594477,Low,N/A,N/A
7691-XVTZH,89.95,68,Two year,Fiber optic,Bank transfer (automatic),0,4,No,0.003344458439112803,Low,N/A,N/A
2520-SGTTA,20.0,0,Two year,No,Mailed check,0,5,No,0.06706640269815593,Low,N/A,N/A
2277-VWCNI,48.75,4,Month-to-month,DSL,Mailed check,0,0,No,0.6733638925328119,High,Tenure,Contract Upgrade Incentive
1088-CNNKB,80.0,63,One year,DSL,Credit card (automatic),0,0,No,0.00337748961452687,Low,N/A,N/A
1930-BZLHI,20.35,21,One year,No,Mailed check,0,0,No,0.08053769348292425,Low,N/A,N/A
5868-YTYKS,20.25,1,Month-to-month,No,Mailed check,0,0,No,0.3852731729346785,Low,N/A,N/A
3525-DVKFN,19.4,17,Two year,No,Mailed check,0,0,No,0.033436256247093094,Low,N/A,N/A
1482-OXZSY,100.4,30,Month-to-month,Fiber optic,Bank transfer (automatic),0,0,No,0.31851303499792677,Low,N/A,N/A
0377-JBKKT,57.95,22,Month-to-month,DSL,Mailed check,0,0,No,0.2051851493205306,Low,N/A,N/A
5778-BVOFB,59.5,9,Month-to-month,DSL,Bank transfer (automatic),0,0,No,0.4806354761890376,High,Tenure,Contract Upgrade Incentive
3373-YZZYM,19.2,1,Month-to-month,No,Mailed check,0,5,No,0.37501540897066166,Low,N/A,N/A
0228-MAUWC,59.55,19,Month-to-month,DSL,Electronic check,1,0,No,0.692450931978184,High,Numtechtickets,Contract Upgrade Incentive
7663-YJHSN,103.95,72,Two year,Fiber optic,Bank transfer (automatic),1,0,No,0.004157870233865852,Low,N/A,N/A
4915-BFSXL,68.95,70,Two year,DSL,Credit card (automatic),0,0,No,0.0008877445796046079,Low,N/A,N/A
3086-RUCRN,103.1,66,Month-to-month,Fiber optic,Bank transfer (automatic),0,3,No,0.020645056824272857,Low,N/A,N/A
5215-LNLDJ,24.7,7,Month-to-month,DSL,Electronic check,0,0,No,0.7221746474040871,Critical,Tenure,Contract Upgrade Incentive
7576-JMYWV,110.2,46,Month-to-month,Fiber optic,Electronic check,0,0,No,0.11053380053631416,Low,N/A,N/A
0257-KXZGU,62.45,32,Month-to-month,DSL,Bank transfer (automatic),0,0,No,0.14879915871341406,Low,N/A,N/A
1307-ATKGB,89.55,24,Month-to-month,Fiber optic,Electronic check,0,0,No,0.5688598895641443,High,Internetservice Fiber Optic,Contract Upgrade Incentive
3714-XPXBW,78.9,37,Month-to-month,DSL,Credit card (automatic),0,0,No,0.07133691998673021,Low,N/A,N/A
1850-AKQEP,20.35,8,Month-to-month,No,Mailed check,0,0,No,0.29679670947947095,Low,N/A,N/A
2824-DXNKN,71.45,72,Two year,DSL,Bank transfer (automatic),0,0,No,0.0008625420420472546,Low,N/A,N/A
5227-JSCFE,46.35,71,Two year,DSL,Credit card (automatic),0,0,No,0.0021950026913355046,Low,N/A,N/A
0848-ZGQIJ,94.65,16,Month-to-month,Fiber optic,Bank transfer (automatic),0,0,No,0.6270034782073983,High,Internetservice Fiber Optic,Contract Upgrade Incentive
3621-CHYVB,49.9,57,Month-to-month,DSL,Bank transfer (automatic),0,3,No,0.04348374320510344,Low,N/A,N/A
8042-RNLKO,25.45,66,One year,No,Bank transfer (automatic),0,0,No,0.006662703880922022,Low,N/A,N/A
5372-FBKBN,20.75,21,Month-to-month,No,Mailed check,0,0,No,0.1826899497043794,Low,N/A,N/A
0420-TXVSG,66.1,66,Two year,DSL,Credit card (automatic),0,2,No,0.001499858356971455,Low,N/A,N/A
6217-TOWGS,75.4,17,Month-to-month,DSL,Bank transfer (automatic),0,3,No,0.3110031131922971,Low,N/A,N/A
1045-LTCYT,21.05,8,Month-to-month,No,Credit card (automatic),0,0,No,0.3167588357140727,Low,N/A,N/A
1544-JJMYL,69.35,27,One year,DSL,Credit card (automatic),0,0,No,0.062379277632081453,Low,N/A,N/A
4636-JGAAI,88.85,34,Month-to-month,Fiber optic,Mailed check,0,2,No,0.26949616795265424,Low,N/A,N/A
6874-SGLHU,97.0,30,One year,Fiber optic,Bank transfer (automatic),0,0,No,0.1478836943612955,Low,N/A,N/A
5951-AOFIH,66.4,33,Month-to-month,DSL,Credit card (automatic),0,0,No,0.13484287952392435,Low,N/A,N/A
3059-NGMXB,69.2,14,Month-to-month,DSL,Mailed check,0,1,No,0.309126520667104,Low,N/A,N/A
8652-YHIYU,79.5,16,One year,Fiber optic,Credit card (automatic),0,0,No,0.3590187724618275,Low,N/A,N/A
5278-PNYOX,100.65,49,Two year,Fiber optic,Credit card (automatic),0,0,No,0.008403839451863458,Low,N/A,N/A
3486-HOOGQ,79.7,70,Two year,DSL,Bank transfer (automatic),0,0,No,0.0005513704698074153,Low,N/A,N/A
5061-PBXFW,61.4,32,Month-to-month,DSL,Bank transfer (automatic),0,0,No,0.1332694576605768,Low,N/A,N/A
8630-FJLIB,69.8,18,Month-to-month,Fiber optic,Electronic check,0,0,No,0.7761433305023571,Critical,Internetservice Fiber Optic,Contract Upgrade Incentive
3891-NLXJB,40.55,37,Two year,DSL,Mailed check,0,0,No,0.01893522952485876,Low,N/A,N/A
4749-OJKQU,75.65,4,Month-to-month,Fiber optic,Electronic check,0,0,No,0.8957265679229237,Critical,Internetservice Fiber Optic,Contract Upgrade Incentive
0577-WHMEV,90.7,16,Month-to-month,Fiber optic,Electronic check,0,4,No,0.7222116261961714,Critical,Internetservice Fiber Optic,Contract Upgrade Incentive
5453-AXEPF,80.5,17,Month-to-month,Fiber optic,Bank transfer (automatic),0,0,No,0.6466727969036182,High,Internetservice Fiber Optic,Contract Upgrade Incentive
3639-XJHKQ,60.6,19,Month-to-month,DSL,Electronic check,0,0,No,0.3950347377929657,Low,N/A,N/A
3716-LRGXK,101.15,60,Two year,Fiber optic,Credit card (automatic),0,0,No,0.003533054390203252,Low,N/A,N/A
2263-SFSQZ,24.95,51,Two year,No,Mailed check,0,0,No,0.0033810177788243727,Low,N/A,N/A
9950-MTGYX,20.3,28,Two year,No,Credit card (automatic),2,0,No,0.17243884163829734,Low,N/A,N/A
3397-AVTKU,60.0,43,Two year,DSL,Electronic check,0,0,No,0.014695850834904958,Low,N/A,N/A
4825-FUREZ,20.25,42,Two year,No,Electronic check,2,0,No,0.14216702183989338,Low,N/A,N/A
2672-OJQZP,44.75,1,Month-to-month,DSL,Mailed check,0,0,No,0.6800424146842119,High,Tenure,Contract Upgrade Incentive
3134-DSHVC,98.0,63,Two year,Fiber optic,Credit card (automatic),0,0,No,0.0035271662018219463,Low,N/A,N/A
7821-DPRQE,107.7,68,Month-to-month,Fiber optic,Electronic check,0,0,No,0.017077423270077934,Low,N/A,N/A
2001-EWBQU,104.7,60,Two year,Fiber optic,Electronic check,0,5,No,0.005452176822097095,Low,N/A,N/A
1608-GMEWB,93.9,45,Month-to-month,Fiber optic,Bank transfer (automatic),0,0,No,0.16695326424804582,Low,N/A,N/A
6695-AMZUF,86.45,70,Two year,DSL,Credit card (automatic),0,0,No,0.0005148816348746748,Low,N/A,N/A
8410-BGQXN,19.4,4,Month-to-month,No,Mailed check,0,0,No,0.38330064782017287,Low,N/A,N/A
1619-YWUBB,24.95,68,Two year,No,Credit card (automatic),0,0,No,0.0017498533546538237,Low,N/A,N/A
7611-YKYTC,75.0,22,Month-to-month,Fiber optic,Bank transfer (automatic),0,0,No,0.5509765544161515,High,Internetservice Fiber Optic,Contract Upgrade Incentive
0365-GXEZS,78.2,18,Month-to-month,Fiber optic,Electronic check,0,1,No,0.6675237188711027,High,Internetservice Fiber Optic,Contract Upgrade Incentive
0082-OQIQY,94.2,29,Month-to-month,Fiber optic,Electronic check,0,3,No,0.4090487861861853,High,Internetservice Fiber Optic,Contract Upgrade Incentive
3606-SBKRY,50.05,31,One year,DSL,Electronic check,0,5,No,0.13030579533610206,Low,N/A,N/A
0667-NSRGI,69.55,48,One year,DSL,Mailed check,0,0,No,0.014072989305328168,Low,N/A,N/A
6893-ODYYE,90.1,50,One year,Fiber optic,Credit card (automatic),0,0,No,0.03227816644259995,Low,N/A,N/A
8242-JSVBO,44.65,7,Month-to-month,DSL,Bank transfer (automatic),0,0,No,0.596805654338107,High,Tenure,Contract Upgrade Incentive
9541-ZPSEA,80.35,68,Two year,Fiber optic,Credit card (automatic),0,1,No,0.0033970602643160065,Low,N/A,N/A
2665-NPTGL,98.1,26,Month-to-month,Fiber optic,Bank transfer (automatic),0,0,No,0.46380586059230583,High,Internetservice Fiber Optic,Contract Upgrade Incentive
1139-WUOAH,53.35,57,Two year,DSL,Credit card (automatic),0,0,No,0.0036936177437390996,Low,N/A,N/A
4693-VWVBO,19.55,3,Month-to-month,No,Electronic check,0,0,No,0.5368635954964273,High,Tenure,Contract Upgrade Incentive
6937-GCDGQ,48.95,19,One year,DSL,Bank transfer (automatic),0,0,No,0.1576934274118363,Low,N/A,N/A
0988-JRWWP,54.2,3,Month-to-month,DSL,Electronic check,0,2,No,0.7252099202421067,Critical,Tenure,Contract Upgrade Incentive
5075-JSDKI,24.45,59,Two year,No,Electronic check,0,0,No,0.004565593213721143,Low,N/A,N/A
8644-XYTSV,40.15,42,Month-to-month,DSL,Bank transfer (automatic),0,0,No,0.14890245660631898,Low,N/A,N/A
3873-WOSBC,25.6,67,Two year,No,Credit card (automatic),5,0,No,0.5344434854496088,High,Numtechtickets,Proactive Tech Support Outreach
7465-ZZRVX,70.35,1,Month-to-month,Fiber optic,Electronic check,0,0,No,0.9128446347133907,Critical,Internetservice Fiber Optic,Contract Upgrade Incentive
7975-JMZNT,91.7,66,Two year,DSL,Bank transfer (automatic),0,0,No,0.0005424280044527664,Low,N/A,N/A
7251-XFOIL,89.2,61,Month-to-month,Fiber optic,Mailed check,0,0,No,0.04802576988213493,Low,N/A,N/A
4116-IQRFR,24.1,4,One year,No,Credit card (automatic),0,3,No,0.1551675422039679,Low,N/A,N/A
8259-DZLIZ,53.85,64,One year,DSL,Bank transfer (automatic),0,0,No,0.009516932326443584,Low,N/A,N/A
0442-ZXKVS,115.6,54,One year,Fiber optic,Bank transfer (automatic),0,3,No,0.014236030161654718,Low,N/A,N/A
7853-WNZSY,19.75,1,Month-to-month,No,Credit card (automatic),0,5,No,0.43638086055373365,High,Tenure,Contract Upgrade Incentive
3120-FAZKD,24.05,54,Two year,No,Bank transfer (automatic),3,0,No,0.14788043471487336,Low,N/A,N/A
8606-OEGQZ,25.3,18,Two year,No,Credit card (automatic),0,0,No,0.026075378544056067,Low,N/A,N/A
0225-ZORZP,84.3,3,Month-to-month,Fiber optic,Electronic check,0,0,No,0.8820381225261805,Critical,Internetservice Fiber Optic,Contract Upgrade Incentive
9489-JMTTN,89.75,72,Two year,DSL,Credit card (automatic),0,0,No,0.00031120627894477517,Low,N/A,N/A
0575-CUQOV,97.95,60,One year,Fiber optic,Electronic check,0,0,No,0.025333594284643084,Low,N/A,N/A
0967-BMLBD,20.0,11,One year,No,Mailed check,0,0,No,0.12114953354702755,Low,N/A,N/A
2830-LEWOA,103.9,61,One year,Fiber optic,Credit card (automatic),0,0,No,0.007022563211231708,Low,N/A,N/A
5006-MXVRN,20.7,39,Two year,No,Credit card (automatic),0,0,No,0.010606598049180252,Low,N/A,N/A
8327-WKMIE,20.15,37,One year,No,Credit card (automatic),0,0,No,0.03627174521618029,Low,N/A,N/A
6917-FIJHC,26.0,72,Two year,No,Mailed check,0,0,No,0.00127662853743288,Low,N/A,N/A
5329-KRDTM,77.35,72,Two year,DSL,Credit card (automatic),0,0,No,0.0007110555551348616,Low,N/A,N/A
7797-EJMDP,66.05,8,Month-to-month,DSL,Bank transfer (automatic),0,2,No,0.4675021664744105,High,Tenure,Contract Upgrade Incentive
3530-VWVGU,19.9,22,Month-to-month,No,Mailed check,0,0,No,0.1712649791802105,Low,N/A,N/A
6368-NWMCE,68.15,38,Month-to-month,DSL,Credit card (automatic),0,4,No,0.08568100576691678,Low,N/A,N/A
3633-CDBUW,80.85,17,One year,DSL,Electronic check,0,0,No,0.1245441068237386,Low,N/A,N/A
0707-HOVVN,75.5,70,Two year,DSL,Bank transfer (automatic),2,0,No,0.014582938742048265,Low,N/A,N/A
3956-MGXOG,80.6,28,Month-to-month,Fiber optic,Electronic check,0,0,No,0.5686540836369675,High,Internetservice Fiber Optic,Contract Upgrade Incentive
9274-UARKJ,83.2,15,Month-to-month,Fiber optic,Bank transfer (automatic),0,0,No,0.7081706135616234,Critical,Internetservice Fiber Optic,Contract Upgrade Incentive
4077-HWUYD,87.55,72,Two year,DSL,Bank transfer (automatic),0,3,No,0.0003239246393816933,Low,N/A,N/A
0103-CSITQ,109.4,57,One year,Fiber optic,Bank transfer (automatic),0,0,No,0.011463108737424156,Low,N/A,N/A
8671-KKKOS,45.55,46,Month-to-month,DSL,Electronic check,0,0,No,0.15406801845048732,Low,N/A,N/A
7305-ZWMAJ,20.7,30,One year,No,Credit card (automatic),0,0,No,0.05031997989894539,Low,N/A,N/A
9518-XXBXE,75.3,10,Month-to-month,Fiber optic,Electronic check,0,3,No,0.8564578596759852,Critical,Internetservice Fiber Optic,Contract Upgrade Incentive
6578-KRMAW,93.4,32,Month-to-month,Fiber optic,Credit card (automatic),0,0,No,0.3012015467726417,Low,N/A,N/A
4860-IJUDE,73.75,13,Month-to-month,Fiber optic,Credit card (automatic),0,0,No,0.7329657132294781,Critical,Internetservice Fiber Optic,Contract Upgrade Incentive
9688-YGXVR,88.15,44,Month-to-month,Fiber optic,Credit card (automatic),0,0,No,0.16955945923963855,Low,N/A,N/A
0423-UDIJQ,49.2,9,Month-to-month,DSL,Mailed check,0,0,No,0.5223046644458111,High,Tenure,Contract Upgrade Incentive
1945-XISKS,19.65,67,Two year,No,Mailed check,0,0,No,0.002047045169297643,Low,N/A,N/A
5360-LJCNJ,105.15,71,Two year,Fiber optic,Bank transfer (automatic),0,0,No,0.001410333118442168,Low,N/A,N/A
2607-FBDFF,49.0,1,Month-to-month,DSL,Credit card (automatic),0,0,No,0.6114964588537833,High,Tenure,Contract Upgrade Incentive
1100-DDVRV,49.8,17,Month-to-month,DSL,Mailed check,0,0,No,0.3759615761700871,Low,N/A,N/A
6728-WYQBC,20.95,1,Month-to-month,No,Bank transfer (automatic),0,0,No,0.4476742292102162,High,Tenure,Contract Upgrade Incentive
9029-FEGVJ,79.3,32,Month-to-month,Fiber optic,Mailed check,0,0,No,0.41978074957384737,High,Internetservice Fiber Optic,Contract Upgrade Incentive
7216-KAOID,19.5,41,One year,No,Bank transfer (automatic),1,0,No,0.09124438699066893,Low,N/A,N/A
6145-NNPNO,44.15,1,Month-to-month,DSL,Bank transfer (automatic),0,0,No,0.706378813172715,Critical,Tenure,Contract Upgrade Incentive
5339-TJFEK,105.5,62,Month-to-month,Fiber optic,Electronic check,0,0,No,0.032071295381300886,Low,N/A,N/A
2074-GUHPQ,92.7,17,Month-to-month,Fiber optic,Credit card (automatic),0,0,No,0.5270892533139191,High,Internetservice Fiber Optic,Contract Upgrade Incentive
4625-XMOYM,26.25,72,Two year,No,Bank transfer (automatic),0,0,No,0.0011462262970113601,Low,N/A,N/A
5827-MWCZK,96.95,56,Month-to-month,Fiber optic,Credit card (automatic),0,3,No,0.03646529807682562,Low,N/A,N/A
1385-TQOZW,20.45,9,Month-to-month,No,Credit card (automatic),0,0,No,0.3535691416952991,Low,N/A,N/A
5914-XRFQB,115.8,72,Two year,Fiber optic,Bank transfer (automatic),0,0,No,0.0006529169549728161,Low,N/A,N/A
4329-YPDDQ,108.2,20,Month-to-month,Fiber optic,Bank transfer (automatic),0,0,No,0.4164763665785913,High,Internetservice Fiber Optic,Contract Upgrade Incentive
4804-NCPET,20.2,19,Two year,No,Mailed check,0,0,No,0.022191606568622797,Low,N/A,N/A
5944-UGLLK,54.9,53,One year,DSL,Credit card (automatic),4,0,No,0.7541099772098502,Critical,Numtechtickets,Proactive Tech Support Outreach
7787-BNTZM,20.15,6,Month-to-month,No,Bank transfer (automatic),0,0,No,0.3823192795863157,Low,N/A,N/A
2252-ISRNH,90.35,9,One year,Fiber optic,Electronic check,0,0,No,0.5614578797915513,High,Internetservice Fiber Optic,VIP Loyalty Check-in
9415-TPKRV,55.75,8,Month-to-month,DSL,Electronic check,0,5,No,0.5978320297529148,High,Tenure,Contract Upgrade Incentive
5322-TEUJK,114.6,71,Two year,Fiber optic,Bank transfer (automatic),0,0,No,0.000732218086710982,Low,N/A,N/A
1866-DIOQZ,66.8,71,One year,DSL,Bank transfer (automatic),0,0,No,0.003570824653188336,Low,N/A,N/A
8375-KVTHK,100.3,68,One year,Fiber optic,Electronic check,0,0,No,0.008348554170518375,Low,N/A,N/A
2697-NQBPF,105.35,34,Month-to-month,Fiber optic,Electronic check,0,1,No,0.2562493777216899,Low,N/A,N/A
3709-OIJEA,85.2,26,One year,Fiber optic,Electronic check,0,0,No,0.27460136023470094,Low,N/A,N/A
1386-ZIKUV,18.95,7,Month-to-month,No,Mailed check,0,0,No,0.347872663709949,Low,N/A,N/A
0599-XNYDO,69.8,20,Month-to-month,Fiber optic,Bank transfer (automatic),0,0,No,0.6520671039069711,High,Internetservice Fiber Optic,Contract Upgrade Incentive
6377-WHAOX,106.15,60,Month-to-month,Fiber optic,Electronic check,0,0,No,0.04532258271901569,Low,N/A,N/A
6855-VLGOS,20.55,72,Two year,No,Electronic check,0,4,No,0.0019227171054314166,Low,N/A,N/A
8999-XXGNS,105.75,72,One year,Fiber optic,Credit card (automatic),3,0,No,0.21708055681241145,Low,N/A,N/A
8746-OQQRW,25.25,4,Month-to-month,No,Mailed check,0,2,No,0.3644555407647611,Low,N/A,N/A
3181-MIZBN,19.75,16,Month-to-month,No,Electronic check,0,0,No,0.2939009201010511,Low,N/A,N/A
0471-ARVMX,104.85,62,One year,Fiber optic,Electronic check,0,0,No,0.020025586709809244,Low,N/A,N/A
7766-CLTIC,60.95,10,Month-to-month,DSL,Mailed check,0,0,No,0.42704675509950957,High,Tenure,Contract Upgrade Incentive
5650-YLIBA,81.15,31,Month-to-month,Fiber optic,Electronic check,0,0,No,0.47461040213411293,High,Internetservice Fiber Optic,Contract Upgrade Incentive
0825-CPPQH,19.1,71,Two year,No,Credit card (automatic),0,0,No,0.0017679764207857438,Low,N/A,N/A
9084-OAYKL,20.8,58,Two year,No,Mailed check,0,0,No,0.0031373599836750075,Low,N/A,N/A
6122-LJADA,90.15,70,Two year,DSL,Credit card (automatic),0,0,No,0.00034915180494888556,Low,N/A,N/A
2400-XIWIO,90.1,71,Two year,DSL,Electronic check,0,0,No,0.0006301938586673021,Low,N/A,N/A
7524-VRLPL,74.1,69,Two year,DSL,Credit card (automatic),0,0,No,0.0010261155555303055,Low,N/A,N/A
7569-NMZYQ,118.75,72,Two year,Fiber optic,Bank transfer (automatic),0,0,No,0.0005473904833633563,Low,N/A,N/A
5201-USSQZ,85.9,26,Month-to-month,Fiber optic,Credit card (automatic),0,0,No,0.41164403111427333,High,Internetservice Fiber Optic,Contract Upgrade Incentive
2105-PHWON,95.0,33,Month-to-month,Fiber optic,Credit card (automatic),0,0,No,0.2524287891892464,Low,N/A,N/A
1494-EJZDW,20.15,10,Two year,No,Mailed check,0,2,No,0.03932605025673168,Low,N/A,N/A
4884-TVUQF,101.3,57,Two year,Fiber optic,Credit card (automatic),0,0,No,0.00527920474966798,Low,N/A,N/A
8003-EWNDZ,21.2,10,Month-to-month,No,Electronic check,0,0,No,0.43308447501539704,High,Tenure,Contract Upgrade Incentive
1897-RCFUM,24.2,39,One year,No,Mailed check,0,0,No,0.02555124307112909,Low,N/A,N/A
9256-JTBNZ,20.3,11,Month-to-month,No,Bank transfer (automatic),0,0,No,0.33864648959458354,Low,N/A,N/A
2211-RMNHO,85.3,68,Two year,DSL,Bank transfer (automatic),2,0,No,0.008313992998168361,Low,N/A,N/A
2432-TFSMK,89.6,18,One year,Fiber optic,Credit card (automatic),0,0,No,0.33748362613399746,Low,N/A,N/A
4929-ROART,56.25,18,Month-to-month,DSL,Mailed check,0,0,No,0.34815937609447006,Low,N/A,N/A
1834-ABKHQ,50.95,52,One year,DSL,Bank transfer (automatic),0,0,No,0.022712264009046995,Low,N/A,N/A
1741-WTPON,115.85,56,Two year,Fiber optic,Mailed check,0,0,No,0.0020024152949126217,Low,N/A,N/A
3932-IJWDZ,103.65,45,Month-to-month,Fiber optic,Bank transfer (automatic),0,0,No,0.08860224657272175,Low,N/A,N/A
1240-HCBOH,26.1,67,Two year,No,Mailed check,0,4,No,0.0017334347500142084,Low,N/A,N/A
3594-KADLU,35.1,3,Month-to-month,DSL,Mailed check,0,0,No,0.6015845214489567,High,Tenure,Contract Upgrade Incentive
8065-BVEPF,99.1,65,Month-to-month,Fiber optic,Bank transfer (automatic),0,5,No,0.03214310021763592,Low,N/A,N/A
3796-ENZGF,67.25,63,Two year,DSL,Mailed check,0,0,No,0.001412526991134632,Low,N/A,N/A
1734-ZMNTZ,25.0,11,Two year,No,Mailed check,0,0,No,0.03438286569198178,Low,N/A,N/A
2853-CWQFQ,59.55,1,Month-to-month,DSL,Mailed check,0,0,No,0.5263285403093456,High,Tenure,Contract Upgrade Incentive
0813-TAXXS,77.8,55,Two year,DSL,Bank transfer (automatic),0,4,No,0.0025624502666558523,Low,N/A,N/A
2519-TWKFS,55.1,25,One year,DSL,Mailed check,0,0,No,0.07346926174015993,Low,N/A,N/A
0626-QXNGV,24.15,72,Two year,No,Credit card (automatic),5,0,No,0.5025642827771524,High,Numtechtickets,Proactive Tech Support Outreach
6723-CEGQI,45.25,65,Two year,DSL,Mailed check,0,0,No,0.002625703015938695,Low,N/A,N/A
4732-RRJZC,20.25,7,Month-to-month,No,Mailed check,0,0,No,0.29755278431592014,Low,N/A,N/A
9499-XPZXM,64.75,72,Two year,DSL,Bank transfer (automatic),0,0,No,0.0009635823443230787,Low,N/A,N/A
4338-EYCER,54.6,21,Month-to-month,DSL,Bank transfer (automatic),0,2,No,0.3219593392480925,Low,N/A,N/A
3007-FDPEA,20.7,2,Month-to-month,No,Bank transfer (automatic),0,0,No,0.45831534563836496,High,Tenure,Contract Upgrade Incentive
6350-XFYGW,94.75,4,Month-to-month,Fiber optic,Electronic check,0,5,No,0.8782903699577655,Critical,Internetservice Fiber Optic,Contract Upgrade Incentive
8513-OLYGY,115.8,72,Two year,Fiber optic,Credit card (automatic),0,0,No,0.0006324888614900213,Low,N/A,N/A
0311-QYWSS,49.45,6,Month-to-month,DSL,Electronic check,0,0,No,0.6963439450905357,High,Tenure,Contract Upgrade Incentive
8705-DWKTI,83.8,52,Month-to-month,Fiber optic,Credit card (automatic),1,0,No,0.3068292218717845,Low,N/A,N/A
8755-IWJHN,95.35,69,Month-to-month,Fiber optic,Bank transfer (automatic),0,0,No,0.02735456380246277,Low,N/A,N/A
4480-QQRHC,74.05,8,Month-to-month,Fiber optic,Bank transfer (automatic),0,0,No,0.8503099354672025,Critical,Internetservice Fiber Optic,Contract Upgrade Incentive
0929-PECLO,89.6,63,Month-to-month,Fiber optic,Bank transfer (automatic),2,0,No,0.4662011092973472,High,Numtechtickets,Contract Upgrade Incentive
3680-CTHUH,116.6,60,One year,Fiber optic,Credit card (automatic),0,0,No,0.006312283818373773,Low,N/A,N/A
1202-KKGFU,54.2,12,Month-to-month,DSL,Bank transfer (automatic),0,0,No,0.4343734688124572,High,Tenure,Contract Upgrade Incentive
6112-KTHFQ,19.3,13,Month-to-month,No,Mailed check,0,0,No,0.29310709655901046,Low,N/A,N/A
1852-XEMDW,65.05,22,Month-to-month,DSL,Mailed check,0,0,No,0.2517547442772988,Low,N/A,N/A
1820-DJFPH,24.05,72,Two year,No,Bank transfer (automatic),0,0,No,0.0012927090884158033,Low,N/A,N/A
9426-SXNHE,18.75,2,Month-to-month,No,Bank transfer (automatic),0,0,No,0.4636735415867208,High,Tenure,Contract Upgrade Incentive
9068-FHQHD,20.15,40,Two year,No,Bank transfer (automatic),0,0,No,0.008760268161574868,Low,N/A,N/A
1269-FOYWN,20.0,44,One year,No,Bank transfer (automatic),0,0,No,0.022069706968337606,Low,N/A,N/A
9470-YFUYI,71.0,71,One year,DSL,Bank transfer (automatic),0,5,No,0.0034223605402435805,Low,N/A,N/A
7402-EYFXX,93.6,26,Month-to-month,Fiber optic,Electronic check,0,3,No,0.5666369271248316,High,Internetservice Fiber Optic,Contract Upgrade Incentive
9895-VFOXH,24.4,1,Month-to-month,DSL,Mailed check,0,0,No,0.7371168787430106,Critical,Tenure,Contract Upgrade Incentive
1230-QAJDW,65.25,3,Month-to-month,DSL,Mailed check,0,0,No,0.5084218307030175,High,Tenure,Contract Upgrade Incentive
5701-ZIKJE,50.55,13,Month-to-month,DSL,Mailed check,0,0,No,0.4034918793323387,High,Tenure,Contract Upgrade Incentive
5032-MIYKT,70.7,1,Month-to-month,Fiber optic,Mailed check,0,0,No,0.8773624586615186,Critical,Internetservice Fiber Optic,Contract Upgrade Incentive
7396-VJUZB,45.25,4,Month-to-month,DSL,Mailed check,0,0,No,0.5648835583311295,High,Tenure,Contract Upgrade Incentive
9717-QEBGU,70.3,2,Month-to-month,Fiber optic,Electronic check,0,0,No,0.9069177493947107,Critical,Internetservice Fiber Optic,Contract Upgrade Incentive
5172-RKOCB,108.95,72,Two year,Fiber optic,Credit card (automatic),5,5,No,0.37045634782039477,Low,N/A,N/A
6509-TSGWN,26.45,37,Month-to-month,No,Mailed check,0,0,No,0.07147425955393527,Low,N/A,N/A
3178-CIFOT,19.65,23,One year,No,Credit card (automatic),1,0,No,0.2545537792993607,Low,N/A,N/A
4530-NDRKU,19.05,42,One year,No,Electronic check,0,0,No,0.03922691620315557,Low,N/A,N/A
5985-TBABQ,74.75,32,One year,DSL,Mailed check,0,0,No,0.052148481962572484,Low,N/A,N/A
9800-ONTFE,75.8,22,Month-to-month,Fiber optic,Bank transfer (automatic),0,0,No,0.568375974553672,High,Internetservice Fiber Optic,Contract Upgrade Incentive
6743-HHQPF,25.1,42,Month-to-month,DSL,Credit card (automatic),0,0,No,0.19271433969659418,Low,N/A,N/A
8455-HIRAQ,44.45,8,Month-to-month,DSL,Mailed check,0,0,No,0.5767895221301813,High,Tenure,Contract Upgrade Incentive
6616-AALSR,104.3,65,Two year,Fiber optic,Credit card (automatic),0,0,No,0.0020258967123538904,Low,N/A,N/A
9415-ZNBSX,89.0,70,Two year,DSL,Bank transfer (automatic),0,0,No,0.0004071565343412652,Low,N/A,N/A
4018-KJYUY,20.15,22,Month-to-month,No,Credit card (automatic),0,0,No,0.17167459074159808,Low,N/A,N/A
3884-UEBXB,36.15,67,Two year,DSL,Bank transfer (automatic),0,0,No,0.004094323889500996,Low,N/A,N/A
8780-RSYYU,19.2,25,Month-to-month,No,Credit card (automatic),0,0,No,0.18320750522895612,Low,N/A,N/A
5537-UXXVS,19.25,20,Month-to-month,No,Bank transfer (automatic),0,0,No,0.2322956217536579,Low,N/A,N/A
1791-PQHBB,61.2,2,Month-to-month,DSL,Credit card (automatic),0,0,No,0.5896632518268551,High,Tenure,Contract Upgrade Incentive
8701-DGLVH,20.45,51,Two year,No,Mailed check,0,0,No,0.004684079122686493,Low,N/A,N/A
8741-LQOBK,35.05,46,Month-to-month,DSL,Bank transfer (automatic),0,0,No,0.12726049912105233,Low,N/A,N/A
8082-GHXOP,44.0,13,Month-to-month,DSL,Mailed check,0,0,No,0.43306715503569304,High,Tenure,Contract Upgrade Incentive
0980-FEXWF,50.35,26,One year,DSL,Mailed check,0,0,No,0.0944892784858309,Low,N/A,N/A
3011-WQKSZ,20.0,19,Month-to-month,No,Electronic check,0,0,No,0.2709807565287223,Low,N/A,N/A
8218-FFJDS,86.4,72,Two year,DSL,Bank transfer (automatic),0,0,No,0.0004798288784719173,Low,N/A,N/A
1986-PHGZF,58.4,18,Month-to-month,DSL,Credit card (automatic),0,1,No,0.40443318714771803,High,Tenure,Contract Upgrade Incentive
9360-OMDZZ,94.1,24,Month-to-month,Fiber optic,Electronic check,0,0,No,0.5429877145472912,High,Internetservice Fiber Optic,Contract Upgrade Incentive
0345-XMMUG,108.9,46,Two year,Fiber optic,Credit card (automatic),0,3,No,0.008403504822339656,Low,N/A,N/A
8024-XNAFQ,107.4,72,Two year,Fiber optic,Bank transfer (automatic),4,0,No,0.2043764392468611,Low,N/A,N/A
2988-GBIVW,90.85,70,Month-to-month,Fiber optic,Electronic check,5,0,No,0.9693957018017079,Critical,Numtechtickets,Proactive Tech Support Outreach
2832-SCUCO,19.9,2,Month-to-month,No,Electronic check,0,0,No,0.548139622164246,High,Tenure,Contract Upgrade Incentive
7036-ZZKBD,66.4,31,Month-to-month,DSL,Credit card (automatic),0,0,No,0.1249364540522733,Low,N/A,N/A
0265-PSUAE,100.7,16,Month-to-month,Fiber optic,Bank transfer (automatic),0,0,No,0.5665793383701334,High,Internetservice Fiber Optic,Contract Upgrade Incentive
0463-TXOAK,25.6,52,Two year,No,Credit card (automatic),0,0,No,0.0034394741648090445,Low,N/A,N/A
0594-UFTUL,19.85,13,Month-to-month,No,Mailed check,0,5,No,0.23465538162290864,Low,N/A,N/A
9509-MPYOD,20.75,35,One year,No,Mailed check,0,0,No,0.04225031511220032,Low,N/A,N/A
9128-CPXKI,95.8,59,Two year,Fiber optic,Electronic check,0,0,No,0.008023295042747774,Low,N/A,N/A
0129-KPTWJ,94.65,72,Month-to-month,Fiber optic,Electronic check,0,3,No,0.024458180652786946,Low,N/A,N/A
5855-EIBDE,106.65,49,Two year,Fiber optic,Credit card (automatic),0,0,No,0.006745744449077929,Low,N/A,N/A
5365-LLFYV,45.85,2,Month-to-month,DSL,Mailed check,0,1,No,0.6616295675578477,High,Tenure,Contract Upgrade Incentive
5956-YHHRX,104.35,21,Month-to-month,Fiber optic,Electronic check,0,0,No,0.6018042363778716,High,Internetservice Fiber Optic,Contract Upgrade Incentive
6008-NAIXK,55.45,54,One year,DSL,Electronic check,0,0,No,0.033797542750374,Low,N/A,N/A
1928-BXYIV,61.15,1,Month-to-month,DSL,Electronic check,0,0,No,0.7124059047358678,Critical,Tenure,Contract Upgrade Incentive
5760-FXFVO,78.95,6,Month-to-month,Fiber optic,Electronic check,0,0,No,0.8642825128089924,Critical,Internetservice Fiber Optic,Contract Upgrade Incentive
0961-ZWLVI,109.2,49,One year,Fiber optic,Credit card (automatic),0,0,No,0.02193963489467171,Low,N/A,N/A
5181-OABFK,61.3,56,Two year,DSL,Credit card (automatic),0,0,No,0.00350227981181324,Low,N/A,N/A
4007-NHVHI,96.85,56,Month-to-month,Fiber optic,Electronic check,0,0,No,0.11228960025098883,Low,N/A,N/A
7816-VGHTO,40.55,6,Two year,DSL,Mailed check,0,0,No,0.10317199314239715,Low,N/A,N/A
5871-DGTXZ,19.8,32,One year,No,Mailed check,0,0,No,0.04626291426254332,Low,N/A,N/A
7550-WIQVA,108.25,50,One year,Fiber optic,Electronic check,2,1,No,0.2927339512407635,Low,N/A,N/A
7544-ZVIKX,105.05,58,One year,Fiber optic,Bank transfer (automatic),0,0,No,0.009826414490041525,Low,N/A,N/A
0016-QLJIS,90.45,65,Two year,DSL,Mailed check,0,4,No,0.0005068323756529492,Low,N/A,N/A
7508-DQAKK,86.4,64,Two year,DSL,Credit card (automatic),0,0,No,0.0008639873586364972,Low,N/A,N/A
5176-OLSKT,66.9,66,Two year,DSL,Bank transfer (automatic),0,0,No,0.0017688347797351518,Low,N/A,N/A
9356-AXGMP,110.7,38,One year,Fiber optic,Electronic check,0,0,No,0.06366182096425928,Low,N/A,N/A
3556-BVQGL,20.0,20,One year,No,Mailed check,0,0,No,0.08765467138333027,Low,N/A,N/A
8979-CAMGB,102.1,64,One year,Fiber optic,Electronic check,0,0,No,0.013220514201819638,Low,N/A,N/A
7581-EBBOU,70.15,60,One year,DSL,Credit card (automatic),0,0,No,0.006755989872829242,Low,N/A,N/A
5073-RZGBK,80.05,50,One year,DSL,Bank transfer (automatic),0,0,No,0.008834841734557015,Low,N/A,N/A
2192-CKRLV,49.2,72,Two year,DSL,Electronic check,0,0,No,0.003078018521532931,Low,N/A,N/A
3154-HMWUU,20.5,60,Two year,No,Bank transfer (automatic),0,0,No,0.0030403518433988488,Low,N/A,N/A
6119-SPUDB,38.25,46,Two year,DSL,Mailed check,0,0,No,0.011248135289786156,Low,N/A,N/A
6522-OIQSX,54.95,69,Two year,DSL,Credit card (automatic),0,0,No,0.0017590561730183472,Low,N/A,N/A
7813-ZGGAW,96.6,31,Month-to-month,Fiber optic,Bank transfer (automatic),0,0,No,0.3256603465241353,Low,N/A,N/A
8748-HFWBO,19.9,19,One year,No,Mailed check,0,0,No,0.07454798672132405,Low,N/A,N/A
1052-QJIBV,19.9,71,Two year,No,Credit card (automatic),0,0,No,0.0014924194479055961,Low,N/A,N/A
1319-YLZJG,84.6,12,Month-to-month,Fiber optic,Electronic check,0,0,No,0.7812664696891899,Critical,Internetservice Fiber Optic,Contract Upgrade Incentive
0723-FDLAY,85.25,44,One year,DSL,Bank transfer (automatic),0,0,No,0.013771105324575534,Low,N/A,N/A
3050-RLLXC,81.25,56,Two year,DSL,Credit card (automatic),0,0,No,0.0014515164494864677,Low,N/A,N/A
9298-WGMRW,115.5,72,Two year,Fiber optic,Bank transfer (automatic),0,3,No,0.0007474743943815649,Low,N/A,N/A
3088-LHEFH,79.0,11,Month-to-month,Fiber optic,Bank transfer (automatic),0,0,No,0.7691481131224425,Critical,Internetservice Fiber Optic,Contract Upgrade Incentive
6583-KQJLK,94.65,15,Month-to-month,Fiber optic,Electronic check,0,0,No,0.7675812766750728,Critical,Internetservice Fiber Optic,Contract Upgrade Incentive
8544-JNBOX,20.8,72,Two year,No,Mailed check,0,0,No,0.0014327567261542779,Low,N/A,N/A
6681-ZSEXG,59.5,56,Two year,DSL,Credit card (automatic),0,0,No,0.003741473312338664,Low,N/A,N/A
6139-ZZRBQ,20.05,64,Two year,No,Bank transfer (automatic),0,0,No,0.0032991648039783087,Low,N/A,N/A
6116-RFVHN,100.45,34,Month-to-month,Fiber optic,Electronic check,0,0,No,0.32717506153172193,Low,N/A,N/A
8884-FEEWR,20.6,35,One year,No,Bank transfer (automatic),0,0,No,0.04247415588236454,Low,N/A,N/A
3125-RAHBV,20.3,22,One year,No,Credit card (automatic),0,0,No,0.07986174908991767,Low,N/A,N/A
0373-AIVNJ,39.55,9,One year,DSL,Mailed check,0,4,No,0.31472206172985445,Low,N/A,N/A
1682-VCOIO,20.45,23,One year,No,Mailed check,0,0,No,0.07220720157127372,Low,N/A,N/A
2072-ZVJJX,25.25,68,Two year,No,Bank transfer (automatic),0,1,No,0.0016259054528745326,Low,N/A,N/A
8849-AYPTR,91.25,33,Month-to-month,Fiber optic,Electronic check,0,1,No,0.3781917532422496,Low,N/A,N/A
9518-IMLHK,72.45,31,Month-to-month,DSL,Bank transfer (automatic),0,0,No,0.12438622605775314,Low,N/A,N/A
3646-ITDGM,19.7,56,Two year,No,Bank transfer (automatic),0,0,No,0.004559424219622338,Low,N/A,N/A
3569-VLDHH,75.1,66,One year,DSL,Electronic check,0,0,No,0.004097185092899919,Low,N/A,N/A
8224-KDLKN,25.0,72,Two year,No,Bank transfer (automatic),0,0,No,0.001150088349297558,Low,N/A,N/A
7594-LZNWR,69.15,34,Month-to-month,Fiber optic,Credit card (automatic),0,3,No,0.45674812485186245,High,Internetservice Fiber Optic,Contract Upgrade Incentive
4001-TSBTV,91.55,58,Month-to-month,Fiber optic,Electronic check,5,0,No,0.9816902567624496,Critical,Numtechtickets,Proactive Tech Support Outreach
8727-XDPUD,35.8,37,Two year,DSL,Credit card (automatic),0,0,No,0.02645943539233285,Low,N/A,N/A
1043-UXOVO,113.15,71,Two year,Fiber optic,Credit card (automatic),0,0,No,0.0008949850606845785,Low,N/A,N/A
1064-FBXNK,19.85,1,One year,No,Credit card (automatic),0,3,No,0.18632432673923663,Low,N/A,N/A
3996-ZNWYK,19.8,71,Two year,No,Credit card (automatic),0,0,No,0.0016874177126401833,Low,N/A,N/A
2878-DHMIN,19.9,35,One year,No,Electronic check,0,0,No,0.050652552247824265,Low,N/A,N/A
7762-ONLJY,19.7,6,One year,No,Mailed check,0,3,No,0.15448752866227425,Low,N/A,N/A
5795-BKOYE,59.1,69,One year,DSL,Bank transfer (automatic),0,0,No,0.004491905620774188,Low,N/A,N/A
7402-PWYJJ,91.15,53,One year,Fiber optic,Electronic check,3,0,No,0.6786440492512468,High,Numtechtickets,Proactive Tech Support Outreach
0018-NYROU,68.95,5,Month-to-month,Fiber optic,Electronic check,0,0,No,0.8925310951998702,Critical,Internetservice Fiber Optic,Contract Upgrade Incentive
7501-VTYLJ,51.55,2,Month-to-month,DSL,Mailed check,0,0,No,0.6091323371804616,High,Tenure,Contract Upgrade Incentive
7608-RGIRO,24.4,62,Two year,No,Mailed check,0,0,No,0.0019828709666073704,Low,N/A,N/A
0480-BIXDE,96.8,19,Month-to-month,Fiber optic,Electronic check,1,3,No,0.872835433271361,Critical,Internetservice Fiber Optic,Contract Upgrade Incentive
5895-QSXOD,70.05,9,Month-to-month,Fiber optic,Mailed check,0,0,No,0.7856090996402922,Critical,Internetservice Fiber Optic,Contract Upgrade Incentive
9814-AOUDH,19.5,53,Two year,No,Credit card (automatic),0,0,No,0.004527617985080805,Low,N/A,N/A
6175-IRFIT,78.75,5,Month-to-month,Fiber optic,Mailed check,0,1,No,0.8106416929252758,Critical,Internetservice Fiber Optic,Contract Upgrade Incentive
8760-ZRHKE,69.2,71,One year,DSL,Electronic check,0,0,No,0.005824282451988043,Low,N/A,N/A
1622-HSHSF,19.55,1,Month-to-month,No,Mailed check,0,0,No,0.44718727706188965,High,Tenure,Contract Upgrade Incentive
6749-UTDVX,103.65,72,Two year,Fiber optic,Electronic check,0,0,No,0.0018346972815656173,Low,N/A,N/A
5542-DHSXL,54.7,4,Month-to-month,DSL,Mailed check,0,0,No,0.5878365141256261,High,Tenure,Contract Upgrade Incentive
9102-OXKFY,54.15,59,Two year,DSL,Credit card (automatic),0,0,No,0.004017783032709118,Low,N/A,N/A
5216-WASFJ,84.85,31,Month-to-month,Fiber optic,Electronic check,0,0,No,0.5254422971956882,High,Internetservice Fiber Optic,Contract Upgrade Incentive
7808-DVWEP,20.0,3,Month-to-month,No,Bank transfer (automatic),0,0,No,0.41036771572963965,High,Tenure,Contract Upgrade Incentive
2284-VFLKH,99.25,49,One year,Fiber optic,Credit card (automatic),0,0,No,0.025271511660917945,Low,N/A,N/A
0366-NQSHS,19.35,2,Month-to-month,No,Mailed check,0,0,No,0.4105403647072056,High,Tenure,Contract Upgrade Incentive
3807-BPOMJ,94.75,55,One year,Fiber optic,Electronic check,0,0,No,0.0359650679025266,Low,N/A,N/A
3892-NXAZG,114.05,72,Two year,Fiber optic,Credit card (automatic),0,2,No,0.0005645719212007734,Low,N/A,N/A
4948-WBBKL,74.9,36,Month-to-month,Fiber optic,Bank transfer (automatic),0,0,No,0.42153872007601384,High,Internetservice Fiber Optic,Contract Upgrade Incentive
4182-BGSIQ,19.8,10,Month-to-month,No,Bank transfer (automatic),0,0,No,0.30866120136305947,Low,N/A,N/A
0988-AADSA,80.85,72,Two year,DSL,Bank transfer (automatic),0,0,No,0.0004795200564523714,Low,N/A,N/A
9972-NKTFD,54.65,28,Month-to-month,DSL,Bank transfer (automatic),0,0,No,0.22014661152008758,Low,N/A,N/A
3717-LNXKW,91.7,38,Month-to-month,Fiber optic,Bank transfer (automatic),0,0,No,0.2190137383614382,Low,N/A,N/A
5734-EJKXG,118.6,61,One year,Fiber optic,Electronic check,0,0,No,0.008787909799717985,Low,N/A,N/A
2207-RYYRL,24.55,52,Two year,No,Mailed check,0,0,No,0.003124545175390063,Low,N/A,N/A
6729-FZWSY,19.45,67,One year,No,Mailed check,0,0,No,0.007210879978615952,Low,N/A,N/A
9695-IDRZR,116.15,34,Two year,Fiber optic,Credit card (automatic),0,0,No,0.016678985614256035,Low,N/A,N/A
8144-DGHXP,80.6,54,Two year,DSL,Electronic check,0,0,No,0.0033474508618621247,Low,N/A,N/A
7814-LEEVE,20.3,1,Month-to-month,No,Bank transfer (automatic),0,0,No,0.45900263739112146,High,Tenure,Contract Upgrade Incentive
8631-WUXGY,99.8,46,Month-to-month,Fiber optic,Electronic check,0,0,No,0.15297538790474877,Low,N/A,N/A
5906-DVAPM,75.0,55,One year,DSL,Credit card (automatic),0,0,No,0.0065886698422544,Low,N/A,N/A
6654-QGBZZ,19.9,1,Month-to-month,No,Mailed check,0,2,No,0.4460095332642444,High,Tenure,Contract Upgrade Incentive
8348-JLBUG,80.3,64,One year,Fiber optic,Credit card (automatic),0,0,No,0.022958040861892345,Low,N/A,N/A
5641-DMBFJ,84.3,58,Two year,DSL,Electronic check,0,0,No,0.002024720095232757,Low,N/A,N/A
9200-NLNPD,54.05,56,One year,DSL,Bank transfer (automatic),0,5,No,0.01395431510253399,Low,N/A,N/A
2664-XJZNO,104.9,72,Two year,Fiber optic,Credit card (automatic),0,0,No,0.0008091196412096693,Low,N/A,N/A
3339-EAQNV,97.25,72,One year,Fiber optic,Credit card (automatic),0,2,No,0.006313091741263204,Low,N/A,N/A
0921-OHLVP,83.05,22,Month-to-month,Fiber optic,Electronic check,0,0,No,0.6429415442029032,High,Internetservice Fiber Optic,Contract Upgrade Incentive
8350-NYMVI,41.1,39,Month-to-month,DSL,Bank transfer (automatic),0,5,No,0.16130175181541,Low,N/A,N/A
1600-DILPE,45.0,12,Month-to-month,DSL,Bank transfer (automatic),0,0,No,0.5428366709185297,High,Tenure,Contract Upgrade Incentive
0536-ESJEP,74.55,54,Two year,DSL,Bank transfer (automatic),0,0,No,0.0027680050510186967,Low,N/A,N/A
4654-GGUII,40.2,18,One year,DSL,Mailed check,0,0,No,0.19087860067604692,Low,N/A,N/A
6478-HRRCZ,70.5,32,One year,DSL,Mailed check,0,0,No,0.04027162424026102,Low,N/A,N/A
8510-BBWMU,19.75,41,One year,No,Mailed check,0,0,No,0.031193495709643835,Low,N/A,N/A
6857-TKDJV,24.65,67,Two year,No,Bank transfer (automatic),0,0,No,0.0015330968420083659,Low,N/A,N/A
2360-RDGRO,104.25,65,Month-to-month,Fiber optic,Electronic check,1,0,No,0.10211872970187387,Low,N/A,N/A
0584-BJQGZ,78.35,25,Month-to-month,DSL,Bank transfer (automatic),0,0,No,0.17685330122584728,Low,N/A,N/A
1360-XFJMR,109.7,67,One year,Fiber optic,Credit card (automatic),0,0,No,0.00463699583019791,Low,N/A,N/A
5730-RIITO,33.45,43,Month-to-month,DSL,Credit card (automatic),0,0,No,0.2045484063945236,Low,N/A,N/A
9058-MJLZC,94.6,24,Month-to-month,Fiber optic,Electronic check,2,0,No,0.9483971953880552,Critical,Numtechtickets,Contract Upgrade Incentive
0902-XKXPN,20.2,69,Two year,No,Bank transfer (automatic),0,1,No,0.0015973180501913419,Low,N/A,N/A
5177-RVZNU,20.3,37,One year,No,Bank transfer (automatic),0,0,No,0.0367570274140571,Low,N/A,N/A
0056-EPFBG,39.4,20,Two year,DSL,Credit card (automatic),0,0,No,0.04429804940437039,Low,N/A,N/A
8993-IZEUX,69.15,7,Month-to-month,Fiber optic,Bank transfer (automatic),0,0,No,0.8291092286039123,Critical,Internetservice Fiber Optic,Contract Upgrade Incentive
8190-ZTQFB,51.35,41,One year,DSL,Electronic check,0,0,No,0.07012221840225995,Low,N/A,N/A
0931-MHTEM,100.05,54,One year,Fiber optic,Credit card (automatic),0,0,No,0.024662411630280174,Low,N/A,N/A
7515-LODFU,20.3,69,Two year,No,Credit card (automatic),0,0,No,0.0023002656780891965,Low,N/A,N/A
0440-UEDAI,94.45,53,One year,Fiber optic,Credit card (automatic),0,4,No,0.02480461516705709,Low,N/A,N/A
1337-BOZWO,46.4,18,One year,DSL,Credit card (automatic),0,0,No,0.16686247734010182,Low,N/A,N/A
0868-VJRDR,104.05,64,Two year,Fiber optic,Credit card (automatic),0,0,No,0.0019200447527430618,Low,N/A,N/A
6344-SFJVH,24.9,20,Month-to-month,DSL,Credit card (automatic),0,0,No,0.49790318089808944,High,Tenure,Contract Upgrade Incentive
3950-VPYJB,59.6,57,One year,DSL,Mailed check,0,0,No,0.007947536786309174,Low,N/A,N/A
8041-TMEID,108.5,63,Two year,Fiber optic,Credit card (automatic),2,1,No,0.03431107815779928,Low,N/A,N/A
7321-ZNSLA,40.55,13,Two year,DSL,Mailed check,0,0,No,0.06172832456276571,Low,N/A,N/A
6941-KXRRV,58.95,48,One year,DSL,Bank transfer (automatic),0,0,No,0.03335182099867468,Low,N/A,N/A
8727-JQFHV,20.75,57,Two year,No,Mailed check,0,0,No,0.0027556692334497848,Low,N/A,N/A
9475-NNDGC,113.15,71,One year,Fiber optic,Bank transfer (automatic),0,4,No,0.002894494172749855,Low,N/A,N/A
1355-KUSBG,48.8,7,Month-to-month,DSL,Electronic check,0,0,No,0.6386240057593654,High,Tenure,Contract Upgrade Incentive
3688-FTHLT,63.05,16,Month-to-month,DSL,Bank transfer (automatic),0,0,No,0.3914853357335439,Low,N/A,N/A
0899-LIIBW,100.85,34,Month-to-month,Fiber optic,Electronic check,0,0,No,0.2977935874319113,Low,N/A,N/A
1384-RCUXW,80.55,16,Month-to-month,Fiber optic,Mailed check,0,0,No,0.6510249371288817,High,Internetservice Fiber Optic,Contract Upgrade Incentive
5825-XJOCM,64.4,48,One year,DSL,Bank transfer (automatic),0,0,No,0.01944093958578777,Low,N/A,N/A
6848-YLDFR,75.2,58,One year,DSL,Credit card (automatic),0,0,No,0.005025307438930628,Low,N/A,N/A
8125-QPFJD,84.9,72,Two year,DSL,Bank transfer (automatic),0,0,No,0.0004884697050511369,Low,N/A,N/A
2320-YKQBO,19.3,7,Month-to-month,No,Mailed check,0,0,No,0.36747430003500914,Low,N/A,N/A
4973-RLZVI,74.65,30,One year,DSL,Credit card (automatic),0,0,No,0.04939844847915149,Low,N/A,N/A
7869-ZYDST,59.05,31,Month-to-month,DSL,Credit card (automatic),0,0,No,0.16761327545913432,Low,N/A,N/A
4501-UYKBC,69.1,46,One year,DSL,Credit card (automatic),0,0,No,0.022715298471326147,Low,N/A,N/A
1215-EXRMO,20.55,50,Two year,No,Mailed check,0,0,No,0.004598888607432566,Low,N/A,N/A
2305-MRGLV,76.55,28,Month-to-month,Fiber optic,Bank transfer (automatic),0,0,No,0.42057002044542385,High,Internetservice Fiber Optic,Contract Upgrade Incentive
8404-VIOMB,62.5,66,Two year,DSL,Bank transfer (automatic),0,0,No,0.0017536310655660798,Low,N/A,N/A
2359-KLTEK,94.9,41,Month-to-month,Fiber optic,Bank transfer (automatic),0,0,No,0.16280521918670546,Low,N/A,N/A
5304-EFJLP,111.65,72,Two year,Fiber optic,Bank transfer (automatic),2,0,No,0.013445645509514844,Low,N/A,N/A
2673-ZALNP,19.9,7,One year,No,Mailed check,0,0,No,0.1724562087619347,Low,N/A,N/A
9184-GALIL,20.45,38,Month-to-month,No,Mailed check,0,0,No,0.07650501469035045,Low,N/A,N/A
4393-RYCRE,106.05,44,One year,Fiber optic,Electronic check,0,0,No,0.06370910360877266,Low,N/A,N/A
9746-MDMBK,113.45,47,One year,Fiber optic,Bank transfer (automatic),0,0,No,0.018669707710010586,Low,N/A,N/A
3162-ZJZFU,92.55,53,Month-to-month,Fiber optic,Electronic check,0,0,No,0.08030666853755905,Low,N/A,N/A
8404-GFGCZ,65.6,4,Month-to-month,DSL,Electronic check,0,0,No,0.6414554784039281,High,Tenure,Contract Upgrade Incentive
8875-AKBYH,84.35,20,Month-to-month,Fiber optic,Electronic check,0,3,No,0.7109121515411227,Critical,Internetservice Fiber Optic,Contract Upgrade Incentive
0533-UCAAU,71.1,57,One year,DSL,Credit card (automatic),0,3,No,0.01028737401597409,Low,N/A,N/A
1394-SUIUH,85.15,44,Month-to-month,Fiber optic,Electronic check,0,0,No,0.253852698117739,Low,N/A,N/A
3521-MNKLV,49.7,24,Month-to-month,DSL,Mailed check,0,0,No,0.28942736217185566,Low,N/A,N/A
2533-TIBIX,30.2,15,Month-to-month,DSL,Bank transfer (automatic),0,0,No,0.4840448858211771,High,Tenure,Contract Upgrade Incentive
5092-STPKP,56.35,24,Month-to-month,DSL,Credit card (automatic),0,0,No,0.24798188797235196,Low,N/A,N/A
0114-PEGZZ,107.55,33,Month-to-month,Fiber optic,Electronic check,0,1,No,0.31344050792647216,Low,N/A,N/A
3359-DSRKA,19.85,58,Two year,No,Mailed check,0,0,No,0.0028852779662500755,Low,N/A,N/A
8639-NHQEI,95.9,72,Two year,Fiber optic,Bank transfer (automatic),0,0,No,0.0015890589315466792,Low,N/A,N/A
7161-DFHUF,23.85,71,Two year,No,Mailed check,0,0,No,0.0014268951714052891,Low,N/A,N/A
3720-DBRWL,83.85,51,Two year,DSL,Credit card (automatic),0,0,No,0.0020971096927335153,Low,N/A,N/A
8565-WUXZU,84.8,72,Two year,Fiber optic,Credit card (automatic),0,4,No,0.0024148619971553855,Low,N/A,N/A
4994-OBRSZ,76.1,14,Two year,DSL,Bank transfer (automatic),0,0,No,0.03838786528291056,Low,N/A,N/A
0562-FGDCR,74.55,72,Two year,DSL,Mailed check,0,0,No,0.0005282482734079667,Low,N/A,N/A
2436-QBZFP,39.2,22,Month-to-month,DSL,Electronic check,0,4,No,0.4501889381334428,High,Tenure,Contract Upgrade Incentive
3420-YJLQT,79.55,2,Month-to-month,Fiber optic,Electronic check,0,2,No,0.9042886757371916,Critical,Internetservice Fiber Optic,Contract Upgrade Incentive
6040-CGACY,19.6,15,Month-to-month,No,Mailed check,0,0,No,0.27117233941100305,Low,N/A,N/A
6582-PLFUU,19.55,51,Two year,No,Credit card (automatic),0,0,No,0.004003632606625332,Low,N/A,N/A
8242-PDSGJ,39.15,70,Two year,DSL,Credit card (automatic),0,0,No,0.0025419037620932434,Low,N/A,N/A
0264-CNITK,20.1,71,Two year,No,Bank transfer (automatic),0,0,No,0.0015877090982853663,Low,N/A,N/A
0089-IIQKO,99.95,39,Month-to-month,Fiber optic,Credit card (automatic),0,0,No,0.13657883255814646,Low,N/A,N/A
7839-NUIAA,59.8,61,Month-to-month,DSL,Electronic check,0,4,No,0.035810038466662586,Low,N/A,N/A
6075-QMNRR,49.75,52,Month-to-month,DSL,Bank transfer (automatic),0,0,No,0.07554119009263004,Low,N/A,N/A
5966-EMAZU,108.5,64,One year,Fiber optic,Mailed check,0,0,No,0.005469138994673395,Low,N/A,N/A
0440-EKDCF,60.15,62,Two year,DSL,Credit card (automatic),0,0,No,0.0020114312590693365,Low,N/A,N/A
4774-HHGGS,19.05,30,Two year,No,Mailed check,0,0,No,0.014217663460209399,Low,N/A,N/A
2055-BFOCC,84.0,63,One year,DSL,Bank transfer (automatic),0,0,No,0.003836356438646407,Low,N/A,N/A
8180-AKMJV,44.55,1,Month-to-month,DSL,Credit card (automatic),0,0,No,0.6921703823832205,High,Tenure,Contract Upgrade Incentive
4298-OYIFC,103.45,15,Month-to-month,Fiber optic,Electronic check,0,0,No,0.6189101150513178,High,Internetservice Fiber Optic,Contract Upgrade Incentive
5566-SOEZD,80.65,27,One year,Fiber optic,Credit card (automatic),0,0,No,0.19893484206782192,Low,N/A,N/A
9842-EFSYY,57.2,4,Month-to-month,DSL,Mailed check,0,0,No,0.5578335426565165,High,Tenure,Contract Upgrade Incentive
2272-WUSPA,110.75,72,Two year,Fiber optic,Electronic check,0,0,No,0.0016675359073203206,Low,N/A,N/A
4584-LBNMK,24.7,45,One year,No,Credit card (automatic),0,2,No,0.024061868544680096,Low,N/A,N/A
3898-GUYTS,97.05,45,Month-to-month,Fiber optic,Electronic check,0,0,No,0.1883204555472993,Low,N/A,N/A
0930-EHUZA,76.35,36,One year,DSL,Mailed check,0,0,No,0.03155211442373653,Low,N/A,N/A
9975-SKRNR,18.9,1,Month-to-month,No,Mailed check,0,0,No,0.426074273392359,High,Tenure,Contract Upgrade Incentive
3703-KBKZP,74.45,16,Month-to-month,Fiber optic,Bank transfer (automatic),0,0,No,0.7368635297240579,Critical,Internetservice Fiber Optic,Contract Upgrade Incentive
4973-MGTON,84.4,71,Two year,DSL,Credit card (automatic),0,2,No,0.0005007245259127657,Low,N/A,N/A
3682-YEUWS,24.4,10,Month-to-month,No,Mailed check,0,2,No,0.2503746520600679,Low,N/A,N/A
1223-UNPKS,20.05,20,Two year,No,Mailed check,0,0,No,0.021111133672160238,Low,N/A,N/A
3446-QDSZF,55.5,4,Month-to-month,DSL,Credit card (automatic),0,0,No,0.6126207416809589,High,Tenure,Contract Upgrade Incentive
5117-IFGPS,84.3,29,Month-to-month,Fiber optic,Electronic check,0,0,No,0.5504206164312838,High,Internetservice Fiber Optic,Contract Upgrade Incentive
7379-FNIUJ,100.2,2,Month-to-month,Fiber optic,Electronic check,0,0,No,0.8654635717772882,Critical,Internetservice Fiber Optic,Contract Upgrade Incentive
1627-AFWVJ,19.4,29,Two year,No,Mailed check,0,0,No,0.0177240086455937,Low,N/A,N/A
4486-EFAEB,20.4,13,Month-to-month,No,Electronic check,0,0,No,0.3753112170650471,Low,N/A,N/A
0060-FUALY,94.75,59,Month-to-month,Fiber optic,Electronic check,0,0,No,0.07035762337558027,Low,N/A,N/A
6954-OOYZZ,44.35,18,Month-to-month,DSL,Bank transfer (automatic),0,0,No,0.41456100260634127,High,Tenure,Contract Upgrade Incentive
7088-FBAWU,74.55,17,Month-to-month,DSL,Mailed check,0,0,No,0.2658221004103979,Low,N/A,N/A
8313-AFGBW,73.6,47,Two year,DSL,Electronic check,0,0,No,0.006978241065283376,Low,N/A,N/A
3097-IDVPU,50.1,19,Month-to-month,DSL,Credit card (automatic),0,0,No,0.3251765728108623,Low,N/A,N/A
2197-OMWGI,53.0,68,Two year,DSL,Electronic check,0,2,No,0.0036937191363618565,Low,N/A,N/A
2303-PJYHN,19.85,2,Month-to-month,No,Bank transfer (automatic),0,5,No,0.4458052318908327,High,Tenure,Contract Upgrade Incentive
9795-VOWON,24.35,7,One year,DSL,Credit card (automatic),0,0,No,0.412861813483389,High,Tenure,VIP Loyalty Check-in
1237-WIYYZ,19.55,18,Month-to-month,No,Mailed check,0,0,No,0.23792889278642235,Low,N/A,N/A
1987-AUELQ,25.05,71,Two year,No,Credit card (automatic),0,0,No,0.0013871953053327904,Low,N/A,N/A
7852-LECYP,93.8,13,Month-to-month,Fiber optic,Credit card (automatic),0,0,No,0.6898528439175443,High,Internetservice Fiber Optic,Contract Upgrade Incentive
4822-LPTYJ,103.75,72,Two year,Fiber optic,Bank transfer (automatic),0,0,No,0.0013326658660465622,Low,N/A,N/A
8165-CBKXO,56.75,66,Two year,DSL,Credit card (automatic),0,0,No,0.0018472668944302013,Low,N/A,N/A
6527-PZFPV,20.8,24,One year,No,Credit card (automatic),0,0,No,0.05962176592165574,Low,N/A,N/A
9593-CVZKR,24.45,56,Two year,No,Mailed check,0,0,No,0.0027792331398767177,Low,N/A,N/A
8595-SIZNC,25.6,22,One year,No,Bank transfer (automatic),0,0,No,0.09718632593320374,Low,N/A,N/A
5236-XMZJY,59.65,42,Month-to-month,DSL,Bank transfer (automatic),0,0,No,0.10456587886011359,Low,N/A,N/A
4827-DPADN,83.3,72,Two year,DSL,Bank transfer (automatic),0,0,No,0.0004322589712769419,Low,N/A,N/A
2694-CIUMO,79.55,12,Month-to-month,Fiber optic,Credit card (automatic),0,2,No,0.7056430478043247,Critical,Internetservice Fiber Optic,Contract Upgrade Incentive
5846-ABOBJ,24.45,71,Two year,No,Bank transfer (automatic),0,0,No,0.0014182538332250124,Low,N/A,N/A
1439-LCGVL,19.2,26,One year,No,Mailed check,0,4,No,0.06664275124786663,Low,N/A,N/A
0909-SDHNU,29.8,7,Month-to-month,DSL,Mailed check,0,0,No,0.6122844503259688,High,Tenure,Contract Upgrade Incentive
4647-XXZAM,45.5,6,Month-to-month,DSL,Mailed check,0,0,No,0.5528379610754707,High,Tenure,Contract Upgrade Incentive
7740-KKCXF,30.05,51,Month-to-month,DSL,Credit card (automatic),0,0,No,0.11109539011384419,Low,N/A,N/A
5360-XGYAZ,65.65,72,Two year,DSL,Bank transfer (automatic),0,0,No,0.0007798329302100691,Low,N/A,N/A
3557-HTYWR,74.05,47,Two year,DSL,Mailed check,0,0,No,0.004171463208227815,Low,N/A,N/A
8920-NAVAY,110.75,62,One year,Fiber optic,Bank transfer (automatic),0,4,No,0.008125143095124833,Low,N/A,N/A
1699-TLDLZ,19.7,16,Two year,No,Mailed check,0,0,No,0.029042595934309932,Low,N/A,N/A
5600-PDUJF,49.5,6,Month-to-month,DSL,Credit card (automatic),0,0,No,0.5290408519886425,High,Tenure,Contract Upgrade Incentive
0567-XRHCU,43.95,69,Two year,DSL,Credit card (automatic),0,0,No,0.002652867651036742,Low,N/A,N/A
2067-QYTCF,111.15,64,Month-to-month,Fiber optic,Electronic check,4,0,No,0.8302459325621355,Critical,Numtechtickets,Proactive Tech Support Outreach
7407-SUJIZ,20.6,25,Month-to-month,No,Mailed check,0,0,No,0.15912771501673573,Low,N/A,N/A
9150-KPBJQ,19.65,6,Two year,No,Credit card (automatic),0,0,No,0.06314069858064851,Low,N/A,N/A
0052-DCKON,115.8,66,One year,Fiber optic,Bank transfer (automatic),0,3,No,0.003578697381951325,Low,N/A,N/A
3654-ARMGP,88.65,61,Two year,DSL,Credit card (automatic),0,0,No,0.0010099752127630324,Low,N/A,N/A
9699-UBQFS,94.5,43,Month-to-month,Fiber optic,Electronic check,0,0,No,0.24766471727967382,Low,N/A,N/A
9367-TCUYN,20.1,12,Month-to-month,No,Mailed check,0,0,No,0.304942696386607,Low,N/A,N/A
1261-FWTTE,34.65,23,Month-to-month,DSL,Bank transfer (automatic),0,0,No,0.4527570715286501,High,Totalcharges,Contract Upgrade Incentive
3528-HFRIQ,52.3,71,Month-to-month,DSL,Bank transfer (automatic),0,0,No,0.021702925721265025,Low,N/A,N/A
0708-SJDIS,65.0,34,Month-to-month,DSL,Mailed check,2,0,No,0.6495679821203892,High,Numtechtickets,Contract Upgrade Incentive
2073-QBVBI,35.45,41,One year,DSL,Mailed check,0,0,No,0.058099353731298146,Low,N/A,N/A
6928-ONTRW,19.7,72,Two year,No,Credit card (automatic),0,0,No,0.0014332499169826506,Low,N/A,N/A
3320-VEOYC,95.6,14,Month-to-month,Fiber optic,Electronic check,0,0,No,0.7681597781458699,Critical,Internetservice Fiber Optic,Contract Upgrade Incentive
5231-FIQPA,19.85,41,Two year,No,Mailed check,0,0,No,0.00909050495205136,Low,N/A,N/A
6617-WLBQC,81.85,23,One year,Fiber optic,Credit card (automatic),0,0,No,0.2712596776804604,Low,N/A,N/A
2599-CIPQE,109.3,71,Two year,Fiber optic,Credit card (automatic),0,0,No,0.0007450367880731623,Low,N/A,N/A
8774-GSBUN,25.4,72,Two year,No,Mailed check,0,0,No,0.0011626680140948708,Low,N/A,N/A
7326-RIGQZ,69.8,6,Month-to-month,Fiber optic,Electronic check,0,0,No,0.8584415063366441,Critical,Internetservice Fiber Optic,Contract Upgrade Incentive
1401-FTHFQ,20.0,23,One year,No,Credit card (automatic),0,0,No,0.06351970460952158,Low,N/A,N/A
0254-FNMCI,109.9,72,Two year,Fiber optic,Electronic check,0,0,No,0.0015233357319637676,Low,N/A,N/A
1848-LBZHY,50.3,7,Month-to-month,DSL,Bank transfer (automatic),0,5,No,0.5849919452088327,High,Tenure,Contract Upgrade Incentive
8118-TJAFG,101.5,9,Month-to-month,Fiber optic,Electronic check,0,0,No,0.7026927011619866,Critical,Internetservice Fiber Optic,Contract Upgrade Incentive
5429-LWCMV,89.15,12,Month-to-month,Fiber optic,Electronic check,0,0,No,0.7913697191762529,Critical,Internetservice Fiber Optic,Contract Upgrade Incentive
7298-IZWLY,19.4,1,Month-to-month,No,Mailed check,0,3,No,0.44769220667439313,High,Tenure,Contract Upgrade Incentive
9758-MFWGD,29.9,48,One year,DSL,Bank transfer (automatic),0,0,No,0.06454566369632433,Low,N/A,N/A
3955-JBZZM,78.8,20,Month-to-month,Fiber optic,Electronic check,0,0,No,0.6887038777792127,High,Internetservice Fiber Optic,Contract Upgrade Incentive
4815-TUMEQ,19.3,10,One year,No,Mailed check,0,0,No,0.1530390891565702,Low,N/A,N/A
9909-IDLEK,96.8,20,Month-to-month,Fiber optic,Mailed check,1,1,No,0.7174527693524784,Critical,Internetservice Fiber Optic,Contract Upgrade Incentive
4092-OFQZS,20.65,20,One year,No,Mailed check,0,0,No,0.07971037040532296,Low,N/A,N/A
1561-BWHIN,19.8,19,One year,No,Mailed check,0,0,No,0.07493831599156223,Low,N/A,N/A
9927-DSWDF,104.6,22,Month-to-month,Fiber optic,Electronic check,0,0,No,0.4794931023650836,High,Internetservice Fiber Optic,Contract Upgrade Incentive
9500-LTVBP,80.05,35,Month-to-month,Fiber optic,Credit card (automatic),0,0,No,0.2951124363657229,Low,N/A,N/A
7252-NTGSS,45.15,1,Month-to-month,DSL,Mailed check,0,0,No,0.6788562669190521,High,Tenure,Contract Upgrade Incentive
8149-AIQCG,73.15,39,Month-to-month,Fiber optic,Credit card (automatic),0,0,No,0.30290220715873567,Low,N/A,N/A
1360-JYXKQ,99.1,54,One year,Fiber optic,Electronic check,0,3,No,0.034288554122412565,Low,N/A,N/A
0899-WZRSD,105.35,56,Month-to-month,Fiber optic,Mailed check,0,0,No,0.03392457418034331,Low,N/A,N/A
3255-GRXMG,45.65,18,Month-to-month,DSL,Credit card (automatic),0,0,No,0.3749924603697062,Low,N/A,N/A
4828-FAZPK,79.95,16,Month-to-month,Fiber optic,Credit card (automatic),0,0,No,0.637561057368033,High,Internetservice Fiber Optic,Contract Upgrade Incentive
6094-ZIVKX,54.45,68,One year,DSL,Credit card (automatic),0,0,No,0.00822810952830539,Low,N/A,N/A
6925-BAYGL,25.1,53,Two year,No,Credit card (automatic),0,0,No,0.0050130111299579476,Low,N/A,N/A
3262-EIDHV,84.7,72,Two year,DSL,Credit card (automatic),0,0,No,0.000418614662077643,Low,N/A,N/A
7354-OIJLX,75.85,9,Month-to-month,Fiber optic,Electronic check,0,0,No,0.8416756501546977,Critical,Internetservice Fiber Optic,Contract Upgrade Incentive
1376-HHBDV,48.8,30,Month-to-month,DSL,Mailed check,0,0,No,0.23050152769605328,Low,N/A,N/A
6133-OZILE,35.2,18,Month-to-month,DSL,Electronic check,0,0,No,0.5338274434095629,High,Tenure,Contract Upgrade Incentive
4135-FRWKJ,76.25,55,One year,DSL,Electronic check,0,0,No,0.012345842458374494,Low,N/A,N/A
6551-ZCOTS,24.9,33,One year,No,Bank transfer (automatic),0,1,No,0.052549999317529815,Low,N/A,N/A
7191-ADRGF,54.3,44,Two year,DSL,Bank transfer (automatic),0,0,No,0.010559970467864005,Low,N/A,N/A
5018-LXQQG,66.3,30,Month-to-month,DSL,Bank transfer (automatic),0,0,No,0.13482864789940183,Low,N/A,N/A
6892-BOGQE,20.9,71,Two year,No,Bank transfer (automatic),0,0,No,0.0017657454561552095,Low,N/A,N/A
1746-TGTWV,75.35,1,Month-to-month,Fiber optic,Credit card (automatic),0,0,No,0.8588107179744209,Critical,Internetservice Fiber Optic,Contract Upgrade Incentive
5995-SNNEW,104.45,23,Month-to-month,Fiber optic,Electronic check,0,2,No,0.5706458922610108,High,Internetservice Fiber Optic,Contract Upgrade Incentive
8050-WYBND,49.45,22,One year,DSL,Credit card (automatic),0,0,No,0.14639046999215213,Low,N/A,N/A
2821-WARNZ,19.45,49,One year,No,Credit card (automatic),0,0,No,0.01874784359466895,Low,N/A,N/A
4879-GZLFH,92.15,42,Month-to-month,Fiber optic,Electronic check,0,0,No,0.21359019323121434,Low,N/A,N/A
8314-HTWVE,19.85,7,Two year,No,Mailed check,0,3,No,0.04652927460321273,Low,N/A,N/A
9402-ROUMJ,100.25,67,One year,Fiber optic,Bank transfer (automatic),0,5,No,0.005952244113840952,Low,N/A,N/A
2507-QZPQS,95.7,15,Month-to-month,Fiber optic,Electronic check,0,4,No,0.6625631384140199,High,Internetservice Fiber Optic,Contract Upgrade Incentive
7159-NOKYQ,93.15,67,Two year,Fiber optic,Electronic check,0,0,No,0.003838574455118548,Low,N/A,N/A
5707-ZMDJP,69.7,53,Two year,DSL,Mailed check,0,0,No,0.0022589141709146924,Low,N/A,N/A
8779-YIQQA,19.8,21,One year,No,Mailed check,0,0,No,0.06831853208119126,Low,N/A,N/A
7136-IHZJA,71.35,40,Month-to-month,DSL,Mailed check,0,2,No,0.05558519459605381,Low,N/A,N/A
8966-OIQHG,20.75,22,One year,No,Bank transfer (automatic),0,0,No,0.07604532410281963,Low,N/A,N/A
7074-STDCN,40.6,39,Month-to-month,DSL,Electronic check,0,0,No,0.2062451957036737,Low,N/A,N/A
8739-QOTTN,20.35,2,Month-to-month,No,Mailed check,0,0,No,0.4166148797109519,High,Tenure,Contract Upgrade Incentive
1399-OUPJN,19.75,57,Two year,No,Bank transfer (automatic),0,0,No,0.0032810495479680605,Low,N/A,N/A
0277-BKSQP,54.4,8,Month-to-month,DSL,Electronic check,0,0,No,0.5769909615112483,High,Tenure,Contract Upgrade Incentive
5774-XZTQC,20.45,7,Month-to-month,No,Mailed check,0,0,No,0.31668807346764805,Low,N/A,N/A
2676-SSLTO,66.15,49,Two year,DSL,Bank transfer (automatic),0,0,No,0.00472622547833323,Low,N/A,N/A
6266-QHOJZ,89.85,65,One year,Fiber optic,Electronic check,0,0,No,0.017262217673439266,Low,N/A,N/A
7269-JISCY,45.05,55,One year,DSL,Bank transfer (automatic),0,0,No,0.027306031322687597,Low,N/A,N/A
0363-SVHYR,86.85,71,Two year,DSL,Bank transfer (automatic),0,0,No,0.00036643944758990533,Low,N/A,N/A
8547-NSBBO,96.75,35,Month-to-month,Fiber optic,Mailed check,0,5,No,0.19365818306068425,Low,N/A,N/A
6591-QGOYB,106.65,17,Month-to-month,Fiber optic,Bank transfer (automatic),0,0,No,0.5009518172137826,High,Internetservice Fiber Optic,Contract Upgrade Incentive
9070-BCKQP,110.15,72,Two year,Fiber optic,Credit card (automatic),0,0,No,0.0008683749185933349,Low,N/A,N/A
6421-SZVEM,82.85,28,One year,Fiber optic,Bank transfer (automatic),0,0,No,0.20577691853008198,Low,N/A,N/A
1328-EUZHC,20.1,18,Two year,No,Mailed check,0,0,No,0.029765120246134716,Low,N/A,N/A
8878-RYUKI,59.45,52,Month-to-month,DSL,Electronic check,0,0,No,0.07986664120742533,Low,N/A,N/A
9633-DENPU,58.6,47,Month-to-month,DSL,Bank transfer (automatic),0,0,No,0.07607480848714124,Low,N/A,N/A
7811-JIVPF,49.7,23,Month-to-month,DSL,Credit card (automatic),0,0,No,0.33789482929401704,Low,N/A,N/A
7113-HIPFI,65.85,66,Two year,DSL,Mailed check,0,0,No,0.001117914351931459,Low,N/A,N/A
8541-QVFKM,73.5,8,Month-to-month,Fiber optic,Electronic check,0,3,No,0.8671264058383744,Critical,Internetservice Fiber Optic,Contract Upgrade Incentive
9258-CNWAC,113.65,71,Two year,Fiber optic,Credit card (automatic),0,0,No,0.0006818890078500397,Low,N/A,N/A
5371-VYLSX,83.4,50,Month-to-month,Fiber optic,Electronic check,0,0,No,0.22549443157519775,Low,N/A,N/A
6374-AFWOX,65.65,46,Two year,DSL,Mailed check,1,4,No,0.01795818266321465,Low,N/A,N/A
5317-FLPJF,61.35,66,Two year,DSL,Bank transfer (automatic),3,0,No,0.08386339991115786,Low,N/A,N/A
7621-VPNET,85.9,42,Month-to-month,Fiber optic,Credit card (automatic),0,0,No,0.16236863380088962,Low,N/A,N/A
6034-YMTOB,75.65,5,Month-to-month,Fiber optic,Mailed check,0,0,No,0.8017822417827579,Critical,Internetservice Fiber Optic,Contract Upgrade Incentive
4903-CNOZC,70.9,29,One year,DSL,Credit card (automatic),0,0,No,0.0666521396917973,Low,N/A,N/A
4353-HYOJD,49.85,27,Month-to-month,DSL,Mailed check,0,0,No,0.2286468934237621,Low,N/A,N/A
7267-FRMJW,20.1,25,Two year,No,Mailed check,0,0,No,0.017720059312575084,Low,N/A,N/A
4188-FRABG,103.05,57,Month-to-month,Fiber optic,Electronic check,0,0,No,0.04755839112783691,Low,N/A,N/A
4128-ETESU,99.7,47,Month-to-month,Fiber optic,Electronic check,0,4,No,0.172389540252558,Low,N/A,N/A
0620-DLSLK,81.9,13,Month-to-month,Fiber optic,Mailed check,0,0,No,0.7148180573348926,Critical,Internetservice Fiber Optic,Contract Upgrade Incentive
3850-OKINF,66.2,71,One year,DSL,Electronic check,2,0,No,0.0644289427670105,Low,N/A,N/A
1156-ZFYDO,19.75,1,Month-to-month,No,Electronic check,0,2,No,0.563738965362639,High,Tenure,Contract Upgrade Incentive
3295-YVUSR,72.6,2,Month-to-month,Fiber optic,Mailed check,0,5,No,0.8792121869382132,Critical,Internetservice Fiber Optic,Contract Upgrade Incentive
8016-NCFVO,116.5,55,Month-to-month,Fiber optic,Electronic check,3,0,No,0.7311837206809516,Critical,Numtechtickets,Proactive Tech Support Outreach
4119-ZYPZY,106.8,71,Two year,Fiber optic,Electronic check,0,0,No,0.0018771129289125166,Low,N/A,N/A
5549-ZGHFB,24.95,50,Two year,No,Mailed check,0,2,No,0.003504785958181889,Low,N/A,N/A
7577-SWIFR,89.25,1,Month-to-month,Fiber optic,Electronic check,0,0,No,0.8900787024776435,Critical,Internetservice Fiber Optic,Contract Upgrade Incentive
0303-WMMRN,19.25,5,Month-to-month,No,Mailed check,0,0,No,0.3728386912008022,Low,N/A,N/A
6408-OTUBZ,104.55,66,One year,Fiber optic,Bank transfer (automatic),0,0,No,0.007055168417285929,Low,N/A,N/A
5204-HMGYF,87.2,49,One year,DSL,Mailed check,0,0,No,0.006820263807538389,Low,N/A,N/A
1078-TDCRN,30.75,3,Month-to-month,DSL,Electronic check,0,0,No,0.8109993776299323,Critical,Tenure,Contract Upgrade Incentive
3727-OVPRY,25.7,66,One year,No,Credit card (automatic),0,0,No,0.005047409729563306,Low,N/A,N/A
3797-FKOGQ,86.2,11,Month-to-month,Fiber optic,Electronic check,0,0,No,0.7737083312412322,Critical,Internetservice Fiber Optic,Contract Upgrade Incentive
7622-NXQZR,30.1,28,Month-to-month,DSL,Credit card (automatic),0,0,No,0.29642272331346065,Low,N/A,N/A
6196-HBOBZ,99.35,65,Two year,Fiber optic,Electronic check,0,0,No,0.00392419963552731,Low,N/A,N/A
3970-XGJDU,19.2,62,Two year,No,Credit card (automatic),5,2,No,0.6976637155309375,High,Numtechtickets,Proactive Tech Support Outreach
7017-VFULY,20.1,2,Month-to-month,No,Bank transfer (automatic),0,0,No,0.4456992791217168,High,Tenure,Contract Upgrade Incentive
5562-YJQGT,20.35,2,Month-to-month,No,Credit card (automatic),0,3,No,0.4444670089804361,High,Tenure,Contract Upgrade Incentive
8807-OPMBM,25.65,55,Two year,No,Credit card (automatic),0,0,No,0.003027584378571072,Low,N/A,N/A
5439-WIKXB,94.55,41,Month-to-month,Fiber optic,Electronic check,3,0,No,0.9501609001016805,Critical,Numtechtickets,Proactive Tech Support Outreach
8294-UIMBA,94.4,30,One year,Fiber optic,Bank transfer (automatic),0,0,No,0.1547038283206486,Low,N/A,N/A
8109-YUOHE,56.1,17,One year,DSL,Mailed check,0,0,No,0.17124530145239947,Low,N/A,N/A
5840-NVDCG,68.25,16,Two year,DSL,Bank transfer (automatic),0,0,No,0.039274697643450034,Low,N/A,N/A
8092-NLTGF,24.75,72,Two year,No,Bank transfer (automatic),0,5,No,0.001403605501040518,Low,N/A,N/A
5928-QLDHB,76.25,9,Month-to-month,Fiber optic,Electronic check,0,2,No,0.8426985066525885,Critical,Internetservice Fiber Optic,Contract Upgrade Incentive
9840-EFJQB,74.35,1,Month-to-month,Fiber optic,Electronic check,0,0,No,0.9159928611281534,Critical,Internetservice Fiber Optic,Contract Upgrade Incentive
0696-UKTOX,54.15,23,Month-to-month,DSL,Electronic check,0,0,No,0.30218046286742595,Low,N/A,N/A
4801-KFYKL,19.45,8,Month-to-month,No,Bank transfer (automatic),0,0,No,0.3255154403570534,Low,N/A,N/A
3472-OAOOR,34.95,19,Month-to-month,DSL,Mailed check,0,0,No,0.38126003202669484,Low,N/A,N/A
6135-OZQVA,53.65,7,Month-to-month,DSL,Electronic check,0,0,No,0.6672790493516024,High,Tenure,Contract Upgrade Incentive
2252-JHJGE,104.0,61,One year,Fiber optic,Electronic check,0,0,No,0.016347679074956104,Low,N/A,N/A
4188-PCPIG,70.35,57,Two year,DSL,Credit card (automatic),0,0,No,0.0021833368034507167,Low,N/A,N/A
7105-BENQF,64.85,15,One year,DSL,Mailed check,0,0,No,0.14836068827187188,Low,N/A,N/A
7721-DVEKZ,19.65,1,Month-to-month,No,Mailed check,0,0,No,0.4468507177631517,High,Tenure,Contract Upgrade Incentive
3566-VVORZ,45.9,12,Month-to-month,DSL,Bank transfer (automatic),0,0,No,0.526972050217406,High,Tenure,Contract Upgrade Incentive
9507-HSMMZ,20.0,54,Two year,No,Mailed check,0,0,No,0.003932391250295528,Low,N/A,N/A
2480-SQIOB,44.8,4,Month-to-month,DSL,Electronic check,0,0,No,0.675556673118539,High,Tenure,Contract Upgrade Incentive
7813-TKCVO,20.35,20,One year,No,Mailed check,0,5,No,0.08789217824845143,Low,N/A,N/A
0128-MKWSG,45.8,26,Month-to-month,DSL,Mailed check,0,0,No,0.23236816611851288,Low,N/A,N/A
4350-ZTLPI,108.95,53,One year,Fiber optic,Bank transfer (automatic),3,0,No,0.4690101617950302,High,Numtechtickets,Proactive Tech Support Outreach
0361-HJRDX,64.35,68,Two year,DSL,Credit card (automatic),0,3,No,0.0012787129263805588,Low,N/A,N/A
5727-MYATE,90.8,72,Two year,DSL,Credit card (automatic),0,0,No,0.0002978678581121093,Low,N/A,N/A
3823-KYNQY,24.95,12,One year,No,Credit card (automatic),0,5,No,0.123895669888227,Low,N/A,N/A
7570-WELNY,84.7,68,Two year,Fiber optic,Bank transfer (automatic),0,0,No,0.003906202999872579,Low,N/A,N/A
3021-VLNRJ,70.8,50,One year,DSL,Credit card (automatic),0,0,No,0.011924524969623724,Low,N/A,N/A
2080-CAZNM,104.4,41,Month-to-month,Fiber optic,Electronic check,0,1,No,0.2535862733421518,Low,N/A,N/A
1028-FFNJK,101.5,30,Month-to-month,Fiber optic,Electronic check,0,0,No,0.3870999870002189,Low,N/A,N/A
6907-FLBER,54.3,1,Month-to-month,DSL,Electronic check,0,0,No,0.7311297785884142,Critical,Tenure,Contract Upgrade Incentive
3001-UNBTL,103.95,29,Month-to-month,Fiber optic,Electronic check,0,2,No,0.3993535912148871,Low,N/A,N/A
5982-PSMKW,91.1,23,Two year,DSL,Credit card (automatic),0,0,No,0.013934994422447156,Low,N/A,N/A
3507-GASNP,19.95,60,Two year,No,Mailed check,0,0,No,0.0024939953717834896,Low,N/A,N/A
7096-ZNBZI,26.45,72,Two year,No,Credit card (automatic),0,0,No,0.0012796130489526353,Low,N/A,N/A
1676-MQAOA,75.1,72,Two year,DSL,Bank transfer (automatic),0,0,No,0.0006804496151154603,Low,N/A,N/A
0786-IVLAW,108.1,66,One year,Fiber optic,Bank transfer (automatic),0,0,No,0.008753945893044316,Low,N/A,N/A
7566-DSRLQ,110.15,72,Two year,Fiber optic,Electronic check,0,0,No,0.001268128329796123,Low,N/A,N/A
7245-JMTTQ,111.5,51,One year,Fiber optic,Electronic check,0,0,No,0.02662808701675547,Low,N/A,N/A
6050-IJRHS,106.5,70,One year,Fiber optic,Electronic check,4,5,No,0.5629560890475153,High,Numtechtickets,Proactive Tech Support Outreach
6202-JVYEU,19.9,9,One year,No,Electronic check,0,0,No,0.2163802512133219,Low,N/A,N/A
8591-TKMZH,111.1,59,Two year,Fiber optic,Mailed check,4,0,No,0.2659600548828976,Low,N/A,N/A
0734-OXWBT,70.7,3,Month-to-month,DSL,Mailed check,0,0,No,0.4514439359253774,High,Tenure,Contract Upgrade Incentive
4282-ACRXS,24.85,38,Month-to-month,DSL,Electronic check,0,0,No,0.36438911947637814,Low,N/A,N/A
0365-TRTPY,91.2,37,Month-to-month,Fiber optic,Bank transfer (automatic),0,0,No,0.2627483265226923,Low,N/A,N/A
7349-ALMUX,65.6,37,Two year,DSL,Bank transfer (automatic),0,0,No,0.011357097831877315,Low,N/A,N/A
6502-KUGLL,59.45,14,Month-to-month,DSL,Bank transfer (automatic),0,0,No,0.35158655110269194,Low,N/A,N/A
1841-YSJGV,109.95,72,Two year,Fiber optic,Credit card (automatic),0,0,No,0.0007995674667125457,Low,N/A,N/A
3511-BFTJW,38.5,72,Two year,DSL,Credit card (automatic),0,0,No,0.002390232946818808,Low,N/A,N/A
7668-XCFYV,92.55,17,Month-to-month,Fiber optic,Electronic check,0,0,No,0.7343988932051561,Critical,Internetservice Fiber Optic,Contract Upgrade Incentive
5018-HEKFO,24.5,10,Month-to-month,No,Mailed check,0,2,No,0.31007408075514376,Low,N/A,N/A
2923-ARZLG,19.7,0,One year,No,Mailed check,0,0,No,0.18689788291222936,Low,N/A,N/A
3976-NLDEZ,20.6,1,Month-to-month,No,Mailed check,0,0,No,0.42042420748545706,High,Tenure,Contract Upgrade Incentive
2282-YGNOR,58.0,29,One year,DSL,Credit card (automatic),0,0,No,0.07590377228542913,Low,N/A,N/A
5336-UFNZP,107.45,65,One year,Fiber optic,Electronic check,0,0,No,0.011398002476603948,Low,N/A,N/A
6854-EXGSF,65.5,8,Month-to-month,DSL,Bank transfer (automatic),0,0,No,0.5197326603662707,High,Tenure,Contract Upgrade Incentive
1241-EZFMJ,25.45,61,Two year,No,Bank transfer (automatic),0,0,No,0.002427427226015732,Low,N/A,N/A
9233-PSYHO,100.15,45,One year,Fiber optic,Bank transfer (automatic),0,0,No,0.0636467761423872,Low,N/A,N/A
5376-PCKNB,104.45,72,One year,Fiber optic,Credit card (automatic),0,2,No,0.003592020245473806,Low,N/A,N/A
8044-BGWPI,21.15,12,Month-to-month,No,Electronic check,0,0,No,0.33244540846545134,Low,N/A,N/A
4060-LDNLU,96.2,7,Month-to-month,Fiber optic,Electronic check,0,0,No,0.8214037746074867,Critical,Internetservice Fiber Optic,Contract Upgrade Incentive
3589-PPVKW,44.4,9,Month-to-month,DSL,Mailed check,0,0,No,0.5432913483639052,High,Tenure,Contract Upgrade Incentive
5887-IKKYO,94.35,58,Two year,Fiber optic,Bank transfer (automatic),5,3,No,0.7340035397273882,Critical,Numtechtickets,Proactive Tech Support Outreach
1755-RMCXH,20.3,2,Month-to-month,No,Mailed check,0,0,No,0.3586678611362228,Low,N/A,N/A
3858-XHYJO,105.75,40,One year,Fiber optic,Bank transfer (automatic),0,0,No,0.06213493111295622,Low,N/A,N/A
4299-SIMNS,81.15,9,Month-to-month,Fiber optic,Electronic check,0,0,No,0.8293137025949106,Critical,Internetservice Fiber Optic,Contract Upgrade Incentive
7025-IWFHT,89.55,41,One year,Fiber optic,Electronic check,0,0,No,0.09383166447575084,Low,N/A,N/A
6261-LHRTG,54.75,26,Month-to-month,DSL,Credit card (automatic),0,0,No,0.27033321204898575,Low,N/A,N/A
7841-FCRQD,53.75,33,One year,DSL,Credit card (automatic),0,0,No,0.06085827342140448,Low,N/A,N/A
2056-EVGZL,105.75,68,One year,Fiber optic,Credit card (automatic),0,0,No,0.0036698752739197176,Low,N/A,N/A
8777-MBMTS,105.85,65,Two year,Fiber optic,Credit card (automatic),0,5,No,0.002335136968451295,Low,N/A,N/A
7753-USQYQ,64.2,55,One year,DSL,Electronic check,0,2,No,0.015536643283472895,Low,N/A,N/A
7661-CPURM,87.7,19,One year,Fiber optic,Credit card (automatic),0,0,No,0.2829336224485163,Low,N/A,N/A
6233-HXJMX,89.3,45,Month-to-month,Fiber optic,Credit card (automatic),0,0,No,0.1512918092446681,Low,N/A,N/A
5902-WBLSE,20.15,70,Two year,No,Credit card (automatic),0,0,No,0.0015548232865155,Low,N/A,N/A
3239-TPHPZ,20.05,12,Two year,No,Electronic check,0,0,No,0.06389826656365752,Low,N/A,N/A
5115-GZDEL,67.2,72,Two year,DSL,Credit card (automatic),0,4,No,0.0007588856274135627,Low,N/A,N/A
3338-CVVEH,94.55,12,Month-to-month,Fiber optic,Electronic check,0,0,No,0.7556224994774627,Critical,Internetservice Fiber Optic,Contract Upgrade Incentive
2615-YVMYX,107.5,71,Month-to-month,Fiber optic,Electronic check,0,0,No,0.019641171071412666,Low,N/A,N/A
2851-STERV,73.0,35,One year,DSL,Electronic check,0,5,No,0.06317486715897751,Low,N/A,N/A
4393-GEADV,114.75,70,Two year,Fiber optic,Credit card (automatic),0,0,No,0.0007137268552354074,Low,N/A,N/A
8486-AYEQH,76.05,31,Month-to-month,Fiber optic,Electronic check,0,0,No,0.5487829086203577,High,Internetservice Fiber Optic,Contract Upgrade Incentive
5419-JKZNQ,77.9,30,Month-to-month,Fiber optic,Mailed check,0,0,No,0.4426208221400094,High,Internetservice Fiber Optic,Contract Upgrade Incentive
2495-KZNFB,90.65,33,Month-to-month,Fiber optic,Electronic check,0,0,No,0.4145747431907349,High,Internetservice Fiber Optic,Contract Upgrade Incentive
1409-PHXTF,110.45,54,Two year,Fiber optic,Electronic check,0,1,No,0.006393403189110938,Low,N/A,N/A
4560-WQAQW,68.7,59,One year,DSL,Bank transfer (automatic),0,0,No,0.008082058772492167,Low,N/A,N/A
9591-YVTEB,44.85,55,Month-to-month,DSL,Electronic check,0,0,No,0.10973422210481054,Low,N/A,N/A
9309-BZGNT,29.8,69,One year,DSL,Credit card (automatic),0,4,No,0.018915771191509237,Low,N/A,N/A
4274-DRSQT,88.9,66,One year,Fiber optic,Bank transfer (automatic),0,0,No,0.013614616569881444,Low,N/A,N/A
2027-DNKIV,58.75,37,One year,DSL,Mailed check,0,1,No,0.03196194627250668,Low,N/A,N/A
8075-GXIUB,19.85,9,One year,No,Credit card (automatic),0,0,No,0.1744850821685678,Low,N/A,N/A
2885-HIJDH,86.9,69,Two year,DSL,Bank transfer (automatic),0,1,No,0.00041310113557268597,Low,N/A,N/A
5424-RLQLC,59.65,10,Month-to-month,DSL,Mailed check,0,0,No,0.45685590171842305,High,Tenure,Contract Upgrade Incentive
6507-DTJZV,66.4,13,Month-to-month,DSL,Credit card (automatic),0,0,No,0.36128960970626073,Low,N/A,N/A
7673-BQGKU,20.15,69,Two year,No,Bank transfer (automatic),0,0,No,0.0017793573646982099,Low,N/A,N/A
6723-WSNTY,108.1,66,One year,Fiber optic,Credit card (automatic),0,0,No,0.006481537773595846,Low,N/A,N/A
2725-IWWBA,56.9,46,One year,DSL,Mailed check,0,0,No,0.01902337793188662,Low,N/A,N/A
1061-PNTHC,109.6,56,Month-to-month,Fiber optic,Mailed check,0,2,No,0.027344752661121293,Low,N/A,N/A
0394-YONDK,25.15,70,Two year,No,Credit card (automatic),0,0,No,0.0011696751409972946,Low,N/A,N/A
6574-MCOEH,79.15,33,One year,DSL,Electronic check,0,2,No,0.04618756873683965,Low,N/A,N/A
7399-QHBJS,66.75,72,Two year,DSL,Credit card (automatic),0,0,No,0.0007694832489325491,Low,N/A,N/A
0997-YTLNY,48.8,19,Month-to-month,DSL,Mailed check,1,0,No,0.6199880957374518,High,Numtechtickets,Contract Upgrade Incentive
9479-HYNYL,80.7,71,Two year,DSL,Credit card (automatic),5,0,No,0.2954793711692182,Low,N/A,N/A
9708-KFDBY,20.55,1,Month-to-month,No,Credit card (automatic),0,3,No,0.43370377838203505,High,Tenure,Contract Upgrade Incentive
3642-GKTCT,115.1,61,One year,Fiber optic,Mailed check,0,3,No,0.006505838647802647,Low,N/A,N/A
0774-RMNUW,59.7,71,Two year,DSL,Bank transfer (automatic),0,0,No,0.001162686843508708,Low,N/A,N/A
1334-PDUKM,86.45,68,One year,Fiber optic,Credit card (automatic),0,0,No,0.012242034307097702,Low,N/A,N/A
0756-MPZRL,33.7,46,One year,DSL,Credit card (automatic),0,0,No,0.045737763461539654,Low,N/A,N/A
2242-MFOTG,80.1,33,One year,Fiber optic,Bank transfer (automatic),0,0,No,0.1770084152472911,Low,N/A,N/A
2927-CVULT,104.05,53,Two year,Fiber optic,Bank transfer (automatic),0,0,No,0.004632153323176828,Low,N/A,N/A
2144-BFDSO,108.75,50,Month-to-month,Fiber optic,Bank transfer (automatic),0,0,No,0.08203961059183103,Low,N/A,N/A
8745-PVESG,41.1,57,One year,DSL,Credit card (automatic),0,0,No,0.021563001639403598,Low,N/A,N/A
7647-GYYKX,20.35,54,Two year,No,Bank transfer (automatic),3,0,No,0.17333590014202918,Low,N/A,N/A
5647-FXOTP,105.9,60,Month-to-month,Fiber optic,Electronic check,0,0,No,0.055855650379507606,Low,N/A,N/A
9700-ISPUP,65.5,10,Month-to-month,DSL,Electronic check,0,5,No,0.4780365013210323,High,Tenure,Contract Upgrade Incentive
9839-ETQOE,40.45,43,Month-to-month,DSL,Electronic check,0,0,No,0.16415779445680337,Low,N/A,N/A
6078-VESFR,70.45,13,Month-to-month,Fiber optic,Bank transfer (automatic),0,0,No,0.7869270006009035,Critical,Internetservice Fiber Optic,Contract Upgrade Incentive
9027-TMATR,78.8,43,Two year,DSL,Electronic check,0,0,No,0.007262042021775149,Low,N/A,N/A
1941-HOSAM,90.1,1,Month-to-month,Fiber optic,Electronic check,0,0,No,0.8665951360672246,Critical,Internetservice Fiber Optic,Contract Upgrade Incentive
9110-HSGTV,82.45,69,Two year,DSL,Credit card (automatic),0,0,No,0.0006872789354900348,Low,N/A,N/A
0704-VCUMB,20.25,61,Two year,No,Credit card (automatic),0,0,No,0.002923938852770186,Low,N/A,N/A
6171-ZTVYB,66.25,43,Month-to-month,DSL,Bank transfer (automatic),0,0,No,0.05956754390316903,Low,N/A,N/A
1935-IMVBB,89.7,56,Month-to-month,Fiber optic,Mailed check,3,2,No,0.7745555370936928,Critical,Numtechtickets,Proactive Tech Support Outreach
2535-PBCGC,64.55,70,Two year,DSL,Bank transfer (automatic),0,0,No,0.0011748719830522126,Low,N/A,N/A
1470-PSXNM,93.65,49,One year,Fiber optic,Electronic check,0,0,No,0.048377693543847855,Low,N/A,N/A
2498-XLDZR,73.6,32,Two year,DSL,Mailed check,0,2,No,0.010362412677880465,Low,N/A,N/A
9866-OCCKE,109.75,72,Two year,Fiber optic,Mailed check,0,0,No,0.0009612623302150488,Low,N/A,N/A
5338-YHWYT,61.45,37,Two year,DSL,Credit card (automatic),0,0,No,0.009750016897520246,Low,N/A,N/A
7718-UPSKJ,106.4,69,One year,Fiber optic,Credit card (automatic),0,0,No,0.004528989483001943,Low,N/A,N/A
8731-WBBMB,81.9,26,Month-to-month,DSL,Bank transfer (automatic),0,3,No,0.14549473902353285,Low,N/A,N/A
1448-CYWKC,105.2,58,One year,Fiber optic,Credit card (automatic),0,0,No,0.011510259178510403,Low,N/A,N/A
7901-IIDQV,54.6,24,One year,DSL,Bank transfer (automatic),0,0,No,0.11092285535098831,Low,N/A,N/A
2690-DVRVK,20.55,5,One year,No,Electronic check,0,0,No,0.2162853886888992,Low,N/A,N/A
1270-XKUCC,19.7,30,Two year,No,Mailed check,0,0,No,0.013501899613389597,Low,N/A,N/A
0334-ZFJSR,66.05,55,One year,DSL,Credit card (automatic),0,1,No,0.010985556614708701,Low,N/A,N/A
5583-EJXRD,54.05,44,Two year,DSL,Credit card (automatic),0,0,No,0.00705985720802033,Low,N/A,N/A
4565-EVZMJ,58.9,47,One year,DSL,Mailed check,0,0,No,0.021933572606420954,Low,N/A,N/A
3327-YBAKM,96.9,64,One year,Fiber optic,Mailed check,0,0,No,0.008416475464126598,Low,N/A,N/A
9441-QHEVC,19.1,1,Month-to-month,No,Mailed check,0,0,No,0.42540852713184457,High,Tenure,Contract Upgrade Incentive
6705-LNMDD,50.0,20,Month-to-month,DSL,Mailed check,0,0,No,0.2985688813925725,Low,N/A,N/A
2580-ASVVY,45.4,37,Two year,DSL,Electronic check,0,0,No,0.027379417812677515,Low,N/A,N/A
3370-GQEAL,85.45,30,Month-to-month,Fiber optic,Electronic check,0,0,No,0.4314378617686071,High,Internetservice Fiber Optic,Contract Upgrade Incentive
5032-USPKF,84.1,38,One year,DSL,Bank transfer (automatic),0,0,No,0.029376658356567126,Low,N/A,N/A
4254-QPEDE,66.25,52,Two year,DSL,Credit card (automatic),0,0,No,0.0038110949907710304,Low,N/A,N/A
6283-GITPX,76.9,71,Two year,DSL,Credit card (automatic),0,3,No,0.0005305254067611768,Low,N/A,N/A
0771-CHWSK,74.6,66,Two year,DSL,Credit card (automatic),0,0,No,0.0012580329625410363,Low,N/A,N/A
9788-HNGUT,116.95,72,Two year,Fiber optic,Credit card (automatic),0,0,No,0.0005717533113198169,Low,N/A,N/A
9495-REDIY,40.65,25,One year,DSL,Credit card (automatic),0,0,No,0.13380382579956213,Low,N/A,N/A
5375-XLDOF,114.35,69,Two year,Fiber optic,Bank transfer (automatic),0,1,No,0.0008492914546722722,Low,N/A,N/A
1172-VIYBP,69.7,53,Two year,DSL,Bank transfer (automatic),0,0,No,0.003143561452406232,Low,N/A,N/A
6559-PDZLR,98.65,26,Month-to-month,Fiber optic,Electronic check,0,0,No,0.4360335513133599,High,Internetservice Fiber Optic,Contract Upgrade Incentive
8992-OBVDG,61.65,21,Month-to-month,DSL,Mailed check,0,0,No,0.2720781757280838,Low,N/A,N/A
4273-MBHYA,89.35,1,Month-to-month,Fiber optic,Electronic check,0,0,No,0.8843126783451017,Critical,Internetservice Fiber Optic,Contract Upgrade Incentive
4724-WXVWF,95.4,48,Month-to-month,Fiber optic,Electronic check,0,0,No,0.12858024784066632,Low,N/A,N/A
5701-GUXDC,35.4,26,One year,DSL,Credit card (automatic),0,1,No,0.1595373653045494,Low,N/A,N/A
1460-UZPRJ,19.95,60,Two year,No,Mailed check,0,0,No,0.0026765236420967383,Low,N/A,N/A
6082-GLJIX,19.25,18,Month-to-month,No,Mailed check,0,0,No,0.22515963734877045,Low,N/A,N/A
2495-TTHBQ,20.4,4,One year,No,Mailed check,0,1,No,0.17503634864286532,Low,N/A,N/A
0485-ZBSLN,24.75,65,Two year,No,Credit card (automatic),0,0,No,0.0015382842272435842,Low,N/A,N/A
3810-PJUHR,25.35,70,Two year,No,Mailed check,0,5,No,0.0011331799927122713,Low,N/A,N/A
0847-HGRML,20.0,62,Two year,No,Bank transfer (automatic),0,4,No,0.0024880228414817197,Low,N/A,N/A
8232-CTLKO,59.75,66,Two year,DSL,Electronic check,0,0,No,0.00269372404985761,Low,N/A,N/A
9227-YBAXE,82.5,65,Two year,DSL,Bank transfer (automatic),0,1,No,0.0008059993967508515,Low,N/A,N/A
9860-LISIZ,20.35,34,Month-to-month,No,Mailed check,0,4,No,0.11407262985953819,Low,N/A,N/A
0112-QAWRZ,90.8,16,Month-to-month,Fiber optic,Bank transfer (automatic),0,0,No,0.5820234148741013,High,Internetservice Fiber Optic,Contract Upgrade Incentive
2786-GCDPI,104.95,50,Month-to-month,Fiber optic,Electronic check,0,0,No,0.11064921478772473,Low,N/A,N/A
4043-MKDTV,105.25,71,Two year,Fiber optic,Electronic check,0,0,No,0.0016284666001451012,Low,N/A,N/A
9229-RQABD,23.75,18,One year,No,Mailed check,1,0,No,0.2659516581091221,Low,N/A,N/A
8313-KTIHG,61.3,4,Month-to-month,DSL,Electronic check,0,4,No,0.6213987673737986,High,Tenure,Contract Upgrade Incentive
5320-BRKGK,75.8,58,Two year,DSL,Mailed check,0,0,No,0.0014341485394572938,Low,N/A,N/A
6284-KMNUF,98.0,56,One year,Fiber optic,Electronic check,0,1,No,0.03296269989264582,Low,N/A,N/A
6229-UOLQL,52.0,56,One year,DSL,Mailed check,0,0,No,0.01128568309829434,Low,N/A,N/A
3137-LUPIX,64.4,4,Month-to-month,DSL,Mailed check,0,3,No,0.5191650539175771,High,Tenure,Contract Upgrade Incentive
6143-JQKEA,45.8,10,Month-to-month,DSL,Credit card (automatic),0,0,No,0.532682131431857,High,Tenure,Contract Upgrade Incentive
8676-OOQEJ,30.5,4,Month-to-month,DSL,Electronic check,0,0,No,0.7206314945484656,Critical,Tenure,Contract Upgrade Incentive
9701-CDXHR,69.15,51,Month-to-month,Fiber optic,Mailed check,0,0,No,0.15654611124537607,Low,N/A,N/A
8124-NZVGJ,49.25,6,One year,DSL,Mailed check,0,3,No,0.30392482549678035,Low,N/A,N/A
2162-FRZAA,39.35,63,Two year,DSL,Bank transfer (automatic),0,0,No,0.0035964114327493813,Low,N/A,N/A
5118-MUEYH,105.1,48,Month-to-month,Fiber optic,Credit card (automatic),0,2,No,0.06712102089683346,Low,N/A,N/A
5627-TVBPP,20.1,35,One year,No,Credit card (automatic),0,0,No,0.039490310517486624,Low,N/A,N/A
3936-QQFLL,19.75,2,Month-to-month,No,Mailed check,0,0,No,0.409812014971049,High,Tenure,Contract Upgrade Incentive
2589-AYCRP,19.75,50,One year,No,Bank transfer (automatic),2,3,No,0.23471110333311043,Low,N/A,N/A
4067-HLYQI,70.4,33,Month-to-month,Fiber optic,Bank transfer (automatic),0,0,No,0.4401310501506119,High,Internetservice Fiber Optic,Contract Upgrade Incentive
5124-EOGYE,20.45,31,Two year,No,Mailed check,2,0,No,0.1664289439097311,Low,N/A,N/A
5057-RKGLH,20.35,9,Two year,No,Mailed check,0,0,No,0.04149491093668245,Low,N/A,N/A
0292-WEGCH,86.2,54,Month-to-month,DSL,Electronic check,0,0,No,0.02206295264912659,Low,N/A,N/A
8910-ICHIU,95.65,46,One year,Fiber optic,Credit card (automatic),0,0,No,0.04652344248121436,Low,N/A,N/A
4097-YODCF,103.8,34,One year,Fiber optic,Electronic check,0,0,No,0.12134617212327223,Low,N/A,N/A
9715-WZCLW,97.2,71,Two year,Fiber optic,Electronic check,0,0,No,0.002158082577825184,Low,N/A,N/A
9786-YWNHU,63.55,63,Two year,DSL,Mailed check,0,0,No,0.001506959460051884,Low,N/A,N/A
6407-GSJNL,24.95,51,Two year,No,Bank transfer (automatic),0,0,No,0.005024071562589965,Low,N/A,N/A
4049-ZPALD,99.0,64,Two year,Fiber optic,Bank transfer (automatic),0,0,No,0.003163054288144501,Low,N/A,N/A
3733-UOCWF,85.55,61,One year,Fiber optic,Bank transfer (automatic),0,0,No,0.0200409867154116,Low,N/A,N/A
6833-JMZYP,94.0,15,Month-to-month,Fiber optic,Credit card (automatic),0,0,No,0.6360200054372429,High,Internetservice Fiber Optic,Contract Upgrade Incentive
1310-QRITU,50.3,18,Month-to-month,DSL,Electronic check,0,0,No,0.509054714362989,High,Tenure,Contract Upgrade Incentive
8961-QDZZJ,95.0,57,One year,Fiber optic,Electronic check,0,1,No,0.025943591849826503,Low,N/A,N/A
9715-SBVSU,61.4,14,Two year,DSL,Bank transfer (automatic),0,0,No,0.0571218554729936,Low,N/A,N/A
8490-BXHEO,80.55,18,Month-to-month,Fiber optic,Credit card (automatic),0,1,No,0.6769131704881236,High,Internetservice Fiber Optic,Contract Upgrade Incentive
7173-TETGO,78.5,72,Two year,Fiber optic,Bank transfer (automatic),0,0,No,0.004472082101089112,Low,N/A,N/A
7929-SKFGK,114.3,70,Two year,Fiber optic,Credit card (automatic),4,3,No,0.1252972930329294,Low,N/A,N/A
2300-RQGOI,20.05,38,Two year,No,Mailed check,0,0,No,0.010720349348537061,Low,N/A,N/A
3563-SVYLG,62.65,68,Two year,DSL,Credit card (automatic),0,0,No,0.0010189472591751714,Low,N/A,N/A
6435-VWCCY,92.7,65,Two year,Fiber optic,Credit card (automatic),0,0,No,0.003956647311797452,Low,N/A,N/A
4998-IKFSE,100.45,30,Month-to-month,Fiber optic,Electronic check,0,0,No,0.41006105491137845,High,Internetservice Fiber Optic,Contract Upgrade Incentive
8630-QSGXK,75.2,51,Two year,DSL,Bank transfer (automatic),0,0,No,0.002856370910415417,Low,N/A,N/A
2455-USLMV,84.75,31,Month-to-month,Fiber optic,Credit card (automatic),0,0,No,0.3861717227789489,Low,N/A,N/A
9488-FVZCC,79.5,72,Two year,DSL,Bank transfer (automatic),0,0,No,0.000514910703377213,Low,N/A,N/A
5995-WWKKG,19.8,37,One year,No,Electronic check,0,0,No,0.06103939526282268,Low,N/A,N/A
7879-CGSFV,100.9,55,One year,Fiber optic,Mailed check,0,0,No,0.018551209394356796,Low,N/A,N/A
9921-EZKBY,95.3,33,Month-to-month,Fiber optic,Bank transfer (automatic),0,0,No,0.24950195652272644,Low,N/A,N/A
7432-FFVAR,90.95,46,One year,Fiber optic,Bank transfer (automatic),0,0,No,0.04046662533867988,Low,N/A,N/A
7246-ZGQDF,54.5,1,Month-to-month,DSL,Electronic check,0,0,No,0.6769911456212511,High,Tenure,Contract Upgrade Incentive
4456-RHSNB,49.6,19,Month-to-month,DSL,Bank transfer (automatic),0,0,No,0.3580675089099593,Low,N/A,N/A
2481-SBOYW,25.0,61,Two year,No,Credit card (automatic),0,0,No,0.002329155336588597,Low,N/A,N/A
7109-MFBYV,45.45,26,Month-to-month,DSL,Electronic check,0,0,No,0.3799585466415004,Low,N/A,N/A
1833-TCXKK,107.75,45,Month-to-month,Fiber optic,Bank transfer (automatic),0,2,No,0.09230116967825376,Low,N/A,N/A
1832-PEUTS,89.1,62,Two year,Fiber optic,Credit card (automatic),0,0,No,0.004004615267227101,Low,N/A,N/A
8660-BUETV,44.75,3,Month-to-month,DSL,Mailed check,0,0,No,0.6507669311339143,High,Tenure,Contract Upgrade Incentive
0580-PIQHM,101.6,41,One year,Fiber optic,Bank transfer (automatic),0,0,No,0.05943596437724554,Low,N/A,N/A
5696-CEIQJ,103.15,67,Two year,Fiber optic,Bank transfer (automatic),0,0,No,0.0013972927394636735,Low,N/A,N/A
1696-HXOWK,95.65,71,One year,Fiber optic,Mailed check,0,0,No,0.006238639886946244,Low,N/A,N/A
3026-ATZYV,75.1,37,One year,DSL,Bank transfer (automatic),0,3,No,0.033402558191427525,Low,N/A,N/A
4012-YCFAI,61.35,60,Two year,DSL,Mailed check,0,0,No,0.0020601729439556045,Low,N/A,N/A
9970-QBCDA,19.7,6,Month-to-month,No,Credit card (automatic),0,0,No,0.39153599612709405,Low,N/A,N/A
9496-IVVRP,51.0,11,Month-to-month,DSL,Bank transfer (automatic),0,0,No,0.47836155369132793,High,Tenure,Contract Upgrade Incentive
2657-VPXTA,88.85,10,Month-to-month,Fiber optic,Electronic check,0,0,No,0.7804106973114213,Critical,Internetservice Fiber Optic,Contract Upgrade Incentive
6551-VLJMV,20.05,34,Two year,No,Credit card (automatic),0,0,No,0.012035789708435786,Low,N/A,N/A
1221-GHZEP,65.1,62,Two year,DSL,Mailed check,0,0,No,0.0020165940918439695,Low,N/A,N/A
9289-LBQVU,70.15,64,One year,DSL,Mailed check,0,2,No,0.00416889431047612,Low,N/A,N/A
3458-IDMFK,20.75,25,Two year,No,Mailed check,0,0,No,0.019568220529617174,Low,N/A,N/A
6933-FHBZC,56.05,26,One year,DSL,Mailed check,0,0,No,0.10719767709087762,Low,N/A,N/A
0221-NAUXK,19.95,10,One year,No,Bank transfer (automatic),0,0,No,0.1346168906390488,Low,N/A,N/A
9770-KXGQU,98.6,53,One year,Fiber optic,Mailed check,0,0,No,0.024918086540351752,Low,N/A,N/A
6538-POCHL,79.0,33,Month-to-month,Fiber optic,Credit card (automatic),0,0,No,0.3618050011585731,Low,N/A,N/A
6726-NNFWD,89.45,71,Two year,Fiber optic,Credit card (automatic),0,0,No,0.0029105857593461986,Low,N/A,N/A
3002-WQZWT,74.2,29,Month-to-month,Fiber optic,Electronic check,0,0,No,0.5974377616237059,High,Internetservice Fiber Optic,Contract Upgrade Incentive
4277-UDIEF,81.0,24,Month-to-month,DSL,Bank transfer (automatic),0,2,No,0.13520295212699213,Low,N/A,N/A
1208-NBVFH,49.6,20,Month-to-month,DSL,Electronic check,0,3,No,0.4098933800711494,High,Tenure,Contract Upgrade Incentive
4912-PIGUY,84.6,1,Month-to-month,Fiber optic,Electronic check,0,0,No,0.9046117586594902,Critical,Internetservice Fiber Optic,Contract Upgrade Incentive
2725-TTRIQ,84.2,72,Two year,DSL,Bank transfer (automatic),0,2,No,0.00043503176184146806,Low,N/A,N/A
3374-TTZTK,106.3,52,Two year,Fiber optic,Electronic check,5,4,No,0.8430361626125876,Critical,Numtechtickets,Proactive Tech Support Outreach
8990-ZXLSU,69.05,9,Month-to-month,Fiber optic,Electronic check,0,0,No,0.8675787323766712,Critical,Internetservice Fiber Optic,Contract Upgrade Incentive
2275-RBYQS,45.4,1,Month-to-month,DSL,Mailed check,0,0,No,0.6781137492925465,High,Tenure,Contract Upgrade Incentive
4419-UJMUS,99.35,69,Two year,Fiber optic,Electronic check,0,1,No,0.0019249036302574115,Low,N/A,N/A
7794-JASDG,50.75,1,Month-to-month,DSL,Mailed check,0,0,No,0.6405105737215739,High,Tenure,Contract Upgrade Incentive
7609-YBPXG,87.1,54,Two year,DSL,Bank transfer (automatic),0,3,No,0.0017008027874287172,Low,N/A,N/A
5519-TEEUH,20.15,33,One year,No,Mailed check,0,0,No,0.037151646147180487,Low,N/A,N/A
7856-GANIL,98.7,45,One year,Fiber optic,Bank transfer (automatic),0,0,No,0.04543928905277359,Low,N/A,N/A
0804-XBFBV,25.2,11,Month-to-month,DSL,Electronic check,0,0,No,0.6801938187001252,High,Tenure,Contract Upgrade Incentive
2676-OXPPQ,55.7,6,Month-to-month,DSL,Bank transfer (automatic),0,0,No,0.5719789714095441,High,Tenure,Contract Upgrade Incentive
3703-TTEPD,65.35,21,Month-to-month,DSL,Bank transfer (automatic),0,0,No,0.28340887610073046,Low,N/A,N/A
2799-TSLAG,25.3,65,Two year,No,Bank transfer (automatic),0,1,No,0.0017665329746496413,Low,N/A,N/A
2208-NKVVH,24.25,43,Two year,No,Mailed check,0,0,No,0.0052797680236272276,Low,N/A,N/A
7139-JZFVG,60.5,60,Two year,DSL,Bank transfer (automatic),0,0,No,0.0025174499624903302,Low,N/A,N/A
4987-GQWPO,25.1,17,Month-to-month,DSL,Credit card (automatic),0,0,No,0.5202880179079089,High,Tenure,Contract Upgrade Incentive
1757-TCATG,20.05,35,One year,No,Bank transfer (automatic),0,0,No,0.035074816260646034,Low,N/A,N/A
4776-XSKYQ,30.25,12,One year,DSL,Credit card (automatic),0,0,No,0.2569717633689039,Low,N/A,N/A
8048-DSDFQ,20.2,1,Month-to-month,No,Mailed check,0,0,No,0.42175181757207836,High,Tenure,Contract Upgrade Incentive
5753-QQWPW,59.9,28,One year,DSL,Electronic check,0,0,No,0.11587380713790074,Low,N/A,N/A
6010-DDPPW,25.15,70,Two year,No,Bank transfer (automatic),0,0,No,0.0013775950135046042,Low,N/A,N/A
6693-FRIRW,101.3,18,Month-to-month,Fiber optic,Credit card (automatic),0,0,No,0.5312619650315421,High,Internetservice Fiber Optic,Contract Upgrade Incentive
6586-MYGKD,76.95,70,Two year,DSL,Credit card (automatic),0,0,No,0.0006593362742352853,Low,N/A,N/A
3173-NVMPX,55.3,9,Month-to-month,DSL,Mailed check,0,0,No,0.4662085769451115,High,Tenure,Contract Upgrade Incentive
0248-PGHBZ,92.45,67,Two year,Fiber optic,Bank transfer (automatic),0,0,No,0.0034498284356674343,Low,N/A,N/A
0623-GDISB,48.45,1,Month-to-month,DSL,Bank transfer (automatic),0,0,No,0.6940910526796517,High,Tenure,Contract Upgrade Incentive
2892-GESUL,19.35,18,Two year,No,Mailed check,0,0,No,0.02646348548256166,Low,N/A,N/A
7472-EQOAV,86.7,71,One year,Fiber optic,Bank transfer (automatic),0,0,No,0.009501637858606965,Low,N/A,N/A
2043-WVTQJ,55.7,1,Month-to-month,DSL,Mailed check,0,0,No,0.6111989831875583,High,Tenure,Contract Upgrade Incentive
8034-RYTVV,84.25,55,One year,Fiber optic,Credit card (automatic),0,0,No,0.03611047733245437,Low,N/A,N/A
3863-QSTYI,64.65,59,Month-to-month,DSL,Electronic check,0,0,No,0.03299842512300862,Low,N/A,N/A
5044-LRQAQ,69.2,7,Month-to-month,Fiber optic,Bank transfer (automatic),0,0,No,0.8346786393399813,Critical,Internetservice Fiber Optic,Contract Upgrade Incentive
1716-LSAMB,54.65,45,Two year,DSL,Bank transfer (automatic),0,0,No,0.006697266585838539,Low,N/A,N/A
1333-PBMXB,24.75,54,One year,No,Bank transfer (automatic),0,4,No,0.012057667971798266,Low,N/A,N/A
6546-OPBBH,23.95,51,One year,No,Mailed check,0,0,No,0.011915711159098074,Low,N/A,N/A
5985-BEHZK,105.0,72,One year,Fiber optic,Credit card (automatic),0,0,No,0.0054182531565097,Low,N/A,N/A
9127-QRZMH,59.85,44,One year,DSL,Bank transfer (automatic),0,0,No,0.025782263975198366,Low,N/A,N/A
5919-VCZYM,20.05,2,Month-to-month,No,Mailed check,0,0,No,0.408579546391315,High,Tenure,Contract Upgrade Incentive
9644-KVCNC,92.15,66,One year,Fiber optic,Bank transfer (automatic),0,0,No,0.012809712297127135,Low,N/A,N/A
2137-DQMEV,44.8,68,One year,DSL,Mailed check,0,0,No,0.008204895283309676,Low,N/A,N/A
8174-LNWMW,20.9,31,Two year,No,Credit card (automatic),0,0,No,0.015933974324143858,Low,N/A,N/A
9279-CJEOJ,95.4,21,Month-to-month,Fiber optic,Bank transfer (automatic),0,0,No,0.5870758813497415,High,Internetservice Fiber Optic,Contract Upgrade Incentive
7964-VEXDG,80.35,21,Month-to-month,Fiber optic,Electronic check,0,0,No,0.6315794734612771,High,Internetservice Fiber Optic,Contract Upgrade Incentive
2404-JIBFC,85.1,55,Two year,DSL,Bank transfer (automatic),0,0,No,0.0015221498684131539,Low,N/A,N/A
8029-XYPWT,115.05,71,Two year,Fiber optic,Bank transfer (automatic),3,0,No,0.04875740157973663,Low,N/A,N/A
4632-PAOYU,19.95,22,One year,No,Mailed check,0,0,No,0.06350888889796003,Low,N/A,N/A
2990-OGYTD,86.15,67,Two year,DSL,Bank transfer (automatic),0,0,No,0.0006508531250303912,Low,N/A,N/A
6646-JPPHA,78.85,14,Month-to-month,Fiber optic,Electronic check,0,0,No,0.8306513871446763,Critical,Internetservice Fiber Optic,Contract Upgrade Incentive
7658-UYUQS,86.55,21,Month-to-month,Fiber optic,Bank transfer (automatic),0,0,No,0.5919035470690253,High,Internetservice Fiber Optic,Contract Upgrade Incentive
7880-XSOJX,42.4,4,Month-to-month,DSL,Mailed check,0,0,No,0.5766890003003918,High,Tenure,Contract Upgrade Incentive
4589-IUAJB,24.25,70,Two year,No,Bank transfer (automatic),0,0,No,0.0014963411429710755,Low,N/A,N/A
8746-BFOAJ,20.5,21,One year,No,Bank transfer (automatic),0,0,No,0.10811877251094218,Low,N/A,N/A
8457-XIGKN,19.6,20,Month-to-month,No,Credit card (automatic),0,0,No,0.215380271604847,Low,N/A,N/A
6072-NUQCB,20.25,22,One year,No,Bank transfer (automatic),0,0,No,0.06932399770646863,Low,N/A,N/A
8838-GPHZP,20.6,63,Two year,No,Mailed check,0,0,No,0.0026340333960879992,Low,N/A,N/A
8750-QWZAJ,19.8,70,Two year,No,Bank transfer (automatic),0,0,No,0.00167971745223522,Low,N/A,N/A
6918-UMQCG,80.2,5,Month-to-month,Fiber optic,Electronic check,0,4,No,0.8823100711439156,Critical,Internetservice Fiber Optic,Contract Upgrade Incentive
0675-NCDYU,116.4,72,Two year,Fiber optic,Credit card (automatic),0,0,No,0.0005536275186351639,Low,N/A,N/A
6339-DKLMK,31.65,13,Month-to-month,DSL,Electronic check,0,0,No,0.6680996823829694,High,Tenure,Contract Upgrade Incentive
1346-PJWTK,94.15,61,Month-to-month,Fiber optic,Credit card (automatic),0,0,No,0.031416460555240625,Low,N/A,N/A
5088-QZLRL,20.65,1,Month-to-month,No,Electronic check,0,0,No,0.5372812862490326,High,Tenure,Contract Upgrade Incentive
8023-QHAIO,76.85,56,Month-to-month,Fiber optic,Bank transfer (automatic),0,0,No,0.1083374058542272,Low,N/A,N/A
4397-FRLTA,20.15,4,Month-to-month,No,Mailed check,0,0,No,0.40421709655793825,High,Tenure,Contract Upgrade Incentive
3057-VJJQE,55.25,35,Two year,DSL,Mailed check,0,0,No,0.017669272641036262,Low,N/A,N/A
2302-OUZXB,82.15,72,Two year,DSL,Bank transfer (automatic),0,0,No,0.0006178569548439677,Low,N/A,N/A
8133-ANHHJ,103.0,49,One year,Fiber optic,Bank transfer (automatic),0,0,No,0.03375087690537781,Low,N/A,N/A
2270-CHBFN,95.1,44,Month-to-month,Fiber optic,Credit card (automatic),0,0,No,0.12250817083899304,Low,N/A,N/A
5982-FPVQN,95.15,37,Month-to-month,Fiber optic,Electronic check,0,0,No,0.27153709614510546,Low,N/A,N/A
9107-UKCKY,79.8,61,One year,DSL,Electronic check,0,0,No,0.007196870941747846,Low,N/A,N/A
4654-ULTTN,74.8,70,Two year,DSL,Credit card (automatic),0,0,No,0.0006726938726630867,Low,N/A,N/A
5546-BYZSM,20.45,41,Month-to-month,No,Electronic check,0,0,No,0.12392950062147452,Low,N/A,N/A
1492-KGETH,78.35,70,One year,DSL,Bank transfer (automatic),2,0,No,0.02682468283000435,Low,N/A,N/A
4163-HFTUK,19.1,51,One year,No,Electronic check,1,0,No,0.09224866395968281,Low,N/A,N/A
8215-NGSPE,20.0,42,Two year,No,Mailed check,0,0,No,0.006973647272846328,Low,N/A,N/A
8859-YSTWS,19.95,48,One year,No,Bank transfer (automatic),0,0,No,0.021367001815819037,Low,N/A,N/A
7601-DHFWZ,24.0,48,Two year,No,Credit card (automatic),3,0,No,0.23142023333095862,Low,N/A,N/A
1998-VHJHK,19.15,27,One year,No,Mailed check,0,0,No,0.06639152987654007,Low,N/A,N/A
1707-HABPF,91.3,46,One year,Fiber optic,Bank transfer (automatic),0,0,No,0.07509592481111574,Low,N/A,N/A
0487-VVUVK,19.15,25,Month-to-month,No,Mailed check,0,0,No,0.13783806634157308,Low,N/A,N/A
5063-IUOKK,19.75,13,Two year,No,Mailed check,0,3,No,0.03777106507869931,Low,N/A,N/A
4508-OEBEY,75.5,31,One year,DSL,Credit card (automatic),0,0,No,0.038874688300276156,Low,N/A,N/A
0027-KWYKW,83.75,23,Month-to-month,Fiber optic,Electronic check,0,0,No,0.5985212564205045,High,Internetservice Fiber Optic,Contract Upgrade Incentive
2308-STERM,19.4,2,Month-to-month,No,Mailed check,0,0,No,0.432291563315188,High,Tenure,Contract Upgrade Incentive
5982-XMDEX,26.5,65,Two year,No,Bank transfer (automatic),0,1,No,0.002176671333976538,Low,N/A,N/A
6051-PTVNS,19.15,55,One year,No,Credit card (automatic),0,0,No,0.012995720252863538,Low,N/A,N/A
2877-VDUER,40.9,35,One year,DSL,Mailed check,0,0,No,0.06220236436581336,Low,N/A,N/A
9152-AMKAK,80.25,6,Two year,DSL,Mailed check,0,0,No,0.06500267619617621,Low,N/A,N/A
9432-VOFYX,70.8,17,Month-to-month,Fiber optic,Electronic check,0,0,No,0.7665675153576397,Critical,Internetservice Fiber Optic,Contract Upgrade Incentive
8049-WJCLQ,60.2,10,Month-to-month,DSL,Mailed check,0,0,No,0.40988561408164587,High,Tenure,Contract Upgrade Incentive
6586-PSJOX,55.2,15,One year,DSL,Credit card (automatic),0,0,No,0.14945211039473263,Low,N/A,N/A
9705-ZJBCG,54.15,13,One year,DSL,Bank transfer (automatic),0,0,No,0.18622571900703888,Low,N/A,N/A
6847-KJLTS,100.4,58,Month-to-month,Fiber optic,Bank transfer (automatic),0,0,No,0.0474053399749219,Low,N/A,N/A
9670-BPNXF,62.55,45,One year,DSL,Credit card (automatic),0,4,No,0.02438131686470879,Low,N/A,N/A
3913-FCUUW,70.45,72,Two year,DSL,Bank transfer (automatic),0,0,No,0.0006828232495588035,Low,N/A,N/A
3301-VKTGC,85.5,68,One year,Fiber optic,Bank transfer (automatic),0,5,No,0.010563083237930258,Low,N/A,N/A
9555-SAHUZ,54.5,38,Month-to-month,DSL,Electronic check,0,0,No,0.16989923181481023,Low,N/A,N/A
0816-TSPHQ,20.75,2,Month-to-month,No,Mailed check,0,0,No,0.40621547072177494,High,Tenure,Contract Upgrade Incentive
9932-WBWIK,20.35,11,Month-to-month,No,Mailed check,0,0,No,0.2951991443577366,Low,N/A,N/A
4619-EVPHY,91.0,20,One year,Fiber optic,Bank transfer (automatic),0,0,No,0.3652843137313385,Low,N/A,N/A
5286-YHCVC,104.8,72,Two year,Fiber optic,Bank transfer (automatic),0,5,No,0.0012621216191033278,Low,N/A,N/A
9115-YQHGA,51.1,40,Month-to-month,DSL,Electronic check,0,0,No,0.15036311565808425,Low,N/A,N/A
4462-CYWMH,89.8,62,Month-to-month,Fiber optic,Bank transfer (automatic),0,0,No,0.05170297407454581,Low,N/A,N/A
8963-MQVYN,20.55,22,Month-to-month,No,Electronic check,0,5,No,0.25367312817299914,Low,N/A,N/A
2458-EOMRE,64.05,11,Month-to-month,DSL,Bank transfer (automatic),0,0,No,0.47477025377442594,High,Tenure,Contract Upgrade Incentive
9334-GWGOW,74.85,7,Month-to-month,Fiber optic,Electronic check,0,0,No,0.8824380739346523,Critical,Internetservice Fiber Optic,Contract Upgrade Incentive
6542-LWGXJ,25.0,3,Month-to-month,DSL,Mailed check,0,0,No,0.680299911805979,High,Tenure,Contract Upgrade Incentive
5567-GZKQY,20.3,58,Two year,No,Credit card (automatic),1,0,No,0.012670885203954575,Low,N/A,N/A
1222-LRYKO,26.35,6,Month-to-month,No,Mailed check,0,0,No,0.3002109611826771,Low,N/A,N/A
2087-QAREY,54.7,22,Month-to-month,DSL,Mailed check,0,0,No,0.30289702637813,Low,N/A,N/A
4423-JWZJN,90.25,64,One year,Fiber optic,Credit card (automatic),0,0,No,0.011573446232008304,Low,N/A,N/A
6490-FGZAT,20.65,6,Month-to-month,No,Mailed check,0,0,No,0.3554530598840494,Low,N/A,N/A
7452-FOLON,25.45,39,One year,No,Bank transfer (automatic),0,0,No,0.02677177967323092,Low,N/A,N/A
2320-TZRRH,19.5,20,One year,No,Mailed check,0,0,No,0.09331696745508863,Low,N/A,N/A
4942-VZZOM,66.15,64,One year,DSL,Credit card (automatic),0,0,No,0.005829677489863405,Low,N/A,N/A
7502-BNYGS,69.1,46,Month-to-month,DSL,Credit card (automatic),0,0,No,0.05759353523137617,Low,N/A,N/A
4291-HYEBC,39.1,28,One year,DSL,Electronic check,0,4,No,0.20307712688811055,Low,N/A,N/A
6147-CBCRA,20.05,33,Month-to-month,No,Mailed check,0,0,No,0.11369661692470268,Low,N/A,N/A
6047-SUHPR,59.8,39,One year,DSL,Electronic check,0,0,No,0.05235344390879279,Low,N/A,N/A
9752-ZNQUT,48.6,1,Month-to-month,DSL,Electronic check,0,0,No,0.7636261104454185,Critical,Tenure,Contract Upgrade Incentive
1576-PFZIW,105.35,70,Two year,Fiber optic,Credit card (automatic),0,0,No,0.0015850566000263308,Low,N/A,N/A
5666-MBJPT,25.1,65,Two year,No,Bank transfer (automatic),0,0,No,0.002000177529837291,Low,N/A,N/A
7312-XSBAT,49.75,1,Month-to-month,DSL,Electronic check,0,2,No,0.7431320326176223,Critical,Tenure,Contract Upgrade Incentive
3096-GKWEB,94.75,18,Month-to-month,Fiber optic,Electronic check,0,0,No,0.646920346041169,High,Internetservice Fiber Optic,Contract Upgrade Incentive
2371-JQHZZ,93.0,24,Month-to-month,Fiber optic,Electronic check,0,4,No,0.5383287824172364,High,Internetservice Fiber Optic,Contract Upgrade Incentive
0674-GCDXG,71.9,63,Two year,DSL,Bank transfer (automatic),0,0,No,0.0014578879805360418,Low,N/A,N/A
1121-QSIVB,77.55,44,One year,DSL,Mailed check,3,0,No,0.4733472148548757,High,Numtechtickets,Proactive Tech Support Outreach
4396-KLSEH,19.85,4,Month-to-month,No,Electronic check,0,0,No,0.4998779997262466,High,Tenure,Contract Upgrade Incentive
2824-MYYBN,95.25,37,Month-to-month,Fiber optic,Electronic check,0,0,No,0.2856369195088773,Low,N/A,N/A
6345-HOVES,25.05,34,Month-to-month,DSL,Bank transfer (automatic),0,3,No,0.3013678198942058,Low,N/A,N/A
8318-LCNBW,53.15,35,One year,DSL,Credit card (automatic),0,0,No,0.060449760540723395,Low,N/A,N/A
6469-QJKZW,20.15,4,Month-to-month,No,Electronic check,0,0,No,0.5057759720909004,High,Tenure,Contract Upgrade Incentive
0147-ESWWR,101.25,39,Month-to-month,Fiber optic,Electronic check,0,0,No,0.24255060814645787,Low,N/A,N/A
1217-VASWC,100.55,43,One year,Fiber optic,Bank transfer (automatic),0,0,No,0.06310527890629457,Low,N/A,N/A
6370-ZVHDV,25.3,61,Two year,No,Bank transfer (automatic),0,0,No,0.002659022694470715,Low,N/A,N/A
5915-DGNVC,71.8,49,One year,DSL,Electronic check,4,0,No,0.8331424541370331,Critical,Numtechtickets,Proactive Tech Support Outreach
6260-XLACS,19.7,4,One year,No,Mailed check,0,0,No,0.18308501864549573,Low,N/A,N/A
3566-CAAYU,49.85,64,Two year,DSL,Electronic check,0,4,No,0.003578998375900318,Low,N/A,N/A
4983-CCWMC,69.6,3,Month-to-month,Fiber optic,Mailed check,0,2,No,0.8513382624982195,Critical,Internetservice Fiber Optic,Contract Upgrade Incentive
9103-CXVOK,19.75,1,Month-to-month,No,Electronic check,0,0,No,0.488218968699659,High,Tenure,Contract Upgrade Incentive
2896-TBNBE,80.8,40,One year,Fiber optic,Electronic check,0,0,No,0.1463123252290147,Low,N/A,N/A
2522-WLNSF,64.2,34,One year,DSL,Bank transfer (automatic),0,0,No,0.06122740695773626,Low,N/A,N/A
3841-CONLJ,35.0,1,Month-to-month,DSL,Electronic check,0,0,No,0.7858350247764953,Critical,Tenure,Contract Upgrade Incentive
4475-NVTLU,19.2,45,Two year,No,Electronic check,0,4,No,0.008652845421269893,Low,N/A,N/A
9386-LDCZR,90.65,43,One year,Fiber optic,Credit card (automatic),0,0,No,0.054809925117054736,Low,N/A,N/A
9585-KKMFD,20.0,41,Two year,No,Mailed check,0,0,No,0.006564184725156769,Low,N/A,N/A
5399-ZIMKF,74.65,5,Month-to-month,Fiber optic,Electronic check,0,4,No,0.8801384673168833,Critical,Internetservice Fiber Optic,Contract Upgrade Incentive
0336-KXKFK,61.2,72,Two year,DSL,Credit card (automatic),0,2,No,0.00104760462861521,Low,N/A,N/A
5619-XZZKR,19.95,4,One year,No,Mailed check,0,3,No,0.1850212493501766,Low,N/A,N/A
3948-FVVRP,54.8,9,Month-to-month,DSL,Mailed check,0,0,No,0.39915287376842895,Low,N/A,N/A
5327-XOKKY,73.45,72,Two year,DSL,Credit card (automatic),0,1,No,0.0009361086994425267,Low,N/A,N/A
0983-TATYJ,51.45,33,One year,DSL,Mailed check,0,0,No,0.06138253320538152,Low,N/A,N/A
1813-JYWTO,80.45,72,Two year,Fiber optic,Bank transfer (automatic),0,0,No,0.0033714068048243144,Low,N/A,N/A
6719-OXYBR,85.3,15,Month-to-month,Fiber optic,Electronic check,0,0,No,0.7483689822829553,Critical,Internetservice Fiber Optic,Contract Upgrade Incentive
3312-ZWLGF,79.3,29,Month-to-month,Fiber optic,Electronic check,0,0,No,0.5122091763638346,High,Internetservice Fiber Optic,Contract Upgrade Incentive
6476-YHMGA,76.5,15,Month-to-month,DSL,Bank transfer (automatic),0,0,No,0.26697142658823586,Low,N/A,N/A
0795-XCCTE,25.4,72,Two year,No,Bank transfer (automatic),0,0,No,0.0017043681312960762,Low,N/A,N/A
0168-XZKBB,86.85,19,Month-to-month,Fiber optic,Electronic check,0,1,No,0.6895447106545635,High,Internetservice Fiber Optic,Contract Upgrade Incentive
3785-NRHYR,19.65,1,Month-to-month,No,Mailed check,0,0,No,0.4235791260463578,High,Tenure,Contract Upgrade Incentive
4537-DKTAL,45.55,2,Month-to-month,DSL,Electronic check,0,2,No,0.7599849778373443,Critical,Tenure,Contract Upgrade Incentive
7072-MBHEV,78.1,11,Month-to-month,Fiber optic,Credit card (automatic),0,0,No,0.764783536276247,Critical,Internetservice Fiber Optic,Contract Upgrade Incentive
5602-BVFMK,19.3,12,One year,No,Mailed check,0,1,No,0.13907637888472899,Low,N/A,N/A
6297-NOOPG,110.5,70,Two year,Fiber optic,Electronic check,0,0,No,0.0015084784571774293,Low,N/A,N/A
8204-TIFGJ,20.3,23,Month-to-month,No,Bank transfer (automatic),2,0,No,0.7872500153082745,Critical,Numtechtickets,Contract Upgrade Incentive
8050-DVOJX,81.35,49,Two year,DSL,Credit card (automatic),0,0,No,0.0033941401948713403,Low,N/A,N/A
8903-XEBGX,55.3,2,Month-to-month,DSL,Electronic check,0,0,No,0.6834030619048999,High,Tenure,Contract Upgrade Incentive
8169-SAEJD,56.55,69,Two year,DSL,Credit card (automatic),0,0,No,0.0021254578598990602,Low,N/A,N/A
1089-XZWHH,19.7,24,Two year,No,Mailed check,1,2,No,0.06631698305416837,Low,N/A,N/A
2325-WINES,104.05,32,One year,Fiber optic,Credit card (automatic),0,0,No,0.11511653359630716,Low,N/A,N/A
6064-ZATLR,52.85,27,Two year,DSL,Bank transfer (automatic),1,0,No,0.1271196542586973,Low,N/A,N/A
7824-PANSQ,80.65,58,Month-to-month,Fiber optic,Bank transfer (automatic),0,0,No,0.06414953617460442,Low,N/A,N/A
9648-BCHKM,24.65,18,Two year,No,Credit card (automatic),0,0,No,0.024722819640055314,Low,N/A,N/A
2888-ADFAO,21.3,47,Two year,No,Bank transfer (automatic),0,0,No,0.005637230721677571,Low,N/A,N/A
8707-HOEDG,110.2,70,Two year,Fiber optic,Electronic check,0,0,No,0.0013293094235312952,Low,N/A,N/A
4072-IPYLT,51.05,36,Month-to-month,DSL,Credit card (automatic),2,0,No,0.7032665420242651,Critical,Numtechtickets,Contract Upgrade Incentive
7167-PCEYD,19.8,67,Two year,No,Mailed check,0,0,No,0.001984597558756401,Low,N/A,N/A
4936-YPJNK,19.9,10,Month-to-month,No,Mailed check,0,0,No,0.3283772709276471,Low,N/A,N/A
1580-BMCMR,87.3,19,Month-to-month,Fiber optic,Electronic check,0,0,No,0.7200650208912802,Critical,Internetservice Fiber Optic,Contract Upgrade Incentive
4817-KEQSP,19.85,71,Two year,No,Bank transfer (automatic),0,4,No,0.0016262117397084419,Low,N/A,N/A
6408-WHTEF,89.4,72,Two year,DSL,Mailed check,0,0,No,0.0002896135844472424,Low,N/A,N/A
9251-AWQGT,20.0,48,Two year,No,Mailed check,0,0,No,0.0050393247898584985,Low,N/A,N/A
8749-CLJXC,20.05,1,Month-to-month,No,Mailed check,0,0,No,0.4222499641773774,High,Tenure,Contract Upgrade Incentive
7989-VCQOH,83.25,18,Month-to-month,DSL,Electronic check,0,3,No,0.24330452106793832,Low,N/A,N/A
4199-QHJNM,102.9,67,Two year,Fiber optic,Bank transfer (automatic),0,0,No,0.001956056094411994,Low,N/A,N/A
8882-TLVRW,39.1,69,Two year,DSL,Mailed check,0,0,No,0.0021169602015250048,Low,N/A,N/A
5135-GRQJV,114.5,72,Two year,Fiber optic,Mailed check,0,0,No,0.0007550263981712703,Low,N/A,N/A
2384-OVPSA,20.2,38,Two year,No,Mailed check,0,0,No,0.013235518535286891,Low,N/A,N/A
1371-WEPDS,55.8,40,One year,DSL,Electronic check,0,1,No,0.0753354071237334,Low,N/A,N/A
3580-GICBM,24.2,61,Two year,No,Mailed check,0,0,No,0.0021431399307511975,Low,N/A,N/A
9730-DRTMJ,72.8,32,One year,DSL,Credit card (automatic),0,0,No,0.03950981192031887,Low,N/A,N/A
4686-UXDML,99.85,21,Month-to-month,Fiber optic,Credit card (automatic),0,5,No,0.5069496818273094,High,Internetservice Fiber Optic,Contract Upgrade Incentive
3349-ANQNH,99.5,59,One year,Fiber optic,Electronic check,4,5,No,0.8580175621176945,Critical,Numtechtickets,Proactive Tech Support Outreach
0932-YIXYU,20.25,47,Two year,No,Credit card (automatic),0,0,No,0.006638729505721418,Low,N/A,N/A
7480-SPLEF,26.0,69,Two year,No,Bank transfer (automatic),0,0,No,0.0012894814868402642,Low,N/A,N/A
7636-XUHWW,19.9,2,Month-to-month,No,Credit card (automatic),0,0,No,0.4227952258517483,High,Tenure,Contract Upgrade Incentive
1431-CYWMH,19.05,22,Month-to-month,No,Bank transfer (automatic),0,0,No,0.18736249009964795,Low,N/A,N/A
5937-EORGB,96.5,15,Month-to-month,Fiber optic,Electronic check,0,0,No,0.7389233970577586,Critical,Internetservice Fiber Optic,Contract Upgrade Incentive
6349-JDHQP,19.85,53,Two year,No,Credit card (automatic),0,0,No,0.004953556072376187,Low,N/A,N/A
5539-HIVAK,25.7,28,Month-to-month,No,Mailed check,0,0,No,0.15551631753165768,Low,N/A,N/A
5847-MXBEO,20.3,22,One year,No,Mailed check,1,0,No,0.2347779625597359,Low,N/A,N/A
4583-PARNH,91.55,16,Month-to-month,Fiber optic,Electronic check,0,0,No,0.6915872931207195,High,Internetservice Fiber Optic,Contract Upgrade Incentive
1116-FRYVH,39.4,48,Two year,DSL,Mailed check,0,2,No,0.00835585332787183,Low,N/A,N/A
1421-HCERK,105.7,30,Month-to-month,Fiber optic,Bank transfer (automatic),0,0,No,0.27746417572105897,Low,N/A,N/A
9633-XQABV,70.25,3,Month-to-month,Fiber optic,Electronic check,0,0,No,0.9084636046552476,Critical,Internetservice Fiber Optic,Contract Upgrade Incentive
0716-BQNDX,93.75,57,Two year,Fiber optic,Electronic check,0,0,No,0.008449413062801992,Low,N/A,N/A
1183-CANVH,60.0,23,One year,DSL,Bank transfer (automatic),2,0,No,0.6309159645342902,High,Numtechtickets,VIP Loyalty Check-in
1972-XMUWV,59.8,65,Two year,DSL,Credit card (automatic),3,0,No,0.08984585861984087,Low,N/A,N/A
8679-LZBMD,90.65,44,One year,Fiber optic,Bank transfer (automatic),0,0,No,0.06176064601560977,Low,N/A,N/A
3407-JMJQQ,109.0,71,Two year,Fiber optic,Bank transfer (automatic),0,0,No,0.0011130347114974419,Low,N/A,N/A
6252-DFGTK,68.1,37,One year,DSL,Credit card (automatic),1,0,No,0.11845898664093571,Low,N/A,N/A
1539-LNKHM,20.4,12,Month-to-month,No,Mailed check,0,0,No,0.3011317473912904,Low,N/A,N/A
8645-KOMJQ,81.95,69,Two year,DSL,Bank transfer (automatic),0,0,No,0.0005354520830639716,Low,N/A,N/A
0289-IVARM,60.55,35,Month-to-month,DSL,Electronic check,0,4,No,0.21742762360831105,Low,N/A,N/A
9761-XUJWD,65.6,5,Month-to-month,DSL,Bank transfer (automatic),0,0,No,0.5011203801578649,High,Tenure,Contract Upgrade Incentive
4057-FKCZK,82.5,58,Two year,Fiber optic,Bank transfer (automatic),0,0,No,0.006826417858662356,Low,N/A,N/A
4291-TPNFG,82.3,72,Two year,DSL,Bank transfer (automatic),0,0,No,0.000472886106630753,Low,N/A,N/A
6087-YPWHO,68.15,72,Two year,DSL,Mailed check,0,0,No,0.0007454476495697355,Low,N/A,N/A
3090-QFUVD,20.3,1,Month-to-month,No,Credit card (automatic),0,4,No,0.45793533324770513,High,Tenure,Contract Upgrade Incentive
1722-LDZJS,20.2,53,One year,No,Credit card (automatic),2,0,No,0.1510966223138946,Low,N/A,N/A
1818-ESQMW,89.2,27,Month-to-month,Fiber optic,Electronic check,0,0,No,0.4910636160602913,High,Internetservice Fiber Optic,Contract Upgrade Incentive
7401-RUBNK,74.8,18,Month-to-month,Fiber optic,Electronic check,0,5,No,0.7404510234704462,Critical,Internetservice Fiber Optic,Contract Upgrade Incentive
0506-YLVKJ,20.2,46,Two year,No,Mailed check,0,0,No,0.0050718369665215465,Low,N/A,N/A
8661-BOYNW,84.4,72,Two year,DSL,Credit card (automatic),0,0,No,0.00045743727662993607,Low,N/A,N/A
4815-GBTCD,25.15,4,Month-to-month,DSL,Electronic check,0,0,No,0.7795388137742062,Critical,Tenure,Contract Upgrade Incentive
2805-AUFQN,19.8,25,Two year,No,Credit card (automatic),0,0,No,0.023084008170154657,Low,N/A,N/A
0980-PVMRC,50.85,40,Month-to-month,DSL,Electronic check,0,0,No,0.16483146238788282,Low,N/A,N/A
7233-DRTRF,102.4,63,Month-to-month,Fiber optic,Electronic check,0,0,No,0.037332986382436116,Low,N/A,N/A
3873-NFTGI,55.5,14,Month-to-month,DSL,Credit card (automatic),0,0,No,0.4250994463483048,High,Tenure,Contract Upgrade Incentive
1162-ECVII,109.75,72,Two year,Fiber optic,Bank transfer (automatic),0,3,No,0.0010285559544334145,Low,N/A,N/A
7048-GXDAY,106.4,39,Month-to-month,Fiber optic,Electronic check,0,0,No,0.21652554386185513,Low,N/A,N/A
8571-ZCMCX,60.0,47,Two year,DSL,Credit card (automatic),0,0,No,0.0066628552126048735,Low,N/A,N/A
1169-WCVAK,88.8,19,Month-to-month,Fiber optic,Credit card (automatic),0,0,No,0.5057942800605134,High,Internetservice Fiber Optic,Contract Upgrade Incentive
7129-CAKJW,80.05,17,Month-to-month,Fiber optic,Bank transfer (automatic),1,0,No,0.8888438964782163,Critical,Internetservice Fiber Optic,Contract Upgrade Incentive
8695-ARGXZ,75.55,34,Month-to-month,Fiber optic,Electronic check,0,3,No,0.5130138005094937,High,Internetservice Fiber Optic,Contract Upgrade Incentive
3570-YUEKJ,49.55,42,Month-to-month,DSL,Electronic check,0,0,No,0.1812406216821969,Low,N/A,N/A
1555-HAPSU,23.9,71,Two year,No,Credit card (automatic),0,0,No,0.0012974684307499814,Low,N/A,N/A
1697-NVVGY,66.4,19,Month-to-month,DSL,Bank transfer (automatic),0,5,No,0.3445875720184057,Low,N/A,N/A
8464-EETCQ,18.8,57,Two year,No,Credit card (automatic),0,0,No,0.00370772164867768,Low,N/A,N/A
2419-FSORS,108.4,72,Two year,Fiber optic,Electronic check,0,0,No,0.0012935429277830118,Low,N/A,N/A
8132-YPVBX,85.95,6,Month-to-month,Fiber optic,Mailed check,0,5,No,0.7982610346984115,Critical,Internetservice Fiber Optic,Contract Upgrade Incentive
6754-LZUKA,80.9,61,Two year,DSL,Bank transfer (automatic),0,0,No,0.001419905368662542,Low,N/A,N/A
8099-MZPUJ,111.8,48,Two year,Fiber optic,Credit card (automatic),1,0,No,0.017525568410435236,Low,N/A,N/A
0787-LHDYT,20.6,16,Month-to-month,No,Credit card (automatic),0,0,No,0.24935654491730966,Low,N/A,N/A
0374-IOEGQ,44.6,3,Month-to-month,DSL,Electronic check,0,0,No,0.7509729433497335,Critical,Tenure,Contract Upgrade Incentive
3197-NNYNB,105.1,65,Two year,Fiber optic,Credit card (automatic),0,0,No,0.002315756304314037,Low,N/A,N/A
3396-DKDEL,115.15,70,Two year,Fiber optic,Credit card (automatic),0,0,No,0.000683089364773336,Low,N/A,N/A
1752-OZXFY,59.8,60,One year,DSL,Mailed check,0,0,No,0.00955764156147903,Low,N/A,N/A
9066-QRSDU,26.3,69,One year,No,Electronic check,0,0,No,0.00823318052629378,Low,N/A,N/A
9112-WSNPU,70.55,35,Month-to-month,Fiber optic,Electronic check,0,0,No,0.5558247237423845,High,Internetservice Fiber Optic,Contract Upgrade Incentive
9867-NNXLC,20.05,22,Month-to-month,No,Mailed check,0,0,No,0.19897000188206218,Low,N/A,N/A
5321-NTRKC,79.85,66,Two year,DSL,Bank transfer (automatic),0,0,No,0.0008787891836576584,Low,N/A,N/A
3161-GETRM,90.05,34,Month-to-month,Fiber optic,Credit card (automatic),1,0,No,0.5440797418483272,High,Internetservice Fiber Optic,Contract Upgrade Incentive
0402-OAMEN,24.45,72,Two year,No,Bank transfer (automatic),0,0,No,0.0012858859452096266,Low,N/A,N/A
6933-VLYFX,59.95,31,One year,DSL,Electronic check,0,0,No,0.0726702759358953,Low,N/A,N/A
6754-WKSHP,25.35,30,One year,No,Bank transfer (automatic),0,0,No,0.04414872175736626,Low,N/A,N/A
4976-LNFVV,34.3,19,Month-to-month,DSL,Credit card (automatic),0,0,No,0.48831748270406844,High,Tenure,Contract Upgrade Incentive
5055-MGMGF,105.05,65,Month-to-month,Fiber optic,Electronic check,0,0,No,0.031005942485376532,Low,N/A,N/A
4641-FROLU,19.3,30,Two year,No,Mailed check,0,0,No,0.013556914318305583,Low,N/A,N/A
2862-JVEOY,19.15,6,One year,No,Mailed check,0,0,No,0.16963482162033117,Low,N/A,N/A
2969-QWUBZ,51.4,2,Month-to-month,DSL,Electronic check,0,0,No,0.7447502911778915,Critical,Tenure,Contract Upgrade Incentive
9822-BIIGN,71.85,53,Month-to-month,DSL,Electronic check,0,0,No,0.031704566026664494,Low,N/A,N/A
2077-MPJQO,75.4,7,Month-to-month,Fiber optic,Electronic check,0,1,No,0.8800377972392717,Critical,Internetservice Fiber Optic,Contract Upgrade Incentive
1534-OULXE,49.7,61,One year,DSL,Bank transfer (automatic),0,0,No,0.013387440322815688,Low,N/A,N/A
2971-SGAFL,78.75,13,Month-to-month,DSL,Electronic check,0,2,No,0.468991482691352,High,Tenure,Contract Upgrade Incentive
1480-IVEVR,81.6,35,One year,Fiber optic,Bank transfer (automatic),0,5,No,0.17248491246357522,Low,N/A,N/A
2905-KFQUV,70.4,2,Month-to-month,Fiber optic,Credit card (automatic),0,4,No,0.8688755564350312,Critical,Internetservice Fiber Optic,Contract Upgrade Incentive
3370-HXOPH,76.1,3,Month-to-month,Fiber optic,Electronic check,0,4,No,0.9009799328511664,Critical,Internetservice Fiber Optic,Contract Upgrade Incentive
9391-YZEJW,94.0,62,One year,Fiber optic,Bank transfer (automatic),0,3,No,0.016696853970184042,Low,N/A,N/A
9958-MEKUC,103.95,72,Two year,Fiber optic,Credit card (automatic),0,3,No,0.000830668373048577,Low,N/A,N/A
0281-CNTZX,19.95,63,Two year,No,Bank transfer (automatic),0,0,No,0.002614997715923823,Low,N/A,N/A
4118-CEVPF,110.8,35,One year,Fiber optic,Bank transfer (automatic),0,0,No,0.0879595148045359,Low,N/A,N/A
9114-VEPUF,96.1,62,One year,Fiber optic,Electronic check,5,0,No,0.9317503792360159,Critical,Numtechtickets,Proactive Tech Support Outreach
7876-BEUTG,48.8,15,Month-to-month,DSL,Mailed check,0,0,No,0.4488981844864565,High,Tenure,Contract Upgrade Incentive
2338-BQEZT,50.55,55,Month-to-month,DSL,Credit card (automatic),0,0,No,0.05619315568270269,Low,N/A,N/A
9873-MNDKV,44.65,11,Month-to-month,DSL,Mailed check,0,0,No,0.531612229619004,High,Tenure,Contract Upgrade Incentive
8241-JUIQO,19.45,61,One year,No,Bank transfer (automatic),0,0,No,0.011350763835906257,Low,N/A,N/A
2194-IIQOF,89.3,71,Two year,DSL,Credit card (automatic),0,5,No,0.0004090927955389987,Low,N/A,N/A
9631-RXVJM,19.25,35,Two year,No,Mailed check,0,0,No,0.011641962874626216,Low,N/A,N/A
9584-EXCDZ,70.5,17,Month-to-month,Fiber optic,Bank transfer (automatic),0,0,No,0.7202808399084204,Critical,Internetservice Fiber Optic,Contract Upgrade Incentive
5093-FEGLU,19.65,47,Two year,No,Bank transfer (automatic),0,5,No,0.006960541764271517,Low,N/A,N/A
2621-UDNLU,20.85,3,Month-to-month,No,Mailed check,0,0,No,0.4008131611110833,High,Tenure,Contract Upgrade Incentive
7526-IVLYU,19.65,3,Month-to-month,No,Mailed check,0,5,No,0.3960854557272203,Low,N/A,N/A
2428-HYUNX,19.35,44,Two year,No,Credit card (automatic),0,0,No,0.0087586536878673,Low,N/A,N/A
9214-EKVXR,44.0,1,Month-to-month,DSL,Mailed check,0,0,No,0.6822601699248048,High,Tenure,Contract Upgrade Incentive
3410-MHHUM,94.4,44,One year,Fiber optic,Electronic check,0,0,No,0.07066952896650706,Low,N/A,N/A
2122-YWVYA,75.4,18,Month-to-month,Fiber optic,Electronic check,0,5,No,0.753435243135063,Critical,Internetservice Fiber Optic,Contract Upgrade Incentive
2296-DKZFP,71.0,65,Two year,DSL,Bank transfer (automatic),0,0,No,0.001749859655825851,Low,N/A,N/A
8909-BOLNL,21.2,3,One year,No,Mailed check,0,0,No,0.1907521947219802,Low,N/A,N/A
6603-YRDCJ,61.05,33,Two year,DSL,Mailed check,0,0,No,0.013553763303530893,Low,N/A,N/A
3229-USWAR,79.95,34,One year,DSL,Bank transfer (automatic),0,0,No,0.035642499740908516,Low,N/A,N/A
2138-VFAPZ,19.7,14,Two year,No,Mailed check,0,0,No,0.032315948949730014,Low,N/A,N/A
6131-JLWZM,20.3,13,Month-to-month,No,Mailed check,0,0,No,0.29062418834094483,Low,N/A,N/A
0269-XFESX,24.35,23,One year,No,Mailed check,0,0,No,0.05558526856242744,Low,N/A,N/A
1709-EJDOX,19.75,47,Two year,No,Mailed check,0,5,No,0.005285613666916287,Low,N/A,N/A
4316-XCSLJ,50.3,17,Month-to-month,DSL,Mailed check,0,0,No,0.35207895264240974,Low,N/A,N/A
9693-XMUOB,50.25,59,Month-to-month,DSL,Electronic check,0,0,No,0.06990896455761518,Low,N/A,N/A
0383-CLDDA,85.35,69,Two year,DSL,Credit card (automatic),0,0,No,0.0005913815895200113,Low,N/A,N/A
2709-UQGNP,51.65,10,Month-to-month,DSL,Mailed check,0,0,No,0.49267945165143573,High,Tenure,Contract Upgrade Incentive
3549-ZTMNH,24.0,12,Two year,No,Bank transfer (automatic),0,0,No,0.03423635427981716,Low,N/A,N/A
8033-ATFAS,59.85,39,Month-to-month,DSL,Mailed check,0,0,No,0.0941297518186457,Low,N/A,N/A
1635-NZATJ,25.45,71,Two year,No,Credit card (automatic),0,0,No,0.001596813624377637,Low,N/A,N/A
0562-HKHML,23.9,71,Two year,No,Credit card (automatic),0,0,No,0.0011947680670081088,Low,N/A,N/A
8277-RVRSV,24.15,33,One year,No,Credit card (automatic),0,0,No,0.03710449839429046,Low,N/A,N/A
9943-VSZUV,75.7,67,Month-to-month,Fiber optic,Mailed check,4,0,No,0.9196322000812682,Critical,Numtechtickets,Proactive Tech Support Outreach
7054-ENNGU,50.85,9,Month-to-month,DSL,Mailed check,0,0,No,0.5214944527835819,High,Tenure,Contract Upgrade Incentive
1455-HFBXA,91.6,52,Two year,Fiber optic,Credit card (automatic),0,0,No,0.007730822627239111,Low,N/A,N/A
9402-CXWPL,98.9,70,One year,Fiber optic,Electronic check,0,0,No,0.010664795332422808,Low,N/A,N/A
1628-BIZYP,85.0,1,Month-to-month,Fiber optic,Electronic check,0,3,No,0.8956136346393343,Critical,Internetservice Fiber Optic,Contract Upgrade Incentive
0082-LDZUE,44.3,1,Month-to-month,DSL,Mailed check,0,0,No,0.6604721960308352,High,Tenure,Contract Upgrade Incentive
5343-SGUBI,80.2,52,One year,Fiber optic,Mailed check,0,0,No,0.04556611629835835,Low,N/A,N/A
0856-NAOES,60.9,6,Month-to-month,DSL,Mailed check,0,0,No,0.5198542009154465,High,Tenure,Contract Upgrade Incentive
1976-AZZPJ,34.2,7,Month-to-month,DSL,Mailed check,0,0,No,0.5936376508116438,High,Tenure,Contract Upgrade Incentive
6156-UZDLF,87.15,26,One year,Fiber optic,Credit card (automatic),0,5,No,0.20596891207837523,Low,N/A,N/A
3099-OONVS,54.3,25,Month-to-month,DSL,Electronic check,0,0,No,0.271025128722837,Low,N/A,N/A
9500-WBGRP,19.1,69,Two year,No,Mailed check,0,0,No,0.0018421884499016962,Low,N/A,N/A
5183-KLYEM,112.75,72,Two year,Fiber optic,Credit card (automatic),0,0,No,0.0008028499374715622,Low,N/A,N/A
5144-PQCDZ,19.95,4,Month-to-month,No,Mailed check,0,0,No,0.3842124632793967,Low,N/A,N/A
8514-VZHEB,19.5,59,Two year,No,Mailed check,0,0,No,0.0025209784438984715,Low,N/A,N/A
6625-IUTTT,65.55,67,Two year,DSL,Bank transfer (automatic),0,3,No,0.0016577475697608793,Low,N/A,N/A
9355-NPPFS,78.8,26,Month-to-month,Fiber optic,Electronic check,0,0,No,0.6658818927545498,High,Internetservice Fiber Optic,Contract Upgrade Incentive
0068-FIGTF,78.2,27,One year,DSL,Mailed check,0,0,No,0.05539943951343463,Low,N/A,N/A
5965-GGPRW,105.25,72,Two year,Fiber optic,Bank transfer (automatic),0,0,No,0.001030901157263526,Low,N/A,N/A
8035-PWSEV,89.25,6,Month-to-month,Fiber optic,Electronic check,0,0,No,0.8334578890071267,Critical,Internetservice Fiber Optic,Contract Upgrade Incentive
2236-HILPA,20.65,62,Two year,No,Credit card (automatic),0,0,No,0.0022111560692673515,Low,N/A,N/A
1840-BIUOG,68.7,20,One year,DSL,Electronic check,1,0,No,0.38799986934153197,Low,N/A,N/A
1356-MKYSK,78.65,6,Month-to-month,DSL,Credit card (automatic),0,3,No,0.41901150578987884,High,Tenure,Contract Upgrade Incentive
6080-LNESI,24.75,51,Two year,No,Mailed check,0,0,No,0.004157055600660604,Low,N/A,N/A
1830-IPXVJ,19.75,61,Two year,No,Credit card (automatic),0,0,No,0.002505064370029533,Low,N/A,N/A
5828-DWPIL,89.1,62,Month-to-month,Fiber optic,Electronic check,3,0,No,0.8046957087257058,Critical,Numtechtickets,Proactive Tech Support Outreach
8398-TBIYD,84.7,72,Two year,Fiber optic,Bank transfer (automatic),0,3,No,0.002386825017737561,Low,N/A,N/A
2931-FSOHN,59.9,13,Month-to-month,DSL,Electronic check,0,1,No,0.5775533146340271,High,Tenure,Contract Upgrade Incentive
9418-RUKPH,19.95,38,Two year,No,Mailed check,0,0,No,0.00868732831593778,Low,N/A,N/A
9971-ZWPBF,108.9,34,Month-to-month,Fiber optic,Electronic check,0,0,No,0.24311261608027396,Low,N/A,N/A
4712-AUQZO,33.6,18,Month-to-month,DSL,Mailed check,0,4,No,0.45288590038277016,High,Tenure,Contract Upgrade Incentive
9711-FJTBX,85.85,56,One year,Fiber optic,Mailed check,0,0,No,0.018348333406414077,Low,N/A,N/A
2908-ZTPNF,34.85,36,Month-to-month,DSL,Bank transfer (automatic),0,0,No,0.212317523104819,Low,N/A,N/A
8421-WZOOW,95.3,57,Month-to-month,Fiber optic,Credit card (automatic),0,0,No,0.04577040874327899,Low,N/A,N/A
1414-YADCW,84.6,70,Two year,Fiber optic,Bank transfer (automatic),0,0,No,0.002645526066692191,Low,N/A,N/A
8756-RDDLT,44.95,68,Month-to-month,DSL,Electronic check,0,0,No,0.03737129086067067,Low,N/A,N/A
2862-PFNIK,24.7,1,Month-to-month,DSL,Electronic check,0,1,No,0.7777176128539484,Critical,Tenure,Contract Upgrade Incentive
5816-QVHRX,100.3,37,Month-to-month,Fiber optic,Credit card (automatic),2,5,No,0.7630721697169282,Critical,Numtechtickets,Contract Upgrade Incentive
4430-YHXGG,25.45,4,Month-to-month,No,Mailed check,0,0,No,0.3522387967951928,Low,N/A,N/A
6888-SBYAI,50.7,1,Month-to-month,DSL,Mailed check,0,0,No,0.6406673088310749,High,Tenure,Contract Upgrade Incentive
7395-XWZOY,55.0,20,Month-to-month,DSL,Credit card (automatic),0,0,No,0.2849391733527166,Low,N/A,N/A
7169-YWAMK,68.4,72,Two year,DSL,Bank transfer (automatic),0,0,No,0.00070642568944339,Low,N/A,N/A
6859-RKMZJ,55.05,11,Month-to-month,DSL,Bank transfer (automatic),0,0,No,0.4768145136693443,High,Tenure,Contract Upgrade Incentive
2729-VNVAP,19.8,33,Two year,No,Credit card (automatic),0,3,No,0.012134387778579838,Low,N/A,N/A
2957-JIRMN,84.45,62,One year,Fiber optic,Electronic check,0,0,No,0.04232873593021016,Low,N/A,N/A
2049-BAFNW,35.9,1,Month-to-month,DSL,Mailed check,0,2,No,0.6621891351409914,High,Tenure,Contract Upgrade Incentive
3842-QTGDL,80.75,16,Month-to-month,Fiber optic,Bank transfer (automatic),0,0,No,0.6581623622365088,High,Internetservice Fiber Optic,Contract Upgrade Incentive
7163-OCEQI,78.65,22,One year,DSL,Mailed check,0,0,No,0.059219478300382405,Low,N/A,N/A
9782-LGXMC,61.75,49,Month-to-month,DSL,Bank transfer (automatic),0,0,No,0.04363701335483394,Low,N/A,N/A
5975-BAICR,63.7,36,One year,DSL,Credit card (automatic),0,0,No,0.040393863530125605,Low,N/A,N/A
4673-KKSLS,87.6,31,Month-to-month,Fiber optic,Electronic check,0,0,No,0.42032954649404025,High,Internetservice Fiber Optic,Contract Upgrade Incentive
4853-OITSN,89.15,5,Month-to-month,Fiber optic,Electronic check,0,0,No,0.849866457565587,Critical,Internetservice Fiber Optic,Contract Upgrade Incentive
9800-OUIGR,20.0,66,Two year,No,Credit card (automatic),0,0,No,0.0017439200048957296,Low,N/A,N/A
2324-EFHVG,104.4,64,Two year,Fiber optic,Bank transfer (automatic),0,0,No,0.0025598235671518157,Low,N/A,N/A
7094-MSZAO,20.05,10,Month-to-month,No,Credit card (automatic),0,0,No,0.2741551478048159,Low,N/A,N/A
6907-CQGPN,34.3,29,Month-to-month,DSL,Electronic check,0,0,No,0.35092766775175005,Low,N/A,N/A
0780-XNZFN,20.65,57,Two year,No,Bank transfer (automatic),4,0,No,0.42783027228391285,High,Numtechtickets,Proactive Tech Support Outreach
0239-OXEXL,84.25,46,Month-to-month,Fiber optic,Mailed check,0,0,No,0.16148132679762786,Low,N/A,N/A
2675-IJRGJ,19.65,53,Two year,No,Bank transfer (automatic),0,0,No,0.004921620205691503,Low,N/A,N/A
7049-GKVZY,79.85,17,One year,DSL,Credit card (automatic),0,5,No,0.11012099826736542,Low,N/A,N/A
8577-QSOCG,20.2,38,Two year,No,Mailed check,0,0,No,0.008687858110632697,Low,N/A,N/A
3721-CNZHX,19.8,15,One year,No,Mailed check,0,0,No,0.10950630251355183,Low,N/A,N/A
0212-ISBBF,50.35,22,Month-to-month,DSL,Electronic check,0,0,No,0.4450554412533335,High,Tenure,Contract Upgrade Incentive
3585-YNADK,74.6,57,One year,DSL,Bank transfer (automatic),0,0,No,0.007062540838253281,Low,N/A,N/A
5271-DBYSJ,79.15,11,Month-to-month,Fiber optic,Credit card (automatic),0,0,No,0.7843795723354581,Critical,Internetservice Fiber Optic,Contract Upgrade Incentive
1099-GODLO,20.35,1,Two year,No,Mailed check,0,0,No,0.06339678702019559,Low,N/A,N/A
6828-HMKWP,21.05,12,Two year,No,Bank transfer (automatic),0,0,No,0.03564172340519558,Low,N/A,N/A
1472-TNCWL,94.7,36,Month-to-month,Fiber optic,Electronic check,0,0,No,0.2764424841071604,Low,N/A,N/A
2080-GKCWQ,74.95,2,Month-to-month,Fiber optic,Electronic check,0,0,No,0.9013436429722894,Critical,Internetservice Fiber Optic,Contract Upgrade Incentive
2193-SFWQW,111.95,72,Two year,Fiber optic,Bank transfer (automatic),0,0,No,0.0006716377775086298,Low,N/A,N/A
5656-JAMLX,19.85,62,Two year,No,Bank transfer (automatic),0,0,No,0.0028946719065899374,Low,N/A,N/A
3462-BJQQA,89.75,6,Month-to-month,Fiber optic,Electronic check,0,0,No,0.8561459474813964,Critical,Internetservice Fiber Optic,Contract Upgrade Incentive
0442-TDYUO,20.05,48,Two year,No,Mailed check,2,0,No,0.06756156660900359,Low,N/A,N/A
6733-LRIZX,108.95,35,Two year,Fiber optic,Electronic check,0,0,No,0.027069255023369126,Low,N/A,N/A
9503-XJUME,19.65,52,One year,No,Credit card (automatic),0,0,No,0.014714471140629093,Low,N/A,N/A
4367-NHWMM,24.9,1,Month-to-month,DSL,Mailed check,0,0,No,0.735795600121603,Critical,Tenure,Contract Upgrade Incentive
3779-OSWCF,93.2,71,Two year,DSL,Credit card (automatic),0,0,No,0.0003738071435706514,Low,N/A,N/A
6736-DHUQI,84.8,67,One year,Fiber optic,Bank transfer (automatic),0,0,No,0.01268277629070759,Low,N/A,N/A
3915-ODIYG,71.75,60,One year,DSL,Electronic check,0,0,No,0.013085137984672115,Low,N/A,N/A
1360-RCYRT,30.35,23,Month-to-month,DSL,Bank transfer (automatic),0,0,No,0.3259134195458875,Low,N/A,N/A
2724-FJDYW,54.85,39,One year,DSL,Bank transfer (automatic),0,0,No,0.036284611549495624,Low,N/A,N/A
4451-RWASJ,19.5,15,One year,No,Mailed check,1,0,No,0.27677814512421506,Low,N/A,N/A
3460-TJBWI,24.2,24,Two year,No,Mailed check,1,0,No,0.05536879674912455,Low,N/A,N/A
5917-HBSDW,19.35,37,Month-to-month,No,Electronic check,0,0,No,0.12738171757225888,Low,N/A,N/A
5671-UUNXD,100.65,50,One year,Fiber optic,Electronic check,4,0,No,0.8996521051902368,Critical,Numtechtickets,Proactive Tech Support Outreach
0956-ACVZC,94.1,54,One year,Fiber optic,Credit card (automatic),0,0,No,0.028737714060535796,Low,N/A,N/A
2325-NBPZG,74.55,3,Month-to-month,Fiber optic,Electronic check,0,0,No,0.9034872647062944,Critical,Internetservice Fiber Optic,Contract Upgrade Incentive
4482-FTFFX,56.15,5,Month-to-month,DSL,Electronic check,0,0,No,0.6227613725825372,High,Tenure,Contract Upgrade Incentive
8859-DZTGQ,20.35,33,Two year,No,Mailed check,0,4,No,0.01259057801806815,Low,N/A,N/A
0440-MOGPM,80.55,41,One year,DSL,Electronic check,0,0,No,0.03672865103657867,Low,N/A,N/A
0020-JDNXP,61.25,34,One year,DSL,Mailed check,0,0,No,0.04172814644368789,Low,N/A,N/A
3752-CQSJI,20.45,13,Month-to-month,No,Mailed check,0,1,No,0.25043303033158415,Low,N/A,N/A
5025-GOOKI,18.9,20,Month-to-month,No,Credit card (automatic),0,2,No,0.23397169471171353,Low,N/A,N/A
4698-KVLLG,19.6,51,Two year,No,Credit card (automatic),0,0,No,0.006954414654760674,Low,N/A,N/A
2887-JPYLU,45.2,41,Month-to-month,DSL,Bank transfer (automatic),0,0,No,0.13818490521587296,Low,N/A,N/A
4770-QAZXN,19.45,13,Month-to-month,No,Credit card (automatic),0,0,No,0.3071860460311185,Low,N/A,N/A
4896-CPRPF,25.45,35,Two year,No,Bank transfer (automatic),0,0,No,0.009379352810876616,Low,N/A,N/A
9714-EDSUC,94.9,4,Month-to-month,Fiber optic,Mailed check,0,0,No,0.7518652739189382,Critical,Internetservice Fiber Optic,Contract Upgrade Incentive
0282-NVSJS,29.3,12,Month-to-month,DSL,Mailed check,0,5,No,0.5307165988000849,High,Tenure,Contract Upgrade Incentive
7353-YOWFP,20.25,7,One year,No,Mailed check,0,0,No,0.17384975300508002,Low,N/A,N/A
8008-ESFLK,110.5,53,One year,Fiber optic,Electronic check,0,0,No,0.02221850263941807,Low,N/A,N/A
7537-CBQUZ,109.4,63,Month-to-month,Fiber optic,Bank transfer (automatic),0,0,No,0.026110223637149956,Low,N/A,N/A
3363-EWLGO,19.95,5,Month-to-month,No,Mailed check,0,2,No,0.3911777590444961,Low,N/A,N/A
4750-UKWJK,19.6,37,One year,No,Mailed check,0,0,No,0.044925643951724575,Low,N/A,N/A
1689-YQBYY,76.6,12,Month-to-month,Fiber optic,Electronic check,0,0,No,0.8026287660298868,Critical,Internetservice Fiber Optic,Contract Upgrade Incentive
4487-ZYJZK,19.6,38,One year,No,Credit card (automatic),0,0,No,0.03143043366975146,Low,N/A,N/A
2959-FENLU,85.3,9,Month-to-month,Fiber optic,Credit card (automatic),0,0,No,0.7691994886111235,Critical,Internetservice Fiber Optic,Contract Upgrade Incentive
0708-LGSMF,65.85,13,Month-to-month,DSL,Electronic check,0,1,No,0.4812930036427051,High,Tenure,Contract Upgrade Incentive
7634-HLQJR,20.05,47,Two year,No,Credit card (automatic),0,0,No,0.005431884193427562,Low,N/A,N/A
0487-RPVUM,99.4,61,Month-to-month,Fiber optic,Bank transfer (automatic),0,0,No,0.029159590000846523,Low,N/A,N/A
4079-ULGFR,20.0,16,Month-to-month,No,Mailed check,1,0,No,0.5471245859250993,High,Tenure,Contract Upgrade Incentive
2516-XSJKX,78.45,41,Two year,DSL,Electronic check,0,0,No,0.00771236860767401,Low,N/A,N/A
0057-QBUQH,25.1,43,Two year,No,Electronic check,0,0,No,0.009721135605499151,Low,N/A,N/A
6599-SFQVE,55.0,6,Month-to-month,DSL,Electronic check,0,0,No,0.6786911518516116,High,Tenure,Contract Upgrade Incentive
8331-ZXFOE,71.1,58,One year,DSL,Credit card (automatic),0,0,No,0.007176493158671094,Low,N/A,N/A
4003-FUSHP,61.55,19,Month-to-month,DSL,Credit card (automatic),0,0,No,0.2819952668331131,Low,N/A,N/A
0356-ERHVT,45.9,11,Month-to-month,DSL,Bank transfer (automatic),0,0,No,0.5142402315894813,High,Tenure,Contract Upgrade Incentive
7325-ENZFI,40.3,39,One year,DSL,Bank transfer (automatic),0,0,No,0.06556467687512334,Low,N/A,N/A
4884-ZTHVF,87.1,8,Month-to-month,Fiber optic,Electronic check,0,0,No,0.8678318053532365,Critical,Internetservice Fiber Optic,Contract Upgrade Incentive
3920-HIHMQ,49.5,26,Month-to-month,DSL,Mailed check,0,0,No,0.253213522172445,Low,N/A,N/A
3055-OYMSE,73.8,53,Month-to-month,Fiber optic,Credit card (automatic),0,0,No,0.16319501513079396,Low,N/A,N/A
0613-WUXUM,19.2,70,Two year,No,Mailed check,0,0,No,0.0014972817632912035,Low,N/A,N/A
4458-KVRBJ,25.0,59,Two year,No,Mailed check,0,0,No,0.0025644652492738023,Low,N/A,N/A
1397-XKKWR,35.3,7,One year,DSL,Mailed check,0,3,No,0.3569784940635257,Low,N/A,N/A
8097-OMULG,76.75,59,One year,DSL,Credit card (automatic),0,0,No,0.004335646437285969,Low,N/A,N/A
6013-BHCAW,81.0,61,Two year,DSL,Bank transfer (automatic),0,0,No,0.0009832160363671346,Low,N/A,N/A
0401-WDBXM,105.55,72,Two year,Fiber optic,Bank transfer (automatic),0,0,No,0.0010496900943034306,Low,N/A,N/A
3387-PLKUI,18.8,13,Month-to-month,No,Mailed check,0,0,No,0.2547730024056298,Low,N/A,N/A
6096-EGVTU,24.9,64,One year,No,Mailed check,0,0,No,0.00608764863270196,Low,N/A,N/A
5081-NWSUP,64.9,10,One year,DSL,Mailed check,0,0,No,0.20217331959063822,Low,N/A,N/A
2580-ATZSQ,61.35,65,One year,DSL,Bank transfer (automatic),0,0,No,0.007042564332756866,Low,N/A,N/A
8085-MSNLK,113.95,62,Two year,Fiber optic,Mailed check,0,0,No,0.0017618874238891247,Low,N/A,N/A
9691-HKOVS,90.15,55,One year,DSL,Electronic check,0,0,No,0.007551169291722945,Low,N/A,N/A
9881-VCZEP,54.1,25,Month-to-month,DSL,Electronic check,0,0,No,0.36247644670015555,Low,N/A,N/A
8757-TFHHJ,49.8,1,Month-to-month,DSL,Credit card (automatic),0,0,No,0.6556822267538797,High,Tenure,Contract Upgrade Incentive
1468-DEFNC,24.4,64,Two year,No,Bank transfer (automatic),0,0,No,0.0022558008080882617,Low,N/A,N/A
5119-KEPFY,95.0,36,Month-to-month,Fiber optic,Bank transfer (automatic),0,0,No,0.23062134457486805,Low,N/A,N/A
0916-KNFAJ,69.9,61,Two year,DSL,Mailed check,0,0,No,0.0018429201273831544,Low,N/A,N/A
8319-QBEHW,39.95,26,One year,DSL,Bank transfer (automatic),0,0,No,0.13440150901711018,Low,N/A,N/A
9625-QNLUX,103.25,68,Two year,Fiber optic,Credit card (automatic),0,0,No,0.0014405917569382653,Low,N/A,N/A
4024-CSNBY,94.25,72,Two year,Fiber optic,Bank transfer (automatic),0,0,No,0.0015979968266448764,Low,N/A,N/A
7110-BDTWG,47.05,71,Two year,DSL,Electronic check,0,0,No,0.0030166902170261556,Low,N/A,N/A
7493-GVFIO,20.55,57,Two year,No,Credit card (automatic),0,0,No,0.0034404928407906926,Low,N/A,N/A
0690-SRQID,19.65,4,Month-to-month,No,Mailed check,0,0,No,0.38451370986065053,Low,N/A,N/A
9605-WGJVW,70.2,1,Month-to-month,Fiber optic,Electronic check,0,0,No,0.9345683386447349,Critical,Internetservice Fiber Optic,Contract Upgrade Incentive
9114-DPSIA,81.0,72,Two year,DSL,Credit card (automatic),0,0,No,0.00041924944240636817,Low,N/A,N/A
4700-UBQMV,75.9,21,One year,DSL,Bank transfer (automatic),0,0,No,0.08902210785296095,Low,N/A,N/A
7711-GQBZC,24.7,71,Two year,No,Bank transfer (automatic),5,0,No,0.48796825149021533,High,Numtechtickets,Proactive Tech Support Outreach
4627-MIHJH,110.25,69,Two year,Fiber optic,Credit card (automatic),0,0,No,0.0015069755621480757,Low,N/A,N/A
9795-NREXC,85.0,64,Two year,DSL,Credit card (automatic),0,0,No,0.0008193660757632299,Low,N/A,N/A
8573-CGOCC,19.75,16,Month-to-month,No,Credit card (automatic),0,0,No,0.2536583138533492,Low,N/A,N/A
7356-AYNJP,23.9,4,One year,No,Electronic check,0,0,No,0.27310035068306543,Low,N/A,N/A
6286-SUUWT,19.95,1,Month-to-month,No,Mailed check,0,0,No,0.4225821498761466,High,Tenure,Contract Upgrade Incentive
4819-HJPIW,25.15,18,Month-to-month,DSL,Mailed check,0,0,No,0.4868315463614217,High,Tenure,Contract Upgrade Incentive
8654-DHAOW,54.15,2,Month-to-month,DSL,Mailed check,0,0,No,0.6368140658279814,High,Tenure,Contract Upgrade Incentive
5438-QMDDL,59.8,19,Month-to-month,DSL,Mailed check,0,0,No,0.3232282764023092,Low,N/A,N/A
9812-GHVRI,83.85,40,Month-to-month,Fiber optic,Bank transfer (automatic),0,0,No,0.24420522454286372,Low,N/A,N/A
5553-AOINX,104.9,66,One year,Fiber optic,Electronic check,0,0,No,0.011810972905946501,Low,N/A,N/A
1228-ZLNBX,75.3,21,Month-to-month,Fiber optic,Mailed check,0,0,No,0.5850765994551504,High,Internetservice Fiber Optic,Contract Upgrade Incentive
4226-KKDON,66.65,8,Month-to-month,DSL,Electronic check,0,0,No,0.5349564521054287,High,Tenure,Contract Upgrade Incentive
3831-YCPUO,109.5,72,Two year,Fiber optic,Credit card (automatic),0,0,No,0.0007597649651293742,Low,N/A,N/A
7445-WMRBW,73.85,48,One year,DSL,Bank transfer (automatic),0,0,No,0.015059479665308748,Low,N/A,N/A
3308-DGHKL,19.3,69,Two year,No,Bank transfer (automatic),0,0,No,0.0019452374052218826,Low,N/A,N/A
9924-JPRMC,118.2,72,Two year,Fiber optic,Electronic check,1,0,No,0.003425254027496261,Low,N/A,N/A
0080-EMYVY,51.45,14,One year,DSL,Credit card (automatic),0,0,No,0.2407737137600129,Low,N/A,N/A
6218-KNUBD,59.45,6,Month-to-month,DSL,Electronic check,0,0,No,0.6429779586466273,High,Tenure,Contract Upgrade Incentive
7337-CINUD,19.5,8,Two year,No,Bank transfer (automatic),0,0,No,0.04957078690318453,Low,N/A,N/A
7609-NRNCA,19.55,17,One year,No,Mailed check,0,0,No,0.11028853643012064,Low,N/A,N/A
0623-EJQEG,93.55,65,One year,Fiber optic,Electronic check,0,0,No,0.013937879113233388,Low,N/A,N/A
7153-CHRBV,59.3,57,One year,DSL,Mailed check,0,0,No,0.009458002752689649,Low,N/A,N/A
6198-PNNSZ,109.8,56,One year,Fiber optic,Bank transfer (automatic),0,0,No,0.0152869141568336,Low,N/A,N/A
3317-VLGQT,78.1,14,Month-to-month,Fiber optic,Electronic check,0,3,No,0.7863768001318668,Critical,Internetservice Fiber Optic,Contract Upgrade Incentive
4132-POCZS,39.9,52,Month-to-month,DSL,Electronic check,3,0,No,0.8758996584766218,Critical,Numtechtickets,Proactive Tech Support Outreach
5614-DNZCE,64.9,58,Two year,DSL,Credit card (automatic),0,0,No,0.0026363133024546823,Low,N/A,N/A
3896-RCYYE,53.4,67,Month-to-month,DSL,Credit card (automatic),3,1,No,0.5163884589131529,High,Numtechtickets,Proactive Tech Support Outreach
9638-JIQYA,24.9,2,Month-to-month,DSL,Credit card (automatic),0,0,No,0.7162897387909071,Critical,Tenure,Contract Upgrade Incentive
3258-SANFR,44.7,6,Month-to-month,DSL,Credit card (automatic),0,0,No,0.6472054051596207,High,Tenure,Contract Upgrade Incentive
3726-TBHQT,114.0,71,Two year,Fiber optic,Bank transfer (automatic),0,0,No,0.00065504431802587,Low,N/A,N/A
3190-ITQXP,20.25,46,Two year,No,Bank transfer (automatic),0,0,No,0.0063033378367200925,Low,N/A,N/A
4833-QTJNO,83.85,67,Month-to-month,Fiber optic,Bank transfer (automatic),0,3,No,0.04473531466265861,Low,N/A,N/A
3039-MJSLN,20.2,3,Month-to-month,No,Bank transfer (automatic),0,0,No,0.3873318399899611,Low,N/A,N/A
0178-CIIKR,19.95,3,Month-to-month,No,Mailed check,0,0,No,0.4187976234074597,High,Tenure,Contract Upgrade Incentive
5774-QPLTF,20.35,50,One year,No,Mailed check,0,0,No,0.01433668476595238,Low,N/A,N/A
2322-VCZHZ,90.0,23,Month-to-month,Fiber optic,Electronic check,0,0,No,0.6292627252908909,High,Internetservice Fiber Optic,Contract Upgrade Incentive
5010-IPEAQ,54.2,67,Two year,DSL,Credit card (automatic),0,5,No,0.0016816447264572797,Low,N/A,N/A
6383-ZTSIW,99.1,39,One year,Fiber optic,Mailed check,1,1,No,0.26003592802722825,Low,N/A,N/A
8990-YOZLV,66.9,69,Two year,DSL,Mailed check,0,0,No,0.001102011131540337,Low,N/A,N/A
3069-SSVSN,25.85,1,One year,DSL,Mailed check,0,0,No,0.5008089233780072,High,Tenure,VIP Loyalty Check-in
5222-IMUKT,91.05,32,Month-to-month,Fiber optic,Electronic check,0,0,No,0.4115421292502962,High,Internetservice Fiber Optic,Contract Upgrade Incentive
6685-XSHHU,20.95,60,Two year,No,Bank transfer (automatic),0,0,No,0.002539788071738647,Low,N/A,N/A
8901-UPRHR,109.2,72,Two year,Fiber optic,Bank transfer (automatic),0,0,No,0.0008505902169073146,Low,N/A,N/A
0118-JPNOY,85.8,26,Month-to-month,Fiber optic,Credit card (automatic),0,0,No,0.5294076632761568,High,Internetservice Fiber Optic,Contract Upgrade Incentive
3845-FXCYS,19.65,2,Month-to-month,No,Electronic check,0,0,No,0.5275594722447668,High,Tenure,Contract Upgrade Incentive
5857-XRECV,20.5,2,One year,No,Bank transfer (automatic),0,0,No,0.21032568039376265,Low,N/A,N/A
0725-CXOTM,89.65,36,One year,DSL,Credit card (automatic),0,0,No,0.022103148567372055,Low,N/A,N/A
4343-EJVQB,74.35,7,Month-to-month,Fiber optic,Mailed check,0,0,No,0.798960121479429,Critical,Internetservice Fiber Optic,Contract Upgrade Incentive
9000-PLFUZ,49.45,60,Two year,DSL,Credit card (automatic),0,0,No,0.005591454525639985,Low,N/A,N/A
3427-GGZZI,89.1,19,Month-to-month,Fiber optic,Electronic check,1,0,No,0.8878086946834083,Critical,Internetservice Fiber Optic,Contract Upgrade Incentive
7779-ORAEL,75.15,45,Two year,DSL,Credit card (automatic),0,0,No,0.0051051484493042885,Low,N/A,N/A
0644-OQMDK,70.65,4,Month-to-month,Fiber optic,Electronic check,0,0,No,0.9120248672280074,Critical,Internetservice Fiber Optic,Contract Upgrade Incentive
3154-CFSZG,90.05,47,Month-to-month,Fiber optic,Electronic check,0,0,No,0.1544319586951405,Low,N/A,N/A
2220-IAHLS,19.4,1,Month-to-month,No,Credit card (automatic),0,0,No,0.46097861148296293,High,Tenure,Contract Upgrade Incentive
1658-XUHBX,88.75,59,Month-to-month,Fiber optic,Credit card (automatic),1,0,No,0.18905077189477398,Low,N/A,N/A
2378-HTWFW,91.0,35,Month-to-month,Fiber optic,Credit card (automatic),1,0,No,0.6248584571871824,High,Internetservice Fiber Optic,Contract Upgrade Incentive
4377-VDHYI,90.8,32,One year,Fiber optic,Electronic check,0,0,No,0.16507721446150983,Low,N/A,N/A
3719-TDVQB,18.95,54,Two year,No,Mailed check,0,0,No,0.005316939652687909,Low,N/A,N/A
0201-MIBOL,102.4,66,Two year,Fiber optic,Bank transfer (automatic),3,0,No,0.1545401347760446,Low,N/A,N/A
4937-QPZPO,99.9,61,One year,Fiber optic,Electronic check,0,0,No,0.014606466176236545,Low,N/A,N/A
2925-VDZHY,88.7,72,Two year,DSL,Credit card (automatic),0,0,No,0.00029608290844778296,Low,N/A,N/A
6981-TDRFT,54.3,44,One year,DSL,Electronic check,0,0,No,0.03696957144009286,Low,N/A,N/A
3413-CSSTH,55.7,41,Month-to-month,DSL,Bank transfer (automatic),0,0,No,0.11475587357412863,Low,N/A,N/A
8033-VCZGH,103.95,50,One year,Fiber optic,Electronic check,0,0,No,0.03745573281048146,Low,N/A,N/A
0224-NIJLP,20.15,8,Two year,No,Mailed check,0,5,No,0.040133620725383734,Low,N/A,N/A
7542-CYDDM,20.05,18,Month-to-month,No,Mailed check,0,0,No,0.22177473741146936,Low,N/A,N/A
4718-WXBGI,91.95,72,Two year,DSL,Credit card (automatic),0,0,No,0.00027324089040234404,Low,N/A,N/A
8495-PRWFH,55.65,42,Month-to-month,DSL,Electronic check,0,0,No,0.1842297161747108,Low,N/A,N/A
0439-IFYUN,74.7,18,Month-to-month,Fiber optic,Electronic check,0,0,No,0.7970306614160051,Critical,Internetservice Fiber Optic,Contract Upgrade Incentive
5716-LIBJC,104.15,13,One year,Fiber optic,Credit card (automatic),0,0,No,0.36111697361335543,Low,N/A,N/A
2868-LLSKM,83.65,68,One year,Fiber optic,Bank transfer (automatic),0,0,No,0.009623090121209914,Low,N/A,N/A
2988-QRAJY,110.05,69,Two year,Fiber optic,Credit card (automatic),0,0,No,0.0013745951556843302,Low,N/A,N/A
0071-NDAFP,25.5,25,Two year,No,Credit card (automatic),0,0,No,0.015138043874838206,Low,N/A,N/A
7328-ZJAJO,19.5,59,Two year,No,Credit card (automatic),0,5,No,0.002852374160965012,Low,N/A,N/A
6458-CYIDZ,80.7,5,Month-to-month,Fiber optic,Electronic check,0,0,No,0.9024196712979449,Critical,Internetservice Fiber Optic,Contract Upgrade Incentive
1090-PYKCI,105.1,69,One year,Fiber optic,Credit card (automatic),0,0,No,0.003986645495305237,Low,N/A,N/A
3058-WQDRE,25.15,13,Month-to-month,DSL,Bank transfer (automatic),0,4,No,0.5878019805383933,High,Tenure,Contract Upgrade Incentive
2279-AXJJK,95.65,52,Month-to-month,Fiber optic,Credit card (automatic),3,0,No,0.761084866252046,Critical,Numtechtickets,Proactive Tech Support Outreach
0909-SELIE,80.8,61,Two year,DSL,Bank transfer (automatic),0,0,No,0.0011902651196936365,Low,N/A,N/A
3417-TSCIC,24.85,29,One year,DSL,Mailed check,0,0,No,0.154945949965399,Low,N/A,N/A
1042-HFUCW,54.75,25,One year,DSL,Credit card (automatic),0,0,No,0.09461823095005496,Low,N/A,N/A
6537-OTKMY,50.75,15,One year,DSL,Electronic check,0,0,No,0.29896209621974595,Low,N/A,N/A
8999-EXMNO,20.15,19,Two year,No,Mailed check,0,3,No,0.024355540997987424,Low,N/A,N/A
6725-TPKJO,20.05,44,Two year,No,Mailed check,0,3,No,0.007055987911074793,Low,N/A,N/A
7162-WPHPM,71.6,58,Two year,DSL,Credit card (automatic),0,5,No,0.0015462224315398749,Low,N/A,N/A
1599-MMYRQ,81.45,62,One year,Fiber optic,Credit card (automatic),0,0,No,0.017611096651958667,Low,N/A,N/A
8821-KVZKQ,58.4,70,One year,DSL,Bank transfer (automatic),0,0,No,0.004348694729489708,Low,N/A,N/A
6434-TTGJP,53.7,10,Two year,DSL,Credit card (automatic),0,0,No,0.06457978995916716,Low,N/A,N/A
0042-JVWOJ,19.6,26,One year,No,Bank transfer (automatic),0,0,No,0.0711008834519364,Low,N/A,N/A
0130-SXOUN,89.4,66,Month-to-month,Fiber optic,Credit card (automatic),0,0,No,0.03134883327621577,Low,N/A,N/A
2330-PQGDQ,84.2,51,One year,Fiber optic,Bank transfer (automatic),0,4,No,0.031186923763411364,Low,N/A,N/A
1452-UZOSF,106.1,72,Two year,Fiber optic,Credit card (automatic),0,0,No,0.0007991834320496899,Low,N/A,N/A
2097-YVPKN,25.75,65,Two year,No,Mailed check,6,0,No,0.8319432225493314,Critical,Numtechtickets,Proactive Tech Support Outreach
8597-CTXVJ,64.95,70,One year,DSL,Bank transfer (automatic),0,0,No,0.0033323879451355558,Low,N/A,N/A
6631-HMANX,85.45,72,Two year,DSL,Credit card (automatic),0,5,No,0.0003931590996345736,Low,N/A,N/A
9962-BFPDU,20.05,1,Month-to-month,No,Mailed check,0,0,No,0.3946903923747367,Low,N/A,N/A
6394-HHHZM,20.7,3,Month-to-month,No,Mailed check,0,0,No,0.393599108520953,Low,N/A,N/A
5995-LFTLE,25.3,58,Two year,No,Credit card (automatic),0,0,No,0.00286271495626432,Low,N/A,N/A
1932-UEDCX,100.6,33,Month-to-month,Fiber optic,Bank transfer (automatic),0,0,No,0.29660858845340277,Low,N/A,N/A
5188-HGMLP,74.0,54,Month-to-month,Fiber optic,Bank transfer (automatic),0,0,No,0.1481859372159817,Low,N/A,N/A
0665-XHDJU,99.4,72,Two year,Fiber optic,Electronic check,0,0,No,0.0020532673555020294,Low,N/A,N/A
8265-HKSOW,107.45,72,Two year,Fiber optic,Credit card (automatic),0,0,No,0.0008325134873259942,Low,N/A,N/A
3544-FBCAS,83.6,72,Two year,DSL,Credit card (automatic),0,1,No,0.0005085147475928458,Low,N/A,N/A
5331-RGMTT,99.05,54,Month-to-month,Fiber optic,Credit card (automatic),0,0,No,0.06953067682039561,Low,N/A,N/A
4759-PXTAN,80.1,59,One year,DSL,Electronic check,2,4,No,0.09712778124331722,Low,N/A,N/A
7054-DMVAS,65.3,54,Two year,DSL,Bank transfer (automatic),0,0,No,0.0041343633767647785,Low,N/A,N/A
3428-MMGUB,89.55,60,Two year,Fiber optic,Electronic check,3,0,No,0.3137809281199878,Low,N/A,N/A
6549-BTYPG,60.8,60,Two year,DSL,Credit card (automatic),0,4,No,0.0025373403768486277,Low,N/A,N/A
7823-JSOAG,74.5,3,Month-to-month,Fiber optic,Electronic check,0,0,No,0.8954679890316746,Critical,Internetservice Fiber Optic,Contract Upgrade Incentive
3705-RHRFR,99.15,69,Two year,Fiber optic,Bank transfer (automatic),0,4,No,0.0021018898144997684,Low,N/A,N/A
9374-YOLBJ,19.25,1,Month-to-month,No,Electronic check,0,3,No,0.5135889465305786,High,Tenure,Contract Upgrade Incentive
9074-KGVOX,39.45,50,Month-to-month,DSL,Credit card (automatic),0,0,No,0.07817624145653841,Low,N/A,N/A
6128-DAFVY,44.85,56,Month-to-month,DSL,Credit card (automatic),0,0,No,0.06257760125715016,Low,N/A,N/A
9933-QRGTX,97.2,60,Two year,Fiber optic,Electronic check,0,0,No,0.005883006648878394,Low,N/A,N/A
4476-OSWTN,110.55,69,One year,Fiber optic,Mailed check,0,0,No,0.004070999033128012,Low,N/A,N/A
5066-GFJMM,19.9,3,Month-to-month,No,Mailed check,0,0,No,0.40591645856936087,High,Tenure,Contract Upgrade Incentive
2661-GKBTK,76.95,60,Two year,DSL,Bank transfer (automatic),0,0,No,0.0012545858691207284,Low,N/A,N/A
0458-HEUZG,35.4,13,Two year,DSL,Mailed check,0,0,No,0.0908230833824684,Low,N/A,N/A
7268-WNTCP,20.45,62,Two year,No,Bank transfer (automatic),0,0,No,0.0022988771808284884,Low,N/A,N/A
0824-VWDPO,96.75,45,One year,Fiber optic,Bank transfer (automatic),0,0,No,0.05461114776219701,Low,N/A,N/A
8409-WQJUX,54.2,25,One year,DSL,Electronic check,0,0,No,0.15007911418702014,Low,N/A,N/A
2578-JQPHZ,100.1,44,Two year,Fiber optic,Bank transfer (automatic),0,0,No,0.012430619292487441,Low,N/A,N/A
3278-FSIXX,45.25,2,Month-to-month,DSL,Mailed check,0,2,No,0.6657005502328478,High,Tenure,Contract Upgrade Incentive
9746-UGFAC,20.85,22,One year,No,Bank transfer (automatic),0,0,No,0.09201154860869327,Low,N/A,N/A
2946-KIQSP,33.45,35,Month-to-month,DSL,Mailed check,0,0,No,0.20926229556049425,Low,N/A,N/A
0625-AFOHS,20.2,29,Two year,No,Mailed check,0,0,No,0.014261052914845578,Low,N/A,N/A
6726-WEXXK,85.9,27,One year,Fiber optic,Electronic check,0,0,No,0.3353321634517497,Low,N/A,N/A
4636-OLWOE,61.0,54,One year,DSL,Electronic check,0,0,No,0.01636841737470228,Low,N/A,N/A
4685-ERGHK,86.9,57,One year,Fiber optic,Electronic check,0,0,No,0.03883621070342056,Low,N/A,N/A
0885-HMGPY,69.4,62,Two year,DSL,Bank transfer (automatic),0,0,No,0.0017123433614103173,Low,N/A,N/A
5003-OKNNK,20.35,15,One year,No,Credit card (automatic),0,0,No,0.10212346552458569,Low,N/A,N/A
7208-PSIHR,104.3,70,Two year,Fiber optic,Bank transfer (automatic),0,0,No,0.001380521981272747,Low,N/A,N/A
4012-ZTHBR,44.95,21,Month-to-month,DSL,Electronic check,0,0,No,0.437236964469303,High,Tenure,Contract Upgrade Incentive
0489-WMEMG,49.45,23,One year,DSL,Electronic check,0,1,No,0.16455523948417913,Low,N/A,N/A
7435-ZNUYY,20.6,6,One year,No,Mailed check,0,0,No,0.16729291639542432,Low,N/A,N/A
1354-YZFNB,19.55,4,Two year,No,Credit card (automatic),0,3,No,0.052858515952226875,Low,N/A,N/A
2985-FMWYF,93.5,23,Month-to-month,Fiber optic,Electronic check,0,0,No,0.5787934866491065,High,Internetservice Fiber Optic,Contract Upgrade Incentive
2812-ENYMO,54.55,26,One year,DSL,Credit card (automatic),0,4,No,0.09279089963852874,Low,N/A,N/A
2717-HVIZY,20.05,8,Month-to-month,No,Mailed check,0,0,No,0.3188674902092945,Low,N/A,N/A
3422-GALYP,79.45,2,Month-to-month,Fiber optic,Electronic check,0,0,No,0.8960982301275544,Critical,Internetservice Fiber Optic,Contract Upgrade Incentive
2890-WFBHU,79.85,59,One year,DSL,Credit card (automatic),0,4,No,0.005198964837729085,Low,N/A,N/A
0327-WFZSY,100.0,39,One year,Fiber optic,Electronic check,0,4,No,0.08700363897790794,Low,N/A,N/A
7977-HXJKU,19.6,21,Two year,No,Mailed check,0,0,No,0.0214422071080235,Low,N/A,N/A
7033-CLAMM,20.2,48,Two year,No,Bank transfer (automatic),0,0,No,0.005474159192457519,Low,N/A,N/A
4023-RTIQM,50.4,31,One year,DSL,Credit card (automatic),0,0,No,0.11020664840938675,Low,N/A,N/A
0864-FVJNJ,113.35,64,One year,Fiber optic,Electronic check,0,0,No,0.006932899226510163,Low,N/A,N/A
7356-IWLFW,80.0,46,Month-to-month,Fiber optic,Bank transfer (automatic),0,3,No,0.14766126371819416,Low,N/A,N/A
9541-PWTWO,80.95,52,Two year,DSL,Bank transfer (automatic),0,0,No,0.0026332927752048133,Low,N/A,N/A
3967-VQOGC,24.9,67,Two year,No,Mailed check,0,0,No,0.001467342493367538,Low,N/A,N/A
7872-RDDLZ,54.9,67,Month-to-month,DSL,Electronic check,0,0,No,0.04202716710049157,Low,N/A,N/A
6308-CQRBU,109.25,71,Two year,Fiber optic,Electronic check,0,0,No,0.0014819299463295825,Low,N/A,N/A
0186-CAERR,116.3,71,One year,Fiber optic,Bank transfer (automatic),0,0,No,0.0026184399091913066,Low,N/A,N/A
3043-SUDUA,19.9,32,Month-to-month,No,Bank transfer (automatic),1,0,No,0.38036700410679647,Low,N/A,N/A
5442-BHQNG,70.35,2,Month-to-month,Fiber optic,Electronic check,0,0,No,0.9146788844622167,Critical,Internetservice Fiber Optic,Contract Upgrade Incentive
2169-RRLFW,25.6,71,Two year,No,Credit card (automatic),0,0,No,0.0013705818345936883,Low,N/A,N/A
5872-OEQNH,44.45,60,One year,DSL,Electronic check,0,0,No,0.027764805336280108,Low,N/A,N/A
3162-KKZXO,100.15,55,One year,Fiber optic,Electronic check,0,3,No,0.04177718515107202,Low,N/A,N/A
8873-GLDMH,73.85,6,Month-to-month,Fiber optic,Mailed check,0,0,No,0.828252057057859,Critical,Internetservice Fiber Optic,Contract Upgrade Incentive
5696-JVVQY,70.1,48,Two year,DSL,Credit card (automatic),0,0,No,0.004767303302484598,Low,N/A,N/A
8946-BFWSG,25.25,63,Two year,No,Mailed check,4,5,No,0.24675746528856585,Low,N/A,N/A
0547-HURJB,21.05,12,Month-to-month,No,Credit card (automatic),0,0,No,0.26259203186090446,Low,N/A,N/A
8904-OPDCK,24.95,54,Month-to-month,DSL,Bank transfer (automatic),0,0,No,0.13834967336795165,Low,N/A,N/A
8845-LWKGE,64.5,30,One year,DSL,Electronic check,0,0,No,0.07531126681374839,Low,N/A,N/A
0691-NIKRI,105.95,40,One year,Fiber optic,Credit card (automatic),2,0,No,0.4207428686520581,High,Numtechtickets,VIP Loyalty Check-in
5022-JNQEQ,75.85,9,Month-to-month,Fiber optic,Electronic check,0,0,No,0.7990679950651665,Critical,Internetservice Fiber Optic,Contract Upgrade Incentive
3249-VHRIP,43.6,62,Two year,DSL,Credit card (automatic),0,0,No,0.004943809171949004,Low,N/A,N/A
3736-BLEPA,91.25,28,One year,Fiber optic,Bank transfer (automatic),0,2,No,0.16759981868966806,Low,N/A,N/A
4701-LKOZD,89.75,70,Two year,DSL,Credit card (automatic),0,0,No,0.000455616147660922,Low,N/A,N/A
6603-QWSPR,104.4,46,Two year,Fiber optic,Bank transfer (automatic),0,0,No,0.00988088459340018,Low,N/A,N/A
9921-QFQUL,90.15,23,Month-to-month,Fiber optic,Mailed check,0,4,No,0.4825960989792619,High,Internetservice Fiber Optic,Contract Upgrade Incentive
1929-ZCBHE,40.3,47,One year,DSL,Electronic check,0,0,No,0.04522264411705798,Low,N/A,N/A
4378-MYPGO,105.25,68,Two year,Fiber optic,Bank transfer (automatic),0,0,No,0.00144530283322938,Low,N/A,N/A
4129-LYCOI,104.0,67,Two year,Fiber optic,Electronic check,0,0,No,0.0021889771805396136,Low,N/A,N/A
7798-JVXYM,69.65,14,Month-to-month,DSL,Electronic check,0,0,No,0.4429044413406022,High,Tenure,Contract Upgrade Incentive
8647-SDTWQ,74.3,57,Month-to-month,Fiber optic,Electronic check,0,0,No,0.12553472884642827,Low,N/A,N/A
2696-ECXKC,100.9,55,One year,Fiber optic,Mailed check,0,3,No,0.017144750768853988,Low,N/A,N/A
2081-KJSQF,20.25,1,Month-to-month,No,Mailed check,0,0,No,0.4215858040310927,High,Tenure,Contract Upgrade Incentive
3323-CPBWR,96.9,23,Month-to-month,Fiber optic,Credit card (automatic),0,0,No,0.4116267215161381,High,Internetservice Fiber Optic,Contract Upgrade Incentive
3384-CTMSF,104.1,47,Month-to-month,Fiber optic,Electronic check,3,0,No,0.8692612883193295,Critical,Numtechtickets,Proactive Tech Support Outreach
0902-RFHOF,20.1,38,One year,No,Mailed check,0,0,No,0.033459066072403745,Low,N/A,N/A
6048-QBXKL,56.55,2,Month-to-month,DSL,Credit card (automatic),0,0,No,0.6881121902862122,High,Tenure,Contract Upgrade Incentive
7718-RXDGG,68.6,15,Month-to-month,Fiber optic,Bank transfer (automatic),0,0,No,0.7180878424069274,Critical,Internetservice Fiber Optic,Contract Upgrade Incentive
1025-FALIX,69.05,26,Month-to-month,Fiber optic,Credit card (automatic),0,2,No,0.5622878745258304,High,Internetservice Fiber Optic,Contract Upgrade Incentive
3451-VAWLI,19.7,35,Two year,No,Credit card (automatic),0,0,No,0.01071783352183227,Low,N/A,N/A
3407-QGWLG,20.05,3,Month-to-month,No,Mailed check,0,0,No,0.35884110187927154,Low,N/A,N/A
2347-WKKAE,94.4,42,Month-to-month,Fiber optic,Electronic check,0,0,No,0.21039261520986,Low,N/A,N/A
8735-DCXNF,54.95,10,Month-to-month,DSL,Credit card (automatic),0,4,No,0.4272045462355798,High,Tenure,Contract Upgrade Incentive
3214-IYUUQ,93.7,61,One year,Fiber optic,Bank transfer (automatic),0,0,No,0.013178769921285152,Low,N/A,N/A
1936-UAFEH,110.25,68,Two year,Fiber optic,Credit card (automatic),0,4,No,0.0013596153061128898,Low,N/A,N/A
3587-PMCOY,98.9,10,One year,Fiber optic,Electronic check,0,0,No,0.5489060692193175,High,Internetservice Fiber Optic,VIP Loyalty Check-in
1027-LKKQQ,80.45,72,Two year,DSL,Bank transfer (automatic),0,0,No,0.0004723907916013821,Low,N/A,N/A
7148-XZPHA,79.4,55,Month-to-month,Fiber optic,Electronic check,0,0,No,0.1011630841403215,Low,N/A,N/A
5309-TAIKL,62.8,7,Month-to-month,DSL,Bank transfer (automatic),0,4,No,0.5032421566749765,High,Tenure,Contract Upgrade Incentive
6856-RAURS,74.9,2,Month-to-month,Fiber optic,Mailed check,0,5,No,0.8631401808985854,Critical,Internetservice Fiber Optic,Contract Upgrade Incentive
8778-LMWTJ,74.85,9,Month-to-month,Fiber optic,Electronic check,0,0,No,0.8562035615303336,Critical,Internetservice Fiber Optic,Contract Upgrade Incentive
9717-IOAAF,25.85,27,Two year,No,Credit card (automatic),0,4,No,0.013768176252041861,Low,N/A,N/A
2845-KDHVX,68.3,64,Two year,DSL,Mailed check,0,0,No,0.0013909165217915907,Low,N/A,N/A
0848-SOMKO,48.4,70,Two year,DSL,Bank transfer (automatic),0,2,No,0.0019843875630711967,Low,N/A,N/A
6734-FQAJX,105.05,67,Two year,Fiber optic,Electronic check,0,0,No,0.00270561871239502,Low,N/A,N/A
1535-VTJOQ,25.15,24,Two year,No,Credit card (automatic),0,0,No,0.0220338472900739,Low,N/A,N/A
6368-TZZDT,19.5,4,Two year,No,Credit card (automatic),0,3,No,0.05243430198679096,Low,N/A,N/A
0943-ZQPXH,92.95,44,Month-to-month,Fiber optic,Bank transfer (automatic),0,0,No,0.12533725579330984,Low,N/A,N/A
1293-BSEUN,20.7,72,Two year,No,Mailed check,0,0,No,0.0012965256704083699,Low,N/A,N/A
1302-TPUBN,19.35,66,Two year,No,Bank transfer (automatic),0,4,No,0.002407615928835768,Low,N/A,N/A
2378-VTKDH,104.35,65,Month-to-month,Fiber optic,Electronic check,0,4,No,0.03901440071110151,Low,N/A,N/A
0927-CNGRH,19.55,1,Month-to-month,No,Mailed check,0,0,No,0.3875328492437413,Low,N/A,N/A
8608-OZTLB,74.05,38,One year,DSL,Electronic check,0,1,No,0.03268200972668942,Low,N/A,N/A
2335-GSODA,40.1,23,Two year,DSL,Mailed check,0,0,No,0.037912497638851086,Low,N/A,N/A
1952-DVVSW,20.1,10,One year,No,Mailed check,0,4,No,0.1444067868613166,Low,N/A,N/A
6656-GULJQ,83.55,72,Two year,DSL,Credit card (automatic),0,0,No,0.0003622762228618717,Low,N/A,N/A
9853-JFZDU,56.85,35,Month-to-month,DSL,Electronic check,2,4,No,0.7661560579055136,Critical,Numtechtickets,Contract Upgrade Incentive
3777-XROBG,19.55,58,Two year,No,Credit card (automatic),0,0,No,0.003135674804553678,Low,N/A,N/A
6994-FGRHH,106.15,70,One year,Fiber optic,Electronic check,0,0,No,0.004775885508600113,Low,N/A,N/A
4000-VGMQP,78.95,38,One year,DSL,Credit card (automatic),0,0,No,0.024396061093264622,Low,N/A,N/A
3999-WRNGR,49.75,60,Month-to-month,DSL,Electronic check,0,4,No,0.050998844036512885,Low,N/A,N/A
3466-RITXD,92.4,26,Month-to-month,Fiber optic,Credit card (automatic),0,0,No,0.41844808077828627,High,Internetservice Fiber Optic,Contract Upgrade Incentive
2680-XKKNJ,58.2,8,One year,DSL,Bank transfer (automatic),0,0,No,0.2690372740800047,Low,N/A,N/A
2974-GGUXS,91.95,36,Month-to-month,Fiber optic,Credit card (automatic),0,0,No,0.2946852555543994,Low,N/A,N/A
7994-XIRTR,65.25,54,One year,DSL,Bank transfer (automatic),0,0,No,0.014427987969373146,Low,N/A,N/A
2101-RANCD,73.1,55,Month-to-month,Fiber optic,Electronic check,0,0,No,0.17290344729225793,Low,N/A,N/A
7921-BEPCI,59.75,72,Two year,DSL,Bank transfer (automatic),0,0,No,0.00159105448528814,Low,N/A,N/A
8510-TMWYB,59.8,54,Two year,DSL,Bank transfer (automatic),0,0,No,0.004328567964920246,Low,N/A,N/A
3258-ZKPAI,116.6,72,Two year,Fiber optic,Bank transfer (automatic),0,0,No,0.0005716523830821171,Low,N/A,N/A
1428-IEDPR,109.3,52,Two year,Fiber optic,Electronic check,0,1,No,0.0068582646878738406,Low,N/A,N/A
5298-GSTLM,101.4,60,One year,Fiber optic,Bank transfer (automatic),5,3,No,0.9305127601158397,Critical,Numtechtickets,Proactive Tech Support Outreach
4450-YOOHP,50.65,39,Month-to-month,DSL,Credit card (automatic),0,0,No,0.14969241098796157,Low,N/A,N/A
6728-CZFEI,56.15,15,One year,DSL,Mailed check,0,0,No,0.2009940653987048,Low,N/A,N/A
3653-NCRDJ,19.2,43,One year,No,Mailed check,0,0,No,0.021461955104348108,Low,N/A,N/A
6121-TNHBO,83.0,63,One year,DSL,Bank transfer (automatic),0,0,No,0.0046543081286554355,Low,N/A,N/A
5119-NZPTV,70.1,2,Month-to-month,Fiber optic,Electronic check,0,0,No,0.9195043838060226,Critical,Internetservice Fiber Optic,Contract Upgrade Incentive
6519-ZHPXP,108.3,72,Two year,Fiber optic,Bank transfer (automatic),0,0,No,0.0008698029834724463,Low,N/A,N/A
3472-QPRCH,25.25,40,Two year,No,Credit card (automatic),0,3,No,0.006506873044689609,Low,N/A,N/A
8224-UAXBZ,45.35,58,One year,DSL,Electronic check,0,0,No,0.03072710353223226,Low,N/A,N/A
9610-WCESF,43.9,67,Two year,DSL,Electronic check,0,0,No,0.0038893661560750917,Low,N/A,N/A
2486-WYVVE,79.3,31,One year,DSL,Mailed check,0,0,No,0.03451218736175453,Low,N/A,N/A
3865-ZYKAD,84.9,69,Month-to-month,Fiber optic,Credit card (automatic),0,0,No,0.03559022645687104,Low,N/A,N/A
1422-DGUBX,79.25,32,One year,Fiber optic,Electronic check,2,0,No,0.7776825048217583,Critical,Numtechtickets,VIP Loyalty Check-in
2999-AANRQ,71.05,21,Two year,DSL,Credit card (automatic),0,0,No,0.030290798720268644,Low,N/A,N/A
8668-KNZTI,53.75,52,One year,DSL,Electronic check,0,0,No,0.03265857987963424,Low,N/A,N/A
0480-KYJVA,24.25,72,Two year,No,Credit card (automatic),0,0,No,0.0011822629418299258,Low,N/A,N/A
9746-YKGXB,44.25,52,One year,DSL,Bank transfer (automatic),0,0,No,0.025131798770151405,Low,N/A,N/A
3926-YZVVX,50.05,41,One year,DSL,Bank transfer (automatic),0,0,No,0.046771689468015035,Low,N/A,N/A
6000-UKLWI,20.15,41,Two year,No,Mailed check,0,0,No,0.008265004843756396,Low,N/A,N/A
6332-FBZRI,69.35,67,One year,DSL,Credit card (automatic),0,0,No,0.0031232765278261156,Low,N/A,N/A
2096-XOTMO,19.35,16,Month-to-month,No,Mailed check,0,0,No,0.22524482934973672,Low,N/A,N/A
3266-FTKHB,19.15,17,Two year,No,Mailed check,0,0,No,0.03074781955338334,Low,N/A,N/A
8221-EQDGL,61.0,35,Month-to-month,DSL,Mailed check,0,0,No,0.12361048647670381,Low,N/A,N/A
2346-LOCWC,20.5,58,Two year,No,Credit card (automatic),0,4,No,0.0029857108357578994,Low,N/A,N/A
0298-XACET,50.2,52,Two year,DSL,Mailed check,2,0,No,0.05949758059372536,Low,N/A,N/A
7560-QJAVJ,79.6,70,Two year,DSL,Bank transfer (automatic),0,0,No,0.0007152678353446821,Low,N/A,N/A
2995-YWTCD,24.9,19,Two year,No,Bank transfer (automatic),0,0,No,0.024992082872345136,Low,N/A,N/A
9137-UIYPG,106.9,35,Month-to-month,Fiber optic,Electronic check,0,4,No,0.2108703591226837,Low,N/A,N/A
2809-ZMYOQ,101.35,32,Month-to-month,Fiber optic,Electronic check,0,0,No,0.3655714357654512,Low,N/A,N/A
5084-OOVCJ,55.35,17,Month-to-month,DSL,Credit card (automatic),0,0,No,0.3074538106355603,Low,N/A,N/A
0254-WWRKD,50.55,67,One year,DSL,Credit card (automatic),0,0,No,0.007998243421402767,Low,N/A,N/A
7727-SHVZV,19.5,9,Month-to-month,No,Bank transfer (automatic),0,0,No,0.37062202519038084,Low,N/A,N/A
5339-PXDVH,90.65,4,Month-to-month,Fiber optic,Electronic check,0,0,No,0.862374511113735,Critical,Internetservice Fiber Optic,Contract Upgrade Incentive
2205-LPVGL,89.85,58,One year,Fiber optic,Bank transfer (automatic),0,0,No,0.019647506689155582,Low,N/A,N/A
8782-NUUOL,79.0,60,One year,DSL,Mailed check,0,3,No,0.004299814666309383,Low,N/A,N/A
7601-WFVZV,19.55,1,Month-to-month,No,Mailed check,0,4,No,0.4239115901738823,High,Tenure,Contract Upgrade Incentive
4609-KNNWG,19.9,27,Two year,No,Mailed check,0,0,No,0.015808938373177185,Low,N/A,N/A
4868-AADLV,116.25,66,One year,Fiber optic,Electronic check,0,0,No,0.005534906929146747,Low,N/A,N/A
9529-OFXHY,87.75,15,Month-to-month,Fiber optic,Bank transfer (automatic),0,0,No,0.6670070390741636,High,Internetservice Fiber Optic,Contract Upgrade Incentive
2669-QVCRG,81.3,41,Month-to-month,Fiber optic,Credit card (automatic),0,0,No,0.25063621311649464,Low,N/A,N/A
2478-EEWWM,44.3,59,Month-to-month,DSL,Electronic check,2,0,No,0.50585280744211,High,Numtechtickets,Contract Upgrade Incentive
9174-IHETN,70.35,50,Two year,Fiber optic,Credit card (automatic),0,0,No,0.019570993687118496,Low,N/A,N/A
2233-TXSIU,44.45,17,One year,DSL,Credit card (automatic),0,0,No,0.17849104938984942,Low,N/A,N/A
9644-UMGQA,49.15,6,Month-to-month,DSL,Electronic check,0,2,No,0.6310319035638488,High,Tenure,Contract Upgrade Incentive
3256-EZDBI,29.45,51,Month-to-month,DSL,Credit card (automatic),0,0,No,0.13761494323571208,Low,N/A,N/A
0419-YAAPX,85.3,49,Month-to-month,Fiber optic,Credit card (automatic),0,0,No,0.11364554141274172,Low,N/A,N/A
0872-CASZJ,69.1,59,One year,DSL,Mailed check,0,0,No,0.00610791696561627,Low,N/A,N/A
4726-DLWQN,70.35,50,Month-to-month,DSL,Bank transfer (automatic),0,0,No,0.05405585879668076,Low,N/A,N/A
8164-OCKUJ,20.6,59,Two year,No,Mailed check,4,0,No,0.3384775148249387,Low,N/A,N/A
3094-JOJAI,74.15,18,Month-to-month,Fiber optic,Mailed check,0,0,No,0.6377614509816055,High,Internetservice Fiber Optic,Contract Upgrade Incentive
9494-MRNYX,75.05,10,Month-to-month,Fiber optic,Electronic check,0,0,No,0.8337350534094508,Critical,Internetservice Fiber Optic,Contract Upgrade Incentive
2599-CZABP,44.6,14,One year,DSL,Electronic check,0,0,No,0.31775424936869545,Low,N/A,N/A
7945-PRBVF,21.45,35,Two year,No,Bank transfer (automatic),0,0,No,0.012568114139010102,Low,N/A,N/A
4544-RXFMG,43.45,8,One year,DSL,Mailed check,0,5,No,0.27272002623506464,Low,N/A,N/A
0859-YGKFW,20.05,18,One year,No,Bank transfer (automatic),0,1,No,0.08687856807830037,Low,N/A,N/A
1150-FTQGN,94.15,60,One year,Fiber optic,Bank transfer (automatic),0,5,No,0.014679065922007442,Low,N/A,N/A
7196-LIWRH,19.55,6,Two year,No,Mailed check,0,0,No,0.05997835064979024,Low,N/A,N/A
5448-VWNAM,75.9,19,Month-to-month,DSL,Mailed check,0,0,No,0.20958066232244976,Low,N/A,N/A
1177-XZBJL,64.15,53,One year,DSL,Bank transfer (automatic),0,0,No,0.010249267736553179,Low,N/A,N/A
3518-FSTWG,109.55,72,Two year,Fiber optic,Bank transfer (automatic),0,0,No,0.001265959126537211,Low,N/A,N/A
9330-VOFSZ,110.8,60,Two year,Fiber optic,Credit card (automatic),0,0,No,0.0023187405181383227,Low,N/A,N/A
0939-EREMR,53.45,13,Month-to-month,DSL,Mailed check,0,0,No,0.37265786101941273,Low,N/A,N/A
9389-ACWBI,69.95,5,Month-to-month,Fiber optic,Credit card (automatic),0,0,No,0.8242281691517439,Critical,Internetservice Fiber Optic,Contract Upgrade Incentive
3644-QXEHN,97.0,13,Month-to-month,Fiber optic,Electronic check,0,0,No,0.6869694957269122,High,Internetservice Fiber Optic,Contract Upgrade Incentive
2911-IJORQ,90.6,37,One year,DSL,Bank transfer (automatic),0,0,No,0.02009048210233719,Low,N/A,N/A
5921-NGYRH,73.55,64,Month-to-month,Fiber optic,Mailed check,0,0,No,0.05534511041466494,Low,N/A,N/A
5998-DZLYR,94.35,61,Two year,Fiber optic,Bank transfer (automatic),0,0,No,0.003965979386778848,Low,N/A,N/A
3985-HOYPM,19.4,26,One year,No,Mailed check,0,0,No,0.06294247142655013,Low,N/A,N/A
9548-LERKT,19.75,24,Two year,No,Mailed check,0,0,No,0.019754456969302295,Low,N/A,N/A
6576-FBXOJ,54.6,17,One year,DSL,Electronic check,0,0,No,0.20734001560261378,Low,N/A,N/A
4310-KEDTB,29.8,26,Month-to-month,DSL,Mailed check,0,2,No,0.34003830017763864,Low,N/A,N/A
4062-HBMOS,103.05,52,Month-to-month,Fiber optic,Electronic check,0,0,No,0.09029824924818955,Low,N/A,N/A
2676-ISHSF,20.3,1,Month-to-month,No,Mailed check,0,0,No,0.42141980821323716,High,Tenure,Contract Upgrade Incentive
9236-NDUCW,35.1,21,Two year,DSL,Mailed check,0,0,No,0.05757381464884846,Low,N/A,N/A
4753-PADAS,105.7,67,One year,Fiber optic,Bank transfer (automatic),0,0,No,0.007540390211760503,Low,N/A,N/A
6103-QCKFX,56.25,44,Month-to-month,DSL,Bank transfer (automatic),0,0,No,0.0709602715634601,Low,N/A,N/A
7781-EWARA,60.35,70,One year,DSL,Electronic check,0,0,No,0.005447746193560135,Low,N/A,N/A
7018-FPXHH,59.8,56,Two year,DSL,Bank transfer (automatic),0,1,No,0.003336008424087968,Low,N/A,N/A
0572-ZJKLT,99.65,46,Two year,Fiber optic,Mailed check,0,0,No,0.008334002528078557,Low,N/A,N/A
5135-RDDQL,50.65,63,Two year,DSL,Bank transfer (automatic),0,0,No,0.003177802771598119,Low,N/A,N/A
1353-LJWEM,60.9,11,Month-to-month,DSL,Electronic check,0,1,No,0.5037526729201182,High,Tenure,Contract Upgrade Incentive
1794-SWWKL,59.65,15,Month-to-month,DSL,Bank transfer (automatic),0,1,No,0.312917803780778,Low,N/A,N/A
6166-YIPFO,64.7,72,Two year,DSL,Electronic check,0,0,No,0.0012752482064957269,Low,N/A,N/A
9332-GYWLO,54.85,6,Month-to-month,DSL,Electronic check,0,0,No,0.630919132610007,High,Tenure,Contract Upgrade Incentive
4184-VODJZ,91.35,63,One year,Fiber optic,Electronic check,0,0,No,0.017294510839992724,Low,N/A,N/A
1092-WPIVQ,25.1,18,Two year,No,Mailed check,0,0,No,0.023647970095887108,Low,N/A,N/A
7233-IOQNP,34.0,43,Month-to-month,DSL,Bank transfer (automatic),0,0,No,0.14459388152463792,Low,N/A,N/A
2834-JKOOW,45.9,15,One year,DSL,Mailed check,0,0,No,0.2030514550160872,Low,N/A,N/A
2400-FEQME,20.5,55,Two year,No,Mailed check,0,0,No,0.0029940062541149014,Low,N/A,N/A
4957-SREEC,20.35,70,Two year,No,Credit card (automatic),2,0,No,0.01908225464592615,Low,N/A,N/A
0230-UBYPQ,36.1,63,One year,DSL,Bank transfer (automatic),0,0,No,0.019225513156886555,Low,N/A,N/A
4923-ADWXJ,65.8,25,Month-to-month,DSL,Bank transfer (automatic),0,0,No,0.21093301041045603,Low,N/A,N/A
1763-KUAAW,20.35,18,One year,No,Bank transfer (automatic),0,0,No,0.1362090307939015,Low,N/A,N/A
1104-TNLZA,105.8,28,Month-to-month,Fiber optic,Electronic check,0,0,No,0.3905163347404983,Low,N/A,N/A
5195-KPUNQ,96.75,53,One year,Fiber optic,Mailed check,0,0,No,0.026704701962160203,Low,N/A,N/A
3439-GVUSX,24.4,1,Month-to-month,DSL,Mailed check,0,0,No,0.7183602752989401,Critical,Tenure,Contract Upgrade Incentive
5949-HGVJL,73.05,26,Month-to-month,DSL,Electronic check,0,0,No,0.22123714505893713,Low,N/A,N/A
5203-XEHAX,64.35,34,One year,DSL,Electronic check,0,1,No,0.09001805680174446,Low,N/A,N/A
1635-HDGFT,20.5,19,Two year,No,Mailed check,0,0,No,0.02556318854949591,Low,N/A,N/A
8050-XGRVL,54.75,62,One year,DSL,Credit card (automatic),0,0,No,0.009662805803036483,Low,N/A,N/A
9828-QHFBK,51.15,24,Month-to-month,DSL,Electronic check,0,0,No,0.3818758187344096,Low,N/A,N/A
3908-MKIMJ,41.95,68,Two year,DSL,Electronic check,0,0,No,0.005660400845861889,Low,N/A,N/A
5012-YSPJJ,54.35,31,Month-to-month,DSL,Mailed check,0,0,No,0.133652101087798,Low,N/A,N/A
6728-VOIFY,96.0,63,One year,Fiber optic,Electronic check,0,0,No,0.018544541836803145,Low,N/A,N/A
4891-NLUBA,61.45,61,Two year,DSL,Bank transfer (automatic),5,0,No,0.6048553975127315,High,Numtechtickets,Proactive Tech Support Outreach
8969-PRHFK,19.65,18,One year,No,Mailed check,0,0,No,0.09318577083233914,Low,N/A,N/A
0661-KQHNK,19.0,6,One year,No,Credit card (automatic),0,0,No,0.16239102200411998,Low,N/A,N/A
8709-KRDVL,100.0,33,Month-to-month,Fiber optic,Electronic check,0,0,No,0.35949863667144183,Low,N/A,N/A
1427-VERSM,98.7,56,Month-to-month,Fiber optic,Electronic check,0,0,No,0.06227438368785814,Low,N/A,N/A
9801-NOSHQ,19.8,23,One year,No,Mailed check,0,0,No,0.06353784225636461,Low,N/A,N/A
6339-YPSAH,73.8,9,Month-to-month,Fiber optic,Electronic check,0,0,No,0.8461401383414714,Critical,Internetservice Fiber Optic,Contract Upgrade Incentive
2159-TURXX,20.05,5,Month-to-month,No,Credit card (automatic),0,0,No,0.3822052838720719,Low,N/A,N/A
1548-FEHVL,106.2,61,Month-to-month,Fiber optic,Electronic check,0,0,No,0.0399240479048605,Low,N/A,N/A
3795-CAWEX,116.55,70,Two year,Fiber optic,Credit card (automatic),0,0,No,0.0006297487152858625,Low,N/A,N/A
6215-NQCPY,99.7,15,Month-to-month,Fiber optic,Electronic check,0,0,No,0.6867938735173487,High,Internetservice Fiber Optic,Contract Upgrade Incentive
5647-URDKA,19.7,8,Two year,No,Mailed check,0,0,No,0.0408133644207968,Low,N/A,N/A
2229-DPMBI,19.5,8,Two year,No,Mailed check,0,0,No,0.044355354794403196,Low,N/A,N/A
9626-WEQRM,29.15,4,Month-to-month,DSL,Mailed check,0,0,No,0.6885267610768835,High,Tenure,Contract Upgrade Incentive
2188-SXWVT,55.0,34,One year,DSL,Mailed check,0,0,No,0.06879204220030398,Low,N/A,N/A
6258-PVZWJ,90.8,68,Two year,DSL,Credit card (automatic),0,0,No,0.00043442158237177146,Low,N/A,N/A
1094-BKOSX,51.0,45,One year,DSL,Bank transfer (automatic),2,0,No,0.29510073567062767,Low,N/A,N/A
6969-MVBAI,90.1,9,Month-to-month,Fiber optic,Electronic check,0,0,No,0.8531379664330587,Critical,Internetservice Fiber Optic,Contract Upgrade Incentive
2978-XXSOG,59.05,22,Month-to-month,DSL,Mailed check,0,3,No,0.25743414479062654,Low,N/A,N/A
2342-CKIAO,20.3,2,Month-to-month,No,Mailed check,0,0,No,0.43094959739889843,High,Tenure,Contract Upgrade Incentive
6953-PBDIN,72.95,70,Two year,DSL,Bank transfer (automatic),3,0,No,0.037553252529503034,Low,N/A,N/A
3898-BSJYF,73.55,10,One year,DSL,Credit card (automatic),0,0,No,0.1697209521561809,Low,N/A,N/A
3938-YFPXD,84.3,72,Two year,DSL,Credit card (automatic),0,0,No,0.0004560422248023076,Low,N/A,N/A
7696-AMHOD,78.0,49,One year,DSL,Credit card (automatic),0,0,No,0.01173343947801129,Low,N/A,N/A
2453-SAFNS,72.1,54,One year,DSL,Mailed check,0,0,No,0.011514992018529678,Low,N/A,N/A
9558-IHEZX,106.75,71,Two year,Fiber optic,Credit card (automatic),0,0,No,0.0015023243988886148,Low,N/A,N/A
9617-UDPEU,19.25,22,One year,No,Mailed check,0,0,No,0.08538552888878813,Low,N/A,N/A
6340-DACFT,20.55,50,Two year,No,Credit card (automatic),0,0,No,0.004582811546244607,Low,N/A,N/A
4955-VCWBI,20.0,43,One year,No,Mailed check,0,0,No,0.022992043855994723,Low,N/A,N/A
6813-GZQCG,24.65,45,Two year,No,Credit card (automatic),0,0,No,0.005357391861086087,Low,N/A,N/A
7426-GSWPO,103.5,64,Month-to-month,Fiber optic,Bank transfer (automatic),0,0,No,0.031321554701968,Low,N/A,N/A
3389-KTRXV,23.85,23,Two year,No,Mailed check,0,4,No,0.017760401801568935,Low,N/A,N/A
3118-UHVVQ,25.8,68,Two year,No,Credit card (automatic),0,0,No,0.0015705920674435475,Low,N/A,N/A
3205-MXZRA,59.45,26,One year,DSL,Credit card (automatic),0,0,No,0.08376463443842111,Low,N/A,N/A
8317-BVKSO,20.05,14,Month-to-month,No,Electronic check,0,5,No,0.36139449786281924,Low,N/A,N/A
5702-KVQRD,82.55,71,Two year,DSL,Electronic check,0,0,No,0.0007409236302901213,Low,N/A,N/A
0083-PIVIK,81.25,64,One year,DSL,Electronic check,0,0,No,0.004278812051841683,Low,N/A,N/A
6169-PGNCD,74.3,57,Two year,DSL,Credit card (automatic),0,0,No,0.0021653489834105063,Low,N/A,N/A
4909-JOUPP,109.7,72,Two year,Fiber optic,Credit card (automatic),0,0,No,0.0009781158981596455,Low,N/A,N/A
4657-FWVFY,96.35,40,Month-to-month,Fiber optic,Credit card (automatic),0,0,No,0.15550749472598235,Low,N/A,N/A
2257-BOVXD,66.6,14,Month-to-month,DSL,Credit card (automatic),0,0,No,0.314774453104138,Low,N/A,N/A
7729-JTEEC,44.5,2,Month-to-month,DSL,Electronic check,0,5,No,0.70291536148309,Critical,Tenure,Contract Upgrade Incentive
9696-RMYBA,80.1,5,Month-to-month,Fiber optic,Mailed check,0,0,No,0.8092793234600931,Critical,Internetservice Fiber Optic,Contract Upgrade Incentive
8690-UPCZI,69.05,29,One year,DSL,Bank transfer (automatic),0,0,No,0.04923074568948462,Low,N/A,N/A
9770-LXDBK,20.4,3,Month-to-month,No,Mailed check,0,0,No,0.4169334802179921,High,Tenure,Contract Upgrade Incentive
4086-WITJG,19.7,71,Two year,No,Credit card (automatic),0,4,No,0.001404805819035882,Low,N/A,N/A
8344-WFMFH,50.1,9,Month-to-month,DSL,Electronic check,0,0,No,0.5923250584915185,High,Tenure,Contract Upgrade Incentive
8822-KNBHV,83.45,48,One year,DSL,Credit card (automatic),0,0,No,0.013801800764659334,Low,N/A,N/A
8404-FYDIB,86.65,26,Month-to-month,Fiber optic,Credit card (automatic),0,0,No,0.44852605840573084,High,Internetservice Fiber Optic,Contract Upgrade Incentive
2791-SFVEW,20.15,9,Month-to-month,No,Bank transfer (automatic),0,0,No,0.36195474155071705,Low,N/A,N/A
6762-NSODU,19.4,46,Two year,No,Credit card (automatic),2,0,No,0.0761700306304956,Low,N/A,N/A
9888-ZCUMM,60.05,64,Two year,DSL,Bank transfer (automatic),0,0,No,0.0016222173918579463,Low,N/A,N/A
1074-WVEVG,20.35,59,One year,No,Mailed check,4,0,No,0.6777542007776903,High,Numtechtickets,Proactive Tech Support Outreach
9979-RGMZT,94.05,7,One year,Fiber optic,Mailed check,0,0,No,0.5428993280172608,High,Internetservice Fiber Optic,VIP Loyalty Check-in
6437-UDQJM,84.1,72,Two year,DSL,Credit card (automatic),0,0,No,0.0006877374827582311,Low,N/A,N/A
1226-IENZN,78.75,16,Month-to-month,Fiber optic,Electronic check,0,0,No,0.7928302041825539,Critical,Internetservice Fiber Optic,Contract Upgrade Incentive
2108-GLPQB,55.55,25,Month-to-month,DSL,Credit card (automatic),0,0,No,0.24849163928264814,Low,N/A,N/A
5474-LAMUQ,20.1,24,One year,No,Mailed check,0,0,No,0.06460956518109055,Low,N/A,N/A
3468-DRVQJ,70.3,10,One year,DSL,Electronic check,0,0,No,0.27334303670745635,Low,N/A,N/A
1122-YJBCS,53.65,69,One year,DSL,Credit card (automatic),0,0,No,0.0065284060196001276,Low,N/A,N/A
4990-ALDGW,20.75,57,Two year,No,Mailed check,0,0,No,0.0033981357353286543,Low,N/A,N/A
4816-OKWNX,103.4,50,One year,Fiber optic,Bank transfer (automatic),0,0,No,0.018918335251706477,Low,N/A,N/A
3315-IKYZQ,50.8,28,One year,DSL,Mailed check,0,0,No,0.06925488027644189,Low,N/A,N/A
4747-LCAQL,79.0,25,Month-to-month,DSL,Mailed check,0,0,No,0.14457173502822301,Low,N/A,N/A
3411-WLRSQ,74.6,3,Month-to-month,Fiber optic,Bank transfer (automatic),0,0,No,0.8843623313799795,Critical,Internetservice Fiber Optic,Contract Upgrade Incentive
0898-XCGTF,96.5,61,One year,Fiber optic,Bank transfer (automatic),4,0,No,0.7484440356418727,Critical,Numtechtickets,Proactive Tech Support Outreach
8006-PYCSW,20.1,2,Month-to-month,No,Mailed check,0,0,No,0.43171374481709374,High,Tenure,Contract Upgrade Incentive
8249-THVEC,19.4,51,One year,No,Mailed check,0,0,No,0.013573303825791189,Low,N/A,N/A
8722-PRFDV,77.55,71,Two year,DSL,Credit card (automatic),0,5,No,0.0006562093321257574,Low,N/A,N/A
2164-SOQXL,20.05,20,Month-to-month,No,Mailed check,0,0,No,0.18500826563759562,Low,N/A,N/A
4020-KIUDI,19.85,6,Month-to-month,No,Credit card (automatic),0,0,No,0.32095700306153774,Low,N/A,N/A
5850-BDWCY,20.2,6,Month-to-month,No,Mailed check,0,5,No,0.37773537221585224,Low,N/A,N/A
2038-YSEZE,67.45,29,Month-to-month,DSL,Mailed check,0,0,No,0.15548227163389333,Low,N/A,N/A
0827-ITJPH,18.55,36,Two year,No,Credit card (automatic),0,0,No,0.011761971283093706,Low,N/A,N/A
8799-OXZMD,29.75,28,Month-to-month,DSL,Mailed check,0,0,No,0.35190916164245933,Low,N/A,N/A
1705-GUHPV,24.2,63,Two year,No,Mailed check,0,0,No,0.0022627937775366253,Low,N/A,N/A
4779-ZGICK,23.55,48,Two year,No,Mailed check,0,0,No,0.004050219762701248,Low,N/A,N/A
0048-PIHNL,20.45,49,One year,No,Bank transfer (automatic),0,0,No,0.0216870864669183,Low,N/A,N/A
3967-KXAPS,92.3,72,Two year,DSL,Credit card (automatic),0,0,No,0.0003056078080469495,Low,N/A,N/A
3704-IEAXF,53.65,72,Two year,DSL,Credit card (automatic),0,0,No,0.0012595068617629439,Low,N/A,N/A
6810-VCAEX,39.65,47,One year,DSL,Credit card (automatic),0,0,No,0.04083445176829751,Low,N/A,N/A
0674-EYYZV,54.65,1,Month-to-month,DSL,Electronic check,0,0,No,0.748436558432465,Critical,Tenure,Contract Upgrade Incentive
4480-MBMLB,104.8,36,One year,Fiber optic,Bank transfer (automatic),0,0,No,0.08814991929407089,Low,N/A,N/A
1395-OFUWC,29.3,43,Month-to-month,DSL,Credit card (automatic),0,5,No,0.15063671131007988,Low,N/A,N/A
0822-QGCXA,83.85,27,Month-to-month,DSL,Electronic check,1,2,No,0.4917100258441588,High,Numtechtickets,Contract Upgrade Incentive
2832-KJCRD,103.65,38,Month-to-month,Fiber optic,Electronic check,1,0,No,0.5071614152849415,High,Internetservice Fiber Optic,Contract Upgrade Incentive
3588-WSTTJ,99.05,35,Month-to-month,Fiber optic,Electronic check,0,4,No,0.37151303164764315,Low,N/A,N/A
4075-WKNIU,73.35,0,Two year,DSL,Mailed check,0,0,No,0.09675018670402954,Low,N/A,N/A
5090-EMGTC,100.05,59,Two year,Fiber optic,Mailed check,0,0,No,0.0032423769689656516,Low,N/A,N/A
2346-CZYIL,20.35,27,Two year,No,Credit card (automatic),1,5,No,0.06632325086601348,Low,N/A,N/A
3798-EPWRR,43.95,2,Month-to-month,DSL,Electronic check,0,0,No,0.8001285631521072,Critical,Tenure,Contract Upgrade Incentive
6258-NGCNG,23.5,7,Month-to-month,No,Mailed check,0,0,No,0.33120437636451017,Low,N/A,N/A
4186-ZBUEW,70.7,36,One year,DSL,Mailed check,0,0,No,0.034954973813151234,Low,N/A,N/A
5274-XHAKY,94.3,41,Month-to-month,Fiber optic,Bank transfer (automatic),0,0,No,0.16186226393249206,Low,N/A,N/A
1442-BQPVU,29.15,13,Month-to-month,DSL,Electronic check,0,0,No,0.6777708753889529,High,Tenure,Contract Upgrade Incentive
3978-YNKDD,20.85,19,Two year,No,Credit card (automatic),0,0,No,0.023916099910481235,Low,N/A,N/A
4940-KHCWD,37.7,60,Two year,DSL,Bank transfer (automatic),3,0,No,0.22819959624787448,Low,N/A,N/A
9589-ABEPT,92.45,69,Two year,Fiber optic,Mailed check,0,0,No,0.001743712878364024,Low,N/A,N/A
9388-ZEYVT,44.15,43,One year,DSL,Electronic check,0,0,No,0.0605794563863138,Low,N/A,N/A
0305-SQECB,36.05,11,One year,DSL,Mailed check,0,5,No,0.25034991140149415,Low,N/A,N/A
7605-SNLQG,50.25,45,Month-to-month,DSL,Credit card (automatic),0,0,No,0.10099314228811616,Low,N/A,N/A
4670-TABXH,109.75,72,Two year,Fiber optic,Credit card (automatic),0,0,No,0.0008265565861232448,Low,N/A,N/A
0064-SUDOG,20.3,12,Two year,No,Bank transfer (automatic),0,0,No,0.039886655858993335,Low,N/A,N/A
8561-NMTBD,112.35,67,One year,Fiber optic,Credit card (automatic),0,0,No,0.003797537388156844,Low,N/A,N/A
5161-XEUVX,94.3,37,Two year,Fiber optic,Mailed check,0,0,No,0.02126061833534474,Low,N/A,N/A
8292-FRFZQ,41.15,39,One year,DSL,Bank transfer (automatic),0,0,No,0.06349176486978017,Low,N/A,N/A
8591-NXRCV,74.65,41,Month-to-month,DSL,Bank transfer (automatic),0,0,No,0.064135904680653,Low,N/A,N/A
7895-VONWT,48.25,25,Month-to-month,DSL,Electronic check,0,0,No,0.4005503256984349,High,Tenure,Contract Upgrade Incentive
4526-RMTLL,76.15,8,Two year,DSL,Credit card (automatic),0,0,No,0.05144470661328951,Low,N/A,N/A
6253-GNHWH,71.1,71,Two year,DSL,Mailed check,0,0,No,0.0006210783575289489,Low,N/A,N/A
4566-NECEV,96.55,5,Month-to-month,Fiber optic,Electronic check,0,0,No,0.8408623137286916,Critical,Internetservice Fiber Optic,Contract Upgrade Incentive
8080-POTJR,79.3,30,One year,DSL,Credit card (automatic),1,0,No,0.1769115430184628,Low,N/A,N/A
6906-MPARY,89.6,40,One year,Fiber optic,Credit card (automatic),0,0,No,0.07188878808602948,Low,N/A,N/A
3662-FXJFO,20.5,54,Two year,No,Mailed check,0,0,No,0.004454992677155508,Low,N/A,N/A
8107-RZLNV,106.3,72,Two year,Fiber optic,Bank transfer (automatic),0,0,No,0.001199356983206348,Low,N/A,N/A
0516-OOHAR,100.35,28,One year,Fiber optic,Bank transfer (automatic),0,0,No,0.1377453565999404,Low,N/A,N/A
2027-CWDNU,85.6,18,Month-to-month,Fiber optic,Electronic check,0,2,No,0.5997241781493737,High,Internetservice Fiber Optic,Contract Upgrade Incentive
9912-OMZDS,106.15,59,One year,Fiber optic,Electronic check,0,0,No,0.016190541087758865,Low,N/A,N/A
3733-ZEECP,51.1,22,Month-to-month,DSL,Electronic check,0,0,No,0.31446238401270266,Low,N/A,N/A
7878-RTCZG,19.9,1,Month-to-month,No,Mailed check,0,0,No,0.4460095332642444,High,Tenure,Contract Upgrade Incentive
2452-MRMZF,25.7,72,Two year,No,Credit card (automatic),0,0,No,0.0015875589874755223,Low,N/A,N/A
7103-IPXPJ,99.4,50,One year,Fiber optic,Electronic check,0,0,No,0.034513810790405594,Low,N/A,N/A
4342-HFXWS,69.7,48,One year,DSL,Bank transfer (automatic),0,0,No,0.015491094324841994,Low,N/A,N/A
3545-CNWRG,98.35,49,Month-to-month,Fiber optic,Electronic check,0,0,No,0.11309798121038706,Low,N/A,N/A
1785-BPHTP,85.45,28,Month-to-month,Fiber optic,Electronic check,1,0,No,0.77076418899772,Critical,Internetservice Fiber Optic,Contract Upgrade Incentive
4989-LIXVT,95.9,68,Month-to-month,Fiber optic,Electronic check,0,0,No,0.040857290885292885,Low,N/A,N/A
7315-WYOAW,100.75,13,Month-to-month,Fiber optic,Electronic check,0,2,No,0.6792835171956838,High,Internetservice Fiber Optic,Contract Upgrade Incentive
1173-XZPYF,89.2,11,Month-to-month,Fiber optic,Electronic check,0,5,No,0.8027251457939951,Critical,Internetservice Fiber Optic,Contract Upgrade Incentive
2509-TFPJU,25.75,72,Two year,No,Credit card (automatic),0,0,No,0.001194460208041195,Low,N/A,N/A
9530-GRMJG,84.1,70,Two year,DSL,Electronic check,0,0,No,0.0006247035777161487,Low,N/A,N/A
6898-RBTLU,79.3,49,Two year,DSL,Bank transfer (automatic),0,4,No,0.00281858608656575,Low,N/A,N/A
5481-NTDOH,107.05,67,One year,Fiber optic,Credit card (automatic),0,0,No,0.007744938506116672,Low,N/A,N/A
2068-WWXQZ,20.05,46,Two year,No,Bank transfer (automatic),0,2,No,0.007051706024458462,Low,N/A,N/A
2061-VVFST,19.5,37,Month-to-month,No,Bank transfer (automatic),0,0,No,0.10243666218793092,Low,N/A,N/A
0749-IRGQE,45.3,13,Month-to-month,DSL,Electronic check,0,0,No,0.652166702292029,High,Tenure,Contract Upgrade Incentive
2380-DAMQP,115.15,72,Two year,Fiber optic,Electronic check,0,0,No,0.001058227279689539,Low,N/A,N/A
2256-YLYLP,72.95,68,Two year,DSL,Bank transfer (automatic),0,3,No,0.0007830858479654275,Low,N/A,N/A
1272-ILHFG,19.65,15,One year,No,Mailed check,0,3,No,0.09015369849819616,Low,N/A,N/A
0164-XAIRP,19.55,24,Two year,No,Bank transfer (automatic),0,0,No,0.02584930082416546,Low,N/A,N/A
5666-CYCYZ,89.55,24,Month-to-month,Fiber optic,Electronic check,0,2,No,0.5366579552839924,High,Internetservice Fiber Optic,Contract Upgrade Incentive
4011-ARPHK,50.35,27,Month-to-month,DSL,Mailed check,0,3,No,0.24358924422014822,Low,N/A,N/A
6365-HITVU,87.25,71,Two year,DSL,Credit card (automatic),0,0,No,0.0003686559341235789,Low,N/A,N/A
7558-IMLMT,20.8,67,Two year,No,Mailed check,3,0,No,0.0745624454327465,Low,N/A,N/A
9488-FYQAU,109.25,63,Two year,Fiber optic,Bank transfer (automatic),0,5,No,0.00203754114353965,Low,N/A,N/A
3590-TCXTB,20.35,1,Month-to-month,No,Mailed check,0,0,No,0.42125383015413204,High,Tenure,Contract Upgrade Incentive
6994-KERXL,55.9,4,Month-to-month,DSL,Electronic check,0,0,No,0.6839980038486441,High,Tenure,Contract Upgrade Incentive
1960-UOTYM,79.2,52,Two year,DSL,Electronic check,0,2,No,0.003724200441598485,Low,N/A,N/A
2740-JFBOK,24.0,10,Month-to-month,No,Electronic check,0,0,No,0.40072283520793883,High,Tenure,Contract Upgrade Incentive
6500-JVEGC,101.35,68,One year,Fiber optic,Bank transfer (automatic),0,0,No,0.006666890379889735,Low,N/A,N/A
5245-VDBUR,35.45,52,One year,DSL,Mailed check,0,0,No,0.035310648177760806,Low,N/A,N/A
8469-SNFFH,79.4,70,One year,DSL,Bank transfer (automatic),0,0,No,0.002195503497374474,Low,N/A,N/A
2144-ESWKO,35.2,43,One year,DSL,Credit card (automatic),0,0,No,0.06382645852539792,Low,N/A,N/A
1241-FPMOF,19.65,52,Two year,No,Mailed check,0,0,No,0.004534938586418381,Low,N/A,N/A
9928-BZVLZ,49.85,12,Two year,DSL,Mailed check,0,4,No,0.07727234239453723,Low,N/A,N/A
4114-QMKVN,68.75,56,One year,DSL,Bank transfer (automatic),1,5,No,0.03665242881735406,Low,N/A,N/A
2775-SEFEE,61.9,0,Two year,DSL,Bank transfer (automatic),0,0,No,0.11890358273901581,Low,N/A,N/A
9003-CPATH,79.9,42,Month-to-month,Fiber optic,Electronic check,0,0,No,0.30094235416853515,Low,N/A,N/A
1754-GKYPY,89.75,22,Month-to-month,Fiber optic,Bank transfer (automatic),0,0,No,0.5630950127404274,High,Internetservice Fiber Optic,Contract Upgrade Incentive
7956-XQWGU,19.4,27,Month-to-month,No,Credit card (automatic),0,0,No,0.15890303631638836,Low,N/A,N/A
1591-MQJTP,93.65,51,One year,Fiber optic,Bank transfer (automatic),0,0,No,0.04022680597623688,Low,N/A,N/A
2369-FEVNO,19.9,1,Month-to-month,No,Mailed check,0,0,No,0.4227482690070053,High,Tenure,Contract Upgrade Incentive
7471-MQPOS,72.9,71,One year,DSL,Bank transfer (automatic),0,0,No,0.002754115095363267,Low,N/A,N/A
5115-SQAAU,25.6,69,Two year,No,Bank transfer (automatic),0,0,No,0.001483368756041397,Low,N/A,N/A
9845-QOMAD,19.75,14,One year,No,Mailed check,0,3,No,0.09478345532984382,Low,N/A,N/A
7672-VFMXZ,55.7,57,Month-to-month,DSL,Electronic check,0,0,No,0.04589035507405409,Low,N/A,N/A
9739-JLPQJ,117.5,72,Two year,Fiber optic,Credit card (automatic),0,0,No,0.0005234469205822881,Low,N/A,N/A
9916-AYHTC,19.85,48,Two year,No,Credit card (automatic),0,0,No,0.006004391438870562,Low,N/A,N/A
3855-ONCAR,78.9,4,Month-to-month,Fiber optic,Mailed check,0,4,No,0.8066483246141789,Critical,Internetservice Fiber Optic,Contract Upgrade Incentive
1488-SYSFC,20.65,31,Month-to-month,No,Electronic check,0,4,No,0.14818478733868512,Low,N/A,N/A
0970-QXPXW,19.65,1,Month-to-month,No,Mailed check,0,3,No,0.4468507177631517,High,Tenure,Contract Upgrade Incentive
3259-KNMRR,79.75,57,Two year,DSL,Bank transfer (automatic),0,0,No,0.0026994611623336103,Low,N/A,N/A
6120-RJKLU,79.95,62,Two year,DSL,Credit card (automatic),0,1,No,0.0014855027083963213,Low,N/A,N/A
9572-WUKSB,29.9,3,Month-to-month,DSL,Electronic check,0,0,No,0.7221556431430763,Critical,Tenure,Contract Upgrade Incentive
5893-KCLGT,19.75,72,Two year,No,Mailed check,0,0,No,0.001353096915991496,Low,N/A,N/A
0076-LVEPS,45.0,29,Month-to-month,DSL,Mailed check,0,0,No,0.18893711399977678,Low,N/A,N/A
3640-JQGJG,44.8,13,Month-to-month,DSL,Bank transfer (automatic),0,0,No,0.4528051399956413,High,Tenure,Contract Upgrade Incentive
1596-OQSPS,51.1,11,Month-to-month,DSL,Electronic check,0,0,No,0.6207583008001959,High,Tenure,Contract Upgrade Incentive
9867-XOBQA,53.15,21,Two year,DSL,Mailed check,0,1,No,0.034852564544283204,Low,N/A,N/A
9546-KDTRB,24.7,19,Month-to-month,No,Bank transfer (automatic),0,0,No,0.23313170784523735,Low,N/A,N/A
3174-RKMOW,109.95,35,Month-to-month,Fiber optic,Electronic check,0,0,No,0.1879487099722385,Low,N/A,N/A
1760-CAZHT,20.8,25,Month-to-month,No,Mailed check,0,0,No,0.14285580519903723,Low,N/A,N/A
8441-SHIPE,25.6,67,Two year,No,Bank transfer (automatic),0,1,No,0.0019390521457826185,Low,N/A,N/A
1320-GVNHT,108.4,72,Two year,Fiber optic,Credit card (automatic),5,0,No,0.3923874939944207,Low,N/A,N/A
1047-RNXZV,19.55,43,Two year,No,Mailed check,0,0,No,0.007381546171516965,Low,N/A,N/A
3541-ZNUHK,85.1,55,Month-to-month,Fiber optic,Electronic check,0,5,No,0.11080665510087963,Low,N/A,N/A
8725-JEDFD,69.05,27,Month-to-month,Fiber optic,Mailed check,0,0,No,0.515143640804179,High,Internetservice Fiber Optic,Contract Upgrade Incentive
7562-UXTPG,70.15,13,Month-to-month,Fiber optic,Mailed check,0,0,No,0.7542717027627046,Critical,Internetservice Fiber Optic,Contract Upgrade Incentive
8071-SBTRN,111.15,70,Two year,Fiber optic,Mailed check,1,3,No,0.004532072638260632,Low,N/A,N/A
6668-CNMFP,89.35,19,One year,Fiber optic,Bank transfer (automatic),0,0,No,0.27070186233596855,Low,N/A,N/A
5626-MGTUK,89.1,20,Month-to-month,Fiber optic,Bank transfer (automatic),0,0,No,0.5790101406263131,High,Internetservice Fiber Optic,Contract Upgrade Incentive
5681-LLOEI,91.25,43,One year,Fiber optic,Credit card (automatic),0,0,No,0.04280851498047876,Low,N/A,N/A
8212-DJRCH,90.35,5,Month-to-month,Fiber optic,Mailed check,0,0,No,0.7481155823205341,Critical,Internetservice Fiber Optic,Contract Upgrade Incentive
4323-OHFOW,105.55,70,One year,Fiber optic,Bank transfer (automatic),0,0,No,0.005845450082876132,Low,N/A,N/A
4933-BSAIP,19.1,40,Two year,No,Mailed check,0,0,No,0.009189670609399113,Low,N/A,N/A
2030-BTZRO,20.4,6,Two year,No,Credit card (automatic),0,0,No,0.04708401335985943,Low,N/A,N/A
1116-DXXDF,100.45,39,Two year,Fiber optic,Electronic check,0,0,No,0.03261037230676388,Low,N/A,N/A
6563-VNPMN,85.7,45,Month-to-month,Fiber optic,Bank transfer (automatic),0,0,No,0.18738297677400634,Low,N/A,N/A
2267-WTPYD,94.0,57,Month-to-month,Fiber optic,Credit card (automatic),0,0,No,0.06750716652683196,Low,N/A,N/A
0270-THENM,69.85,72,Two year,DSL,Bank transfer (automatic),0,0,No,0.0006392326635538045,Low,N/A,N/A
4707-MAXGU,25.85,72,Two year,No,Credit card (automatic),0,0,No,0.0011897639210655575,Low,N/A,N/A
2710-WYVXG,71.1,3,Two year,DSL,Mailed check,0,4,No,0.09871334631439038,Low,N/A,N/A
6300-BWMJX,93.35,59,Month-to-month,Fiber optic,Electronic check,0,0,No,0.0632706359193037,Low,N/A,N/A
7009-LGECI,50.55,4,Month-to-month,DSL,Bank transfer (automatic),0,0,No,0.6418804126147243,High,Tenure,Contract Upgrade Incentive
5022-KVDQT,81.3,27,Month-to-month,Fiber optic,Electronic check,0,0,No,0.5528402344138551,High,Internetservice Fiber Optic,Contract Upgrade Incentive
7976-CICYS,20.7,4,Month-to-month,No,Credit card (automatic),0,0,No,0.3926739644334091,Low,N/A,N/A
1036-GUDCL,79.05,60,Month-to-month,DSL,Credit card (automatic),0,0,No,0.010480987828104239,Low,N/A,N/A
2005-DWQZJ,19.05,8,Two year,No,Mailed check,0,0,No,0.044061695916099985,Low,N/A,N/A
8148-WOCMK,19.6,8,Two year,No,Credit card (automatic),0,0,No,0.0430893148168681,Low,N/A,N/A
7815-PDTHL,20.2,35,Two year,No,Mailed check,0,0,No,0.011473472655518197,Low,N/A,N/A
9173-IVZVP,20.9,53,Two year,No,Mailed check,0,0,No,0.003645707081598433,Low,N/A,N/A
9129-UXERG,103.6,18,Month-to-month,Fiber optic,Credit card (automatic),0,0,No,0.5492372528896262,High,Internetservice Fiber Optic,Contract Upgrade Incentive
3635-JBPSG,38.8,15,Two year,DSL,Mailed check,0,0,No,0.09153111397110729,Low,N/A,N/A
7964-ZRKKG,88.4,67,One year,Fiber optic,Bank transfer (automatic),0,0,No,0.011989003554851895,Low,N/A,N/A
6229-LSCKB,79.7,6,Month-to-month,Fiber optic,Electronic check,0,0,No,0.8863471574809045,Critical,Internetservice Fiber Optic,Contract Upgrade Incentive
1724-IQWNM,19.3,1,Month-to-month,No,Mailed check,0,0,No,0.38834105626305854,Low,N/A,N/A
8217-QYOHV,55.75,5,Month-to-month,DSL,Mailed check,0,0,No,0.5108720024689044,High,Tenure,Contract Upgrade Incentive
5546-QUERU,19.95,13,One year,No,Mailed check,0,0,No,0.12084613511081405,Low,N/A,N/A
6897-UUBNU,89.65,29,Month-to-month,Fiber optic,Mailed check,0,0,No,0.3135015643321363,Low,N/A,N/A
6127-IYJOZ,45.85,1,Month-to-month,DSL,Mailed check,0,5,No,0.7021932786170696,Critical,Tenure,Contract Upgrade Incentive
8930-XOTDP,55.95,18,Month-to-month,DSL,Mailed check,0,0,No,0.3155770524262006,Low,N/A,N/A
5916-QEWPT,69.0,2,Month-to-month,DSL,Credit card (automatic),0,0,No,0.5853825580282797,High,Tenure,Contract Upgrade Incentive
5060-TQUQN,83.55,30,Month-to-month,Fiber optic,Bank transfer (automatic),0,0,No,0.30423262150446373,Low,N/A,N/A
0531-XBKMM,65.7,66,Two year,DSL,Bank transfer (automatic),0,0,No,0.001215037391577155,Low,N/A,N/A
8465-SBRXP,94.9,38,Two year,Fiber optic,Bank transfer (automatic),0,0,No,0.01848246460535468,Low,N/A,N/A
2408-PSJVE,61.9,44,Month-to-month,DSL,Mailed check,0,0,No,0.04642145218730323,Low,N/A,N/A
9700-ZCLOT,20.0,2,Month-to-month,No,Mailed check,0,0,No,0.40953040978959276,High,Tenure,Contract Upgrade Incentive
8738-JOKAR,67.7,42,One year,DSL,Mailed check,0,0,No,0.024300472018209632,Low,N/A,N/A
4534-WGCIR,25.15,58,Two year,No,Credit card (automatic),0,4,No,0.0025304075939950243,Low,N/A,N/A
1930-WNXSB,92.85,58,Month-to-month,Fiber optic,Electronic check,0,0,No,0.06555485158129033,Low,N/A,N/A
3508-CFVZL,111.3,71,Two year,Fiber optic,Mailed check,0,0,No,0.0008715185796954488,Low,N/A,N/A
0657-DOGUM,60.6,48,One year,DSL,Bank transfer (automatic),0,0,No,0.0204834525620013,Low,N/A,N/A
8792-AOROI,65.5,8,Two year,DSL,Mailed check,0,0,No,0.0721429953266186,Low,N/A,N/A
5146-YYFRZ,19.95,67,Two year,No,Bank transfer (automatic),0,0,No,0.002222788350564645,Low,N/A,N/A
3452-SRFEG,74.6,49,Month-to-month,Fiber optic,Bank transfer (automatic),0,0,No,0.16755438481455065,Low,N/A,N/A
4070-OKWVH,94.6,52,Month-to-month,Fiber optic,Bank transfer (automatic),0,0,No,0.08276082326758562,Low,N/A,N/A
5297-MDOIR,81.15,63,One year,Fiber optic,Credit card (automatic),0,0,No,0.019847209934870207,Low,N/A,N/A
6369-MCAKO,89.05,68,Two year,DSL,Bank transfer (automatic),0,2,No,0.00046469012762262164,Low,N/A,N/A
4926-UMJZD,49.2,31,Month-to-month,DSL,Mailed check,0,0,No,0.18146881145704805,Low,N/A,N/A
6848-HJTXY,19.45,64,Two year,No,Credit card (automatic),0,0,No,0.002612084376850868,Low,N/A,N/A
6341-AEVKX,104.3,62,One year,Fiber optic,Electronic check,1,0,No,0.04404510122546006,Low,N/A,N/A
0682-USIXD,86.05,21,Month-to-month,Fiber optic,Electronic check,0,0,No,0.6049757136803889,High,Internetservice Fiber Optic,Contract Upgrade Incentive
6976-BWGLQ,25.2,72,Two year,No,Bank transfer (automatic),0,0,No,0.0012410344692323743,Low,N/A,N/A
7078-NVFAM,35.15,32,Month-to-month,DSL,Electronic check,0,1,No,0.3316416340864963,Low,N/A,N/A
8065-QBYTO,99.65,71,One year,Fiber optic,Credit card (automatic),0,0,No,0.006021319497985919,Low,N/A,N/A
2133-TSRRM,105.35,34,Month-to-month,Fiber optic,Bank transfer (automatic),0,3,No,0.21012373245048221,Low,N/A,N/A
2511-ALLCS,24.3,35,Two year,No,Bank transfer (automatic),0,4,No,0.010416610332737483,Low,N/A,N/A
3191-CSNMG,80.7,3,Month-to-month,Fiber optic,Electronic check,0,0,No,0.874810501844355,Critical,Internetservice Fiber Optic,Contract Upgrade Incentive
7952-OBOYL,89.85,3,Month-to-month,Fiber optic,Mailed check,0,0,No,0.7794627939320147,Critical,Internetservice Fiber Optic,Contract Upgrade Incentive
7470-DYNOE,61.1,53,One year,DSL,Electronic check,0,0,No,0.023650202662158913,Low,N/A,N/A
7853-OETYL,29.05,4,Month-to-month,DSL,Electronic check,0,0,No,0.7687849842531077,Critical,Tenure,Contract Upgrade Incentive
1545-ACTAS,99.7,48,One year,Fiber optic,Bank transfer (automatic),0,2,No,0.031653379819815246,Low,N/A,N/A
5126-RCXYW,46.0,54,Two year,DSL,Credit card (automatic),0,0,No,0.004753236879590453,Low,N/A,N/A
2363-BJLSL,80.4,62,Month-to-month,DSL,Bank transfer (automatic),0,0,No,0.011026794215117068,Low,N/A,N/A
1956-YIFGE,100.05,22,One year,Fiber optic,Mailed check,0,0,No,0.1945318880581107,Low,N/A,N/A
7921-LMDFQ,94.0,51,One year,Fiber optic,Bank transfer (automatic),0,0,No,0.041457045766319506,Low,N/A,N/A
2925-MXLSX,68.95,30,One year,DSL,Credit card (automatic),0,0,No,0.06966797264286312,Low,N/A,N/A
5820-PTRYM,68.45,56,One year,DSL,Credit card (automatic),0,5,No,0.010478778919267032,Low,N/A,N/A
9609-BENEA,69.0,35,One year,DSL,Electronic check,0,0,No,0.05190324087425802,Low,N/A,N/A
6211-WHMYA,43.85,64,Month-to-month,DSL,Electronic check,0,0,No,0.06204708155773162,Low,N/A,N/A
4459-BBGHE,44.5,30,Month-to-month,DSL,Electronic check,0,0,No,0.29984599698123876,Low,N/A,N/A
9945-PSVIP,18.7,25,Two year,No,Mailed check,0,0,No,0.01864970746844024,Low,N/A,N/A
9108-EJFJP,53.55,1,Month-to-month,DSL,Mailed check,0,0,No,0.6402206745795437,High,Tenure,Contract Upgrade Incentive
0530-IJVDB,114.6,70,Two year,Fiber optic,Electronic check,4,5,No,0.18175369975459124,Low,N/A,N/A
0508-SQWPL,20.1,57,Two year,No,Bank transfer (automatic),3,0,No,0.1539434351908185,Low,N/A,N/A
2215-ZAFGX,85.5,9,Month-to-month,Fiber optic,Electronic check,0,0,No,0.8206263410694575,Critical,Internetservice Fiber Optic,Contract Upgrade Incentive
8213-TAZPM,108.75,69,One year,Fiber optic,Bank transfer (automatic),0,0,No,0.0037151653179926187,Low,N/A,N/A
1304-SEGFY,97.85,72,Two year,Fiber optic,Electronic check,0,0,No,0.0026628444642965215,Low,N/A,N/A
7242-EDTYC,19.55,44,Two year,No,Bank transfer (automatic),0,0,No,0.00691505255220548,Low,N/A,N/A
2904-GGUAZ,84.05,72,Two year,Fiber optic,Bank transfer (automatic),0,0,No,0.002901126817145861,Low,N/A,N/A
5136-GFPMB,89.4,54,Month-to-month,Fiber optic,Credit card (automatic),0,0,No,0.07713012715099388,Low,N/A,N/A
2595-KIWPV,19.7,27,Two year,No,Credit card (automatic),0,0,No,0.01632630545318403,Low,N/A,N/A
5243-SAOTC,79.85,54,Month-to-month,Fiber optic,Bank transfer (automatic),0,0,No,0.10817894217766705,Low,N/A,N/A
9398-MMQTO,74.45,3,Month-to-month,Fiber optic,Credit card (automatic),0,0,No,0.8493874504007012,Critical,Internetservice Fiber Optic,Contract Upgrade Incentive
7619-PLRLP,74.1,53,One year,DSL,Bank transfer (automatic),0,0,No,0.012525886169246565,Low,N/A,N/A
6508-NJYRO,18.8,15,One year,No,Mailed check,0,4,No,0.10553516634073759,Low,N/A,N/A
4710-NKCAW,64.4,5,Month-to-month,DSL,Credit card (automatic),0,0,No,0.43955413558493656,High,Tenure,Contract Upgrade Incentive
5306-BVTKJ,55.8,48,One year,DSL,Credit card (automatic),0,0,No,0.021863372576036044,Low,N/A,N/A
0357-NVCRI,20.05,25,Month-to-month,No,Credit card (automatic),2,0,No,0.7311605490775386,Critical,Numtechtickets,Contract Upgrade Incentive
2371-KFUOG,99.15,58,One year,Fiber optic,Bank transfer (automatic),0,0,No,0.017439785792677645,Low,N/A,N/A
0463-ZSDNT,56.75,10,Month-to-month,DSL,Bank transfer (automatic),0,0,No,0.5064040442821821,High,Tenure,Contract Upgrade Incentive
6257-DTAYD,104.15,71,Two year,Fiber optic,Credit card (automatic),0,0,No,0.0010631729200466324,Low,N/A,N/A
4616-ULAOA,110.8,65,Two year,Fiber optic,Credit card (automatic),0,0,No,0.001282476512213375,Low,N/A,N/A
7746-AWNQW,35.75,28,Month-to-month,DSL,Mailed check,0,0,No,0.279369912838307,Low,N/A,N/A
5996-EBTKM,69.9,67,Two year,DSL,Bank transfer (automatic),1,0,No,0.003918238112886526,Low,N/A,N/A
2758-RNWXS,89.2,35,One year,Fiber optic,Electronic check,0,0,No,0.14023906996287888,Low,N/A,N/A
2314-TNDJQ,55.65,72,Two year,DSL,Credit card (automatic),2,0,No,0.016367418723172038,Low,N/A,N/A
2405-LBMUW,50.7,61,One year,DSL,Bank transfer (automatic),0,0,No,0.010391941337555477,Low,N/A,N/A
3454-JFUBC,20.0,68,Two year,No,Credit card (automatic),0,0,No,0.0023936775338935894,Low,N/A,N/A
9039-ZVJDC,19.1,3,Month-to-month,No,Mailed check,0,2,No,0.39903386465932394,Low,N/A,N/A
9013-AQORL,45.55,48,Month-to-month,DSL,Credit card (automatic),0,0,No,0.08894541894438734,Low,N/A,N/A
2898-MRKPI,101.05,68,One year,Fiber optic,Credit card (automatic),0,0,No,0.005711131256357037,Low,N/A,N/A
2750-BJLSB,103.7,47,One year,Fiber optic,Electronic check,4,0,No,0.9083770817932371,Critical,Numtechtickets,Proactive Tech Support Outreach
3648-GZPHF,36.25,32,One year,DSL,Mailed check,0,0,No,0.07423779529744888,Low,N/A,N/A
2075-RMJIK,49.4,5,Month-to-month,DSL,Mailed check,0,0,No,0.5563653201229951,High,Tenure,Contract Upgrade Incentive
9588-YRFHY,19.9,49,Two year,No,Credit card (automatic),0,0,No,0.005521068122933645,Low,N/A,N/A
9364-YKUVW,19.8,15,Month-to-month,No,Mailed check,0,2,No,0.25174936499923883,Low,N/A,N/A
5392-AKEMH,45.05,12,Month-to-month,DSL,Electronic check,0,0,No,0.6287602831102644,High,Tenure,Contract Upgrade Incentive
2451-YMUXS,64.55,67,Two year,DSL,Bank transfer (automatic),0,0,No,0.001763233422057102,Low,N/A,N/A
3914-FDRHP,86.25,9,Month-to-month,Fiber optic,Electronic check,0,0,No,0.7885428873290066,Critical,Internetservice Fiber Optic,Contract Upgrade Incentive
3078-ZKNTS,19.75,13,Two year,No,Bank transfer (automatic),0,4,No,0.03805771788659571,Low,N/A,N/A
1024-KPRBB,89.1,38,One year,Fiber optic,Mailed check,0,2,No,0.10309223931821716,Low,N/A,N/A
4690-PKDQG,95.55,42,Month-to-month,Fiber optic,Electronic check,2,0,No,0.836931788030162,Critical,Numtechtickets,Contract Upgrade Incentive
9547-ITEFG,102.6,9,Month-to-month,Fiber optic,Credit card (automatic),0,0,No,0.6530307999585314,High,Internetservice Fiber Optic,Contract Upgrade Incentive
1264-FUHCX,56.3,49,One year,DSL,Credit card (automatic),0,5,No,0.02074636401696285,Low,N/A,N/A
7789-CRUVC,94.2,61,Month-to-month,Fiber optic,Credit card (automatic),0,0,No,0.04013714976130106,Low,N/A,N/A
6598-KELSS,43.05,50,One year,DSL,Bank transfer (automatic),0,0,No,0.030343457387718164,Low,N/A,N/A
9972-VAFJJ,94.0,53,One year,Fiber optic,Electronic check,0,0,No,0.045805212106845496,Low,N/A,N/A
0422-UXFAP,98.85,51,One year,Fiber optic,Electronic check,0,0,No,0.045647487701850016,Low,N/A,N/A
1904-WAJAA,64.35,24,Two year,DSL,Electronic check,0,2,No,0.042099045414360124,Low,N/A,N/A
5130-YPIRV,72.0,62,Two year,DSL,Credit card (automatic),0,3,No,0.0019424433834334712,Low,N/A,N/A
2843-CQMEG,49.7,24,Month-to-month,DSL,Mailed check,0,0,No,0.28604724105124196,Low,N/A,N/A
6439-PKTRR,80.7,70,Two year,DSL,Electronic check,0,0,No,0.0008085402841900215,Low,N/A,N/A
5351-QESIO,24.2,1,Month-to-month,DSL,Mailed check,0,0,No,0.6874247464492429,High,Tenure,Contract Upgrade Incentive
5568-DMXZS,65.45,8,Month-to-month,DSL,Electronic check,0,0,No,0.5596503001998788,High,Tenure,Contract Upgrade Incentive
8468-FZTOE,74.35,72,Two year,DSL,Electronic check,7,0,No,0.9023670587685897,Critical,Numtechtickets,Proactive Tech Support Outreach
6633-SYEUS,83.2,23,Month-to-month,Fiber optic,Bank transfer (automatic),0,0,No,0.49975122396500654,High,Internetservice Fiber Optic,Contract Upgrade Incentive
6447-GORXK,25.0,31,Month-to-month,DSL,Credit card (automatic),0,0,No,0.2919812600165498,Low,N/A,N/A
6967-PEJLL,40.2,37,One year,DSL,Electronic check,0,0,No,0.07787735571647258,Low,N/A,N/A
5981-ZVXOT,108.35,35,One year,Fiber optic,Electronic check,0,0,No,0.15271616665289206,Low,N/A,N/A
1684-FLBGS,69.5,23,Month-to-month,DSL,Credit card (automatic),0,0,No,0.1776128393557572,Low,N/A,N/A
1389-WNUIB,76.0,20,One year,DSL,Bank transfer (automatic),0,0,No,0.10009890911974591,Low,N/A,N/A
0376-OIWME,93.6,36,Month-to-month,Fiber optic,Electronic check,0,0,No,0.30862508153493445,Low,N/A,N/A
0218-QNVAS,100.55,71,One year,Fiber optic,Bank transfer (automatic),0,0,No,0.004726993337033172,Low,N/A,N/A
0804-YGEQV,24.45,43,One year,No,Bank transfer (automatic),0,0,No,0.02297669021720486,Low,N/A,N/A
7164-BPTUT,89.55,57,Two year,DSL,Mailed check,0,2,No,0.0009952963466640684,Low,N/A,N/A
2523-EWWZL,76.1,27,Month-to-month,Fiber optic,Electronic check,0,0,No,0.5930927024844368,High,Internetservice Fiber Optic,Contract Upgrade Incentive
0928-XUTSN,80.5,13,Month-to-month,Fiber optic,Electronic check,0,0,No,0.8044291280216672,Critical,Internetservice Fiber Optic,Contract Upgrade Incentive
0052-YNYOT,20.55,67,One year,No,Electronic check,0,0,No,0.011868374599727815,Low,N/A,N/A
9586-JGQKH,105.4,64,Two year,Fiber optic,Bank transfer (automatic),0,0,No,0.002073476107142236,Low,N/A,N/A
4501-VCPFK,35.75,26,Month-to-month,DSL,Electronic check,0,0,No,0.37910264590596715,Low,N/A,N/A
6075-SLNIL,95.1,38,Month-to-month,Fiber optic,Credit card (automatic),0,0,No,0.1993665897295219,Low,N/A,N/A
9347-AERRL,19.3,23,One year,No,Credit card (automatic),0,0,No,0.07283810545401041,Low,N/A,N/A
2274-XUATA,63.1,72,Two year,DSL,Bank transfer (automatic),3,0,No,0.05691851146624173,Low,N/A,N/A
6691-CCIHA,84.95,62,Two year,DSL,Electronic check,0,0,No,0.0015298563495080738,Low,N/A,N/A
1685-BQULA,93.4,40,Month-to-month,Fiber optic,Bank transfer (automatic),0,0,No,0.20916878532394562,Low,N/A,N/A
9053-EJUNL,89.2,41,Month-to-month,Fiber optic,Electronic check,0,3,No,0.26383021939795176,Low,N/A,N/A
0666-UXTJO,85.2,34,Month-to-month,Fiber optic,Credit card (automatic),0,0,No,0.3451363938635941,Low,N/A,N/A
1471-GIQKQ,49.95,1,Month-to-month,DSL,Electronic check,0,0,No,0.7602923322185758,Critical,Tenure,Contract Upgrade Incentive
4807-IZYOZ,20.65,51,Two year,No,Bank transfer (automatic),0,0,No,0.005800641129901907,Low,N/A,N/A
9710-NJERN,20.15,39,Two year,No,Mailed check,0,0,No,0.009925443556088237,Low,N/A,N/A
9837-FWLCH,19.2,12,Month-to-month,No,Electronic check,0,0,No,0.3431442689709436,Low,N/A,N/A
7203-OYKCT,104.95,72,One year,Fiber optic,Electronic check,0,0,No,0.006472728564238239,Low,N/A,N/A
1035-IPQPU,103.5,63,Month-to-month,Fiber optic,Electronic check,0,0,No,0.04890003131330197,Low,N/A,N/A
7398-LXGYX,84.8,44,Month-to-month,Fiber optic,Credit card (automatic),0,0,No,0.17031869740063577,Low,N/A,N/A
2823-LKABH,95.05,18,Month-to-month,Fiber optic,Bank transfer (automatic),0,0,No,0.550172506555428,High,Internetservice Fiber Optic,Contract Upgrade Incentive
0550-DCXLH,73.35,13,Month-to-month,DSL,Mailed check,0,0,No,0.31028536290272907,Low,N/A,N/A
9281-CEDRU,64.1,68,Two year,DSL,Bank transfer (automatic),0,0,No,0.0013814311875276202,Low,N/A,N/A
2235-DWLJU,44.4,6,Month-to-month,DSL,Electronic check,0,0,No,0.755354166814475,Critical,Tenure,Contract Upgrade Incentive
0871-OPBXW,20.05,2,Month-to-month,No,Mailed check,0,0,No,0.4319208753987483,High,Tenure,Contract Upgrade Incentive
3605-JISKB,60.0,55,One year,DSL,Credit card (automatic),0,0,No,0.01709321699000872,Low,N/A,N/A
9767-FFLEM,69.5,38,Month-to-month,Fiber optic,Credit card (automatic),0,0,No,0.3314578585788063,Low,N/A,N/A
8456-QDAVC,78.7,19,Month-to-month,Fiber optic,Bank transfer (automatic),0,0,No,0.6310427746468623,High,Internetservice Fiber Optic,Contract Upgrade Incentive
7750-EYXWZ,60.65,12,One year,DSL,Electronic check,0,0,No,0.2765101842220104,Low,N/A,N/A
2569-WGERO,21.15,72,Two year,No,Bank transfer (automatic),0,1,No,0.0018189557652576614,Low,N/A,N/A
6840-RESVB,84.8,24,One year,DSL,Mailed check,0,0,No,0.045140385187698036,Low,N/A,N/A
2234-XADUH,103.2,72,One year,Fiber optic,Credit card (automatic),5,0,No,0.7524570460879938,Critical,Numtechtickets,Proactive Tech Support Outreach
4801-JZAZL,29.6,11,Month-to-month,DSL,Electronic check,0,0,No,0.6525030188874703,High,Tenure,Contract Upgrade Incentive
3186-AJIEK,105.65,66,Two year,Fiber optic,Bank transfer (automatic),0,2,No,0.00177764362200572,Low,N/A,N/A
